<?xml version="1.0" encoding="UTF-8"?>
<gpx creator="https://gpx.studio" version="1.1" xmlns="http://www.topografix.com/GPX/1/1" xmlns:xsi="http://www.w3.org/2001/XMLSchema-instance" xsi:schemaLocation="http://www.topografix.com/GPX/1/1 http://www.topografix.com/GPX/1/1/gpx.xsd http://www.garmin.com/xmlschemas/GpxExtensions/v3 http://www.garmin.com/xmlschemas/GpxExtensionsv3.xsd http://www.garmin.com/xmlschemas/TrackPointExtension/v1 http://www.garmin.com/xmlschemas/TrackPointExtensionv1.xsd http://www.garmin.com/xmlschemas/PowerExtension/v1 http://www.garmin.com/xmlschemas/PowerExtensionv1.xsd http://www.topografix.com/GPX/gpx_style/0/2 http://www.topografix.com/GPX/gpx_style/0/2/gpx_style.xsd" xmlns:gpxtpx="http://www.garmin.com/xmlschemas/TrackPointExtension/v1" xmlns:gpxx="http://www.garmin.com/xmlschemas/GpxExtensions/v3" xmlns:gpxpx="http://www.garmin.com/xmlschemas/PowerExtension/v1" xmlns:gpx_style="http://www.topografix.com/GPX/gpx_style/0/2">
  <metadata>
    <name>New file 1</name>
    <author>
      <name>gpx.studio</name>
      <link href="https://gpx.studio"/>
    </author>
  </metadata>
  <wpt lat="47.5010687" lon="8.7527567">
    <ele>452.1</ele>
    <time>2025-03-29T06:44:58.000Z</time>
    <name>Winterthur</name>
  </wpt>
  <wpt lat="47.5012167" lon="8.7528224">
    <ele>452.5</ele>
    <time>2025-03-30T11:31:10.000Z</time>
    <name>Winterthur</name>
  </wpt>
  <wpt lat="47.500835" lon="8.7528482">
    <ele>452</ele>
    <time>2025-03-31T20:55:41.000Z</time>
    <name>Winterthur</name>
  </wpt>
  <wpt lat="47.500877501" lon="8.752374287">
    <ele>452.1</ele>
    <time>2025-04-01T05:10:15.000Z</time>
    <name>Winterthur</name>
  </wpt>
  <wpt lat="47.492482" lon="8.7419271">
    <ele>447.9</ele>
    <time>2025-04-02T22:10:59.000Z</time>
    <name>Winterthur</name>
  </wpt>
  <wpt lat="47.492436373" lon="8.741965525">
    <ele>447.8</ele>
    <time>2025-04-05T15:52:39.000Z</time>
    <name>Marthalen</name>
  </wpt>
  <wpt lat="47.5250099" lon="8.7086948">
    <ele>448.2</ele>
    <time>2025-04-06T09:25:11.000Z</time>
    <name>Seuzach</name>
  </wpt>
  <wpt lat="47.209931772" lon="8.182580795">
    <ele>659</ele>
    <time>2025-04-06T14:52:56.000Z</time>
    <name>Gunzwil</name>
  </wpt>
  <wpt lat="46.964441198" lon="8.380843376">
    <ele>452</ele>
    <time>2025-04-07T06:53:46.000Z</time>
    <name>Stans</name>
  </wpt>
  <wpt lat="44.189038726" lon="12.416553871">
    <ele>1</ele>
    <time>2025-04-08T16:17:24.000Z</time>
    <name>Cesenatico</name>
  </wpt>
  <wpt lat="39.845821006" lon="20.812536599">
    <ele>784.7</ele>
    <time>2025-04-11T19:25:17.000Z</time>
    <name>Zagori Municipality</name>
  </wpt>
  <wpt lat="39.73068894" lon="21.650555322">
    <ele>665.9</ele>
    <time>2025-04-13T11:51:03.000Z</time>
    <name>Meteora</name>
  </wpt>
  <wpt lat="39.981727875" lon="23.661638405">
    <ele>4.9</ele>
    <time>2025-04-17T11:30:24.000Z</time>
    <name>Glarokavos Beach</name>
  </wpt>
  <wpt lat="40.933093666" lon="26.328944229">
    <ele>8.1</ele>
    <time>2025-04-20T07:32:26.000Z</time>
    <name>İpsala</name>
  </wpt>
  <wpt lat="38.423795314" lon="29.304763565">
    <ele>710</ele>
    <time>2025-04-21T18:14:13.000Z</time>
    <name>Ulubey</name>
  </wpt>
  <wpt lat="37.733841119" lon="30.111256262">
    <ele>859.6</ele>
    <time>2025-04-24T18:03:38.000Z</time>
    <name>Burdur</name>
  </wpt>
  <wpt lat="38.6561377" lon="34.82025">
    <ele>1119.1</ele>
    <time>2025-04-26T14:43:36.000Z</time>
    <name>Göreme</name>
  </wpt>
  <wpt lat="38.6478261" lon="34.8291282">
    <ele>1102.5</ele>
    <time>2025-04-29T15:20:22.000Z</time>
    <name>Göreme</name>
  </wpt>
  <wpt lat="39.733205889" lon="39.613209868">
    <ele>1150.6</ele>
    <time>2025-05-02T13:42:14.000Z</time>
    <name>Erzincan</name>
  </wpt>
  <wpt lat="40.7752046" lon="41.7434694">
    <ele>814.2</ele>
    <time>2025-05-05T17:08:02.000Z</time>
    <name>Yusufeli</name>
  </wpt>
  <wpt lat="41.6529184" lon="41.6408208">
    <ele>7.9</ele>
    <time>2025-05-07T17:50:09.000Z</time>
    <name>Batumi</name>
  </wpt>
  <wpt lat="41.951911559" lon="42.058353344">
    <ele>119</ele>
    <time>2025-05-09T06:30:33.000Z</time>
    <name>Ozurgeti</name>
  </wpt>
  <wpt lat="42.317102178" lon="42.584989678">
    <ele>137.7</ele>
    <time>2025-05-10T05:50:30.000Z</time>
    <name>Tskaltubo</name>
  </wpt>
  <wpt lat="42.257819093" lon="42.667593341">
    <ele>139.3</ele>
    <time>2025-05-10T11:17:46.000Z</time>
    <name>Kutaisi</name>
  </wpt>
  <wpt lat="42.2847868" lon="43.2163601">
    <ele>592.9</ele>
    <time>2025-05-11T22:15:10.000Z</time>
    <name>Didi Katskhi</name>
  </wpt>
  <wpt lat="41.378789297" lon="43.287601825">
    <ele>1247.5</ele>
    <time>2025-05-14T10:02:49.000Z</time>
    <name>Vardzia</name>
  </wpt>
  <wpt lat="41.659315893" lon="44.616709316">
    <ele>1407.7</ele>
    <time>2025-05-15T09:55:22.000Z</time>
    <name>Tbilisi</name>
  </wpt>
  <wpt lat="42.58067666" lon="44.465052317">
    <ele>2014.6</ele>
    <time>2025-05-19T12:48:53.000Z</time>
    <name>Kazbegi Municipality</name>
  </wpt>
  <wpt lat="42.6644434" lon="44.6151325">
    <ele>2161.5</ele>
    <time>2025-05-21T17:26:08.000Z</time>
    <name>Stepansminda</name>
  </wpt>
  <wpt lat="42.751838672" lon="44.626819395">
    <ele>1206.1</ele>
    <time>2025-05-22T04:22:27.000Z</time>
    <name>Vladikavkaz</name>
  </wpt>
  <wpt lat="46.348563832" lon="48.019459409">
    <ele>-22.8</ele>
    <time>2025-05-24T09:35:16.000Z</time>
    <name>Astrakhan</name>
  </wpt>
  <wpt lat="47.1215788" lon="50.844754558">
    <ele>-22.3</ele>
    <time>2025-05-26T12:05:20.000Z</time>
    <name>Isatayskiy</name>
  </wpt>
  <wpt lat="47.928399721" lon="54.228236472">
    <ele>85.4</ele>
    <time>2025-05-27T12:01:36.000Z</time>
    <name>Мұқыр ауылдық округі</name>
  </wpt>
  <wpt lat="50.177963013" lon="57.289280724">
    <ele>240</ele>
    <time>2025-05-28T09:11:46.000Z</time>
    <name>Aktöbe</name>
  </wpt>
  <wpt lat="48.5190806" lon="61.0903742">
    <ele>136</ele>
    <time>2025-05-31T18:01:35.000Z</time>
    <name>Irgizskiy</name>
  </wpt>
  <wpt lat="45.759529941" lon="63.754651146">
    <ele>95.6</ele>
    <time>2025-06-02T05:38:31.000Z</time>
    <name>Karmakshy District</name>
  </wpt>
  <wpt lat="43.29614793" lon="68.28392772">
    <ele>213.9</ele>
    <time>2025-06-03T09:46:19.000Z</time>
    <name>Turkestan</name>
  </wpt>
  <wpt lat="41.016151494" lon="68.71646266">
    <ele>300.1</ele>
    <time>2025-06-06T05:23:40.000Z</time>
    <name>Saryagashskiy</name>
  </wpt>
  <wpt lat="39.859515" lon="67.511954">
    <ele>818.5</ele>
    <time>2025-06-10T17:46:46.000Z</time>
    <name>Jizzakh</name>
  </wpt>
  <wpt lat="39.8596488" lon="67.5119631">
    <ele>819.5</ele>
    <time>2025-06-11T00:57:07.000Z</time>
    <name>Jizzakh</name>
  </wpt>
  <wpt lat="39.6644802" lon="66.9861853">
    <ele>706.9</ele>
    <time>2025-06-12T11:20:28.000Z</time>
    <name>Samarkand City</name>
  </wpt>
  <wpt lat="39.078493122" lon="68.359306782">
    <ele>2221.5</ele>
    <time>2025-06-13T12:15:42.000Z</time>
    <name>Iskanderkul</name>
  </wpt>
  <wpt lat="38.684072304" lon="68.791140821">
    <ele>967.5</ele>
    <time>2025-06-15T11:03:14.000Z</time>
    <name>Dushanbe</name>
  </wpt>
  <wpt lat="38.0403065" lon="70.3637865">
    <ele>993.7</ele>
    <time>2025-06-19T14:37:25.000Z</time>
    <name>Darvoz District</name>
  </wpt>
  <wpt lat="37.9123581" lon="71.3890069">
    <ele>1969.8</ele>
    <time>2025-06-20T16:02:36.000Z</time>
    <name>Vamd</name>
  </wpt>
  <wpt lat="37.998576162" lon="71.749723653">
    <ele>2084.8</ele>
    <time>2025-06-22T16:51:21.000Z</time>
    <name>Bartang Valley - Jizeu valley Trak</name>
  </wpt>
  <wpt lat="37.136288546" lon="72.734264927">
    <ele>3462.8</ele>
    <time>2025-06-27T10:37:52.000Z</time>
    <name>Pamirhighway / Wakhan Valley</name>
  </wpt>
  <wpt lat="37.234394502" lon="72.839274221">
    <ele>3483.8</ele>
    <time>2025-06-29T07:51:01.000Z</time>
    <name>Ishkoshim District</name>
  </wpt>
  <wpt lat="37.751205637" lon="72.989469715">
    <ele>3775.4</ele>
    <time>2025-07-01T06:12:25.000Z</time>
    <name>Yashikul</name>
  </wpt>
  <wpt lat="38.560818167" lon="73.596644888">
    <ele>4657</ele>
    <time>2025-07-04T05:16:19.000Z</time>
    <name>Ak-Bailtal</name>
  </wpt>
  <wpt lat="39.603054151" lon="73.241921431">
    <ele>3258.8</ele>
    <time>2025-07-05T12:31:26.000Z</time>
    <name>Alai</name>
  </wpt>
  <wpt lat="39.502972718" lon="72.932326617">
    <ele>3498.8</ele>
    <time>2025-07-07T02:02:13.000Z</time>
    <name>Alay District</name>
  </wpt>
  <wpt lat="41.259833537" lon="73.598171007">
    <ele>1996.3</ele>
    <time>2025-07-11T05:22:48.000Z</time>
    <name>Tossor-Pass</name>
  </wpt>
  <wpt lat="41.502875899" lon="74.73785842">
    <ele>2352.8</ele>
    <time>2025-07-12T09:55:39.000Z</time>
    <name>Ak-Talaa</name>
  </wpt>
  <wpt lat="41.765673095" lon="75.162920281">
    <ele>3056.9</ele>
    <time>2025-07-13T14:07:06.000Z</time>
    <name>Song - Kul</name>
  </wpt>
  <wpt lat="41.765673095" lon="75.162920281">
    <ele>3056.9</ele>
    <time>2025-07-15T13:47:21.000Z</time>
    <name>Song -Kul</name>
  </wpt>
  <wpt lat="41.757802153" lon="75.16911434">
    <ele>3089</ele>
    <time>2025-07-16T03:32:31.000Z</time>
    <name>Ak-Talaa District</name>
  </wpt>
  <wpt lat="42.3332099" lon="78.2415184">
    <ele>2108.5</ele>
    <time>2025-07-20T09:55:43.000Z</time>
    <name>7 Bulls hill &amp; a broken heart</name>
  </wpt>
  <wpt lat="43.278373349" lon="77.192422617">
    <ele>1099.7</ele>
    <time>2025-07-23T08:46:59.000Z</time>
    <name>Talgar</name>
  </wpt>
  <wpt lat="43.2363924" lon="76.9457275">
    <ele>895.3</ele>
    <time>2025-08-01T10:43:54.000Z</time>
    <name>Almaty</name>
  </wpt>
  <wpt lat="43.2363924" lon="76.9457275">
    <ele>895.3</ele>
    <time>2025-08-08T10:00:46.000Z</time>
    <name>looking back...over my shoulder - dieses Mal nach Georgien...</name>
  </wpt>
  <wpt lat="43.2363924" lon="76.9457275">
    <ele>895.3</ele>
    <time>2025-08-19T10:47:59.000Z</time>
    <name>...der Versuch eines &quot;best of&quot; der &quot;Stan-Länder&quot;...</name>
  </wpt>
  <wpt lat="43.278927286" lon="77.191568426">
    <ele>1091.9</ele>
    <time>2025-08-24T16:06:43.000Z</time>
    <name>&quot;Little-Alma-Ata&quot;</name>
  </wpt>
  <wpt lat="43.2363924" lon="76.9457275">
    <ele>895.3</ele>
    <time>2025-08-25T00:35:01.000Z</time>
    <name>Almaty ...zwischen himmelhochjauchzend bis zu todebetrübt...&quot;</name>
  </wpt>
  <wpt lat="44.158087943" lon="80.391594729">
    <ele>694.1</ele>
    <time>2025-08-28T03:46:56.000Z</time>
    <name>Grenzübergang Khorgas</name>
  </wpt>
  <wpt lat="44.419184876" lon="84.86960907">
    <ele>498.5</ele>
    <time>2025-08-29T15:23:16.000Z</time>
    <name>Kuytun City</name>
  </wpt>
  <wpt lat="47.351875487" lon="87.834378071">
    <ele>510.8</ele>
    <time>2025-08-31T01:25:58.000Z</time>
    <name>Beitun City</name>
  </wpt>
  <wpt lat="46.143150829" lon="90.987206504">
    <ele>1140.6</ele>
    <time>2025-09-01T03:22:57.000Z</time>
    <name>Taykeshken Town</name>
  </wpt>
  <wpt lat="46.142046319" lon="90.994794617">
    <ele>1140.7</ele>
    <time>2025-09-01T08:28:42.000Z</time>
    <name>Bulgan</name>
  </wpt>
  <wpt lat="46.311716004" lon="91.416914966">
    <ele>1311.2</ele>
    <time>2025-09-02T08:49:15.000Z</time>
    <name>Bulgan</name>
  </wpt>
  <wpt lat="46.769097433" lon="92.704753736">
    <ele>2067.6</ele>
    <time>2025-09-05T14:48:38.000Z</time>
    <name>Most</name>
  </wpt>
  <wpt lat="47.45883374" lon="92.313331933">
    <ele>1267</ele>
    <time>2025-09-06T10:47:46.000Z</time>
    <name>Manhan</name>
  </wpt>
  <wpt lat="47.663768535" lon="93.621275537">
    <ele>1134.2</ele>
    <time>2025-09-07T10:03:22.000Z</time>
    <name>Dorgon Nuur I</name>
  </wpt>
  <wpt lat="47.649207618" lon="93.617547685">
    <ele>1135.5</ele>
    <time>2025-09-07T10:18:06.000Z</time>
    <name>Dorgon Nuur II</name>
  </wpt>
  <wpt lat="47.649207618" lon="93.617547685">
    <ele>1135.5</ele>
    <time>2025-09-07T10:18:06.000Z</time>
    <name>Dorgon Nuur III</name>
  </wpt>
  <wpt lat="47.4064395" lon="95.9000095">
    <ele>1455</ele>
    <time>2025-09-13T09:08:04.000Z</time>
    <name>Aldarkhaan</name>
  </wpt>
  <wpt lat="48.106184536" lon="99.189251914">
    <ele>2109.1</ele>
    <time>2025-09-16T01:54:50.000Z</time>
    <name>Tariat</name>
  </wpt>
  <wpt lat="48.156724814" lon="100.282023037">
    <ele>1891.6</ele>
    <time>2025-09-17T07:52:32.000Z</time>
    <name>Tariat</name>
  </wpt>
  <wpt lat="48.109311489" lon="100.291497773">
    <ele>1872.7</ele>
    <time>2025-09-18T01:26:13.000Z</time>
    <name>Tariat</name>
  </wpt>
  <wpt lat="47.191758086" lon="102.835569754">
    <ele>1484.3</ele>
    <time>2025-09-19T01:50:35.000Z</time>
    <name>Kharkhorin</name>
  </wpt>
  <wpt lat="47.80161039" lon="105.889763441">
    <ele>1290.3</ele>
    <time>2025-09-20T14:49:47.000Z</time>
    <name>Argalant</name>
  </wpt>
  <wpt lat="47.912315921" lon="106.847722429">
    <ele>1280.3</ele>
    <time>2025-09-21T07:55:53.000Z</time>
    <name>Ulaanbaatar</name>
  </wpt>
  <wpt lat="47.913614449" lon="106.869584851">
    <ele>1278</ele>
    <time>2025-09-21T08:02:55.000Z</time>
    <name>Ulan Bator</name>
  </wpt>
  <wpt lat="47.914671334" lon="106.91083052">
    <ele>1293.8</ele>
    <time>2025-09-23T02:29:57.000Z</time>
    <name>Ulan Bator</name>
  </wpt>
  <wpt lat="47.915083516" lon="106.898647914">
    <ele>1295</ele>
    <time>2025-09-24T06:26:05.000Z</time>
    <name>Ulan Bator</name>
  </wpt>
  <wpt lat="47.9150835" lon="106.8986479">
    <ele>1295</ele>
    <time>2025-09-25T04:54:16.000Z</time>
    <name>Ulaanbaatar</name>
  </wpt>
  <wpt lat="47.887283937" lon="107.074555301">
    <ele>1326.7</ele>
    <time>2025-09-26T06:41:26.000Z</time>
    <name>Ulaanbaatar</name>
  </wpt>
  <wpt lat="47.85429681" lon="106.780046073">
    <ele>1306.2</ele>
    <time>2025-09-29T23:28:03.000Z</time>
    <name>Ulaanbaatar  - zum Letzten...</name>
  </wpt>
  <wpt lat="46.906598029" lon="102.48378857">
    <ele>1595.2</ele>
    <time>2025-10-02T08:05:05.000Z</time>
    <name>Bat-Ölzii</name>
  </wpt>
  <wpt lat="45.307864468" lon="102.380417063">
    <ele>1486.5</ele>
    <time>2025-10-05T07:23:34.000Z</time>
    <name>Guchin-Us</name>
  </wpt>
  <wpt lat="43.975731768" lon="101.483485373">
    <ele>961.3</ele>
    <time>2025-10-07T05:06:34.000Z</time>
    <name>Bayanlig</name>
  </wpt>
  <wpt lat="43.4977546" lon="99.815643">
    <ele>997.2</ele>
    <time>2025-10-09T12:05:59.000Z</time>
    <name>Gurvantes</name>
  </wpt>
  <wpt lat="43.4743656" lon="99.8309628">
    <ele>998.7</ele>
    <time>2025-10-12T00:57:36.000Z</time>
    <name>Gurvantes</name>
  </wpt>
  <wpt lat="43.353631" lon="102.6652138">
    <ele>1447.1</ele>
    <time>2025-10-14T07:23:56.000Z</time>
    <name>Sevrei</name>
  </wpt>
  <wpt lat="43.574897" lon="104.0765739">
    <ele>1950.3</ele>
    <time>2025-10-15T09:05:24.000Z</time>
    <name>Hanongor I</name>
  </wpt>
  <wpt lat="43.5748498" lon="104.0765121">
    <ele>1950.6</ele>
    <time>2025-10-16T07:39:10.000Z</time>
    <name>Hanongor II</name>
  </wpt>
  <wpt lat="43.5885047" lon="104.4324127">
    <ele>1449.8</ele>
    <time>2025-10-17T11:36:44.000Z</time>
    <name>Dalanzadgad</name>
  </wpt>
  <wpt lat="43.5884641" lon="104.4320698">
    <ele>1449.7</ele>
    <time>2025-10-20T01:07:20.000Z</time>
    <name>Dalanzadgad</name>
  </wpt>
  <wpt lat="47.895260816" lon="106.883045286">
    <ele>1286</ele>
    <time>2025-10-21T08:45:57.000Z</time>
    <name>Ulaanbaatar</name>
  </wpt>
  <wpt lat="47.897678709" lon="106.889482956">
    <ele>1289</ele>
    <time>2025-10-25T01:53:39.000Z</time>
    <name>Ulaanbaatar</name>
  </wpt>
  <wpt lat="44.9356974" lon="110.1377584">
    <ele>960.5</ele>
    <time>2025-10-26T03:40:45.000Z</time>
    <name>Saynshand</name>
  </wpt>
  <wpt lat="43.7121983" lon="111.9081379">
    <ele>965.2</ele>
    <time>2025-10-28T08:30:35.000Z</time>
    <name>Zamiin uud</name>
  </wpt>
  <wpt lat="43.6369001" lon="111.945339">
    <ele>969</ele>
    <time>2025-10-29T11:28:34.000Z</time>
    <name>Erenhot City</name>
  </wpt>
  <wpt lat="40.9951003" lon="113.13561">
    <ele>1373.7</ele>
    <time>2025-10-30T12:30:22.000Z</time>
    <name>内蒙古智诚物联股份有限公司</name>
  </wpt>
  <wpt lat="39.909295923" lon="116.366130811">
    <ele>50</ele>
    <time>2025-10-31T14:12:11.000Z</time>
    <name>Beijing</name>
  </wpt>
  <wpt lat="39.9093681" lon="116.3662345">
    <ele>49.9</ele>
    <time>2025-11-01T13:52:16.000Z</time>
    <name>Beijing 2. Tag</name>
  </wpt>
  <wpt lat="39.909295923" lon="116.366130811">
    <ele>50</ele>
    <time>2025-11-02T10:23:22.000Z</time>
    <name>Beijing 3. Tag</name>
  </wpt>
  <wpt lat="39.921958" lon="116.404807">
    <ele>58.8</ele>
    <time>2025-11-03T11:51:45.000Z</time>
    <name>Dongcheng District 4. Tag</name>
  </wpt>
  <wpt lat="39.9219588" lon="116.404787">
    <ele>58.6</ele>
    <time>2025-11-04T12:58:51.000Z</time>
    <name>&quot;Forbidden City&quot; 5. Tag</name>
  </wpt>
  <wpt lat="39.9219552" lon="116.4048276">
    <ele>59.1</ele>
    <time>2025-11-05T13:48:36.000Z</time>
    <name>&quot;The great Wall&quot; 6. Tag</name>
  </wpt>
  <wpt lat="39.9219572" lon="116.4047832">
    <ele>58.6</ele>
    <time>2025-11-06T10:59:41.000Z</time>
    <name>Art District 798 - 7. Tag</name>
  </wpt>
  <wpt lat="39.7561431" lon="116.0063113">
    <ele>71.3</ele>
    <time>2025-11-07T11:46:27.000Z</time>
    <name>RESTART Wu Lanshan Yingdi</name>
  </wpt>
  <wpt lat="39.9709563" lon="116.3273135">
    <ele>54</ele>
    <time>2025-11-08T10:44:11.000Z</time>
    <name>Haidian District</name>
  </wpt>
  <wpt lat="39.9708556" lon="116.3293608">
    <ele>56.2</ele>
    <time>2025-11-09T14:09:15.000Z</time>
    <name>Sommerpalast &amp; Olympia Parc</name>
  </wpt>
  <wpt lat="39.9709745" lon="116.3275335">
    <ele>53.9</ele>
    <time>2025-11-11T08:29:47.000Z</time>
    <name>&quot;Red Brick Art Gallery&quot;, Beijing</name>
  </wpt>
  <wpt lat="37.7341108" lon="114.6587952">
    <ele>46.6</ele>
    <time>2025-11-12T13:04:07.000Z</time>
    <name>Irgendwo auf der G4</name>
  </wpt>
  <wpt lat="37.479567409" lon="112.50217831">
    <ele>766</ele>
    <time>2025-11-13T09:29:49.000Z</time>
    <name>Jinzhong Tankstelle</name>
  </wpt>
  <wpt lat="37.193135544" lon="112.175588926">
    <ele>762</ele>
    <time>2025-11-14T03:40:49.000Z</time>
    <name>Pingyao, Ancient City</name>
  </wpt>
  <wpt lat="35.736226125" lon="113.639118309">
    <ele>559.8</ele>
    <time>2025-11-17T10:09:19.000Z</time>
    <name>Huixian City</name>
  </wpt>
  <wpt lat="34.5680853" lon="112.4835102">
    <ele>148.9</ele>
    <time>2025-11-18T12:41:13.000Z</time>
    <name>Longmen-Grotten, Luoyang 🇨🇳</name>
  </wpt>
  <wpt lat="34.5680853" lon="112.4835102">
    <ele>148.9</ele>
    <time>2025-11-19T12:30:46.000Z</time>
    <name>Luoyang &quot;Touri-Hotspot N° III</name>
  </wpt>
  <wpt lat="34.3928593" lon="109.2804344">
    <ele>464.9</ele>
    <time>2025-11-20T12:22:11.000Z</time>
    <name>Lintong District</name>
  </wpt>
  <wpt lat="34.3014256" lon="108.9039172">
    <ele>397.7</ele>
    <time>2025-11-21T15:17:22.000Z</time>
    <name>The Terracotta Warriors - Hotspot n° IV</name>
  </wpt>
  <wpt lat="34.3019377" lon="108.9041739">
    <ele>395.1</ele>
    <time>2025-11-22T09:07:04.000Z</time>
    <name>Xi&apos;an - Hotspot N° V + VI</name>
  </wpt>
  <wpt lat="34.3014435" lon="108.9039425">
    <ele>397.6</ele>
    <time>2025-11-23T07:46:37.000Z</time>
    <name>Xi&apos;an - Hotspot N° VI - Radfahren auf der Stadtmauer</name>
  </wpt>
  <wpt lat="32.705704" lon="106.0438952">
    <ele>675.6</ele>
    <time>2025-11-25T10:14:23.000Z</time>
    <name>Guangyuan</name>
  </wpt>
  <wpt lat="30.7302202" lon="104.1417195">
    <ele>521.8</ele>
    <time>2025-11-27T12:25:38.000Z</time>
    <name>Research Base of Giant Panda, Hotspot N° VII</name>
  </wpt>
  <wpt lat="30.7302202" lon="104.1417195">
    <ele>521.8</ele>
    <time>2025-11-28T12:30:58.000Z</time>
    <name>&quot;Research Base of Giant Panda Breeding - zum Zweiten...</name>
  </wpt>
  <wpt lat="30.728237687" lon="104.145907861">
    <ele>504.5</ele>
    <time>2025-11-29T02:00:16.000Z</time>
    <name>Chengdu</name>
  </wpt>
  <wpt lat="30.602882985" lon="104.126095658">
    <ele>518</ele>
    <time>2025-11-30T02:46:27.000Z</time>
    <name>Wenshu-Tempel; Hotspot N° VIII</name>
  </wpt>
  <wpt lat="30.603331612" lon="104.143118485">
    <ele>519.3</ele>
    <time>2025-12-01T02:59:59.000Z</time>
    <name>Chengdu; Hotspot N° IX / X &amp; XI</name>
  </wpt>
  <wpt lat="29.561242555" lon="106.5791229">
    <ele>292</ele>
    <time>2025-12-02T04:02:37.000Z</time>
    <name>Chongqing Hotspot N° XII / XIII / XIV</name>
  </wpt>
  <wpt lat="29.561242555" lon="106.5791229">
    <ele>292</ele>
    <time>2025-12-03T04:02:37.000Z</time>
    <name>Chongqing; Hotspot N° XV / XVI / XVII</name>
  </wpt>
  <wpt lat="30.603310377" lon="104.14333038">
    <ele>517.1</ele>
    <time>2025-12-04T10:04:20.000Z</time>
    <name>Chengdu</name>
  </wpt>
  <wpt lat="29.667248349" lon="103.668745346">
    <ele>404.8</ele>
    <time>2025-12-05T06:42:40.000Z</time>
    <name>Leshan</name>
  </wpt>
  <wpt lat="29.582903511" lon="103.599323824">
    <ele>413.1</ele>
    <time>2025-12-06T03:06:11.000Z</time>
    <name>Hotspot N° XVIII</name>
  </wpt>
  <wpt lat="29.588248591" lon="103.468950835">
    <ele>466.5</ele>
    <time>2025-12-08T06:13:47.000Z</time>
    <name>Toller Campground</name>
  </wpt>
  <wpt lat="29.532978968" lon="103.763445364">
    <ele>358.8</ele>
    <time>2025-12-09T08:53:27.000Z</time>
    <name>Oriental Buddha Capital - Hotspot N° XIX</name>
  </wpt>
  <wpt lat="27.774956485" lon="105.492628065">
    <ele>714.6</ele>
    <time>2025-12-12T03:53:14.000Z</time>
    <name>Luzhou</name>
  </wpt>
  <wpt lat="26.02313573" lon="105.684344787">
    <ele>1084.6</ele>
    <time>2025-12-13T05:16:37.000Z</time>
    <name>Anshun Wasserfälle Hotspot N° XX</name>
  </wpt>
  <wpt lat="25.699525997" lon="105.573453214">
    <ele>1142</ele>
    <time>2025-12-15T02:59:29.000Z</time>
    <name>Brücke Hotspot N° XX</name>
  </wpt>
  <wpt lat="25.070873717" lon="104.873788605">
    <ele>1274.7</ele>
    <time>2025-12-16T04:42:44.000Z</time>
    <name>Qianxi&apos;nan Buyizu Miaozu</name>
  </wpt>
  <wpt lat="23.651725212" lon="103.284170805">
    <ele>1076</ele>
    <time>2025-12-17T08:30:08.000Z</time>
    <name>Kaiyuan</name>
  </wpt>
  <wpt lat="23.122502995" lon="102.79213029">
    <ele>1893.6</ele>
    <time>2025-12-20T03:59:25.000Z</time>
    <name>Hotspot N° XXI Hani terrace of Yuanyang</name>
  </wpt>
  <wpt lat="22.0058971" lon="100.8280599">
    <ele>538</ele>
    <time>2025-12-24T15:03:27.000Z</time>
    <name>Jinghong City</name>
  </wpt>
  <wpt lat="21.357278" lon="101.685549338">
    <ele>697.2</ele>
    <time>2025-12-25T07:54:07.000Z</time>
    <name>Xishuangbanna Daizu</name>
  </wpt>
  <wpt lat="20.944637284" lon="101.728844382">
    <ele>671.6</ele>
    <time>2025-12-26T06:24:06.000Z</time>
    <name>Pangdou</name>
  </wpt>
  <wpt lat="19.964456018" lon="102.276329342">
    <ele>292.3</ele>
    <time>2025-12-28T09:42:48.000Z</time>
    <name>Park Ou</name>
  </wpt>
  <wpt lat="19.9134077" lon="102.1670547">
    <ele>289.1</ele>
    <time>2025-12-31T06:41:16.000Z</time>
    <name>Khokva</name>
  </wpt>
  <wpt lat="19.9135448" lon="102.1668989">
    <ele>284.4</ele>
    <time>2026-01-01T14:09:31.000Z</time>
    <name>Khokva</name>
  </wpt>
  <wpt lat="19.9119185" lon="102.1695256">
    <ele>296.6</ele>
    <time>2026-01-03T04:37:58.000Z</time>
    <name>Luang Pragan</name>
  </wpt>
  <wpt lat="19.762462779" lon="101.984950289">
    <ele>334.1</ele>
    <time>2026-01-05T08:44:25.000Z</time>
    <name>Kuang Si Wasserfälle</name>
  </wpt>
  <wpt lat="18.9421927" lon="102.3370752">
    <ele>293.7</ele>
    <time>2026-01-10T01:52:44.000Z</time>
    <name>Ban Nampoun</name>
  </wpt>
  <wpt lat="18.1178879" lon="101.976205">
    <ele>196.2</ele>
    <time>2026-01-12T14:15:47.000Z</time>
    <name>Konkham</name>
  </wpt>
  <wpt lat="17.7689908" lon="101.3664164">
    <ele>275.9</ele>
    <time>2026-01-16T01:37:14.000Z</time>
    <name>Houaylot</name>
  </wpt>
  <wpt lat="17.4801225" lon="101.3525021">
    <ele>879.2</ele>
    <time>2026-01-17T02:27:19.000Z</time>
    <name>Phu Ruea</name>
  </wpt>
  <wpt lat="16.792717287" lon="101.046531815">
    <ele>828.9</ele>
    <time>2026-01-18T08:00:31.000Z</time>
    <name>Khaem Son</name>
  </wpt>
  <wpt lat="16.569384" lon="100.6897179">
    <ele>69.8</ele>
    <time>2026-01-21T04:41:21.000Z</time>
    <name>Ban Mung</name>
  </wpt>
  <wpt lat="17.4209627" lon="99.7838398">
    <ele>83.3</ele>
    <time>2026-01-24T02:29:05.000Z</time>
    <name>Si Satchanalai</name>
  </wpt>
  <wpt lat="19.9021108" lon="99.8279378">
    <ele>399.2</ele>
    <time>2026-01-29T05:57:39.000Z</time>
    <name>Chiang Rai City Municipality</name>
  </wpt>
  <wpt lat="19.750477848" lon="99.362440003">
    <ele>887.5</ele>
    <time>2026-01-30T06:02:41.000Z</time>
    <name>San Sai</name>
  </wpt>
  <wpt lat="18.79358432" lon="98.980594528">
    <ele>316</ele>
    <time>2026-02-03T15:43:49.000Z</time>
    <name>Chiang Mai</name>
  </wpt>
  <wpt lat="15.7127259" lon="99.9480059">
    <ele>48.4</ele>
    <time>2026-02-11T13:33:25.000Z</time>
    <name>Ban Dong Nong Luang</name>
  </wpt>
  <wpt lat="8.9176093" lon="98.2495648">
    <ele>0.3</ele>
    <time>2026-03-03T04:21:28.000Z</time>
    <name>Phang-nga Province</name>
  </wpt>
  <wpt lat="8.9332364" lon="98.2582361">
    <ele>2.6</ele>
    <time>2026-03-05T14:06:21.000Z</time>
    <name>Ko Kho Kao</name>
  </wpt>
  <wpt lat="8.9332352" lon="98.258232">
    <ele>2.5</ele>
    <time>2026-03-08T04:36:21.000Z</time>
    <name>Hapla Beach Resort</name>
  </wpt>
  <wpt lat="7.4358215" lon="99.3457524">
    <ele>6.8</ele>
    <time>2026-03-12T14:19:05.000Z</time>
    <name>Hat Chang Lan</name>
  </wpt>
  <wpt lat="5.794436778" lon="100.402468974">
    <ele>81.7</ele>
    <time>2026-03-15T08:29:14.000Z</time>
    <name>Kedah</name>
  </wpt>
  <wpt lat="5.7556036" lon="100.3628629">
    <ele>0.9</ele>
    <time>2026-03-17T08:11:04.000Z</time>
    <name>Singkir Laut</name>
  </wpt>
  <wpt lat="5.4654409" lon="100.2390595">
    <ele>6.3</ele>
    <time>2026-03-20T14:30:20.000Z</time>
    <name>George Town</name>
  </wpt>
  <wpt lat="5.4655851" lon="100.2391438">
    <ele>5.5</ele>
    <time>2026-03-21T03:08:14.000Z</time>
    <name>Hari Raya Aidilfitri</name>
  </wpt>
  <wpt lat="5.465720136" lon="100.239226752">
    <ele>5.7</ele>
    <time>2026-03-22T06:00:26.000Z</time>
    <name>George Town</name>
  </wpt>
  <wpt lat="3.817966534" lon="101.501466189">
    <ele>120.1</ele>
    <time>2026-03-23T14:23:45.000Z</time>
    <name>Slim River</name>
  </wpt>
  <wpt lat="3.136108627" lon="101.692051176">
    <ele>34.6</ele>
    <time>2026-03-26T06:41:30.000Z</time>
    <name>Kuala Lumpur</name>
  </wpt>
  <wpt lat="3.134724214" lon="101.718163126">
    <ele>45.8</ele>
    <time>2026-03-28T07:07:15.000Z</time>
    <name>Kuala Lumpur</name>
  </wpt>
  <wpt lat="3.131338167" lon="101.715114154">
    <ele>41.6</ele>
    <time>2026-03-29T06:48:18.000Z</time>
    <name>Kuala Lumpur</name>
  </wpt>
  <wpt lat="3.482524653" lon="102.592939849">
    <ele>26.2</ele>
    <time>2026-04-02T07:33:55.000Z</time>
    <name>Chenor</name>
  </wpt>
  <wpt lat="3.7234098" lon="103.328932">
    <ele>7.5</ele>
    <time>2026-04-06T04:19:13.000Z</time>
    <name>Kuantan</name>
  </wpt>
  <wpt lat="2.5236382" lon="103.82951">
    <ele>5.1</ele>
    <time>2026-04-07T09:10:15.000Z</time>
    <name>Air Papan</name>
  </wpt>
  <wpt lat="2.523557106" lon="103.82942182">
    <ele>5.5</ele>
    <time>2026-04-07T23:41:00.000Z</time>
    <name>Air Papan</name>
  </wpt>
  <wpt lat="2.770343938" lon="104.120723829">
    <ele>10.2</ele>
    <time>2026-04-08T04:38:01.000Z</time>
    <name>Tioman</name>
  </wpt>
  <wpt lat="2.7913521" lon="104.2025477">
    <ele>4.9</ele>
    <time>2026-04-14T08:30:53.000Z</time>
    <name>Bushman Camp, Tioman</name>
  </wpt>
  <wpt lat="2.523649238" lon="103.829363839">
    <ele>5.5</ele>
    <time>2026-04-17T06:45:37.000Z</time>
    <name>Air Papan</name>
  </wpt>
  <wpt lat="2.218733857" lon="102.185757764">
    <ele>0</ele>
    <time>2026-04-22T06:17:50.000Z</time>
    <name>Malacca City</name>
  </wpt>
  <wpt lat="2.2189965" lon="102.1851862">
    <ele>0</ele>
    <time>2026-04-24T00:31:12.000Z</time>
    <name>Malacca City</name>
  </wpt>
  <wpt lat="3.0124822" lon="101.4113181">
    <ele>12.1</ele>
    <time>2026-04-29T04:24:14.000Z</time>
    <name>3° 0&apos;N 101° 24&apos;E</name>
  </wpt>
  <wpt lat="7.5927453" lon="99.0324938">
    <ele>4.1</ele>
    <time>2026-05-09T01:24:29.000Z</time>
    <name>Sala Dan</name>
  </wpt>
  <wpt lat="7.607882149" lon="99.03329473">
    <ele>9.7</ele>
    <time>2026-05-12T05:48:15.000Z</time>
    <name>7° 36&apos;N 99° 2&apos;E</name>
  </wpt>
  <wpt lat="7.6084791" lon="99.0328861">
    <ele>5.9</ele>
    <time>2026-05-17T00:02:20.000Z</time>
    <name>Sala Dan</name>
  </wpt>
  <wpt lat="1.3050013" lon="103.8546379">
    <ele>10</ele>
    <time>2026-05-20T12:45:21.000Z</time>
    <name>Singapore</name>
  </wpt>
  <wpt lat="47.5388367" lon="8.7909121">
    <ele>463.4</ele>
    <time>2026-05-22T18:55:27.000Z</time>
    <name>Rickenbach Sulz</name>
  </wpt>
  <trk>
    <name>New file 1</name>
    <trkseg>
      <trkpt lat="47.608859232" lon="8.675340191">
        <ele>399.525</ele>
        <time>2025-04-06T08:03:54.000Z</time>
      </trkpt>
      <trkpt lat="47.556122657" lon="8.770057819">
        <ele>434.825</ele>
        <time>2025-04-06T08:22:27.000Z</time>
      </trkpt>
      <trkpt lat="47.540179719" lon="8.790527466">
        <ele>451.706</ele>
        <time>2025-04-06T08:30:27.000Z</time>
      </trkpt>
      <trkpt lat="47.526986548" lon="8.734633366">
        <ele>466.32</ele>
        <time>2025-04-06T09:18:23.000Z</time>
      </trkpt>
      <trkpt lat="47.475496753" lon="8.704629033">
        <ele>444.134</ele>
        <time>2025-04-06T09:29:35.000Z</time>
      </trkpt>
      <trkpt lat="47.408439478" lon="8.588970152">
        <ele>429.236</ele>
        <time>2025-04-06T09:39:40.000Z</time>
      </trkpt>
      <trkpt lat="47.413405999" lon="8.433997812">
        <ele>404.159</ele>
        <time>2025-04-06T09:49:54.000Z</time>
      </trkpt>
      <trkpt lat="47.437976366" lon="8.348578317">
        <ele>389.625</ele>
        <time>2025-04-06T09:55:10.000Z</time>
      </trkpt>
      <trkpt lat="47.41386454" lon="8.220851567">
        <ele>424.105</ele>
        <time>2025-04-06T10:05:28.000Z</time>
      </trkpt>
      <trkpt lat="47.389869373" lon="8.181121381">
        <ele>406.547</ele>
        <time>2025-04-06T10:10:41.000Z</time>
      </trkpt>
      <trkpt lat="47.35570755" lon="8.161511245">
        <ele>450.348</ele>
        <time>2025-04-06T10:15:47.000Z</time>
      </trkpt>
      <trkpt lat="47.286127166" lon="8.199347018">
        <ele>520.701</ele>
        <time>2025-04-06T10:25:51.000Z</time>
      </trkpt>
      <trkpt lat="47.24604759" lon="8.184812624">
        <ele>537</ele>
        <time>2025-04-06T10:34:38.000Z</time>
      </trkpt>
      <trkpt lat="47.211574574" lon="8.192162273">
        <ele>647.043</ele>
        <time>2025-04-06T10:39:59.000Z</time>
      </trkpt>
      <trkpt lat="47.210507257" lon="8.183650783">
        <ele>656.025</ele>
        <time>2025-04-06T10:45:11.000Z</time>
      </trkpt>
      <trkpt lat="47.210710122" lon="8.183732368">
        <ele>655.373</ele>
        <time>2025-04-06T20:15:58.000Z</time>
      </trkpt>
      <trkpt lat="47.206743876" lon="8.189323841">
        <ele>652.591</ele>
        <time>2025-04-07T06:03:47.000Z</time>
      </trkpt>
      <trkpt lat="47.12638221" lon="8.2435213">
        <ele>589.653</ele>
        <time>2025-04-07T06:15:37.000Z</time>
      </trkpt>
      <trkpt lat="47.094468781" lon="8.256718139">
        <ele>522</ele>
        <time>2025-04-07T06:20:41.000Z</time>
      </trkpt>
      <trkpt lat="47.091606574" lon="8.252237474">
        <ele>523.988</ele>
        <time>2025-04-07T06:33:17.000Z</time>
      </trkpt>
      <trkpt lat="47.083093569" lon="8.276931313">
        <ele>467.705</ele>
        <time>2025-04-07T06:38:28.000Z</time>
      </trkpt>
      <trkpt lat="47.036770594" lon="8.295300414">
        <ele>466.796</ele>
        <time>2025-04-07T06:43:44.000Z</time>
      </trkpt>
      <trkpt lat="46.964653269" lon="8.381584995">
        <ele>451.542</ele>
        <time>2025-04-07T06:53:53.000Z</time>
      </trkpt>
      <trkpt lat="46.865087237" lon="8.632143901">
        <ele>452.339</ele>
        <time>2025-04-07T08:29:20.000Z</time>
      </trkpt>
      <trkpt lat="46.758449162" lon="8.65186962">
        <ele>630.737</ele>
        <time>2025-04-07T08:39:41.000Z</time>
      </trkpt>
      <trkpt lat="46.708137914" lon="8.605842646">
        <ele>860.201</ele>
        <time>2025-04-07T08:44:50.000Z</time>
      </trkpt>
      <trkpt lat="46.488659182" lon="8.764324656">
        <ele>876.046</ele>
        <time>2025-04-07T09:13:50.000Z</time>
      </trkpt>
      <trkpt lat="46.447104903" lon="8.830145983">
        <ele>626.082</ele>
        <time>2025-04-07T09:27:21.000Z</time>
      </trkpt>
      <trkpt lat="46.326870211" lon="8.979282425">
        <ele>270.549</ele>
        <time>2025-04-07T09:55:48.000Z</time>
      </trkpt>
      <trkpt lat="46.176649346" lon="8.995400229">
        <ele>220.702</ele>
        <time>2025-04-07T10:11:10.000Z</time>
      </trkpt>
      <trkpt lat="46.096360688" lon="8.927610582">
        <ele>418.419</ele>
        <time>2025-04-07T10:20:38.000Z</time>
      </trkpt>
      <trkpt lat="46.034971778" lon="8.928792757">
        <ele>304.654</ele>
        <time>2025-04-07T10:25:42.000Z</time>
      </trkpt>
      <trkpt lat="45.983572707" lon="8.93307309">
        <ele>314.275</ele>
        <time>2025-04-07T10:31:10.000Z</time>
      </trkpt>
      <trkpt lat="45.877190791" lon="8.979488396">
        <ele>303.054</ele>
        <time>2025-04-07T10:41:21.000Z</time>
      </trkpt>
      <trkpt lat="45.83924093" lon="9.025630172">
        <ele>235.73</ele>
        <time>2025-04-07T10:46:45.000Z</time>
      </trkpt>
      <trkpt lat="45.83878838" lon="9.03131326">
        <ele>231.737</ele>
        <time>2025-04-07T10:51:59.000Z</time>
      </trkpt>
      <trkpt lat="45.840904964" lon="9.041930772">
        <ele>245.751</ele>
        <time>2025-04-07T10:57:12.000Z</time>
      </trkpt>
      <trkpt lat="45.774306804" lon="9.0488932">
        <ele>306.503</ele>
        <time>2025-04-07T11:07:50.000Z</time>
      </trkpt>
      <trkpt lat="45.652875887" lon="9.014902412">
        <ele>238.649</ele>
        <time>2025-04-07T11:20:40.000Z</time>
      </trkpt>
      <trkpt lat="45.562056341" lon="9.033956025">
        <ele>172.906</ele>
        <time>2025-04-07T11:28:32.000Z</time>
      </trkpt>
      <trkpt lat="45.463588656" lon="9.076049051">
        <ele>130.722</ele>
        <time>2025-04-07T11:38:49.000Z</time>
      </trkpt>
      <trkpt lat="45.409255683" lon="9.108697094">
        <ele>111</ele>
        <time>2025-04-07T11:44:05.000Z</time>
      </trkpt>
      <trkpt lat="45.377713158" lon="9.276173953">
        <ele>96.226</ele>
        <time>2025-04-07T11:53:50.000Z</time>
      </trkpt>
      <trkpt lat="45.258246273" lon="9.473191252">
        <ele>73.182</ele>
        <time>2025-04-07T12:08:50.000Z</time>
      </trkpt>
      <trkpt lat="45.189691254" lon="9.564056682">
        <ele>66.844</ele>
        <time>2025-04-07T12:16:12.000Z</time>
      </trkpt>
      <trkpt lat="45.05129356" lon="9.748166243">
        <ele>47</ele>
        <time>2025-04-07T12:31:43.000Z</time>
      </trkpt>
      <trkpt lat="45.038345068" lon="9.745118118">
        <ele>53</ele>
        <time>2025-04-07T12:36:54.000Z</time>
      </trkpt>
      <trkpt lat="45.02892699" lon="9.683402607">
        <ele>65</ele>
        <time>2025-04-07T12:42:00.000Z</time>
      </trkpt>
      <trkpt lat="44.945314307" lon="9.635776094">
        <ele>122.821</ele>
        <time>2025-04-07T12:51:51.000Z</time>
      </trkpt>
      <trkpt lat="44.912660439" lon="9.59692296">
        <ele>138.39</ele>
        <time>2025-04-07T12:57:03.000Z</time>
      </trkpt>
      <trkpt lat="44.908135421" lon="9.591121351">
        <ele>134.169</ele>
        <time>2025-04-07T13:59:11.000Z</time>
      </trkpt>
      <trkpt lat="44.941430278" lon="9.632625366">
        <ele>127.933</ele>
        <time>2025-04-08T08:52:56.000Z</time>
      </trkpt>
      <trkpt lat="45.026528873" lon="9.680668073">
        <ele>66.496</ele>
        <time>2025-04-08T09:03:21.000Z</time>
      </trkpt>
      <trkpt lat="45.037227307" lon="9.762138026">
        <ele>52.684</ele>
        <time>2025-04-08T09:12:02.000Z</time>
      </trkpt>
      <trkpt lat="44.957650309" lon="9.916597288">
        <ele>64.406</ele>
        <time>2025-04-08T09:23:05.000Z</time>
      </trkpt>
      <trkpt lat="44.896102793" lon="10.048504613">
        <ele>61.03</ele>
        <time>2025-04-08T09:31:58.000Z</time>
      </trkpt>
      <trkpt lat="44.880069209" lon="10.149876239">
        <ele>48</ele>
        <time>2025-04-08T09:37:56.000Z</time>
      </trkpt>
      <trkpt lat="44.818972076" lon="10.399517631">
        <ele>36.701</ele>
        <time>2025-04-08T09:52:56.000Z</time>
      </trkpt>
      <trkpt lat="44.732116331" lon="10.615823717">
        <ele>41.264</ele>
        <time>2025-04-08T10:07:05.000Z</time>
      </trkpt>
      <trkpt lat="44.710997394" lon="10.71607912">
        <ele>42</ele>
        <time>2025-04-08T10:13:04.000Z</time>
      </trkpt>
      <trkpt lat="44.51866698" lon="11.168963284">
        <ele>51</ele>
        <time>2025-04-08T10:44:06.000Z</time>
      </trkpt>
      <trkpt lat="44.523880365" lon="11.286482736">
        <ele>41.061</ele>
        <time>2025-04-08T10:51:58.000Z</time>
      </trkpt>
      <trkpt lat="44.500598111" lon="11.384650748">
        <ele>49.847</ele>
        <time>2025-04-08T11:03:15.000Z</time>
      </trkpt>
      <trkpt lat="44.427466979" lon="11.598090213">
        <ele>53</ele>
        <time>2025-04-08T11:29:53.000Z</time>
      </trkpt>
      <trkpt lat="44.245301527" lon="12.113935333">
        <ele>18.153</ele>
        <time>2025-04-08T12:21:23.000Z</time>
      </trkpt>
      <trkpt lat="44.167485656" lon="12.283483548">
        <ele>20</ele>
        <time>2025-04-08T12:36:16.000Z</time>
      </trkpt>
      <trkpt lat="44.19033503" lon="12.408743832">
        <ele>2</ele>
        <time>2025-04-08T13:10:18.000Z</time>
      </trkpt>
      <trkpt lat="44.189028447" lon="12.414901899">
        <ele>1</ele>
        <time>2025-04-08T13:16:35.000Z</time>
      </trkpt>
      <trkpt lat="44.167063408" lon="12.425213636">
        <ele>2.737</ele>
        <time>2025-04-09T10:17:07.000Z</time>
      </trkpt>
      <trkpt lat="44.158779675" lon="12.433075005">
        <ele>2</ele>
        <time>2025-04-09T10:25:15.000Z</time>
      </trkpt>
      <trkpt lat="44.151973272" lon="12.442305422">
        <ele>1.7</ele>
        <time>2025-04-09T10:58:20.000Z</time>
      </trkpt>
      <trkpt lat="44.087998043" lon="12.476614579">
        <ele>20.039</ele>
        <time>2025-04-09T11:05:54.000Z</time>
      </trkpt>
      <trkpt lat="43.985288296" lon="12.64094606">
        <ele>18.022</ele>
        <time>2025-04-09T11:21:27.000Z</time>
      </trkpt>
      <trkpt lat="43.899371234" lon="12.863338868">
        <ele>11.473</ele>
        <time>2025-04-09T11:37:07.000Z</time>
      </trkpt>
      <trkpt lat="43.797609014" lon="13.07611463">
        <ele>13.19</ele>
        <time>2025-04-09T11:52:35.000Z</time>
      </trkpt>
      <trkpt lat="43.681213986" lon="13.262242069">
        <ele>56.103</ele>
        <time>2025-04-09T12:07:33.000Z</time>
      </trkpt>
      <trkpt lat="43.595916107" lon="13.357095843">
        <ele>23.298</ele>
        <time>2025-04-09T12:22:35.000Z</time>
      </trkpt>
      <trkpt lat="43.588600854" lon="13.492093759">
        <ele>103.054</ele>
        <time>2025-04-09T12:38:07.000Z</time>
      </trkpt>
      <trkpt lat="43.597635712" lon="13.50957909">
        <ele>24.95</ele>
        <time>2025-04-09T12:43:18.000Z</time>
      </trkpt>
      <trkpt lat="43.612723549" lon="13.499957464">
        <ele>6.39</ele>
        <time>2025-04-09T12:53:21.000Z</time>
      </trkpt>
      <trkpt lat="43.617568216" lon="13.50684231">
        <ele>4.878</ele>
        <time>2025-04-09T13:37:39.000Z</time>
      </trkpt>
      <trkpt lat="41.402979051" lon="17.226783531">
        <ele>0</ele>
        <time>2025-04-10T06:27:59.000Z</time>
      </trkpt>
      <trkpt lat="41.383567431" lon="17.255297252">
        <ele>0</ele>
        <time>2025-04-10T06:33:00.000Z</time>
      </trkpt>
      <trkpt lat="41.364058548" lon="17.283693325">
        <ele>0</ele>
        <time>2025-04-10T06:38:01.000Z</time>
      </trkpt>
      <trkpt lat="41.344550061" lon="17.311899051">
        <ele>0</ele>
        <time>2025-04-10T06:43:02.000Z</time>
      </trkpt>
      <trkpt lat="41.325052565" lon="17.340249638">
        <ele>0</ele>
        <time>2025-04-10T06:48:03.000Z</time>
      </trkpt>
      <trkpt lat="41.305617506" lon="17.368544953">
        <ele>0</ele>
        <time>2025-04-10T06:53:04.000Z</time>
      </trkpt>
      <trkpt lat="41.286228662" lon="17.396831217">
        <ele>0</ele>
        <time>2025-04-10T06:58:04.000Z</time>
      </trkpt>
      <trkpt lat="41.266212247" lon="17.425231904">
        <ele>0</ele>
        <time>2025-04-10T07:03:07.000Z</time>
      </trkpt>
      <trkpt lat="41.24665379" lon="17.453076908">
        <ele>0</ele>
        <time>2025-04-10T07:08:05.000Z</time>
      </trkpt>
      <trkpt lat="41.223903457" lon="17.48470475">
        <ele>0</ele>
        <time>2025-04-10T07:13:44.000Z</time>
      </trkpt>
      <trkpt lat="41.204380881" lon="17.512747395">
        <ele>0</ele>
        <time>2025-04-10T07:18:44.000Z</time>
      </trkpt>
      <trkpt lat="41.177812968" lon="17.549781092">
        <ele>0</ele>
        <time>2025-04-10T07:25:23.000Z</time>
      </trkpt>
      <trkpt lat="41.133195177" lon="17.613207536">
        <ele>0</ele>
        <time>2025-04-10T07:36:41.000Z</time>
      </trkpt>
      <trkpt lat="41.080565793" lon="17.683889614">
        <ele>0</ele>
        <time>2025-04-10T07:49:40.000Z</time>
      </trkpt>
      <trkpt lat="41.060110837" lon="17.710898748">
        <ele>0</ele>
        <time>2025-04-10T07:54:41.000Z</time>
      </trkpt>
      <trkpt lat="41.039683058" lon="17.737961065">
        <ele>0</ele>
        <time>2025-04-10T07:59:41.000Z</time>
      </trkpt>
      <trkpt lat="41.019417923" lon="17.765266928">
        <ele>0</ele>
        <time>2025-04-10T08:04:42.000Z</time>
      </trkpt>
      <trkpt lat="40.999511033" lon="17.793070254">
        <ele>0</ele>
        <time>2025-04-10T08:09:43.000Z</time>
      </trkpt>
      <trkpt lat="40.04987061" lon="19.611178665">
        <ele>0</ele>
        <time>2025-04-10T13:01:59.000Z</time>
      </trkpt>
      <trkpt lat="40.031114862" lon="19.64038063">
        <ele>0</ele>
        <time>2025-04-10T13:07:00.000Z</time>
      </trkpt>
      <trkpt lat="40.010778639" lon="19.672416564">
        <ele>0</ele>
        <time>2025-04-10T13:12:25.000Z</time>
      </trkpt>
      <trkpt lat="39.991810151" lon="19.700520904">
        <ele>0</ele>
        <time>2025-04-10T13:17:21.000Z</time>
      </trkpt>
      <trkpt lat="39.866548162" lon="19.884772366">
        <ele>0</ele>
        <time>2025-04-10T13:49:35.000Z</time>
      </trkpt>
      <trkpt lat="39.842500398" lon="19.91981199">
        <ele>0</ele>
        <time>2025-04-10T13:55:45.000Z</time>
      </trkpt>
      <trkpt lat="39.82307697" lon="19.948590425">
        <ele>0</ele>
        <time>2025-04-10T14:00:46.000Z</time>
      </trkpt>
      <trkpt lat="39.80120959" lon="19.97328875">
        <ele>0</ele>
        <time>2025-04-10T14:05:47.000Z</time>
      </trkpt>
      <trkpt lat="39.454256392" lon="20.275108486">
        <ele>12.323</ele>
        <time>2025-04-10T16:31:30.000Z</time>
      </trkpt>
      <trkpt lat="39.423961001" lon="20.313938716">
        <ele>36.237</ele>
        <time>2025-04-11T06:24:32.000Z</time>
      </trkpt>
      <trkpt lat="39.444224656" lon="20.38439956">
        <ele>341.121</ele>
        <time>2025-04-11T06:38:30.000Z</time>
      </trkpt>
      <trkpt lat="39.540400137" lon="20.673882952">
        <ele>315.407</ele>
        <time>2025-04-11T07:05:33.000Z</time>
      </trkpt>
      <trkpt lat="39.610177723" lon="20.857805999">
        <ele>478</ele>
        <time>2025-04-11T07:32:31.000Z</time>
      </trkpt>
      <trkpt lat="39.584014616" lon="20.862599742">
        <ele>493.736</ele>
        <time>2025-04-11T07:46:00.000Z</time>
      </trkpt>
      <trkpt lat="39.589365176" lon="20.861906554">
        <ele>486.234</ele>
        <time>2025-04-11T08:39:49.000Z</time>
      </trkpt>
      <trkpt lat="39.624191246" lon="20.850955086">
        <ele>475.523</ele>
        <time>2025-04-11T08:53:20.000Z</time>
      </trkpt>
      <trkpt lat="39.62413617" lon="20.833170979">
        <ele>550.863</ele>
        <time>2025-04-11T09:40:37.000Z</time>
      </trkpt>
      <trkpt lat="39.627384117" lon="20.857962348">
        <ele>477</ele>
        <time>2025-04-11T09:48:32.000Z</time>
      </trkpt>
      <trkpt lat="39.584892767" lon="20.862565691">
        <ele>487.241</ele>
        <time>2025-04-11T10:30:42.000Z</time>
      </trkpt>
      <trkpt lat="39.653381822" lon="20.829358539">
        <ele>482.874</ele>
        <time>2025-04-11T10:44:11.000Z</time>
      </trkpt>
      <trkpt lat="39.7210084" lon="20.784752229">
        <ele>471.592</ele>
        <time>2025-04-11T10:57:41.000Z</time>
      </trkpt>
      <trkpt lat="39.814844567" lon="20.723575717">
        <ele>777.097</ele>
        <time>2025-04-11T11:11:12.000Z</time>
      </trkpt>
      <trkpt lat="39.857623846" lon="20.774905532">
        <ele>747.728</ele>
        <time>2025-04-11T11:24:41.000Z</time>
      </trkpt>
      <trkpt lat="39.863799239" lon="20.77583229">
        <ele>746.61</ele>
        <time>2025-04-11T11:38:13.000Z</time>
      </trkpt>
      <trkpt lat="39.84761935" lon="20.809077996">
        <ele>777.517</ele>
        <time>2025-04-11T11:51:41.000Z</time>
      </trkpt>
      <trkpt lat="39.845820479" lon="20.812601856">
        <ele>784.237</ele>
        <time>2025-04-11T19:34:00.000Z</time>
      </trkpt>
      <trkpt lat="39.862267926" lon="20.785839912">
        <ele>751.889</ele>
        <time>2025-04-12T07:09:54.000Z</time>
      </trkpt>
      <trkpt lat="39.861253557" lon="20.774298651">
        <ele>749.739</ele>
        <time>2025-04-12T07:22:54.000Z</time>
      </trkpt>
      <trkpt lat="39.863883648" lon="20.793229514">
        <ele>763.544</ele>
        <time>2025-04-12T11:08:42.000Z</time>
      </trkpt>
      <trkpt lat="39.845837556" lon="20.812716056">
        <ele>783.456</ele>
        <time>2025-04-12T11:22:43.000Z</time>
      </trkpt>
      <trkpt lat="39.862539299" lon="20.774769715">
        <ele>738.253</ele>
        <time>2025-04-13T08:40:01.000Z</time>
      </trkpt>
      <trkpt lat="39.838056729" lon="20.747747485">
        <ele>840.811</ele>
        <time>2025-04-13T08:45:32.000Z</time>
      </trkpt>
      <trkpt lat="39.786768801" lon="20.738825832">
        <ele>577.267</ele>
        <time>2025-04-13T08:59:25.000Z</time>
      </trkpt>
      <trkpt lat="39.674238213" lon="20.823606416">
        <ele>539.194</ele>
        <time>2025-04-13T09:19:35.000Z</time>
      </trkpt>
      <trkpt lat="39.659260634" lon="20.840720628">
        <ele>531.556</ele>
        <time>2025-04-13T09:24:48.000Z</time>
      </trkpt>
      <trkpt lat="39.634942917" lon="20.837097499">
        <ele>477.655</ele>
        <time>2025-04-13T09:32:38.000Z</time>
      </trkpt>
      <trkpt lat="39.601542265" lon="20.928435652">
        <ele>485.448</ele>
        <time>2025-04-13T09:48:10.000Z</time>
      </trkpt>
      <trkpt lat="39.750355807" lon="21.078593918">
        <ele>629.856</ele>
        <time>2025-04-13T10:08:00.000Z</time>
      </trkpt>
      <trkpt lat="39.789370908" lon="21.267011315">
        <ele>1064.236</ele>
        <time>2025-04-13T10:23:23.000Z</time>
      </trkpt>
      <trkpt lat="39.806139647" lon="21.329399554">
        <ele>786.397</ele>
        <time>2025-04-13T10:38:22.000Z</time>
      </trkpt>
      <trkpt lat="39.788556313" lon="21.37828351">
        <ele>683.121</ele>
        <time>2025-04-13T10:53:22.000Z</time>
      </trkpt>
      <trkpt lat="39.769011332" lon="21.461797256">
        <ele>738.702</ele>
        <time>2025-04-13T11:08:21.000Z</time>
      </trkpt>
      <trkpt lat="39.73106375" lon="21.569287721">
        <ele>250.488</ele>
        <time>2025-04-13T11:23:21.000Z</time>
      </trkpt>
      <trkpt lat="39.704982777" lon="21.621308045">
        <ele>219.77</ele>
        <time>2025-04-13T11:35:46.000Z</time>
      </trkpt>
      <trkpt lat="39.73068894" lon="21.650555322">
        <ele>665.921</ele>
        <time>2025-04-13T11:51:03.000Z</time>
      </trkpt>
      <trkpt lat="39.731013845" lon="21.651061748">
        <ele>668.724</ele>
        <time>2025-04-13T12:05:21.000Z</time>
      </trkpt>
      <trkpt lat="39.716560905" lon="21.641097216">
        <ele>494.845</ele>
        <time>2025-04-14T07:13:03.000Z</time>
      </trkpt>
      <trkpt lat="39.697438111" lon="21.640156545">
        <ele>203.786</ele>
        <time>2025-04-14T07:25:35.000Z</time>
      </trkpt>
      <trkpt lat="39.608313704" lon="21.723234587">
        <ele>129</ele>
        <time>2025-04-14T07:36:57.000Z</time>
      </trkpt>
      <trkpt lat="39.56535344" lon="21.778575964">
        <ele>100.981</ele>
        <time>2025-04-14T07:47:11.000Z</time>
      </trkpt>
      <trkpt lat="39.566296882" lon="21.814453371">
        <ele>101.684</ele>
        <time>2025-04-14T07:52:27.000Z</time>
      </trkpt>
      <trkpt lat="39.581538099" lon="22.027645893">
        <ele>92.344</ele>
        <time>2025-04-14T08:07:55.000Z</time>
      </trkpt>
      <trkpt lat="39.612881388" lon="22.223810088">
        <ele>84</ele>
        <time>2025-04-14T08:22:55.000Z</time>
      </trkpt>
      <trkpt lat="39.631061129" lon="22.356158179">
        <ele>82.98</ele>
        <time>2025-04-14T08:33:10.000Z</time>
      </trkpt>
      <trkpt lat="39.64624215" lon="22.427878933">
        <ele>69.257</ele>
        <time>2025-04-14T08:44:11.000Z</time>
      </trkpt>
      <trkpt lat="39.800781696" lon="22.500307113">
        <ele>54.08</ele>
        <time>2025-04-14T09:00:35.000Z</time>
      </trkpt>
      <trkpt lat="39.850163008" lon="22.520549577">
        <ele>37.805</ele>
        <time>2025-04-14T09:06:07.000Z</time>
      </trkpt>
      <trkpt lat="39.933955008" lon="22.644364117">
        <ele>6.696</ele>
        <time>2025-04-14T09:17:52.000Z</time>
      </trkpt>
      <trkpt lat="40.099575534" lon="22.557758546">
        <ele>32.069</ele>
        <time>2025-04-14T09:35:57.000Z</time>
      </trkpt>
      <trkpt lat="40.116622181" lon="22.555265011">
        <ele>21.359</ele>
        <time>2025-04-14T09:43:35.000Z</time>
      </trkpt>
      <trkpt lat="40.237978284" lon="22.53703659">
        <ele>13.854</ele>
        <time>2025-04-15T07:41:00.000Z</time>
      </trkpt>
      <trkpt lat="40.287349373" lon="22.532036975">
        <ele>34.277</ele>
        <time>2025-04-15T07:46:21.000Z</time>
      </trkpt>
      <trkpt lat="40.328195309" lon="22.581067756">
        <ele>14.341</ele>
        <time>2025-04-15T07:51:47.000Z</time>
      </trkpt>
      <trkpt lat="40.453724493" lon="22.580090258">
        <ele>53.65</ele>
        <time>2025-04-15T08:13:34.000Z</time>
      </trkpt>
      <trkpt lat="40.588032201" lon="22.653527289">
        <ele>0.857</ele>
        <time>2025-04-15T08:28:25.000Z</time>
      </trkpt>
      <trkpt lat="40.65287441" lon="22.839877345">
        <ele>3.348</ele>
        <time>2025-04-15T08:43:33.000Z</time>
      </trkpt>
      <trkpt lat="40.669410362" lon="22.88468881">
        <ele>12.892</ele>
        <time>2025-04-15T08:48:49.000Z</time>
      </trkpt>
      <trkpt lat="40.668887904" lon="22.96213489">
        <ele>107.005</ele>
        <time>2025-04-15T08:59:03.000Z</time>
      </trkpt>
      <trkpt lat="40.661418582" lon="22.968072966">
        <ele>169.679</ele>
        <time>2025-04-15T09:09:28.000Z</time>
      </trkpt>
      <trkpt lat="40.645133512" lon="22.968721234">
        <ele>203.502</ele>
        <time>2025-04-15T09:19:39.000Z</time>
      </trkpt>
      <trkpt lat="40.575223013" lon="22.98204172">
        <ele>59.11</ele>
        <time>2025-04-15T09:29:18.000Z</time>
      </trkpt>
      <trkpt lat="40.499286676" lon="23.003600671">
        <ele>33.115</ele>
        <time>2025-04-15T09:36:50.000Z</time>
      </trkpt>
      <trkpt lat="40.343402722" lon="23.065830013">
        <ele>37.03</ele>
        <time>2025-04-15T09:51:47.000Z</time>
      </trkpt>
      <trkpt lat="40.201464159" lon="23.326770264">
        <ele>13.542</ele>
        <time>2025-04-15T10:14:46.000Z</time>
      </trkpt>
      <trkpt lat="40.149477323" lon="23.35612073">
        <ele>24.237</ele>
        <time>2025-04-15T10:20:11.000Z</time>
      </trkpt>
      <trkpt lat="40.058513889" lon="23.460524266">
        <ele>25.7</ele>
        <time>2025-04-15T10:35:09.000Z</time>
      </trkpt>
      <trkpt lat="40.015365848" lon="23.525310073">
        <ele>27.769</ele>
        <time>2025-04-15T10:50:20.000Z</time>
      </trkpt>
      <trkpt lat="39.996963307" lon="23.575796358">
        <ele>22.932</ele>
        <time>2025-04-15T10:55:28.000Z</time>
      </trkpt>
      <trkpt lat="39.981827378" lon="23.643808569">
        <ele>4.843</ele>
        <time>2025-04-15T11:11:44.000Z</time>
      </trkpt>
      <trkpt lat="39.977524955" lon="23.651228552">
        <ele>12.346</ele>
        <time>2025-04-15T11:20:40.000Z</time>
      </trkpt>
      <trkpt lat="39.981820369" lon="23.655746598">
        <ele>1.139</ele>
        <time>2025-04-15T11:52:12.000Z</time>
      </trkpt>
      <trkpt lat="39.98176614" lon="23.661784858">
        <ele>4.848</ele>
        <time>2025-04-15T12:41:44.000Z</time>
      </trkpt>
      <trkpt lat="39.982699815" lon="23.661535592">
        <ele>0.281</ele>
        <time>2025-04-15T15:40:46.000Z</time>
      </trkpt>
      <trkpt lat="39.97675323" lon="23.66007614">
        <ele>7.915</ele>
        <time>2025-04-15T15:54:43.000Z</time>
      </trkpt>
      <trkpt lat="39.981940649" lon="23.661659108">
        <ele>4.973</ele>
        <time>2025-04-15T16:02:52.000Z</time>
      </trkpt>
      <trkpt lat="39.97723914" lon="23.660230917">
        <ele>5.098</ele>
        <time>2025-04-15T20:14:19.000Z</time>
      </trkpt>
      <trkpt lat="39.981896644" lon="23.661602698">
        <ele>4.77</ele>
        <time>2025-04-15T20:32:08.000Z</time>
      </trkpt>
      <trkpt lat="39.976791645" lon="23.660086714">
        <ele>7.86</ele>
        <time>2025-04-16T09:21:34.000Z</time>
      </trkpt>
      <trkpt lat="39.981917474" lon="23.661517873">
        <ele>4.464</ele>
        <time>2025-04-16T09:30:48.000Z</time>
      </trkpt>
      <trkpt lat="39.97675323" lon="23.66007614">
        <ele>7.915</ele>
        <time>2025-04-17T10:34:45.000Z</time>
      </trkpt>
      <trkpt lat="39.981954019" lon="23.661550479">
        <ele>4.547</ele>
        <time>2025-04-17T10:45:39.000Z</time>
      </trkpt>
      <trkpt lat="39.97675323" lon="23.66007614">
        <ele>7.915</ele>
        <time>2025-04-17T11:16:28.000Z</time>
      </trkpt>
      <trkpt lat="39.981727875" lon="23.661638405">
        <ele>4.898</ele>
        <time>2025-04-17T11:30:24.000Z</time>
      </trkpt>
      <trkpt lat="39.992613119" lon="23.600235264">
        <ele>9.244</ele>
        <time>2025-04-18T07:47:37.000Z</time>
      </trkpt>
      <trkpt lat="40.050405585" lon="23.468335625">
        <ele>39.603</ele>
        <time>2025-04-18T08:02:44.000Z</time>
      </trkpt>
      <trkpt lat="40.060272343" lon="23.430989888">
        <ele>30.29</ele>
        <time>2025-04-18T08:13:17.000Z</time>
      </trkpt>
      <trkpt lat="40.102871563" lon="23.39740444">
        <ele>80.897</ele>
        <time>2025-04-18T08:24:11.000Z</time>
      </trkpt>
      <trkpt lat="40.246401136" lon="23.306681737">
        <ele>42.044</ele>
        <time>2025-04-18T08:39:03.000Z</time>
      </trkpt>
      <trkpt lat="40.313262869" lon="23.442185307">
        <ele>161.768</ele>
        <time>2025-04-18T08:53:50.000Z</time>
      </trkpt>
      <trkpt lat="40.409148107" lon="23.421713887">
        <ele>602.331</ele>
        <time>2025-04-18T09:08:51.000Z</time>
      </trkpt>
      <trkpt lat="40.48606085" lon="23.400181668">
        <ele>544.495</ele>
        <time>2025-04-18T09:23:03.000Z</time>
      </trkpt>
      <trkpt lat="40.558872925" lon="23.472215907">
        <ele>177.944</ele>
        <time>2025-04-18T09:37:17.000Z</time>
      </trkpt>
      <trkpt lat="40.628052822" lon="23.547278079">
        <ele>46.801</ele>
        <time>2025-04-18T09:53:06.000Z</time>
      </trkpt>
      <trkpt lat="40.711407051" lon="23.68312352">
        <ele>49.18</ele>
        <time>2025-04-18T10:08:13.000Z</time>
      </trkpt>
      <trkpt lat="40.780130555" lon="23.794924999">
        <ele>36.083</ele>
        <time>2025-04-18T10:21:03.000Z</time>
      </trkpt>
      <trkpt lat="40.820400948" lon="23.845026651">
        <ele>119.659</ele>
        <time>2025-04-18T10:33:44.000Z</time>
      </trkpt>
      <trkpt lat="40.824916019" lon="23.84474883">
        <ele>76.491</ele>
        <time>2025-04-18T15:18:41.000Z</time>
      </trkpt>
      <trkpt lat="40.820366995" lon="23.845023745">
        <ele>120.006</ele>
        <time>2025-04-18T15:46:42.000Z</time>
      </trkpt>
      <trkpt lat="40.82495498" lon="23.84487152">
        <ele>77.213</ele>
        <time>2025-04-19T02:06:53.000Z</time>
      </trkpt>
      <trkpt lat="40.820451076" lon="23.844962797">
        <ele>119.128</ele>
        <time>2025-04-19T02:18:50.000Z</time>
      </trkpt>
      <trkpt lat="40.82390035" lon="23.851968544">
        <ele>79.45</ele>
        <time>2025-04-19T07:02:27.000Z</time>
      </trkpt>
      <trkpt lat="40.788117042" lon="23.965578787">
        <ele>70.443</ele>
        <time>2025-04-19T07:17:27.000Z</time>
      </trkpt>
      <trkpt lat="40.843809715" lon="24.115180298">
        <ele>100.251</ele>
        <time>2025-04-19T07:31:53.000Z</time>
      </trkpt>
      <trkpt lat="40.846550474" lon="24.127752604">
        <ele>94</ele>
        <time>2025-04-19T07:52:30.000Z</time>
      </trkpt>
      <trkpt lat="40.884913649" lon="24.309668234">
        <ele>67.605</ele>
        <time>2025-04-19T08:07:34.000Z</time>
      </trkpt>
      <trkpt lat="40.960802916" lon="24.474456965">
        <ele>16.776</ele>
        <time>2025-04-19T08:25:59.000Z</time>
      </trkpt>
      <trkpt lat="41.00349648" lon="24.667722755">
        <ele>29.669</ele>
        <time>2025-04-19T08:40:26.000Z</time>
      </trkpt>
      <trkpt lat="40.982281681" lon="24.694776515">
        <ele>15.786</ele>
        <time>2025-04-19T08:46:25.000Z</time>
      </trkpt>
      <trkpt lat="40.985250813" lon="24.700176828">
        <ele>21.363</ele>
        <time>2025-04-19T10:32:18.000Z</time>
      </trkpt>
      <trkpt lat="41.068254914" lon="24.785150299">
        <ele>70.235</ele>
        <time>2025-04-19T10:47:35.000Z</time>
      </trkpt>
      <trkpt lat="41.108021219" lon="24.967622152">
        <ele>30.422</ele>
        <time>2025-04-19T10:59:54.000Z</time>
      </trkpt>
      <trkpt lat="41.116603031" lon="25.17723402">
        <ele>15.99</ele>
        <time>2025-04-19T11:14:34.000Z</time>
      </trkpt>
      <trkpt lat="41.105517042" lon="25.34877453">
        <ele>43.943</ele>
        <time>2025-04-19T11:26:17.000Z</time>
      </trkpt>
      <trkpt lat="41.013827487" lon="25.532757221">
        <ele>43.926</ele>
        <time>2025-04-19T11:41:32.000Z</time>
      </trkpt>
      <trkpt lat="40.939647677" lon="25.667348578">
        <ele>181.945</ele>
        <time>2025-04-19T11:54:13.000Z</time>
      </trkpt>
      <trkpt lat="40.870622085" lon="25.799363684">
        <ele>89.77</ele>
        <time>2025-04-19T12:06:56.000Z</time>
      </trkpt>
      <trkpt lat="40.928857954" lon="25.920363158">
        <ele>114.419</ele>
        <time>2025-04-19T12:22:13.000Z</time>
      </trkpt>
      <trkpt lat="40.941960915" lon="25.9108755">
        <ele>94.692</ele>
        <time>2025-04-19T12:32:36.000Z</time>
      </trkpt>
      <trkpt lat="40.927942735" lon="25.921339151">
        <ele>117.406</ele>
        <time>2025-04-19T12:53:05.000Z</time>
      </trkpt>
      <trkpt lat="40.912542413" lon="25.953272106">
        <ele>116.966</ele>
        <time>2025-04-19T13:07:15.000Z</time>
      </trkpt>
      <trkpt lat="40.923581289" lon="25.981785243">
        <ele>100.512</ele>
        <time>2025-04-19T13:20:11.000Z</time>
      </trkpt>
      <trkpt lat="40.926060621" lon="26.013208268">
        <ele>143.463</ele>
        <time>2025-04-20T05:49:31.000Z</time>
      </trkpt>
      <trkpt lat="40.930219176" lon="26.166110002">
        <ele>37.215</ele>
        <time>2025-04-20T05:59:41.000Z</time>
      </trkpt>
      <trkpt lat="40.944884867" lon="26.310993712">
        <ele>18</ele>
        <time>2025-04-20T06:11:44.000Z</time>
      </trkpt>
      <trkpt lat="40.933093666" lon="26.328944229">
        <ele>8.055</ele>
        <time>2025-04-20T07:32:26.000Z</time>
      </trkpt>
      <trkpt lat="40.911881835" lon="26.364560109">
        <ele>4</ele>
        <time>2025-04-20T08:15:40.000Z</time>
      </trkpt>
      <trkpt lat="40.879259929" lon="26.426385278">
        <ele>73.32</ele>
        <time>2025-04-20T08:30:41.000Z</time>
      </trkpt>
      <trkpt lat="40.876451793" lon="26.503220399">
        <ele>55.866</ele>
        <time>2025-04-20T08:48:15.000Z</time>
      </trkpt>
      <trkpt lat="40.874870119" lon="26.63570134">
        <ele>43.532</ele>
        <time>2025-04-20T09:01:06.000Z</time>
      </trkpt>
      <trkpt lat="40.781249749" lon="26.686833054">
        <ele>46.602</ele>
        <time>2025-04-20T09:32:26.000Z</time>
      </trkpt>
      <trkpt lat="40.665881905" lon="26.805019465">
        <ele>20.895</ele>
        <time>2025-04-20T09:47:11.000Z</time>
      </trkpt>
      <trkpt lat="40.551456939" lon="26.800017832">
        <ele>73.936</ele>
        <time>2025-04-20T10:01:18.000Z</time>
      </trkpt>
      <trkpt lat="40.524677555" lon="26.760156183">
        <ele>41</ele>
        <time>2025-04-20T10:16:01.000Z</time>
      </trkpt>
      <trkpt lat="40.412653335" lon="26.650149822">
        <ele>14.267</ele>
        <time>2025-04-20T10:30:45.000Z</time>
      </trkpt>
      <trkpt lat="40.295553295" lon="26.521573933">
        <ele>9.995</ele>
        <time>2025-04-20T10:45:29.000Z</time>
      </trkpt>
      <trkpt lat="40.183429029" lon="26.359932041">
        <ele>4.405</ele>
        <time>2025-04-20T11:14:18.000Z</time>
      </trkpt>
      <trkpt lat="40.167668914" lon="26.394484174">
        <ele>0</ele>
        <time>2025-04-20T12:24:50.000Z</time>
      </trkpt>
      <trkpt lat="40.150103965" lon="26.402533148">
        <ele>8.626</ele>
        <time>2025-04-20T12:38:41.000Z</time>
      </trkpt>
      <trkpt lat="40.111885971" lon="26.409160712">
        <ele>14.498</ele>
        <time>2025-04-20T12:53:42.000Z</time>
      </trkpt>
      <trkpt lat="39.997659149" lon="26.314376649">
        <ele>74.896</ele>
        <time>2025-04-20T13:08:42.000Z</time>
      </trkpt>
      <trkpt lat="39.905944322" lon="26.308277389">
        <ele>73.399</ele>
        <time>2025-04-20T13:18:44.000Z</time>
      </trkpt>
      <trkpt lat="39.767586174" lon="26.351349726">
        <ele>76.097</ele>
        <time>2025-04-20T13:34:19.000Z</time>
      </trkpt>
      <trkpt lat="39.621905764" lon="26.407113019">
        <ele>284.074</ele>
        <time>2025-04-20T13:49:44.000Z</time>
      </trkpt>
      <trkpt lat="39.583556755" lon="26.490459396">
        <ele>381.676</ele>
        <time>2025-04-20T13:58:17.000Z</time>
      </trkpt>
      <trkpt lat="39.569757669" lon="26.584611207">
        <ele>197.905</ele>
        <time>2025-04-20T14:05:02.000Z</time>
      </trkpt>
      <trkpt lat="39.547854196" lon="26.603237108">
        <ele>9.199</ele>
        <time>2025-04-20T14:10:02.000Z</time>
      </trkpt>
      <trkpt lat="39.555484882" lon="26.652853318">
        <ele>4.203</ele>
        <time>2025-04-20T14:15:02.000Z</time>
      </trkpt>
      <trkpt lat="39.562379048" lon="26.709554869">
        <ele>6.129</ele>
        <time>2025-04-20T14:20:03.000Z</time>
      </trkpt>
      <trkpt lat="39.570150453" lon="26.760802171">
        <ele>5.602</ele>
        <time>2025-04-20T14:25:03.000Z</time>
      </trkpt>
      <trkpt lat="39.572493648" lon="26.841020007">
        <ele>10.68</ele>
        <time>2025-04-20T14:32:56.000Z</time>
      </trkpt>
      <trkpt lat="39.585735125" lon="26.87578284">
        <ele>4</ele>
        <time>2025-04-20T14:37:56.000Z</time>
      </trkpt>
      <trkpt lat="39.586818996" lon="26.918626206">
        <ele>0</ele>
        <time>2025-04-20T14:42:57.000Z</time>
      </trkpt>
      <trkpt lat="39.598176095" lon="26.961202513">
        <ele>16.329</ele>
        <time>2025-04-20T14:47:59.000Z</time>
      </trkpt>
      <trkpt lat="39.61639607" lon="26.955128148">
        <ele>44.949</ele>
        <time>2025-04-20T15:04:33.000Z</time>
      </trkpt>
      <trkpt lat="39.621008568" lon="26.954997366">
        <ele>42.252</ele>
        <time>2025-04-20T16:38:05.000Z</time>
      </trkpt>
      <trkpt lat="39.620622671" lon="26.955032672">
        <ele>41.146</ele>
        <time>2025-04-21T04:51:38.000Z</time>
      </trkpt>
      <trkpt lat="39.60901167" lon="26.967316219">
        <ele>30.326</ele>
        <time>2025-04-21T06:09:51.000Z</time>
      </trkpt>
      <trkpt lat="39.597495073" lon="27.009794893">
        <ele>23.721</ele>
        <time>2025-04-21T06:23:20.000Z</time>
      </trkpt>
      <trkpt lat="39.549970762" lon="27.090482377">
        <ele>32.972</ele>
        <time>2025-04-21T06:36:51.000Z</time>
      </trkpt>
      <trkpt lat="39.568382609" lon="27.26404803">
        <ele>207.203</ele>
        <time>2025-04-21T06:50:22.000Z</time>
      </trkpt>
      <trkpt lat="39.629484232" lon="27.414814334">
        <ele>277.051</ele>
        <time>2025-04-21T07:03:52.000Z</time>
      </trkpt>
      <trkpt lat="39.618111695" lon="27.56330763">
        <ele>217.091</ele>
        <time>2025-04-21T07:17:22.000Z</time>
      </trkpt>
      <trkpt lat="39.644018781" lon="27.755428554">
        <ele>285.214</ele>
        <time>2025-04-21T07:30:53.000Z</time>
      </trkpt>
      <trkpt lat="39.65171332" lon="27.880655872">
        <ele>142.107</ele>
        <time>2025-04-21T07:44:24.000Z</time>
      </trkpt>
      <trkpt lat="39.643729911" lon="27.885597381">
        <ele>139.145</ele>
        <time>2025-04-21T07:57:49.000Z</time>
      </trkpt>
      <trkpt lat="39.628971957" lon="27.881488431">
        <ele>149.402</ele>
        <time>2025-04-21T09:40:08.000Z</time>
      </trkpt>
      <trkpt lat="39.539121894" lon="27.899701776">
        <ele>117.161</ele>
        <time>2025-04-21T09:53:37.000Z</time>
      </trkpt>
      <trkpt lat="39.481830359" lon="27.904207456">
        <ele>194.344</ele>
        <time>2025-04-21T09:58:38.000Z</time>
      </trkpt>
      <trkpt lat="39.377865163" lon="27.955313073">
        <ele>443</ele>
        <time>2025-04-21T10:12:33.000Z</time>
      </trkpt>
      <trkpt lat="39.242368033" lon="27.874324517">
        <ele>342.687</ele>
        <time>2025-04-21T10:26:02.000Z</time>
      </trkpt>
      <trkpt lat="39.097190076" lon="27.841956876">
        <ele>230.955</ele>
        <time>2025-04-21T10:39:33.000Z</time>
      </trkpt>
      <trkpt lat="38.952300833" lon="27.835988458">
        <ele>105.841</ele>
        <time>2025-04-21T10:53:03.000Z</time>
      </trkpt>
      <trkpt lat="38.90202404" lon="27.798066298">
        <ele>85.011</ele>
        <time>2025-04-21T11:06:33.000Z</time>
      </trkpt>
      <trkpt lat="38.793084738" lon="27.899028836">
        <ele>93.556</ele>
        <time>2025-04-21T11:20:03.000Z</time>
      </trkpt>
      <trkpt lat="38.670622744" lon="27.950673346">
        <ele>89.254</ele>
        <time>2025-04-21T11:33:33.000Z</time>
      </trkpt>
      <trkpt lat="38.566329881" lon="28.034675583">
        <ele>101.62</ele>
        <time>2025-04-21T11:47:03.000Z</time>
      </trkpt>
      <trkpt lat="38.499655548" lon="28.202858687">
        <ele>95.221</ele>
        <time>2025-04-21T12:00:33.000Z</time>
      </trkpt>
      <trkpt lat="38.52237219" lon="28.378335396">
        <ele>346.472</ele>
        <time>2025-04-21T12:14:03.000Z</time>
      </trkpt>
      <trkpt lat="38.553490299" lon="28.470779406">
        <ele>681.784</ele>
        <time>2025-04-21T12:27:33.000Z</time>
      </trkpt>
      <trkpt lat="38.563596862" lon="28.555703424">
        <ele>796.308</ele>
        <time>2025-04-21T12:33:40.000Z</time>
      </trkpt>
      <trkpt lat="38.548438735" lon="28.673561113">
        <ele>663.342</ele>
        <time>2025-04-21T12:47:34.000Z</time>
      </trkpt>
      <trkpt lat="38.477567844" lon="28.78811871">
        <ele>837.512</ele>
        <time>2025-04-21T13:01:05.000Z</time>
      </trkpt>
      <trkpt lat="38.427748005" lon="28.938942812">
        <ele>835.194</ele>
        <time>2025-04-21T13:14:34.000Z</time>
      </trkpt>
      <trkpt lat="38.441729697" lon="29.085823212">
        <ele>931.143</ele>
        <time>2025-04-21T13:28:04.000Z</time>
      </trkpt>
      <trkpt lat="38.41708503" lon="29.246323314">
        <ele>740.141</ele>
        <time>2025-04-21T13:41:33.000Z</time>
      </trkpt>
      <trkpt lat="38.414259261" lon="29.294279575">
        <ele>729.26</ele>
        <time>2025-04-21T13:48:40.000Z</time>
      </trkpt>
      <trkpt lat="38.414140537" lon="29.300106359">
        <ele>729.938</ele>
        <time>2025-04-21T14:02:35.000Z</time>
      </trkpt>
      <trkpt lat="38.423880114" lon="29.304734125">
        <ele>711.608</ele>
        <time>2025-04-21T14:29:33.000Z</time>
      </trkpt>
      <trkpt lat="38.41869354" lon="29.30431938">
        <ele>727.152</ele>
        <time>2025-04-21T17:51:47.000Z</time>
      </trkpt>
      <trkpt lat="38.423672558" lon="29.304640287">
        <ele>712.089</ele>
        <time>2025-04-21T18:05:41.000Z</time>
      </trkpt>
      <trkpt lat="38.41865921" lon="29.3043251">
        <ele>727.007</ele>
        <time>2025-04-21T19:37:19.000Z</time>
      </trkpt>
      <trkpt lat="38.423825819" lon="29.304757481">
        <ele>710.488</ele>
        <time>2025-04-21T19:38:51.000Z</time>
      </trkpt>
      <trkpt lat="38.421667507" lon="29.299897157">
        <ele>734.997</ele>
        <time>2025-04-21T19:43:16.000Z</time>
      </trkpt>
      <trkpt lat="38.423830094" lon="29.304775084">
        <ele>710.113</ele>
        <time>2025-04-21T19:58:36.000Z</time>
      </trkpt>
      <trkpt lat="38.41865921" lon="29.3043251">
        <ele>727.007</ele>
        <time>2025-04-22T02:12:29.000Z</time>
      </trkpt>
      <trkpt lat="38.42385063" lon="29.304739796">
        <ele>711.161</ele>
        <time>2025-04-22T02:43:41.000Z</time>
      </trkpt>
      <trkpt lat="38.41865921" lon="29.3043251">
        <ele>727.007</ele>
        <time>2025-04-22T02:48:46.000Z</time>
      </trkpt>
      <trkpt lat="38.42103576" lon="29.29847717">
        <ele>732.729</ele>
        <time>2025-04-22T03:24:40.000Z</time>
      </trkpt>
      <trkpt lat="38.41865921" lon="29.3043251">
        <ele>727.007</ele>
        <time>2025-04-22T03:33:59.000Z</time>
      </trkpt>
      <trkpt lat="38.423802593" lon="29.304726068">
        <ele>710.98</ele>
        <time>2025-04-22T04:04:50.000Z</time>
      </trkpt>
      <trkpt lat="38.421757145" lon="29.300766948">
        <ele>731.965</ele>
        <time>2025-04-22T04:21:31.000Z</time>
      </trkpt>
      <trkpt lat="38.414139907" lon="29.300271932">
        <ele>728.566</ele>
        <time>2025-04-22T04:37:59.000Z</time>
      </trkpt>
      <trkpt lat="38.414710835" lon="29.297586596">
        <ele>735.271</ele>
        <time>2025-04-22T06:54:10.000Z</time>
      </trkpt>
      <trkpt lat="38.392393089" lon="29.29094144">
        <ele>685.465</ele>
        <time>2025-04-22T07:26:53.000Z</time>
      </trkpt>
      <trkpt lat="38.363878741" lon="29.402694572">
        <ele>782.263</ele>
        <time>2025-04-22T07:40:47.000Z</time>
      </trkpt>
      <trkpt lat="38.280285979" lon="29.466336854">
        <ele>974.083</ele>
        <time>2025-04-22T07:54:19.000Z</time>
      </trkpt>
      <trkpt lat="38.163979654" lon="29.471852062">
        <ele>848</ele>
        <time>2025-04-22T08:07:47.000Z</time>
      </trkpt>
      <trkpt lat="38.085544422" lon="29.396989916">
        <ele>828.843</ele>
        <time>2025-04-22T08:21:18.000Z</time>
      </trkpt>
      <trkpt lat="37.973020091" lon="29.436657392">
        <ele>875.878</ele>
        <time>2025-04-22T08:34:48.000Z</time>
      </trkpt>
      <trkpt lat="37.838265812" lon="29.41725662">
        <ele>552.97</ele>
        <time>2025-04-22T08:48:17.000Z</time>
      </trkpt>
      <trkpt lat="37.814305178" lon="29.326995257">
        <ele>456</ele>
        <time>2025-04-22T09:01:48.000Z</time>
      </trkpt>
      <trkpt lat="37.807147577" lon="29.242450688">
        <ele>346</ele>
        <time>2025-04-22T09:15:25.000Z</time>
      </trkpt>
      <trkpt lat="37.819006336" lon="29.125244189">
        <ele>279.973</ele>
        <time>2025-04-22T09:29:18.000Z</time>
      </trkpt>
      <trkpt lat="37.742681233" lon="29.110199785">
        <ele>428.116</ele>
        <time>2025-04-22T09:42:50.000Z</time>
      </trkpt>
      <trkpt lat="37.692694612" lon="29.213504695">
        <ele>789.418</ele>
        <time>2025-04-22T09:56:20.000Z</time>
      </trkpt>
      <trkpt lat="37.593461643" lon="29.26741845">
        <ele>969.68</ele>
        <time>2025-04-22T10:09:51.000Z</time>
      </trkpt>
      <trkpt lat="37.551665492" lon="29.292584192">
        <ele>894.697</ele>
        <time>2025-04-22T10:15:48.000Z</time>
      </trkpt>
      <trkpt lat="37.509139116" lon="29.416875614">
        <ele>881.752</ele>
        <time>2025-04-22T10:29:41.000Z</time>
      </trkpt>
      <trkpt lat="37.489663189" lon="29.586326889">
        <ele>1064.814</ele>
        <time>2025-04-22T10:43:13.000Z</time>
      </trkpt>
      <trkpt lat="37.536414178" lon="29.640164904">
        <ele>1167.844</ele>
        <time>2025-04-22T10:56:43.000Z</time>
      </trkpt>
      <trkpt lat="37.574929279" lon="29.64120977">
        <ele>1149.91</ele>
        <time>2025-04-22T11:10:11.000Z</time>
      </trkpt>
      <trkpt lat="37.573831009" lon="29.640981225">
        <ele>1152.973</ele>
        <time>2025-04-22T13:16:53.000Z</time>
      </trkpt>
      <trkpt lat="37.591018275" lon="29.65933176">
        <ele>1180.332</ele>
        <time>2025-04-23T07:43:16.000Z</time>
      </trkpt>
      <trkpt lat="37.551587398" lon="29.718515127">
        <ele>1145.221</ele>
        <time>2025-04-23T07:58:18.000Z</time>
      </trkpt>
      <trkpt lat="37.542408749" lon="29.719992183">
        <ele>1154.54</ele>
        <time>2025-04-23T08:09:20.000Z</time>
      </trkpt>
      <trkpt lat="37.535521695" lon="29.797728723">
        <ele>1150.978</ele>
        <time>2025-04-23T08:24:57.000Z</time>
      </trkpt>
      <trkpt lat="37.589468588" lon="29.985220246">
        <ele>923.192</ele>
        <time>2025-04-23T08:40:28.000Z</time>
      </trkpt>
      <trkpt lat="37.634403217" lon="30.158405202">
        <ele>912.11</ele>
        <time>2025-04-23T08:56:08.000Z</time>
      </trkpt>
      <trkpt lat="37.62986083" lon="30.155357226">
        <ele>917.145</ele>
        <time>2025-04-23T09:01:17.000Z</time>
      </trkpt>
      <trkpt lat="37.649081464" lon="30.066403189">
        <ele>858.897</ele>
        <time>2025-04-23T09:16:42.000Z</time>
      </trkpt>
      <trkpt lat="37.735177695" lon="30.108810241">
        <ele>881.063</ele>
        <time>2025-04-23T09:32:11.000Z</time>
      </trkpt>
      <trkpt lat="37.733886601" lon="30.111265546">
        <ele>859.872</ele>
        <time>2025-04-24T14:46:08.000Z</time>
      </trkpt>
      <trkpt lat="37.687590228" lon="30.056527183">
        <ele>920.979</ele>
        <time>2025-04-25T07:07:16.000Z</time>
      </trkpt>
      <trkpt lat="37.654126806" lon="30.164303278">
        <ele>924.659</ele>
        <time>2025-04-25T07:22:18.000Z</time>
      </trkpt>
      <trkpt lat="37.714661411" lon="30.250945403">
        <ele>918.622</ele>
        <time>2025-04-25T07:32:20.000Z</time>
      </trkpt>
      <trkpt lat="37.766712332" lon="30.359926631">
        <ele>942.692</ele>
        <time>2025-04-25T07:47:56.000Z</time>
      </trkpt>
      <trkpt lat="37.877701577" lon="30.426712269">
        <ele>912.045</ele>
        <time>2025-04-25T08:03:27.000Z</time>
      </trkpt>
      <trkpt lat="37.921539852" lon="30.482532391">
        <ele>962.967</ele>
        <time>2025-04-25T08:18:55.000Z</time>
      </trkpt>
      <trkpt lat="37.802997828" lon="30.537393779">
        <ele>1024.208</ele>
        <time>2025-04-25T08:34:01.000Z</time>
      </trkpt>
      <trkpt lat="37.848779449" lon="30.613780956">
        <ele>929.841</ele>
        <time>2025-04-25T08:49:29.000Z</time>
      </trkpt>
      <trkpt lat="37.851599058" lon="30.855529814">
        <ele>922.336</ele>
        <time>2025-04-25T09:19:46.000Z</time>
      </trkpt>
      <trkpt lat="37.920523043" lon="30.918991232">
        <ele>953.992</ele>
        <time>2025-04-25T09:35:41.000Z</time>
      </trkpt>
      <trkpt lat="38.057836064" lon="30.964826259">
        <ele>921</ele>
        <time>2025-04-25T09:51:07.000Z</time>
      </trkpt>
      <trkpt lat="38.118435414" lon="31.028120136">
        <ele>946.633</ele>
        <time>2025-04-25T10:06:07.000Z</time>
      </trkpt>
      <trkpt lat="38.158534047" lon="31.082519928">
        <ele>983.607</ele>
        <time>2025-04-25T10:12:19.000Z</time>
      </trkpt>
      <trkpt lat="38.196669286" lon="31.197441677">
        <ele>1060.981</ele>
        <time>2025-04-25T10:21:06.000Z</time>
      </trkpt>
      <trkpt lat="38.237196171" lon="31.315682263">
        <ele>1438.388</ele>
        <time>2025-04-25T10:36:08.000Z</time>
      </trkpt>
      <trkpt lat="38.299888764" lon="31.4532727">
        <ele>1281.869</ele>
        <time>2025-04-25T10:51:09.000Z</time>
      </trkpt>
      <trkpt lat="38.322345275" lon="31.566519562">
        <ele>1018.557</ele>
        <time>2025-04-25T11:06:11.000Z</time>
      </trkpt>
      <trkpt lat="38.297469767" lon="31.67243457">
        <ele>1091</ele>
        <time>2025-04-25T11:21:44.000Z</time>
      </trkpt>
      <trkpt lat="38.29454657" lon="31.718127409">
        <ele>1085.531</ele>
        <time>2025-04-25T11:37:13.000Z</time>
      </trkpt>
      <trkpt lat="38.288935234" lon="31.905869687">
        <ele>1026.833</ele>
        <time>2025-04-25T11:52:11.000Z</time>
      </trkpt>
      <trkpt lat="38.27035132" lon="32.090852093">
        <ele>1055.068</ele>
        <time>2025-04-25T12:07:11.000Z</time>
      </trkpt>
      <trkpt lat="38.211797303" lon="32.29555827">
        <ele>1123.525</ele>
        <time>2025-04-25T12:22:14.000Z</time>
      </trkpt>
      <trkpt lat="38.165847577" lon="32.468538076">
        <ele>1213.962</ele>
        <time>2025-04-25T12:37:12.000Z</time>
      </trkpt>
      <trkpt lat="38.010969395" lon="32.518448895">
        <ele>1119.298</ele>
        <time>2025-04-25T12:52:12.000Z</time>
      </trkpt>
      <trkpt lat="37.951386102" lon="32.565732694">
        <ele>1004.648</ele>
        <time>2025-04-25T13:07:11.000Z</time>
      </trkpt>
      <trkpt lat="37.961266975" lon="32.629382803">
        <ele>999.681</ele>
        <time>2025-04-25T13:12:19.000Z</time>
      </trkpt>
      <trkpt lat="37.998431618" lon="32.764023403">
        <ele>1000.223</ele>
        <time>2025-04-25T13:22:10.000Z</time>
      </trkpt>
      <trkpt lat="38.053247882" lon="32.974580163">
        <ele>1079.035</ele>
        <time>2025-04-25T13:37:11.000Z</time>
      </trkpt>
      <trkpt lat="38.135050831" lon="33.163660058">
        <ele>1020.366</ele>
        <time>2025-04-25T13:52:11.000Z</time>
      </trkpt>
      <trkpt lat="38.130945893" lon="33.181009481">
        <ele>1026.824</ele>
        <time>2025-04-25T14:04:45.000Z</time>
      </trkpt>
      <trkpt lat="38.170988015" lon="33.277442465">
        <ele>996.351</ele>
        <time>2025-04-26T07:55:31.000Z</time>
      </trkpt>
      <trkpt lat="38.251454243" lon="33.465947611">
        <ele>960.097</ele>
        <time>2025-04-26T08:10:31.000Z</time>
      </trkpt>
      <trkpt lat="38.2495614" lon="33.541624378">
        <ele>946.152</ele>
        <time>2025-04-26T08:15:39.000Z</time>
      </trkpt>
      <trkpt lat="38.272092124" lon="33.678048737">
        <ele>923.494</ele>
        <time>2025-04-26T08:25:33.000Z</time>
      </trkpt>
      <trkpt lat="38.32518687" lon="33.883274524">
        <ele>943.185</ele>
        <time>2025-04-26T08:40:33.000Z</time>
      </trkpt>
      <trkpt lat="38.365647951" lon="34.006611379">
        <ele>965.399</ele>
        <time>2025-04-26T08:55:33.000Z</time>
      </trkpt>
      <trkpt lat="38.412522739" lon="34.058337109">
        <ele>1141.164</ele>
        <time>2025-04-26T09:10:32.000Z</time>
      </trkpt>
      <trkpt lat="38.414310487" lon="34.065472695">
        <ele>1138.856</ele>
        <time>2025-04-26T09:15:46.000Z</time>
      </trkpt>
      <trkpt lat="38.462525973" lon="34.188709208">
        <ele>1196.187</ele>
        <time>2025-04-26T09:25:31.000Z</time>
      </trkpt>
      <trkpt lat="38.523960075" lon="34.380996376">
        <ele>1291.894</ele>
        <time>2025-04-26T09:40:31.000Z</time>
      </trkpt>
      <trkpt lat="38.55485219" lon="34.585168473">
        <ele>1298.461</ele>
        <time>2025-04-26T09:55:33.000Z</time>
      </trkpt>
      <trkpt lat="38.633568293" lon="34.719178511">
        <ele>1165.351</ele>
        <time>2025-04-26T10:10:33.000Z</time>
      </trkpt>
      <trkpt lat="38.679624572" lon="34.78964651">
        <ele>1059.273</ele>
        <time>2025-04-26T10:25:33.000Z</time>
      </trkpt>
      <trkpt lat="38.705031239" lon="34.837813001">
        <ele>940.775</ele>
        <time>2025-04-26T10:38:08.000Z</time>
      </trkpt>
      <trkpt lat="38.670040201" lon="34.836976519">
        <ele>1017.826</ele>
        <time>2025-04-26T11:40:08.000Z</time>
      </trkpt>
      <trkpt lat="38.655357873" lon="34.817736112">
        <ele>1137.3</ele>
        <time>2025-04-26T11:55:42.000Z</time>
      </trkpt>
      <trkpt lat="38.656154637" lon="34.820254206">
        <ele>1118.798</ele>
        <time>2025-04-26T12:26:08.000Z</time>
      </trkpt>
      <trkpt lat="38.650314992" lon="34.822108707">
        <ele>1147.007</ele>
        <time>2025-04-26T14:24:26.000Z</time>
      </trkpt>
      <trkpt lat="38.65602918" lon="34.820167618">
        <ele>1121.395</ele>
        <time>2025-04-26T14:35:10.000Z</time>
      </trkpt>
      <trkpt lat="38.670492657" lon="34.837333504">
        <ele>1015.853</ele>
        <time>2025-04-29T06:21:52.000Z</time>
      </trkpt>
      <trkpt lat="38.671405042" lon="34.863834198">
        <ele>1047.56</ele>
        <time>2025-04-29T06:36:49.000Z</time>
      </trkpt>
      <trkpt lat="38.679935751" lon="34.85444357">
        <ele>1008.238</ele>
        <time>2025-04-29T08:33:20.000Z</time>
      </trkpt>
      <trkpt lat="38.679714804" lon="34.845823439">
        <ele>1007.884</ele>
        <time>2025-04-29T09:16:01.000Z</time>
      </trkpt>
      <trkpt lat="38.660162211" lon="34.819006643">
        <ele>1117.392</ele>
        <time>2025-04-29T09:29:15.000Z</time>
      </trkpt>
      <trkpt lat="38.656195197" lon="34.82025777">
        <ele>1118.149</ele>
        <time>2025-04-29T16:28:34.000Z</time>
      </trkpt>
      <trkpt lat="38.680332729" lon="34.79067266">
        <ele>1053.464</ele>
        <time>2025-04-30T04:40:11.000Z</time>
      </trkpt>
      <trkpt lat="38.718482167" lon="34.941968548">
        <ele>992.065</ele>
        <time>2025-04-30T04:55:13.000Z</time>
      </trkpt>
      <trkpt lat="38.695167345" lon="35.130535106">
        <ele>1229.529</ele>
        <time>2025-04-30T05:10:12.000Z</time>
      </trkpt>
      <trkpt lat="38.728691245" lon="35.281389298">
        <ele>1032.288</ele>
        <time>2025-04-30T05:25:08.000Z</time>
      </trkpt>
      <trkpt lat="38.783014847" lon="35.412684689">
        <ele>1038</ele>
        <time>2025-04-30T05:40:11.000Z</time>
      </trkpt>
      <trkpt lat="38.790456495" lon="35.591382309">
        <ele>1109.643</ele>
        <time>2025-04-30T05:54:58.000Z</time>
      </trkpt>
      <trkpt lat="38.785408363" lon="35.607585232">
        <ele>1138.981</ele>
        <time>2025-04-30T06:10:15.000Z</time>
      </trkpt>
      <trkpt lat="38.792482548" lon="35.588718983">
        <ele>1095.364</ele>
        <time>2025-04-30T07:50:49.000Z</time>
      </trkpt>
      <trkpt lat="38.747422688" lon="35.553319178">
        <ele>1088.634</ele>
        <time>2025-04-30T08:01:42.000Z</time>
      </trkpt>
      <trkpt lat="38.669170286" lon="35.660355845">
        <ele>1441.261</ele>
        <time>2025-04-30T08:16:52.000Z</time>
      </trkpt>
      <trkpt lat="38.629478412" lon="35.83233255">
        <ele>1529.578</ele>
        <time>2025-04-30T08:32:01.000Z</time>
      </trkpt>
      <trkpt lat="38.64513062" lon="35.952343052">
        <ele>1435.829</ele>
        <time>2025-04-30T08:41:47.000Z</time>
      </trkpt>
      <trkpt lat="38.658520617" lon="36.180413459">
        <ele>1426.818</ele>
        <time>2025-04-30T08:57:09.000Z</time>
      </trkpt>
      <trkpt lat="38.709094698" lon="36.3765038">
        <ele>1508.854</ele>
        <time>2025-04-30T09:12:09.000Z</time>
      </trkpt>
      <trkpt lat="38.793727772" lon="36.496686366">
        <ele>1654.071</ele>
        <time>2025-04-30T09:27:09.000Z</time>
      </trkpt>
      <trkpt lat="38.843900734" lon="36.592865508">
        <ele>1731.727</ele>
        <time>2025-04-30T09:42:09.000Z</time>
      </trkpt>
      <trkpt lat="38.869721402" lon="36.755510629">
        <ele>1800.003</ele>
        <time>2025-04-30T09:57:09.000Z</time>
      </trkpt>
      <trkpt lat="38.808501866" lon="36.906407811">
        <ele>1798.58</ele>
        <time>2025-04-30T10:12:07.000Z</time>
      </trkpt>
      <trkpt lat="38.764699736" lon="37.087804453">
        <ele>1615.808</ele>
        <time>2025-04-30T10:27:10.000Z</time>
      </trkpt>
      <trkpt lat="38.719251151" lon="37.199169369">
        <ele>1482.064</ele>
        <time>2025-04-30T10:40:39.000Z</time>
      </trkpt>
      <trkpt lat="38.721685514" lon="37.267312589">
        <ele>1325.068</ele>
        <time>2025-04-30T10:47:19.000Z</time>
      </trkpt>
      <trkpt lat="38.716897817" lon="37.314291838">
        <ele>1305.878</ele>
        <time>2025-04-30T10:58:53.000Z</time>
      </trkpt>
      <trkpt lat="38.716176695" lon="37.314345819">
        <ele>1295.299</ele>
        <time>2025-04-30T13:48:44.000Z</time>
      </trkpt>
      <trkpt lat="38.723746285" lon="37.286334783">
        <ele>1320.433</ele>
        <time>2025-05-02T06:53:53.000Z</time>
      </trkpt>
      <trkpt lat="38.761005771" lon="37.294306279">
        <ele>1655.862</ele>
        <time>2025-05-02T07:00:24.000Z</time>
      </trkpt>
      <trkpt lat="38.891642379" lon="37.268812">
        <ele>1776.612</ele>
        <time>2025-05-02T07:15:36.000Z</time>
      </trkpt>
      <trkpt lat="38.950867178" lon="37.281989729">
        <ele>1844.694</ele>
        <time>2025-05-02T07:28:59.000Z</time>
      </trkpt>
      <trkpt lat="39.001941943" lon="37.277731459">
        <ele>1693.185</ele>
        <time>2025-05-02T07:44:11.000Z</time>
      </trkpt>
      <trkpt lat="39.080150305" lon="37.223604115">
        <ele>1592.511</ele>
        <time>2025-05-02T07:57:55.000Z</time>
      </trkpt>
      <trkpt lat="39.209873817" lon="37.202038237">
        <ele>1507.546</ele>
        <time>2025-05-02T08:11:10.000Z</time>
      </trkpt>
      <trkpt lat="39.328943412" lon="37.141840048">
        <ele>1652.599</ele>
        <time>2025-05-02T08:25:05.000Z</time>
      </trkpt>
      <trkpt lat="39.457523815" lon="37.018049332">
        <ele>1374.02</ele>
        <time>2025-05-02T08:39:02.000Z</time>
      </trkpt>
      <trkpt lat="39.612409528" lon="37.024841085">
        <ele>1349.78</ele>
        <time>2025-05-02T08:54:02.000Z</time>
      </trkpt>
      <trkpt lat="39.72031136" lon="37.012913888">
        <ele>1257.611</ele>
        <time>2025-05-02T09:09:02.000Z</time>
      </trkpt>
      <trkpt lat="39.734499502" lon="37.026695196">
        <ele>1265.958</ele>
        <time>2025-05-02T09:29:29.000Z</time>
      </trkpt>
      <trkpt lat="39.773476243" lon="37.085576962">
        <ele>1267.066</ele>
        <time>2025-05-02T09:35:49.000Z</time>
      </trkpt>
      <trkpt lat="39.826687141" lon="37.159359651">
        <ele>1332.137</ele>
        <time>2025-05-02T09:43:22.000Z</time>
      </trkpt>
      <trkpt lat="39.851458976" lon="37.385933138">
        <ele>1286.162</ele>
        <time>2025-05-02T09:58:57.000Z</time>
      </trkpt>
      <trkpt lat="39.870382413" lon="37.596883935">
        <ele>1306.083</ele>
        <time>2025-05-02T10:14:26.000Z</time>
      </trkpt>
      <trkpt lat="39.876771779" lon="37.737924457">
        <ele>1335.85</ele>
        <time>2025-05-02T10:24:36.000Z</time>
      </trkpt>
      <trkpt lat="39.870591361" lon="37.919240401">
        <ele>1505.97</ele>
        <time>2025-05-02T10:38:38.000Z</time>
      </trkpt>
      <trkpt lat="39.871140271" lon="38.104378833">
        <ele>1602.87</ele>
        <time>2025-05-02T10:53:13.000Z</time>
      </trkpt>
      <trkpt lat="39.841368673" lon="38.252791408">
        <ele>1697.02</ele>
        <time>2025-05-02T11:08:45.000Z</time>
      </trkpt>
      <trkpt lat="39.860703233" lon="38.428509562">
        <ele>2159.731</ele>
        <time>2025-05-02T11:24:07.000Z</time>
      </trkpt>
      <trkpt lat="39.925493519" lon="38.502352014">
        <ele>1631.279</ele>
        <time>2025-05-02T11:39:16.000Z</time>
      </trkpt>
      <trkpt lat="39.929208592" lon="38.557332811">
        <ele>1565.051</ele>
        <time>2025-05-02T11:54:51.000Z</time>
      </trkpt>
      <trkpt lat="39.935436744" lon="38.746872019">
        <ele>1555.492</ele>
        <time>2025-05-02T12:10:22.000Z</time>
      </trkpt>
      <trkpt lat="39.896243776" lon="38.859576902">
        <ele>1650.91</ele>
        <time>2025-05-02T12:25:50.000Z</time>
      </trkpt>
      <trkpt lat="39.895439247" lon="38.944590323">
        <ele>1724.22</ele>
        <time>2025-05-02T12:33:56.000Z</time>
      </trkpt>
      <trkpt lat="39.880200817" lon="39.151103533">
        <ele>2056.598</ele>
        <time>2025-05-02T12:49:37.000Z</time>
      </trkpt>
      <trkpt lat="39.814375299" lon="39.355749451">
        <ele>1358.551</ele>
        <time>2025-05-02T13:04:48.000Z</time>
      </trkpt>
      <trkpt lat="39.75098714" lon="39.414084437">
        <ele>1209.742</ele>
        <time>2025-05-02T13:13:17.000Z</time>
      </trkpt>
      <trkpt lat="39.72958074" lon="39.569241282">
        <ele>1174</ele>
        <time>2025-05-02T13:28:35.000Z</time>
      </trkpt>
      <trkpt lat="39.733205889" lon="39.613209868">
        <ele>1150.638</ele>
        <time>2025-05-02T13:42:14.000Z</time>
      </trkpt>
      <trkpt lat="39.726622431" lon="39.552726019">
        <ele>1177</ele>
        <time>2025-05-03T08:33:54.000Z</time>
      </trkpt>
      <trkpt lat="39.735804941" lon="39.53186368">
        <ele>1196</ele>
        <time>2025-05-03T08:44:01.000Z</time>
      </trkpt>
      <trkpt lat="39.723267406" lon="39.559340358">
        <ele>1170.763</ele>
        <time>2025-05-03T09:18:18.000Z</time>
      </trkpt>
      <trkpt lat="39.688168438" lon="39.650119459">
        <ele>1160.802</ele>
        <time>2025-05-03T09:33:30.000Z</time>
      </trkpt>
      <trkpt lat="39.662004202" lon="39.714659276">
        <ele>1167.011</ele>
        <time>2025-05-03T09:38:25.000Z</time>
      </trkpt>
      <trkpt lat="39.583730474" lon="39.912708914">
        <ele>1223.47</ele>
        <time>2025-05-03T09:53:53.000Z</time>
      </trkpt>
      <trkpt lat="39.552796218" lon="40.049966499">
        <ele>1317.892</ele>
        <time>2025-05-03T10:09:13.000Z</time>
      </trkpt>
      <trkpt lat="39.594426574" lon="40.182074932">
        <ele>1371.829</ele>
        <time>2025-05-03T10:24:20.000Z</time>
      </trkpt>
      <trkpt lat="39.726330779" lon="40.249998378">
        <ele>1382.999</ele>
        <time>2025-05-03T10:37:49.000Z</time>
      </trkpt>
      <trkpt lat="39.766644467" lon="40.416285148">
        <ele>1487.807</ele>
        <time>2025-05-03T10:52:51.000Z</time>
      </trkpt>
      <trkpt lat="39.829610565" lon="40.553103834">
        <ele>1775.921</ele>
        <time>2025-05-03T11:07:49.000Z</time>
      </trkpt>
      <trkpt lat="39.867288284" lon="40.637510419">
        <ele>1922.883</ele>
        <time>2025-05-03T11:15:46.000Z</time>
      </trkpt>
      <trkpt lat="39.920239917" lon="40.694412953">
        <ele>1659.075</ele>
        <time>2025-05-03T11:23:14.000Z</time>
      </trkpt>
      <trkpt lat="39.971050407" lon="40.914193528">
        <ele>1865.681</ele>
        <time>2025-05-03T11:39:41.000Z</time>
      </trkpt>
      <trkpt lat="39.982922296" lon="40.990572022">
        <ele>1823.01</ele>
        <time>2025-05-03T11:44:55.000Z</time>
      </trkpt>
      <trkpt lat="39.92978897" lon="41.162785724">
        <ele>1762.043</ele>
        <time>2025-05-03T12:00:19.000Z</time>
      </trkpt>
      <trkpt lat="39.924562248" lon="41.181876138">
        <ele>1772.142</ele>
        <time>2025-05-03T12:05:25.000Z</time>
      </trkpt>
      <trkpt lat="39.906343405" lon="41.25647108">
        <ele>1872.244</ele>
        <time>2025-05-03T12:17:23.000Z</time>
      </trkpt>
      <trkpt lat="39.906568439" lon="41.259125937">
        <ele>1874.414</ele>
        <time>2025-05-03T16:06:27.000Z</time>
      </trkpt>
      <trkpt lat="39.897824457" lon="41.270854872">
        <ele>1937.754</ele>
        <time>2025-05-04T06:08:13.000Z</time>
      </trkpt>
      <trkpt lat="39.905551672" lon="41.314169476">
        <ele>1961.976</ele>
        <time>2025-05-04T06:13:32.000Z</time>
      </trkpt>
      <trkpt lat="39.932637797" lon="41.43101103">
        <ele>1978.752</ele>
        <time>2025-05-04T06:29:04.000Z</time>
      </trkpt>
      <trkpt lat="39.932326216" lon="41.431176393">
        <ele>1986.3</ele>
        <time>2025-05-04T11:52:41.000Z</time>
      </trkpt>
      <trkpt lat="39.932153757" lon="41.418355318">
        <ele>1907.98</ele>
        <time>2025-05-05T05:20:01.000Z</time>
      </trkpt>
      <trkpt lat="39.967623227" lon="41.415528394">
        <ele>1840.541</ele>
        <time>2025-05-05T05:57:43.000Z</time>
      </trkpt>
      <trkpt lat="39.956325931" lon="41.294645006">
        <ele>1766</ele>
        <time>2025-05-05T06:12:26.000Z</time>
      </trkpt>
      <trkpt lat="39.926269035" lon="41.281387354">
        <ele>1839.428</ele>
        <time>2025-05-05T06:26:18.000Z</time>
      </trkpt>
      <trkpt lat="39.920772582" lon="41.280079893">
        <ele>1863.994</ele>
        <time>2025-05-05T06:48:35.000Z</time>
      </trkpt>
      <trkpt lat="39.916660837" lon="41.212868225">
        <ele>1803.007</ele>
        <time>2025-05-05T07:03:27.000Z</time>
      </trkpt>
      <trkpt lat="39.933721153" lon="41.146649346">
        <ele>1760.938</ele>
        <time>2025-05-05T07:13:52.000Z</time>
      </trkpt>
      <trkpt lat="39.937630808" lon="41.133958306">
        <ele>1763.118</ele>
        <time>2025-05-05T07:57:37.000Z</time>
      </trkpt>
      <trkpt lat="39.943516918" lon="41.112814627">
        <ele>1759.591</ele>
        <time>2025-05-05T08:03:16.000Z</time>
      </trkpt>
      <trkpt lat="39.967414183" lon="41.047571395">
        <ele>1771.948</ele>
        <time>2025-05-05T08:54:04.000Z</time>
      </trkpt>
      <trkpt lat="39.962164513" lon="41.217916897">
        <ele>1754.709</ele>
        <time>2025-05-05T09:09:15.000Z</time>
      </trkpt>
      <trkpt lat="39.958937522" lon="41.281759087">
        <ele>1765.333</ele>
        <time>2025-05-05T09:14:29.000Z</time>
      </trkpt>
      <trkpt lat="40.108476291" lon="41.385303503">
        <ele>1861.19</ele>
        <time>2025-05-05T09:30:41.000Z</time>
      </trkpt>
      <trkpt lat="40.243122557" lon="41.511823505">
        <ele>1905.594</ele>
        <time>2025-05-05T09:46:11.000Z</time>
      </trkpt>
      <trkpt lat="40.296327188" lon="41.545810914">
        <ele>1596.803</ele>
        <time>2025-05-05T09:53:27.000Z</time>
      </trkpt>
      <trkpt lat="40.407152628" lon="41.490510553">
        <ele>1290.436</ele>
        <time>2025-05-05T10:08:50.000Z</time>
      </trkpt>
      <trkpt lat="40.48656215" lon="41.507744446">
        <ele>1169.104</ele>
        <time>2025-05-05T10:19:37.000Z</time>
      </trkpt>
      <trkpt lat="40.542136263" lon="41.558958683">
        <ele>1064.632</ele>
        <time>2025-05-05T10:30:00.000Z</time>
      </trkpt>
      <trkpt lat="40.653635238" lon="41.639458434">
        <ele>1042.032</ele>
        <time>2025-05-05T10:43:59.000Z</time>
      </trkpt>
      <trkpt lat="40.658175456" lon="41.665630555">
        <ele>1008.27</ele>
        <time>2025-05-05T10:49:20.000Z</time>
      </trkpt>
      <trkpt lat="40.754534653" lon="41.830476103">
        <ele>712.34</ele>
        <time>2025-05-05T12:58:01.000Z</time>
      </trkpt>
      <trkpt lat="40.777050792" lon="41.758924307">
        <ele>842.924</ele>
        <time>2025-05-05T13:11:29.000Z</time>
      </trkpt>
      <trkpt lat="40.950721647" lon="41.761429086">
        <ele>400.234</ele>
        <time>2025-05-06T06:26:13.000Z</time>
      </trkpt>
      <trkpt lat="41.031623399" lon="41.801607572">
        <ele>434.796</ele>
        <time>2025-05-06T06:41:21.000Z</time>
      </trkpt>
      <trkpt lat="41.124864487" lon="41.870963477">
        <ele>442.794</ele>
        <time>2025-05-06T06:55:50.000Z</time>
      </trkpt>
      <trkpt lat="41.178202733" lon="41.861870293">
        <ele>393.837</ele>
        <time>2025-05-06T07:08:59.000Z</time>
      </trkpt>
      <trkpt lat="41.215173877" lon="41.794587225">
        <ele>244.36</ele>
        <time>2025-05-06T07:32:19.000Z</time>
      </trkpt>
      <trkpt lat="41.294478122" lon="41.755071832">
        <ele>243.96</ele>
        <time>2025-05-06T07:46:32.000Z</time>
      </trkpt>
      <trkpt lat="41.373510761" lon="41.630706214">
        <ele>202.291</ele>
        <time>2025-05-06T08:09:24.000Z</time>
      </trkpt>
      <trkpt lat="41.383894798" lon="41.553399721">
        <ele>507.985</ele>
        <time>2025-05-06T08:19:46.000Z</time>
      </trkpt>
      <trkpt lat="41.402117559" lon="41.504545882">
        <ele>304.05</ele>
        <time>2025-05-06T08:37:13.000Z</time>
      </trkpt>
      <trkpt lat="41.389558492" lon="41.429149574">
        <ele>12.975</ele>
        <time>2025-05-06T08:50:08.000Z</time>
      </trkpt>
      <trkpt lat="41.438469957" lon="41.454266617">
        <ele>16.468</ele>
        <time>2025-05-06T09:05:17.000Z</time>
      </trkpt>
      <trkpt lat="41.517498945" lon="41.546727213">
        <ele>9.028</ele>
        <time>2025-05-06T09:20:04.000Z</time>
      </trkpt>
      <trkpt lat="41.521169368" lon="41.549576452">
        <ele>13.476</ele>
        <time>2025-05-06T10:09:16.000Z</time>
      </trkpt>
      <trkpt lat="41.58547165" lon="41.592701114">
        <ele>11.698</ele>
        <time>2025-05-06T10:24:10.000Z</time>
      </trkpt>
      <trkpt lat="41.632850021" lon="41.612600936">
        <ele>3.664</ele>
        <time>2025-05-06T10:38:56.000Z</time>
      </trkpt>
      <trkpt lat="41.643754961" lon="41.632182151">
        <ele>7.626</ele>
        <time>2025-05-06T10:53:40.000Z</time>
      </trkpt>
      <trkpt lat="41.651736586" lon="41.643088264">
        <ele>8.405</ele>
        <time>2025-05-06T11:08:41.000Z</time>
      </trkpt>
      <trkpt lat="41.653701553" lon="41.641477287">
        <ele>6.215</ele>
        <time>2025-05-07T17:48:40.000Z</time>
      </trkpt>
      <trkpt lat="41.646234999" lon="41.648791228">
        <ele>8.149</ele>
        <time>2025-05-08T07:06:43.000Z</time>
      </trkpt>
      <trkpt lat="41.702508726" lon="41.735437856">
        <ele>29.829</ele>
        <time>2025-05-08T07:25:11.000Z</time>
      </trkpt>
      <trkpt lat="41.815485992" lon="41.806539735">
        <ele>16.343</ele>
        <time>2025-05-08T07:36:56.000Z</time>
      </trkpt>
      <trkpt lat="41.854201561" lon="41.90596823">
        <ele>105.594</ele>
        <time>2025-05-08T07:51:38.000Z</time>
      </trkpt>
      <trkpt lat="41.897524006" lon="41.996420795">
        <ele>93</ele>
        <time>2025-05-08T08:04:18.000Z</time>
      </trkpt>
      <trkpt lat="41.922262878" lon="42.017216454">
        <ele>88.815</ele>
        <time>2025-05-08T08:14:22.000Z</time>
      </trkpt>
      <trkpt lat="41.953225884" lon="42.032693145">
        <ele>106.613</ele>
        <time>2025-05-08T08:27:03.000Z</time>
      </trkpt>
      <trkpt lat="41.953007637" lon="42.032048495">
        <ele>106.827</ele>
        <time>2025-05-08T11:25:10.000Z</time>
      </trkpt>
      <trkpt lat="41.951911559" lon="42.058353344">
        <ele>119.046</ele>
        <time>2025-05-09T06:30:33.000Z</time>
      </trkpt>
      <trkpt lat="42.010946924" lon="42.126132553">
        <ele>69.409</ele>
        <time>2025-05-09T06:45:59.000Z</time>
      </trkpt>
      <trkpt lat="42.019087332" lon="42.241251134">
        <ele>151.934</ele>
        <time>2025-05-09T06:56:31.000Z</time>
      </trkpt>
      <trkpt lat="42.047031926" lon="42.293974321">
        <ele>86.692</ele>
        <time>2025-05-09T07:12:41.000Z</time>
      </trkpt>
      <trkpt lat="42.084640416" lon="42.273332109">
        <ele>164.29</ele>
        <time>2025-05-09T07:28:08.000Z</time>
      </trkpt>
      <trkpt lat="42.125198109" lon="42.33449926">
        <ele>23.943</ele>
        <time>2025-05-09T07:43:07.000Z</time>
      </trkpt>
      <trkpt lat="42.153807253" lon="42.337298858">
        <ele>22.706</ele>
        <time>2025-05-09T07:48:22.000Z</time>
      </trkpt>
      <trkpt lat="42.163860569" lon="42.354458068">
        <ele>24.102</ele>
        <time>2025-05-09T07:53:27.000Z</time>
      </trkpt>
      <trkpt lat="42.240657868" lon="42.355161028">
        <ele>57.002</ele>
        <time>2025-05-09T08:09:01.000Z</time>
      </trkpt>
      <trkpt lat="42.324619764" lon="42.420335105">
        <ele>120.761</ele>
        <time>2025-05-09T08:23:15.000Z</time>
      </trkpt>
      <trkpt lat="42.348752048" lon="42.300753059">
        <ele>101.35</ele>
        <time>2025-05-09T08:38:46.000Z</time>
      </trkpt>
      <trkpt lat="42.381342684" lon="42.337136461">
        <ele>139.525</ele>
        <time>2025-05-09T08:54:12.000Z</time>
      </trkpt>
      <trkpt lat="42.393799436" lon="42.358107879">
        <ele>160.866</ele>
        <time>2025-05-09T08:59:22.000Z</time>
      </trkpt>
      <trkpt lat="42.404579348" lon="42.368406197">
        <ele>175.748</ele>
        <time>2025-05-09T09:04:28.000Z</time>
      </trkpt>
      <trkpt lat="42.41194396" lon="42.377703397">
        <ele>191.998</ele>
        <time>2025-05-09T09:10:12.000Z</time>
      </trkpt>
      <trkpt lat="42.419870604" lon="42.378565331">
        <ele>186.912</ele>
        <time>2025-05-09T09:26:22.000Z</time>
      </trkpt>
      <trkpt lat="42.438989202" lon="42.381104126">
        <ele>222.614</ele>
        <time>2025-05-09T11:55:04.000Z</time>
      </trkpt>
      <trkpt lat="42.443940723" lon="42.373407343">
        <ele>183.56</ele>
        <time>2025-05-09T12:10:26.000Z</time>
      </trkpt>
      <trkpt lat="42.428443899" lon="42.377488926">
        <ele>207.984</ele>
        <time>2025-05-10T03:40:11.000Z</time>
      </trkpt>
      <trkpt lat="42.443906254" lon="42.373410686">
        <ele>183.188</ele>
        <time>2025-05-10T03:45:26.000Z</time>
      </trkpt>
      <trkpt lat="42.42159271" lon="42.37929534">
        <ele>195.857</ele>
        <time>2025-05-10T04:13:36.000Z</time>
      </trkpt>
      <trkpt lat="42.443911387" lon="42.373421758">
        <ele>183.243</ele>
        <time>2025-05-10T04:19:04.000Z</time>
      </trkpt>
      <trkpt lat="42.414485165" lon="42.373468615">
        <ele>169.974</ele>
        <time>2025-05-10T04:55:26.000Z</time>
      </trkpt>
      <trkpt lat="42.398059384" lon="42.364600074">
        <ele>166.566</ele>
        <time>2025-05-10T05:05:24.000Z</time>
      </trkpt>
      <trkpt lat="42.382970407" lon="42.436589143">
        <ele>162.721</ele>
        <time>2025-05-10T05:15:57.000Z</time>
      </trkpt>
      <trkpt lat="42.321287548" lon="42.427974237">
        <ele>116.563</ele>
        <time>2025-05-10T05:26:20.000Z</time>
      </trkpt>
      <trkpt lat="42.317583743" lon="42.454087352">
        <ele>114.595</ele>
        <time>2025-05-10T05:34:50.000Z</time>
      </trkpt>
      <trkpt lat="42.305158616" lon="42.510831943">
        <ele>103.419</ele>
        <time>2025-05-10T05:41:21.000Z</time>
      </trkpt>
      <trkpt lat="42.317102178" lon="42.584989678">
        <ele>137.728</ele>
        <time>2025-05-10T05:50:30.000Z</time>
      </trkpt>
      <trkpt lat="42.327688657" lon="42.602829149">
        <ele>101.912</ele>
        <time>2025-05-10T06:01:02.000Z</time>
      </trkpt>
      <trkpt lat="42.322393678" lon="42.603796526">
        <ele>105.05</ele>
        <time>2025-05-10T10:59:32.000Z</time>
      </trkpt>
      <trkpt lat="42.28891394" lon="42.6065357">
        <ele>121.867</ele>
        <time>2025-05-10T11:06:26.000Z</time>
      </trkpt>
      <trkpt lat="42.257819093" lon="42.667593341">
        <ele>139.336</ele>
        <time>2025-05-10T11:17:46.000Z</time>
      </trkpt>
      <trkpt lat="42.255547559" lon="42.681192253">
        <ele>139.576</ele>
        <time>2025-05-10T11:24:13.000Z</time>
      </trkpt>
      <trkpt lat="42.24509186" lon="42.684497889">
        <ele>134.808</ele>
        <time>2025-05-11T06:14:39.000Z</time>
      </trkpt>
      <trkpt lat="42.213991836" lon="42.710406098">
        <ele>156.462</ele>
        <time>2025-05-12T06:32:43.000Z</time>
      </trkpt>
      <trkpt lat="42.203010502" lon="42.780039953">
        <ele>120.702</ele>
        <time>2025-05-12T06:41:32.000Z</time>
      </trkpt>
      <trkpt lat="42.164858742" lon="42.941296442">
        <ele>137.841</ele>
        <time>2025-05-12T06:53:22.000Z</time>
      </trkpt>
      <trkpt lat="42.126468653" lon="43.010755897">
        <ele>149.11</ele>
        <time>2025-05-12T07:00:57.000Z</time>
      </trkpt>
      <trkpt lat="42.113544499" lon="43.048143005">
        <ele>224.561</ele>
        <time>2025-05-12T07:13:17.000Z</time>
      </trkpt>
      <trkpt lat="42.186427338" lon="43.140631503">
        <ele>535.138</ele>
        <time>2025-05-12T07:28:55.000Z</time>
      </trkpt>
      <trkpt lat="42.278328823" lon="43.205076379">
        <ele>588.916</ele>
        <time>2025-05-12T07:43:42.000Z</time>
      </trkpt>
      <trkpt lat="42.282550866" lon="43.216158673">
        <ele>564.911</ele>
        <time>2025-05-12T07:56:19.000Z</time>
      </trkpt>
      <trkpt lat="42.284837989" lon="43.216416133">
        <ele>594.308</ele>
        <time>2025-05-13T04:53:42.000Z</time>
      </trkpt>
      <trkpt lat="42.238720008" lon="43.183795475">
        <ele>598.459</ele>
        <time>2025-05-13T05:12:59.000Z</time>
      </trkpt>
      <trkpt lat="42.207574197" lon="43.15471136">
        <ele>577.131</ele>
        <time>2025-05-13T05:18:10.000Z</time>
      </trkpt>
      <trkpt lat="42.148629855" lon="43.106261436">
        <ele>434.645</ele>
        <time>2025-05-13T05:27:11.000Z</time>
      </trkpt>
      <trkpt lat="42.128506435" lon="43.066887376">
        <ele>328.169</ele>
        <time>2025-05-13T05:32:34.000Z</time>
      </trkpt>
      <trkpt lat="42.109655903" lon="43.045406137">
        <ele>171.856</ele>
        <time>2025-05-13T05:37:54.000Z</time>
      </trkpt>
      <trkpt lat="42.098770108" lon="43.385272268">
        <ele>449.766</ele>
        <time>2025-05-13T06:04:17.000Z</time>
      </trkpt>
      <trkpt lat="42.091063857" lon="43.462828696">
        <ele>697.765</ele>
        <time>2025-05-13T06:12:45.000Z</time>
      </trkpt>
      <trkpt lat="42.023222542" lon="43.566705184">
        <ele>782.604</ele>
        <time>2025-05-13T06:28:10.000Z</time>
      </trkpt>
      <trkpt lat="41.987182207" lon="43.593560281">
        <ele>696</ele>
        <time>2025-05-13T06:35:27.000Z</time>
      </trkpt>
      <trkpt lat="41.924217213" lon="43.484829431">
        <ele>742.847</ele>
        <time>2025-05-13T06:50:59.000Z</time>
      </trkpt>
      <trkpt lat="41.854391587" lon="43.413389321">
        <ele>790.738</ele>
        <time>2025-05-13T07:06:23.000Z</time>
      </trkpt>
      <trkpt lat="41.840186693" lon="43.378630596">
        <ele>792.258</ele>
        <time>2025-05-13T07:11:25.000Z</time>
      </trkpt>
      <trkpt lat="41.778449015" lon="43.289168294">
        <ele>886.61</ele>
        <time>2025-05-13T07:27:36.000Z</time>
      </trkpt>
      <trkpt lat="41.730413252" lon="43.161946826">
        <ele>915.45</ele>
        <time>2025-05-13T07:42:59.000Z</time>
      </trkpt>
      <trkpt lat="41.694358377" lon="43.129416871">
        <ele>920.622</ele>
        <time>2025-05-13T07:48:31.000Z</time>
      </trkpt>
      <trkpt lat="41.657115941" lon="43.024456908">
        <ele>982.235</ele>
        <time>2025-05-13T08:01:32.000Z</time>
      </trkpt>
      <trkpt lat="41.633104679" lon="43.043535387">
        <ele>960.737</ele>
        <time>2025-05-13T08:32:04.000Z</time>
      </trkpt>
      <trkpt lat="41.614700511" lon="43.131755956">
        <ele>998.835</ele>
        <time>2025-05-13T09:03:44.000Z</time>
      </trkpt>
      <trkpt lat="41.592445209" lon="43.173473766">
        <ele>1026.825</ele>
        <time>2025-05-13T09:11:00.000Z</time>
      </trkpt>
      <trkpt lat="41.589634987" lon="43.228413607">
        <ele>1058.95</ele>
        <time>2025-05-13T09:19:19.000Z</time>
      </trkpt>
      <trkpt lat="41.540187024" lon="43.259957892">
        <ele>1086.387</ele>
        <time>2025-05-13T09:34:44.000Z</time>
      </trkpt>
      <trkpt lat="41.468972559" lon="43.291190401">
        <ele>1133.788</ele>
        <time>2025-05-13T09:46:18.000Z</time>
      </trkpt>
      <trkpt lat="41.390323844" lon="43.310272526">
        <ele>1260.754</ele>
        <time>2025-05-13T10:01:00.000Z</time>
      </trkpt>
      <trkpt lat="41.378830555" lon="43.287647456">
        <ele>1247.112</ele>
        <time>2025-05-13T10:15:20.000Z</time>
      </trkpt>
      <trkpt lat="41.402700059" lon="43.326802896">
        <ele>1248.697</ele>
        <time>2025-05-14T09:49:29.000Z</time>
      </trkpt>
      <trkpt lat="41.378789297" lon="43.287601825">
        <ele>1247.526</ele>
        <time>2025-05-14T10:02:49.000Z</time>
      </trkpt>
      <trkpt lat="41.441499229" lon="43.311451955">
        <ele>1164.317</ele>
        <time>2025-05-15T05:16:18.000Z</time>
      </trkpt>
      <trkpt lat="41.483142433" lon="43.300354522">
        <ele>1167.961</ele>
        <time>2025-05-15T05:26:40.000Z</time>
      </trkpt>
      <trkpt lat="41.488627904" lon="43.346258696">
        <ele>1240.958</ele>
        <time>2025-05-15T05:31:39.000Z</time>
      </trkpt>
      <trkpt lat="41.464691567" lon="43.42349058">
        <ele>1428.966</ele>
        <time>2025-05-15T05:42:37.000Z</time>
      </trkpt>
      <trkpt lat="41.417333479" lon="43.48498039">
        <ele>1682.73</ele>
        <time>2025-05-15T05:56:12.000Z</time>
      </trkpt>
      <trkpt lat="41.401933528" lon="43.4758055">
        <ele>1718.061</ele>
        <time>2025-05-15T06:05:22.000Z</time>
      </trkpt>
      <trkpt lat="41.390921734" lon="43.489446698">
        <ele>1721.682</ele>
        <time>2025-05-15T06:15:48.000Z</time>
      </trkpt>
      <trkpt lat="41.39078885" lon="43.490047016">
        <ele>1720.973</ele>
        <time>2025-05-15T06:15:50.000Z</time>
      </trkpt>
      <trkpt lat="41.36655948" lon="43.49655872">
        <ele>1723.774</ele>
        <time>2025-05-15T06:50:42.000Z</time>
      </trkpt>
      <trkpt lat="41.308346043" lon="43.536649635">
        <ele>1837.016</ele>
        <time>2025-05-15T06:57:28.000Z</time>
      </trkpt>
      <trkpt lat="41.284656292" lon="43.571727723">
        <ele>1894.95</ele>
        <time>2025-05-15T07:02:30.000Z</time>
      </trkpt>
      <trkpt lat="41.265138756" lon="43.593802471">
        <ele>1943.845</ele>
        <time>2025-05-15T07:07:32.000Z</time>
      </trkpt>
      <trkpt lat="41.294110345" lon="43.645850544">
        <ele>1882.013</ele>
        <time>2025-05-15T07:12:44.000Z</time>
      </trkpt>
      <trkpt lat="41.291909961" lon="43.723282718">
        <ele>2058.911</ele>
        <time>2025-05-15T07:21:42.000Z</time>
      </trkpt>
      <trkpt lat="41.319285217" lon="43.758756268">
        <ele>2016.759</ele>
        <time>2025-05-15T07:27:21.000Z</time>
      </trkpt>
      <trkpt lat="41.353922104" lon="43.755911082">
        <ele>2071.206</ele>
        <time>2025-05-15T07:32:21.000Z</time>
      </trkpt>
      <trkpt lat="41.394281473" lon="43.794162686">
        <ele>2084.393</ele>
        <time>2025-05-15T07:37:22.000Z</time>
      </trkpt>
      <trkpt lat="41.451969976" lon="43.854616704">
        <ele>2131.263</ele>
        <time>2025-05-15T07:49:53.000Z</time>
      </trkpt>
      <trkpt lat="41.4821359" lon="43.852760615">
        <ele>2118.662</ele>
        <time>2025-05-15T07:54:56.000Z</time>
      </trkpt>
      <trkpt lat="41.512499361" lon="43.887324569">
        <ele>2120.001</ele>
        <time>2025-05-15T07:59:59.000Z</time>
      </trkpt>
      <trkpt lat="41.565721426" lon="43.894707891">
        <ele>1746.233</ele>
        <time>2025-05-15T08:04:58.000Z</time>
      </trkpt>
      <trkpt lat="41.565820112" lon="43.902507292">
        <ele>1726.163</ele>
        <time>2025-05-15T08:10:34.000Z</time>
      </trkpt>
      <trkpt lat="41.591538735" lon="43.930535341">
        <ele>1538.034</ele>
        <time>2025-05-15T08:15:37.000Z</time>
      </trkpt>
      <trkpt lat="41.593820441" lon="43.971154989">
        <ele>1529.69</ele>
        <time>2025-05-15T08:20:48.000Z</time>
      </trkpt>
      <trkpt lat="41.598151842" lon="44.020718787">
        <ele>1533.825</ele>
        <time>2025-05-15T08:26:17.000Z</time>
      </trkpt>
      <trkpt lat="41.598481429" lon="44.083108994">
        <ele>1504.341</ele>
        <time>2025-05-15T08:33:49.000Z</time>
      </trkpt>
      <trkpt lat="41.600236115" lon="44.09243748">
        <ele>1465.191</ele>
        <time>2025-05-15T08:38:49.000Z</time>
      </trkpt>
      <trkpt lat="41.630581166" lon="44.148886716">
        <ele>1575.231</ele>
        <time>2025-05-15T08:48:16.000Z</time>
      </trkpt>
      <trkpt lat="41.647858117" lon="44.210009636">
        <ele>1606.314</ele>
        <time>2025-05-15T08:53:17.000Z</time>
      </trkpt>
      <trkpt lat="41.662869147" lon="44.297266258">
        <ele>1568.153</ele>
        <time>2025-05-15T08:59:42.000Z</time>
      </trkpt>
      <trkpt lat="41.669376021" lon="44.334938257">
        <ele>1439.363</ele>
        <time>2025-05-15T09:07:10.000Z</time>
      </trkpt>
      <trkpt lat="41.664651088" lon="44.379574545">
        <ele>1197.786</ele>
        <time>2025-05-15T09:12:48.000Z</time>
      </trkpt>
      <trkpt lat="41.676180695" lon="44.379822105">
        <ele>1020.752</ele>
        <time>2025-05-15T09:17:53.000Z</time>
      </trkpt>
      <trkpt lat="41.68497558" lon="44.416222363">
        <ele>1268.049</ele>
        <time>2025-05-15T09:28:28.000Z</time>
      </trkpt>
      <trkpt lat="41.706454883" lon="44.436404017">
        <ele>1475.543</ele>
        <time>2025-05-15T09:33:31.000Z</time>
      </trkpt>
      <trkpt lat="41.7008687" lon="44.498589709">
        <ele>1463.197</ele>
        <time>2025-05-15T09:38:40.000Z</time>
      </trkpt>
      <trkpt lat="41.668874812" lon="44.52466446">
        <ele>1334.365</ele>
        <time>2025-05-15T09:44:03.000Z</time>
      </trkpt>
      <trkpt lat="41.653293319" lon="44.565619001">
        <ele>1396.311</ele>
        <time>2025-05-15T09:50:19.000Z</time>
      </trkpt>
      <trkpt lat="41.659315893" lon="44.616709316">
        <ele>1407.683</ele>
        <time>2025-05-15T09:55:22.000Z</time>
      </trkpt>
      <trkpt lat="41.690194664" lon="44.697001759">
        <ele>1001.65</ele>
        <time>2025-05-15T10:09:20.000Z</time>
      </trkpt>
      <trkpt lat="41.709020416" lon="44.70857488">
        <ele>788.024</ele>
        <time>2025-05-15T10:14:34.000Z</time>
      </trkpt>
      <trkpt lat="41.712585169" lon="44.720976744">
        <ele>553.741</ele>
        <time>2025-05-15T10:19:39.000Z</time>
      </trkpt>
      <trkpt lat="41.707417005" lon="44.737675024">
        <ele>544.747</ele>
        <time>2025-05-15T10:24:59.000Z</time>
      </trkpt>
      <trkpt lat="41.713828594" lon="44.747872939">
        <ele>488.732</ele>
        <time>2025-05-15T10:30:57.000Z</time>
      </trkpt>
      <trkpt lat="41.719013094" lon="44.739185432">
        <ele>470.205</ele>
        <time>2025-05-15T10:36:23.000Z</time>
      </trkpt>
      <trkpt lat="41.715169279" lon="44.745251667">
        <ele>473.974</ele>
        <time>2025-05-15T11:11:10.000Z</time>
      </trkpt>
      <trkpt lat="41.711720629" lon="44.752672417">
        <ele>489.481</ele>
        <time>2025-05-15T11:24:14.000Z</time>
      </trkpt>
      <trkpt lat="41.709947898" lon="44.764936734">
        <ele>476.415</ele>
        <time>2025-05-15T11:29:29.000Z</time>
      </trkpt>
      <trkpt lat="41.709013693" lon="44.772447506">
        <ele>466.189</ele>
        <time>2025-05-15T11:40:14.000Z</time>
      </trkpt>
      <trkpt lat="41.709074713" lon="44.779069545">
        <ele>453.681</ele>
        <time>2025-05-15T11:46:04.000Z</time>
      </trkpt>
      <trkpt lat="41.696310768" lon="44.803288338">
        <ele>406.605</ele>
        <time>2025-05-15T11:53:49.000Z</time>
      </trkpt>
      <trkpt lat="41.696706461" lon="44.81826609">
        <ele>466.153</ele>
        <time>2025-05-15T12:08:52.000Z</time>
      </trkpt>
      <trkpt lat="41.698795995" lon="44.818152365">
        <ele>466.031</ele>
        <time>2025-05-17T13:40:20.000Z</time>
      </trkpt>
      <trkpt lat="41.696660706" lon="44.824681698">
        <ele>484.373</ele>
        <time>2025-05-19T05:06:19.000Z</time>
      </trkpt>
      <trkpt lat="41.692658323" lon="44.81810242">
        <ele>434.739</ele>
        <time>2025-05-19T05:22:53.000Z</time>
      </trkpt>
      <trkpt lat="41.698607812" lon="44.809314217">
        <ele>396.069</ele>
        <time>2025-05-19T05:32:12.000Z</time>
      </trkpt>
      <trkpt lat="41.705246992" lon="44.795816671">
        <ele>400.782</ele>
        <time>2025-05-19T05:42:30.000Z</time>
      </trkpt>
      <trkpt lat="41.720811123" lon="44.787937069">
        <ele>415.739</ele>
        <time>2025-05-19T05:47:52.000Z</time>
      </trkpt>
      <trkpt lat="41.730185374" lon="44.786286054">
        <ele>422.964</ele>
        <time>2025-05-19T05:52:59.000Z</time>
      </trkpt>
      <trkpt lat="41.740131106" lon="44.780172806">
        <ele>421.566</ele>
        <time>2025-05-19T06:02:23.000Z</time>
      </trkpt>
      <trkpt lat="41.744252454" lon="44.778541566">
        <ele>420</ele>
        <time>2025-05-19T06:27:24.000Z</time>
      </trkpt>
      <trkpt lat="41.752554763" lon="44.778366802">
        <ele>413.235</ele>
        <time>2025-05-19T06:35:08.000Z</time>
      </trkpt>
      <trkpt lat="41.777316706" lon="44.768975338">
        <ele>437.454</ele>
        <time>2025-05-19T06:40:12.000Z</time>
      </trkpt>
      <trkpt lat="41.820428995" lon="44.759411953">
        <ele>432.56</ele>
        <time>2025-05-19T06:46:31.000Z</time>
      </trkpt>
      <trkpt lat="41.82457918" lon="44.732692241">
        <ele>447.545</ele>
        <time>2025-05-19T06:51:35.000Z</time>
      </trkpt>
      <trkpt lat="41.899627565" lon="44.720596704">
        <ele>500.511</ele>
        <time>2025-05-19T07:01:42.000Z</time>
      </trkpt>
      <trkpt lat="41.970261628" lon="44.747349364">
        <ele>574.915</ele>
        <time>2025-05-19T07:10:38.000Z</time>
      </trkpt>
      <trkpt lat="41.973496055" lon="44.74749609">
        <ele>570.966</ele>
        <time>2025-05-19T07:25:51.000Z</time>
      </trkpt>
      <trkpt lat="42.063299896" lon="44.746163615">
        <ele>657.473</ele>
        <time>2025-05-19T08:31:29.000Z</time>
      </trkpt>
      <trkpt lat="41.959812393" lon="44.744802135">
        <ele>563.325</ele>
        <time>2025-05-19T08:51:44.000Z</time>
      </trkpt>
      <trkpt lat="41.924606574" lon="44.730669046">
        <ele>523.992</ele>
        <time>2025-05-19T08:56:58.000Z</time>
      </trkpt>
      <trkpt lat="41.943435715" lon="44.739077642">
        <ele>543</ele>
        <time>2025-05-19T09:10:32.000Z</time>
      </trkpt>
      <trkpt lat="41.94830565" lon="44.741210348">
        <ele>549.9</ele>
        <time>2025-05-19T09:15:44.000Z</time>
      </trkpt>
      <trkpt lat="41.998979342" lon="44.752124067">
        <ele>600.028</ele>
        <time>2025-05-19T09:21:05.000Z</time>
      </trkpt>
      <trkpt lat="42.090616815" lon="44.759040636">
        <ele>684.574</ele>
        <time>2025-05-19T09:31:12.000Z</time>
      </trkpt>
      <trkpt lat="42.154299794" lon="44.721578502">
        <ele>988.252</ele>
        <time>2025-05-19T09:45:19.000Z</time>
      </trkpt>
      <trkpt lat="42.252588186" lon="44.677036615">
        <ele>956.163</ele>
        <time>2025-05-19T10:00:37.000Z</time>
      </trkpt>
      <trkpt lat="42.292119802" lon="44.687671122">
        <ele>984.244</ele>
        <time>2025-05-19T10:06:09.000Z</time>
      </trkpt>
      <trkpt lat="42.329092049" lon="44.681738581">
        <ele>1037.278</ele>
        <time>2025-05-19T10:11:16.000Z</time>
      </trkpt>
      <trkpt lat="42.405594073" lon="44.640972966">
        <ele>1190.648</ele>
        <time>2025-05-19T10:30:11.000Z</time>
      </trkpt>
      <trkpt lat="42.429014989" lon="44.510332661">
        <ele>1461.672</ele>
        <time>2025-05-19T10:44:54.000Z</time>
      </trkpt>
      <trkpt lat="42.450485346" lon="44.489782741">
        <ele>1849.747</ele>
        <time>2025-05-19T11:00:00.000Z</time>
      </trkpt>
      <trkpt lat="42.463155117" lon="44.481028221">
        <ele>1989.494</ele>
        <time>2025-05-19T11:05:06.000Z</time>
      </trkpt>
      <trkpt lat="42.471720896" lon="44.479777433">
        <ele>2106.37</ele>
        <time>2025-05-19T11:10:14.000Z</time>
      </trkpt>
      <trkpt lat="42.493491521" lon="44.454106952">
        <ele>2263.4</ele>
        <time>2025-05-19T11:30:23.000Z</time>
      </trkpt>
      <trkpt lat="42.531377486" lon="44.47214208">
        <ele>2236.084</ele>
        <time>2025-05-19T12:00:13.000Z</time>
      </trkpt>
      <trkpt lat="42.564493995" lon="44.490239073">
        <ele>1972.822</ele>
        <time>2025-05-19T12:18:43.000Z</time>
      </trkpt>
      <trkpt lat="42.580406168" lon="44.4648245">
        <ele>2019</ele>
        <time>2025-05-21T04:12:48.000Z</time>
      </trkpt>
      <trkpt lat="42.57199812" lon="44.479861457">
        <ele>1991.096</ele>
        <time>2025-05-21T05:52:34.000Z</time>
      </trkpt>
      <trkpt lat="42.557257875" lon="44.497391945">
        <ele>1978.611</ele>
        <time>2025-05-21T06:08:52.000Z</time>
      </trkpt>
      <trkpt lat="42.608728483" lon="44.582173467">
        <ele>1852.732</ele>
        <time>2025-05-21T06:23:00.000Z</time>
      </trkpt>
      <trkpt lat="42.629651529" lon="44.618637151">
        <ele>1756.118</ele>
        <time>2025-05-21T06:27:58.000Z</time>
      </trkpt>
      <trkpt lat="42.659307755" lon="44.640838605">
        <ele>1737.016</ele>
        <time>2025-05-21T06:38:21.000Z</time>
      </trkpt>
      <trkpt lat="42.663179711" lon="44.624337349">
        <ele>2002.782</ele>
        <time>2025-05-21T06:53:54.000Z</time>
      </trkpt>
      <trkpt lat="42.664514093" lon="44.615037149">
        <ele>2162.917</ele>
        <time>2025-05-21T07:06:39.000Z</time>
      </trkpt>
      <trkpt lat="42.664302047" lon="44.640538394">
        <ele>1738.075</ele>
        <time>2025-05-22T03:47:17.000Z</time>
      </trkpt>
      <trkpt lat="42.68295424" lon="44.632966349">
        <ele>1667.322</ele>
        <time>2025-05-22T03:54:47.000Z</time>
      </trkpt>
      <trkpt lat="42.73601672" lon="44.630219871">
        <ele>1293.714</ele>
        <time>2025-05-22T04:06:17.000Z</time>
      </trkpt>
      <trkpt lat="42.751838672" lon="44.626819395">
        <ele>1206.069</ele>
        <time>2025-05-22T04:22:27.000Z</time>
      </trkpt>
      <trkpt lat="42.769011939" lon="44.632113064">
        <ele>1112.557</ele>
        <time>2025-05-22T04:37:24.000Z</time>
      </trkpt>
      <trkpt lat="42.796992108" lon="44.637585287">
        <ele>1033.69</ele>
        <time>2025-05-22T10:44:39.000Z</time>
      </trkpt>
      <trkpt lat="42.836629254" lon="44.636044001">
        <ele>950.129</ele>
        <time>2025-05-22T11:55:53.000Z</time>
      </trkpt>
      <trkpt lat="42.908410742" lon="44.632626796">
        <ele>835.548</ele>
        <time>2025-05-22T12:10:36.000Z</time>
      </trkpt>
      <trkpt lat="42.975319647" lon="44.571451563">
        <ele>766.883</ele>
        <time>2025-05-22T12:51:28.000Z</time>
      </trkpt>
      <trkpt lat="42.9744606" lon="44.5723648">
        <ele>771.027</ele>
        <time>2025-05-22T15:42:48.000Z</time>
      </trkpt>
      <trkpt lat="43.265053174" lon="45.218245516">
        <ele>243.875</ele>
        <time>2025-05-23T04:18:39.000Z</time>
      </trkpt>
      <trkpt lat="43.242616318" lon="45.31111462">
        <ele>204.592</ele>
        <time>2025-05-23T04:33:25.000Z</time>
      </trkpt>
      <trkpt lat="43.223435037" lon="45.509302151">
        <ele>173.309</ele>
        <time>2025-05-23T04:48:10.000Z</time>
      </trkpt>
      <trkpt lat="43.234575056" lon="45.665868279">
        <ele>176</ele>
        <time>2025-05-23T05:02:26.000Z</time>
      </trkpt>
      <trkpt lat="43.218404162" lon="45.847308278">
        <ele>169.921</ele>
        <time>2025-05-23T05:17:14.000Z</time>
      </trkpt>
      <trkpt lat="43.263224956" lon="46.03558805">
        <ele>108.265</ele>
        <time>2025-05-23T05:31:32.000Z</time>
      </trkpt>
      <trkpt lat="43.239710792" lon="46.2689299">
        <ele>269.822</ele>
        <time>2025-05-23T05:46:15.000Z</time>
      </trkpt>
      <trkpt lat="43.242107121" lon="46.459709601">
        <ele>172</ele>
        <time>2025-05-23T06:01:00.000Z</time>
      </trkpt>
      <trkpt lat="43.232846499" lon="46.590566601">
        <ele>168.713</ele>
        <time>2025-05-23T06:15:46.000Z</time>
      </trkpt>
      <trkpt lat="43.281203499" lon="46.617179839">
        <ele>84.515</ele>
        <time>2025-05-23T06:30:31.000Z</time>
      </trkpt>
      <trkpt lat="43.327642973" lon="46.680326164">
        <ele>30.06</ele>
        <time>2025-05-23T06:44:28.000Z</time>
      </trkpt>
      <trkpt lat="43.346403474" lon="46.706076963">
        <ele>21.941</ele>
        <time>2025-05-23T07:39:45.000Z</time>
      </trkpt>
      <trkpt lat="43.462702126" lon="46.754418156">
        <ele>3</ele>
        <time>2025-05-23T07:54:30.000Z</time>
      </trkpt>
      <trkpt lat="43.544956511" lon="46.716364743">
        <ele>0.986</ele>
        <time>2025-05-23T08:09:15.000Z</time>
      </trkpt>
      <trkpt lat="43.613484018" lon="46.757622398">
        <ele>-5</ele>
        <time>2025-05-23T08:19:49.000Z</time>
      </trkpt>
      <trkpt lat="43.693026068" lon="46.716143505">
        <ele>-4.21</ele>
        <time>2025-05-23T08:28:54.000Z</time>
      </trkpt>
      <trkpt lat="43.797965222" lon="46.667111926">
        <ele>0.474</ele>
        <time>2025-05-23T08:43:48.000Z</time>
      </trkpt>
      <trkpt lat="43.888205797" lon="46.641974347">
        <ele>-4.649</ele>
        <time>2025-05-23T08:58:33.000Z</time>
      </trkpt>
      <trkpt lat="44.017745806" lon="46.581362626">
        <ele>-13.686</ele>
        <time>2025-05-23T09:11:56.000Z</time>
      </trkpt>
      <trkpt lat="44.143110621" lon="46.578946626">
        <ele>-18.198</ele>
        <time>2025-05-23T09:25:21.000Z</time>
      </trkpt>
      <trkpt lat="44.3836971" lon="46.557621723">
        <ele>-25.136</ele>
        <time>2025-05-23T09:52:07.000Z</time>
      </trkpt>
      <trkpt lat="44.391115354" lon="46.559619485">
        <ele>-21.645</ele>
        <time>2025-05-23T10:05:51.000Z</time>
      </trkpt>
      <trkpt lat="44.396626889" lon="46.556655109">
        <ele>-21.964</ele>
        <time>2025-05-23T10:19:23.000Z</time>
      </trkpt>
      <trkpt lat="44.384159803" lon="46.557546641">
        <ele>-24.52</ele>
        <time>2025-05-24T02:36:58.000Z</time>
      </trkpt>
      <trkpt lat="44.506418433" lon="46.566497019">
        <ele>-22.652</ele>
        <time>2025-05-24T03:04:23.000Z</time>
      </trkpt>
      <trkpt lat="44.672500142" lon="46.592393545">
        <ele>-19</ele>
        <time>2025-05-24T03:17:53.000Z</time>
      </trkpt>
      <trkpt lat="44.841405088" lon="46.604443286">
        <ele>-19.938</ele>
        <time>2025-05-24T03:31:22.000Z</time>
      </trkpt>
      <trkpt lat="44.896109034" lon="46.620299583">
        <ele>-22.007</ele>
        <time>2025-05-24T03:44:51.000Z</time>
      </trkpt>
      <trkpt lat="44.992748941" lon="46.71888208">
        <ele>-18.926</ele>
        <time>2025-05-24T03:58:22.000Z</time>
      </trkpt>
      <trkpt lat="45.148404948" lon="46.777320793">
        <ele>-21.355</ele>
        <time>2025-05-24T04:11:53.000Z</time>
      </trkpt>
      <trkpt lat="45.251109037" lon="46.817401294">
        <ele>-26.292</ele>
        <time>2025-05-24T04:20:54.000Z</time>
      </trkpt>
      <trkpt lat="45.416472293" lon="46.888378747">
        <ele>-21.837</ele>
        <time>2025-05-24T04:39:03.000Z</time>
      </trkpt>
      <trkpt lat="45.463983184" lon="47.074106466">
        <ele>-23.734</ele>
        <time>2025-05-24T05:54:51.000Z</time>
      </trkpt>
      <trkpt lat="45.630196108" lon="47.154065019">
        <ele>-23</ele>
        <time>2025-05-24T06:09:51.000Z</time>
      </trkpt>
      <trkpt lat="45.754092917" lon="47.262997608">
        <ele>-23.998</ele>
        <time>2025-05-24T06:24:51.000Z</time>
      </trkpt>
      <trkpt lat="45.869049719" lon="47.436046768">
        <ele>-20.653</ele>
        <time>2025-05-24T06:44:53.000Z</time>
      </trkpt>
      <trkpt lat="45.876530819" lon="47.514126124">
        <ele>-17.321</ele>
        <time>2025-05-24T06:52:10.000Z</time>
      </trkpt>
      <trkpt lat="46.046931683" lon="47.719990863">
        <ele>-24.033</ele>
        <time>2025-05-24T07:30:35.000Z</time>
      </trkpt>
      <trkpt lat="46.198170804" lon="47.848341437">
        <ele>-23.017</ele>
        <time>2025-05-24T07:54:54.000Z</time>
      </trkpt>
      <trkpt lat="46.305905459" lon="47.900639065">
        <ele>-23.818</ele>
        <time>2025-05-24T08:12:19.000Z</time>
      </trkpt>
      <trkpt lat="46.378899305" lon="48.009072896">
        <ele>-21.737</ele>
        <time>2025-05-24T08:59:25.000Z</time>
      </trkpt>
      <trkpt lat="46.348563832" lon="48.019459409">
        <ele>-22.767</ele>
        <time>2025-05-24T09:35:16.000Z</time>
      </trkpt>
      <trkpt lat="46.394337794" lon="47.983306303">
        <ele>-23.324</ele>
        <time>2025-05-25T18:59:39.000Z</time>
      </trkpt>
      <trkpt lat="46.407729196" lon="48.132662717">
        <ele>-23</ele>
        <time>2025-05-26T02:30:09.000Z</time>
      </trkpt>
      <trkpt lat="46.521144279" lon="48.340913074">
        <ele>-21.492</ele>
        <time>2025-05-26T03:32:18.000Z</time>
      </trkpt>
      <trkpt lat="46.545745488" lon="48.402535524">
        <ele>-22</ele>
        <time>2025-05-26T04:04:49.000Z</time>
      </trkpt>
      <trkpt lat="46.545679354" lon="48.636156866">
        <ele>-21.927</ele>
        <time>2025-05-26T04:33:49.000Z</time>
      </trkpt>
      <trkpt lat="46.53746403" lon="48.684757469">
        <ele>-22.997</ele>
        <time>2025-05-26T07:02:53.000Z</time>
      </trkpt>
      <trkpt lat="46.553396992" lon="48.764109956">
        <ele>-25</ele>
        <time>2025-05-26T07:21:19.000Z</time>
      </trkpt>
      <trkpt lat="46.564688747" lon="48.792793858">
        <ele>-23.708</ele>
        <time>2025-05-26T08:00:39.000Z</time>
      </trkpt>
      <trkpt lat="46.595252152" lon="49.104948398">
        <ele>-22.739</ele>
        <time>2025-05-26T08:19:30.000Z</time>
      </trkpt>
      <trkpt lat="46.597567569" lon="49.207843971">
        <ele>-23.82</ele>
        <time>2025-05-26T08:34:31.000Z</time>
      </trkpt>
      <trkpt lat="46.697906619" lon="49.556704899">
        <ele>-25.536</ele>
        <time>2025-05-26T09:00:40.000Z</time>
      </trkpt>
      <trkpt lat="46.736997343" lon="49.813151741">
        <ele>-23.066</ele>
        <time>2025-05-26T09:23:08.000Z</time>
      </trkpt>
      <trkpt lat="46.73983235" lon="49.885251748">
        <ele>-23</ele>
        <time>2025-05-26T10:55:58.000Z</time>
      </trkpt>
      <trkpt lat="46.775202309" lon="50.1777393">
        <ele>-24.962</ele>
        <time>2025-05-26T11:13:55.000Z</time>
      </trkpt>
      <trkpt lat="46.908752723" lon="50.357746873">
        <ele>-22.49</ele>
        <time>2025-05-26T11:28:55.000Z</time>
      </trkpt>
      <trkpt lat="47.1215788" lon="50.844754558">
        <ele>-22.316</ele>
        <time>2025-05-26T12:05:20.000Z</time>
      </trkpt>
      <trkpt lat="47.152811777" lon="50.895504675">
        <ele>-24.183</ele>
        <time>2025-05-26T12:22:10.000Z</time>
      </trkpt>
      <trkpt lat="47.158584064" lon="50.907427473">
        <ele>-23.025</ele>
        <time>2025-05-27T05:06:22.000Z</time>
      </trkpt>
      <trkpt lat="47.24531346" lon="51.05531903">
        <ele>-24</ele>
        <time>2025-05-27T05:21:46.000Z</time>
      </trkpt>
      <trkpt lat="47.347784988" lon="51.1932412">
        <ele>-22.306</ele>
        <time>2025-05-27T05:36:30.000Z</time>
      </trkpt>
      <trkpt lat="47.286540982" lon="51.437952826">
        <ele>-24.798</ele>
        <time>2025-05-27T05:51:46.000Z</time>
      </trkpt>
      <trkpt lat="47.221679846" lon="51.687629102">
        <ele>-21.975</ele>
        <time>2025-05-27T06:06:46.000Z</time>
      </trkpt>
      <trkpt lat="47.18147831" lon="51.784107992">
        <ele>-22.932</ele>
        <time>2025-05-27T06:16:47.000Z</time>
      </trkpt>
      <trkpt lat="47.165406057" lon="51.828444925">
        <ele>-23</ele>
        <time>2025-05-27T06:26:52.000Z</time>
      </trkpt>
      <trkpt lat="47.14299245" lon="51.881860518">
        <ele>-21</ele>
        <time>2025-05-27T06:37:04.000Z</time>
      </trkpt>
      <trkpt lat="47.134693855" lon="51.897055953">
        <ele>-22.66</ele>
        <time>2025-05-27T06:43:45.000Z</time>
      </trkpt>
      <trkpt lat="47.140379791" lon="51.891476876">
        <ele>-23</ele>
        <time>2025-05-27T07:29:56.000Z</time>
      </trkpt>
      <trkpt lat="47.147592702" lon="51.871993198">
        <ele>-22.666</ele>
        <time>2025-05-27T07:39:59.000Z</time>
      </trkpt>
      <trkpt lat="47.1440773" lon="51.90402221">
        <ele>-24.678</ele>
        <time>2025-05-27T08:41:25.000Z</time>
      </trkpt>
      <trkpt lat="47.13821443" lon="51.940586582">
        <ele>-25.508</ele>
        <time>2025-05-27T08:46:55.000Z</time>
      </trkpt>
      <trkpt lat="47.145720563" lon="51.975821969">
        <ele>-25.635</ele>
        <time>2025-05-27T08:57:51.000Z</time>
      </trkpt>
      <trkpt lat="47.203199258" lon="52.114145011">
        <ele>-26.555</ele>
        <time>2025-05-27T09:18:20.000Z</time>
      </trkpt>
      <trkpt lat="47.274675856" lon="52.264581549">
        <ele>-22.167</ele>
        <time>2025-05-27T09:29:40.000Z</time>
      </trkpt>
      <trkpt lat="47.383663436" lon="52.45228339">
        <ele>-21.77</ele>
        <time>2025-05-27T09:45:10.000Z</time>
      </trkpt>
      <trkpt lat="47.407047324" lon="52.692704128">
        <ele>-21</ele>
        <time>2025-05-27T10:00:35.000Z</time>
      </trkpt>
      <trkpt lat="47.490594811" lon="52.86631613">
        <ele>-17.329</ele>
        <time>2025-05-27T10:14:04.000Z</time>
      </trkpt>
      <trkpt lat="47.5873011" lon="53.057483369">
        <ele>-22.957</ele>
        <time>2025-05-27T10:29:05.000Z</time>
      </trkpt>
      <trkpt lat="47.63439373" lon="53.224858139">
        <ele>-17.672</ele>
        <time>2025-05-27T10:39:26.000Z</time>
      </trkpt>
      <trkpt lat="47.684606139" lon="53.319069289">
        <ele>-15.854</ele>
        <time>2025-05-27T10:47:11.000Z</time>
      </trkpt>
      <trkpt lat="47.726765733" lon="53.572581167">
        <ele>-14.812</ele>
        <time>2025-05-27T11:02:46.000Z</time>
      </trkpt>
      <trkpt lat="47.785260994" lon="53.777946336">
        <ele>-8</ele>
        <time>2025-05-27T11:15:40.000Z</time>
      </trkpt>
      <trkpt lat="47.870363798" lon="54.009129284">
        <ele>17.093</ele>
        <time>2025-05-27T11:31:13.000Z</time>
      </trkpt>
      <trkpt lat="47.928771913" lon="54.208663515">
        <ele>79.785</ele>
        <time>2025-05-27T11:46:37.000Z</time>
      </trkpt>
      <trkpt lat="47.928399721" lon="54.228236472">
        <ele>85.412</ele>
        <time>2025-05-27T12:01:36.000Z</time>
      </trkpt>
      <trkpt lat="47.92567443" lon="54.22280883">
        <ele>84</ele>
        <time>2025-05-27T20:57:18.000Z</time>
      </trkpt>
      <trkpt lat="47.928478163" lon="54.22711">
        <ele>85</ele>
        <time>2025-05-28T02:18:19.000Z</time>
      </trkpt>
      <trkpt lat="47.935858685" lon="54.230447008">
        <ele>93.208</ele>
        <time>2025-05-28T03:28:02.000Z</time>
      </trkpt>
      <trkpt lat="48.032046091" lon="54.459483207">
        <ele>73.685</ele>
        <time>2025-05-28T03:43:02.000Z</time>
      </trkpt>
      <trkpt lat="48.079674826" lon="54.573554955">
        <ele>130.966</ele>
        <time>2025-05-28T03:50:48.000Z</time>
      </trkpt>
      <trkpt lat="48.115417975" lon="54.64827175">
        <ele>109.385</ele>
        <time>2025-05-28T03:55:50.000Z</time>
      </trkpt>
      <trkpt lat="48.174487366" lon="54.741339823">
        <ele>113.845</ele>
        <time>2025-05-28T04:03:07.000Z</time>
      </trkpt>
      <trkpt lat="48.214898072" lon="54.812175455">
        <ele>71</ele>
        <time>2025-05-28T04:08:27.000Z</time>
      </trkpt>
      <trkpt lat="48.248403971" lon="54.874714829">
        <ele>58.027</ele>
        <time>2025-05-28T04:13:29.000Z</time>
      </trkpt>
      <trkpt lat="48.275474841" lon="54.935857309">
        <ele>85.352</ele>
        <time>2025-05-28T04:18:35.000Z</time>
      </trkpt>
      <trkpt lat="48.321775175" lon="54.99055543">
        <ele>97</ele>
        <time>2025-05-28T04:23:38.000Z</time>
      </trkpt>
      <trkpt lat="48.361817957" lon="55.054433746">
        <ele>121</ele>
        <time>2025-05-28T04:28:40.000Z</time>
      </trkpt>
      <trkpt lat="48.391291914" lon="55.158745945">
        <ele>152.169</ele>
        <time>2025-05-28T04:35:15.000Z</time>
      </trkpt>
      <trkpt lat="48.419420449" lon="55.247287089">
        <ele>127.787</ele>
        <time>2025-05-28T04:40:50.000Z</time>
      </trkpt>
      <trkpt lat="48.448886192" lon="55.320243426">
        <ele>159.132</ele>
        <time>2025-05-28T04:45:54.000Z</time>
      </trkpt>
      <trkpt lat="48.472202058" lon="55.403340716">
        <ele>171</ele>
        <time>2025-05-28T04:50:57.000Z</time>
      </trkpt>
      <trkpt lat="48.503208552" lon="55.548501425">
        <ele>176</ele>
        <time>2025-05-28T04:59:54.000Z</time>
      </trkpt>
      <trkpt lat="48.540835837" lon="55.609474741">
        <ele>171.981</ele>
        <time>2025-05-28T05:04:57.000Z</time>
      </trkpt>
      <trkpt lat="48.579933518" lon="55.716193384">
        <ele>210.225</ele>
        <time>2025-05-28T05:12:04.000Z</time>
      </trkpt>
      <trkpt lat="48.623394985" lon="55.78199828">
        <ele>212.373</ele>
        <time>2025-05-28T05:17:06.000Z</time>
      </trkpt>
      <trkpt lat="48.628483093" lon="55.788879236">
        <ele>220.426</ele>
        <time>2025-05-28T05:23:02.000Z</time>
      </trkpt>
      <trkpt lat="48.663488952" lon="55.852265792">
        <ele>198.843</ele>
        <time>2025-05-28T05:44:00.000Z</time>
      </trkpt>
      <trkpt lat="49.197950601" lon="56.56777815">
        <ele>200</ele>
        <time>2025-05-28T06:48:54.000Z</time>
      </trkpt>
      <trkpt lat="49.196696878" lon="56.656843582">
        <ele>196.324</ele>
        <time>2025-05-28T06:53:57.000Z</time>
      </trkpt>
      <trkpt lat="49.202954018" lon="56.745958746">
        <ele>217.549</ele>
        <time>2025-05-28T06:59:00.000Z</time>
      </trkpt>
      <trkpt lat="49.227286467" lon="56.857561023">
        <ele>294.18</ele>
        <time>2025-05-28T07:05:41.000Z</time>
      </trkpt>
      <trkpt lat="49.26076812" lon="56.971648853">
        <ele>307.299</ele>
        <time>2025-05-28T07:12:29.000Z</time>
      </trkpt>
      <trkpt lat="49.305464602" lon="57.042291183">
        <ele>259.079</ele>
        <time>2025-05-28T07:23:08.000Z</time>
      </trkpt>
      <trkpt lat="49.343876881" lon="57.039294389">
        <ele>262</ele>
        <time>2025-05-28T07:29:02.000Z</time>
      </trkpt>
      <trkpt lat="49.370718657" lon="57.224687664">
        <ele>313</ele>
        <time>2025-05-28T07:39:20.000Z</time>
      </trkpt>
      <trkpt lat="49.391399514" lon="57.314738849">
        <ele>304.998</ele>
        <time>2025-05-28T07:44:21.000Z</time>
      </trkpt>
      <trkpt lat="49.442879691" lon="57.343197335">
        <ele>315.69</ele>
        <time>2025-05-28T07:49:23.000Z</time>
      </trkpt>
      <trkpt lat="49.499674137" lon="57.345285332">
        <ele>328.827</ele>
        <time>2025-05-28T07:54:43.000Z</time>
      </trkpt>
      <trkpt lat="49.581830618" lon="57.372806305">
        <ele>281.042</ele>
        <time>2025-05-28T08:02:27.000Z</time>
      </trkpt>
      <trkpt lat="49.640245489" lon="57.337002427">
        <ele>274.675</ele>
        <time>2025-05-28T08:07:45.000Z</time>
      </trkpt>
      <trkpt lat="49.699141388" lon="57.31810919">
        <ele>258.091</ele>
        <time>2025-05-28T08:12:46.000Z</time>
      </trkpt>
      <trkpt lat="49.76142731" lon="57.324142819">
        <ele>260.138</ele>
        <time>2025-05-28T08:17:59.000Z</time>
      </trkpt>
      <trkpt lat="49.780844576" lon="57.329819966">
        <ele>259.378</ele>
        <time>2025-05-28T08:23:02.000Z</time>
      </trkpt>
      <trkpt lat="49.790848251" lon="57.331873952">
        <ele>271.24</ele>
        <time>2025-05-28T08:30:52.000Z</time>
      </trkpt>
      <trkpt lat="49.889122085" lon="57.36365553">
        <ele>244</ele>
        <time>2025-05-28T08:39:55.000Z</time>
      </trkpt>
      <trkpt lat="49.914726518" lon="57.389784144">
        <ele>250</ele>
        <time>2025-05-28T08:44:53.000Z</time>
      </trkpt>
      <trkpt lat="50.177963013" lon="57.289280724">
        <ele>240</ele>
        <time>2025-05-28T09:11:46.000Z</time>
      </trkpt>
      <trkpt lat="50.221754863" lon="57.270342537">
        <ele>240.074</ele>
        <time>2025-05-28T09:16:49.000Z</time>
      </trkpt>
      <trkpt lat="50.262711492" lon="57.261667339">
        <ele>212.24</ele>
        <time>2025-05-28T09:22:27.000Z</time>
      </trkpt>
      <trkpt lat="50.286370335" lon="57.250540861">
        <ele>212.102</ele>
        <time>2025-05-28T09:27:30.000Z</time>
      </trkpt>
      <trkpt lat="50.28754177" lon="57.222370505">
        <ele>215.07</ele>
        <time>2025-05-28T09:32:50.000Z</time>
      </trkpt>
      <trkpt lat="50.291614537" lon="57.195894672">
        <ele>211.334</ele>
        <time>2025-05-28T09:39:11.000Z</time>
      </trkpt>
      <trkpt lat="50.286187182" lon="57.190875592">
        <ele>211.274</ele>
        <time>2025-05-28T09:56:52.000Z</time>
      </trkpt>
      <trkpt lat="50.288692108" lon="57.199803217">
        <ele>213.834</ele>
        <time>2025-05-28T14:34:55.000Z</time>
      </trkpt>
      <trkpt lat="50.286160207" lon="57.190842176">
        <ele>211.177</ele>
        <time>2025-05-28T15:43:39.000Z</time>
      </trkpt>
      <trkpt lat="50.287579231" lon="57.221423866">
        <ele>215</ele>
        <time>2025-05-31T01:46:11.000Z</time>
      </trkpt>
      <trkpt lat="50.289464931" lon="57.254464448">
        <ele>210.005</ele>
        <time>2025-05-31T02:06:40.000Z</time>
      </trkpt>
      <trkpt lat="50.290346159" lon="57.294385193">
        <ele>225.754</ele>
        <time>2025-05-31T02:12:12.000Z</time>
      </trkpt>
      <trkpt lat="50.292483297" lon="57.387298637">
        <ele>237.06</ele>
        <time>2025-05-31T02:18:34.000Z</time>
      </trkpt>
      <trkpt lat="50.294514379" lon="57.46348933">
        <ele>245.638</ele>
        <time>2025-05-31T02:23:38.000Z</time>
      </trkpt>
      <trkpt lat="50.29353545" lon="57.539018253">
        <ele>245.611</ele>
        <time>2025-05-31T02:28:41.000Z</time>
      </trkpt>
      <trkpt lat="50.293558562" lon="57.615172327">
        <ele>271.189</ele>
        <time>2025-05-31T02:33:44.000Z</time>
      </trkpt>
      <trkpt lat="50.292495916" lon="57.640165655">
        <ele>284.015</ele>
        <time>2025-05-31T02:38:43.000Z</time>
      </trkpt>
      <trkpt lat="50.281698981" lon="57.750363739">
        <ele>326.458</ele>
        <time>2025-05-31T02:43:49.000Z</time>
      </trkpt>
      <trkpt lat="50.284372615" lon="57.823252296">
        <ele>368.525</ele>
        <time>2025-05-31T02:48:52.000Z</time>
      </trkpt>
      <trkpt lat="50.27530327" lon="57.885836698">
        <ele>408.092</ele>
        <time>2025-05-31T02:53:55.000Z</time>
      </trkpt>
      <trkpt lat="50.258134659" lon="57.945492463">
        <ele>416</ele>
        <time>2025-05-31T02:59:16.000Z</time>
      </trkpt>
      <trkpt lat="50.24579545" lon="57.999563366">
        <ele>414.506</ele>
        <time>2025-05-31T03:04:53.000Z</time>
      </trkpt>
      <trkpt lat="50.223384043" lon="58.061857">
        <ele>434.817</ele>
        <time>2025-05-31T03:11:05.000Z</time>
      </trkpt>
      <trkpt lat="50.211492931" lon="58.093676968">
        <ele>425.148</ele>
        <time>2025-05-31T03:16:08.000Z</time>
      </trkpt>
      <trkpt lat="50.23299883" lon="58.278406182">
        <ele>382.054</ele>
        <time>2025-05-31T03:30:11.000Z</time>
      </trkpt>
      <trkpt lat="50.258617961" lon="58.409190196">
        <ele>445.169</ele>
        <time>2025-05-31T03:39:18.000Z</time>
      </trkpt>
      <trkpt lat="50.241203341" lon="58.433708986">
        <ele>418.117</ele>
        <time>2025-05-31T03:44:21.000Z</time>
      </trkpt>
      <trkpt lat="50.238265544" lon="58.519216684">
        <ele>363.756</ele>
        <time>2025-05-31T04:52:33.000Z</time>
      </trkpt>
      <trkpt lat="50.176017378" lon="58.60060848">
        <ele>321.064</ele>
        <time>2025-05-31T05:02:24.000Z</time>
      </trkpt>
      <trkpt lat="50.182268545" lon="58.696924131">
        <ele>308.772</ele>
        <time>2025-05-31T05:09:05.000Z</time>
      </trkpt>
      <trkpt lat="50.154744421" lon="58.758922606">
        <ele>319.888</ele>
        <time>2025-05-31T05:14:08.000Z</time>
      </trkpt>
      <trkpt lat="50.117353552" lon="58.943972396">
        <ele>287.473</ele>
        <time>2025-05-31T05:25:44.000Z</time>
      </trkpt>
      <trkpt lat="50.127584172" lon="59.028433262">
        <ele>269.36</ele>
        <time>2025-05-31T05:30:47.000Z</time>
      </trkpt>
      <trkpt lat="50.125091902" lon="59.097147484">
        <ele>276.931</ele>
        <time>2025-05-31T05:54:19.000Z</time>
      </trkpt>
      <trkpt lat="50.122938668" lon="59.160074992">
        <ele>317.421</ele>
        <time>2025-05-31T05:57:59.000Z</time>
      </trkpt>
      <trkpt lat="50.122278484" lon="59.16781224">
        <ele>321.099</ele>
        <time>2025-05-31T05:59:51.000Z</time>
      </trkpt>
      <trkpt lat="50.105826049" lon="59.356206078">
        <ele>339</ele>
        <time>2025-05-31T06:09:04.000Z</time>
      </trkpt>
      <trkpt lat="50.10204574" lon="59.400129739">
        <ele>349.467</ele>
        <time>2025-05-31T06:14:05.000Z</time>
      </trkpt>
      <trkpt lat="50.090980966" lon="59.512148707">
        <ele>325</ele>
        <time>2025-05-31T06:25:35.000Z</time>
      </trkpt>
      <trkpt lat="50.079780989" lon="59.578579293">
        <ele>315.674</ele>
        <time>2025-05-31T06:30:36.000Z</time>
      </trkpt>
      <trkpt lat="50.022472228" lon="59.815902458">
        <ele>311</ele>
        <time>2025-05-31T06:48:18.000Z</time>
      </trkpt>
      <trkpt lat="50.003466583" lon="59.882798139">
        <ele>274</ele>
        <time>2025-05-31T06:53:53.000Z</time>
      </trkpt>
      <trkpt lat="49.987955955" lon="59.959393898">
        <ele>269.818</ele>
        <time>2025-05-31T06:59:01.000Z</time>
      </trkpt>
      <trkpt lat="49.991075364" lon="59.944132797">
        <ele>267</ele>
        <time>2025-05-31T07:04:00.000Z</time>
      </trkpt>
      <trkpt lat="49.968959042" lon="60.064293584">
        <ele>235</ele>
        <time>2025-05-31T07:13:10.000Z</time>
      </trkpt>
      <trkpt lat="49.959025641" lon="60.080889417">
        <ele>232.607</ele>
        <time>2025-05-31T07:19:15.000Z</time>
      </trkpt>
      <trkpt lat="49.849326331" lon="60.101832772">
        <ele>235.598</ele>
        <time>2025-05-31T07:33:34.000Z</time>
      </trkpt>
      <trkpt lat="49.775465199" lon="60.164441378">
        <ele>244.004</ele>
        <time>2025-05-31T07:42:46.000Z</time>
      </trkpt>
      <trkpt lat="49.706357935" lon="60.207639237">
        <ele>247.555</ele>
        <time>2025-05-31T07:49:25.000Z</time>
      </trkpt>
      <trkpt lat="49.657128767" lon="60.238116434">
        <ele>221.145</ele>
        <time>2025-05-31T07:54:30.000Z</time>
      </trkpt>
      <trkpt lat="49.561300128" lon="60.296370054">
        <ele>214.68</ele>
        <time>2025-05-31T08:03:52.000Z</time>
      </trkpt>
      <trkpt lat="49.511961693" lon="60.3376151">
        <ele>202.586</ele>
        <time>2025-05-31T08:08:56.000Z</time>
      </trkpt>
      <trkpt lat="49.480518207" lon="60.369795723">
        <ele>202.637</ele>
        <time>2025-05-31T08:13:59.000Z</time>
      </trkpt>
      <trkpt lat="49.442591129" lon="60.394401516">
        <ele>203.051</ele>
        <time>2025-05-31T08:19:47.000Z</time>
      </trkpt>
      <trkpt lat="49.3897273" lon="60.431605394">
        <ele>218</ele>
        <time>2025-05-31T08:25:00.000Z</time>
      </trkpt>
      <trkpt lat="49.309879451" lon="60.566621651">
        <ele>199.092</ele>
        <time>2025-05-31T08:35:29.000Z</time>
      </trkpt>
      <trkpt lat="49.276410089" lon="60.622966197">
        <ele>191.049</ele>
        <time>2025-05-31T08:40:43.000Z</time>
      </trkpt>
      <trkpt lat="49.255133952" lon="60.671243448">
        <ele>202.476</ele>
        <time>2025-05-31T10:01:13.000Z</time>
      </trkpt>
      <trkpt lat="49.195195874" lon="60.768732168">
        <ele>220.564</ele>
        <time>2025-05-31T10:09:08.000Z</time>
      </trkpt>
      <trkpt lat="49.15019824" lon="60.818044822">
        <ele>212</ele>
        <time>2025-05-31T10:14:15.000Z</time>
      </trkpt>
      <trkpt lat="49.073064748" lon="60.82591111">
        <ele>224.033</ele>
        <time>2025-05-31T10:20:53.000Z</time>
      </trkpt>
      <trkpt lat="48.987863631" lon="60.832964665">
        <ele>222.691</ele>
        <time>2025-05-31T10:28:17.000Z</time>
      </trkpt>
      <trkpt lat="48.914461533" lon="60.835065807">
        <ele>194</ele>
        <time>2025-05-31T10:34:30.000Z</time>
      </trkpt>
      <trkpt lat="48.842326026" lon="60.827262606">
        <ele>208.626</ele>
        <time>2025-05-31T10:40:55.000Z</time>
      </trkpt>
      <trkpt lat="48.792554862" lon="60.827207566">
        <ele>143.947</ele>
        <time>2025-05-31T10:45:57.000Z</time>
      </trkpt>
      <trkpt lat="48.726700674" lon="60.838476887">
        <ele>115.878</ele>
        <time>2025-05-31T10:52:17.000Z</time>
      </trkpt>
      <trkpt lat="48.67037596" lon="60.82432557">
        <ele>122.295</ele>
        <time>2025-05-31T10:57:20.000Z</time>
      </trkpt>
      <trkpt lat="48.557889101" lon="60.931957985">
        <ele>171.599</ele>
        <time>2025-05-31T11:11:53.000Z</time>
      </trkpt>
      <trkpt lat="48.518720771" lon="60.993971415">
        <ele>140.277</ele>
        <time>2025-05-31T11:17:32.000Z</time>
      </trkpt>
      <trkpt lat="48.521357016" lon="61.088538951">
        <ele>135.459</ele>
        <time>2025-05-31T11:32:56.000Z</time>
      </trkpt>
      <trkpt lat="48.51907868" lon="61.090424639">
        <ele>136</ele>
        <time>2025-05-31T13:46:52.000Z</time>
      </trkpt>
      <trkpt lat="48.510047846" lon="61.007963585">
        <ele>150.274</ele>
        <time>2025-06-01T02:31:36.000Z</time>
      </trkpt>
      <trkpt lat="48.25795918" lon="61.164385563">
        <ele>100.212</ele>
        <time>2025-06-01T03:02:17.000Z</time>
      </trkpt>
      <trkpt lat="48.184792775" lon="61.172844085">
        <ele>103</ele>
        <time>2025-06-01T03:11:51.000Z</time>
      </trkpt>
      <trkpt lat="48.134509209" lon="61.183371451">
        <ele>99.201</ele>
        <time>2025-06-01T03:17:41.000Z</time>
      </trkpt>
      <trkpt lat="48.002016549" lon="61.21360112">
        <ele>77.25</ele>
        <time>2025-06-01T03:32:41.000Z</time>
      </trkpt>
      <trkpt lat="47.883839402" lon="61.310128004">
        <ele>93.178</ele>
        <time>2025-06-01T03:47:40.000Z</time>
      </trkpt>
      <trkpt lat="47.751767946" lon="61.356029122">
        <ele>110</ele>
        <time>2025-06-01T04:02:42.000Z</time>
      </trkpt>
      <trkpt lat="47.638348024" lon="61.479047025">
        <ele>118</ele>
        <time>2025-06-01T04:17:42.000Z</time>
      </trkpt>
      <trkpt lat="47.505189912" lon="61.533031632">
        <ele>88.367</ele>
        <time>2025-06-01T06:21:40.000Z</time>
      </trkpt>
      <trkpt lat="47.326740689" lon="61.535926282">
        <ele>80.734</ele>
        <time>2025-06-01T06:37:15.000Z</time>
      </trkpt>
      <trkpt lat="47.20312762" lon="61.532137005">
        <ele>84.519</ele>
        <time>2025-06-01T06:48:04.000Z</time>
      </trkpt>
      <trkpt lat="47.141749728" lon="61.527966467">
        <ele>77</ele>
        <time>2025-06-01T06:53:22.000Z</time>
      </trkpt>
      <trkpt lat="47.085378289" lon="61.521303732">
        <ele>62.362</ele>
        <time>2025-06-01T06:58:25.000Z</time>
      </trkpt>
      <trkpt lat="47.03688653" lon="61.515705585">
        <ele>62</ele>
        <time>2025-06-01T07:03:39.000Z</time>
      </trkpt>
      <trkpt lat="46.950869226" lon="61.541191523">
        <ele>84.129</ele>
        <time>2025-06-01T07:12:24.000Z</time>
      </trkpt>
      <trkpt lat="46.917103583" lon="61.605536371">
        <ele>69.533</ele>
        <time>2025-06-01T07:17:27.000Z</time>
      </trkpt>
      <trkpt lat="46.82863629" lon="61.692120489">
        <ele>71.333</ele>
        <time>2025-06-01T07:33:46.000Z</time>
      </trkpt>
      <trkpt lat="46.694280831" lon="61.771996453">
        <ele>63.923</ele>
        <time>2025-06-01T07:52:32.000Z</time>
      </trkpt>
      <trkpt lat="46.566591419" lon="61.853330207">
        <ele>59.279</ele>
        <time>2025-06-01T08:04:56.000Z</time>
      </trkpt>
      <trkpt lat="46.509171994" lon="61.896282803">
        <ele>54</ele>
        <time>2025-06-01T08:10:57.000Z</time>
      </trkpt>
      <trkpt lat="46.407622547" lon="61.895467182">
        <ele>58.356</ele>
        <time>2025-06-01T08:20:20.000Z</time>
      </trkpt>
      <trkpt lat="46.359925456" lon="61.929954635">
        <ele>55.463</ele>
        <time>2025-06-01T08:25:25.000Z</time>
      </trkpt>
      <trkpt lat="46.295763486" lon="61.966455217">
        <ele>63.809</ele>
        <time>2025-06-01T08:31:27.000Z</time>
      </trkpt>
      <trkpt lat="46.234284579" lon="62.006447627">
        <ele>71.335</ele>
        <time>2025-06-01T08:38:30.000Z</time>
      </trkpt>
      <trkpt lat="46.23406789" lon="62.006034316">
        <ele>70.079</ele>
        <time>2025-06-01T08:43:31.000Z</time>
      </trkpt>
      <trkpt lat="46.182734264" lon="62.056168227">
        <ele>66.983</ele>
        <time>2025-06-01T09:19:04.000Z</time>
      </trkpt>
      <trkpt lat="46.13012767" lon="62.087121467">
        <ele>57.344</ele>
        <time>2025-06-01T09:24:09.000Z</time>
      </trkpt>
      <trkpt lat="46.01587456" lon="62.112686006">
        <ele>66.43</ele>
        <time>2025-06-01T09:34:04.000Z</time>
      </trkpt>
      <trkpt lat="46.000147414" lon="62.120609131">
        <ele>61.193</ele>
        <time>2025-06-01T09:40:12.000Z</time>
      </trkpt>
      <trkpt lat="46.140194139" lon="62.084498235">
        <ele>57</ele>
        <time>2025-06-01T09:53:08.000Z</time>
      </trkpt>
      <trkpt lat="46.192798115" lon="62.042862005">
        <ele>64.77</ele>
        <time>2025-06-01T09:58:12.000Z</time>
      </trkpt>
      <trkpt lat="46.206238404" lon="61.956992568">
        <ele>72.275</ele>
        <time>2025-06-01T10:06:43.000Z</time>
      </trkpt>
      <trkpt lat="46.206245839" lon="61.956514206">
        <ele>73.781</ele>
        <time>2025-06-01T10:23:20.000Z</time>
      </trkpt>
      <trkpt lat="46.161203625" lon="62.076070684">
        <ele>64.146</ele>
        <time>2025-06-01T10:35:35.000Z</time>
      </trkpt>
      <trkpt lat="46.165521112" lon="62.090363363">
        <ele>57.644</ele>
        <time>2025-06-01T10:51:13.000Z</time>
      </trkpt>
      <trkpt lat="45.95514297" lon="62.1330986">
        <ele>64.845</ele>
        <time>2025-06-01T18:33:19.000Z</time>
      </trkpt>
      <trkpt lat="46.165417699" lon="62.090347696">
        <ele>57.502</ele>
        <time>2025-06-01T18:46:03.000Z</time>
      </trkpt>
      <trkpt lat="45.95514297" lon="62.1330986">
        <ele>64.845</ele>
        <time>2025-06-01T19:15:32.000Z</time>
      </trkpt>
      <trkpt lat="46.165482681" lon="62.090338385">
        <ele>57.634</ele>
        <time>2025-06-01T19:33:04.000Z</time>
      </trkpt>
      <trkpt lat="45.914230347" lon="62.144821167">
        <ele>67.725</ele>
        <time>2025-06-01T20:02:11.000Z</time>
      </trkpt>
      <trkpt lat="46.165444502" lon="62.090356741">
        <ele>57.543</ele>
        <time>2025-06-01T20:14:31.000Z</time>
      </trkpt>
      <trkpt lat="45.914230347" lon="62.144821167">
        <ele>67.725</ele>
        <time>2025-06-01T20:26:49.000Z</time>
      </trkpt>
      <trkpt lat="46.165391905" lon="62.090340313">
        <ele>57.451</ele>
        <time>2025-06-01T20:39:56.000Z</time>
      </trkpt>
      <trkpt lat="46.164960153" lon="62.089830609">
        <ele>55.666</ele>
        <time>2025-06-01T20:49:58.000Z</time>
      </trkpt>
      <trkpt lat="46.165411435" lon="62.090368308">
        <ele>57.493</ele>
        <time>2025-06-01T21:02:38.000Z</time>
      </trkpt>
      <trkpt lat="45.95514297" lon="62.1330986">
        <ele>64.845</ele>
        <time>2025-06-01T21:13:48.000Z</time>
      </trkpt>
      <trkpt lat="46.16537489" lon="62.090398651">
        <ele>57.48</ele>
        <time>2025-06-01T21:29:57.000Z</time>
      </trkpt>
      <trkpt lat="45.95514297" lon="62.1330986">
        <ele>64.845</ele>
        <time>2025-06-01T22:07:53.000Z</time>
      </trkpt>
      <trkpt lat="46.165581071" lon="62.090338887">
        <ele>57.8</ele>
        <time>2025-06-01T22:20:13.000Z</time>
      </trkpt>
      <trkpt lat="46.12527838" lon="62.088345839">
        <ele>55.955</ele>
        <time>2025-06-02T02:15:37.000Z</time>
      </trkpt>
      <trkpt lat="46.046674324" lon="62.102552583">
        <ele>66.788</ele>
        <time>2025-06-02T02:22:46.000Z</time>
      </trkpt>
      <trkpt lat="45.989487041" lon="62.127281303">
        <ele>60.213</ele>
        <time>2025-06-02T02:28:19.000Z</time>
      </trkpt>
      <trkpt lat="45.900163429" lon="62.145361582">
        <ele>64</ele>
        <time>2025-06-02T02:35:38.000Z</time>
      </trkpt>
      <trkpt lat="45.859421804" lon="62.185919406">
        <ele>63.918</ele>
        <time>2025-06-02T02:40:50.000Z</time>
      </trkpt>
      <trkpt lat="45.850311717" lon="62.264746656">
        <ele>69.878</ele>
        <time>2025-06-02T02:46:27.000Z</time>
      </trkpt>
      <trkpt lat="45.860871595" lon="62.415654511">
        <ele>71.951</ele>
        <time>2025-06-02T02:55:37.000Z</time>
      </trkpt>
      <trkpt lat="45.852461759" lon="62.519000098">
        <ele>73.517</ele>
        <time>2025-06-02T03:01:50.000Z</time>
      </trkpt>
      <trkpt lat="45.83283897" lon="62.631391848">
        <ele>80.78</ele>
        <time>2025-06-02T03:08:56.000Z</time>
      </trkpt>
      <trkpt lat="45.791524475" lon="62.716246821">
        <ele>86.738</ele>
        <time>2025-06-02T03:16:33.000Z</time>
      </trkpt>
      <trkpt lat="45.789482146" lon="62.719256931">
        <ele>84.811</ele>
        <time>2025-06-02T03:20:13.000Z</time>
      </trkpt>
      <trkpt lat="45.750817982" lon="62.873428653">
        <ele>84.055</ele>
        <time>2025-06-02T03:26:36.000Z</time>
      </trkpt>
      <trkpt lat="45.737031384" lon="62.956443938">
        <ele>91</ele>
        <time>2025-06-02T03:31:51.000Z</time>
      </trkpt>
      <trkpt lat="45.718210635" lon="63.037602215">
        <ele>95.353</ele>
        <time>2025-06-02T03:37:10.000Z</time>
      </trkpt>
      <trkpt lat="45.71552523" lon="63.047673181">
        <ele>97.555</ele>
        <time>2025-06-02T03:37:51.000Z</time>
      </trkpt>
      <trkpt lat="45.713358154" lon="63.056598931">
        <ele>94.889</ele>
        <time>2025-06-02T03:42:08.000Z</time>
      </trkpt>
      <trkpt lat="45.678747827" lon="63.200498745">
        <ele>100.795</ele>
        <time>2025-06-02T03:47:23.000Z</time>
      </trkpt>
      <trkpt lat="45.672335587" lon="63.280194718">
        <ele>105.122</ele>
        <time>2025-06-02T03:52:51.000Z</time>
      </trkpt>
      <trkpt lat="45.67567741" lon="63.30806111">
        <ele>104</ele>
        <time>2025-06-02T04:02:18.000Z</time>
      </trkpt>
      <trkpt lat="45.674392939" lon="63.308787666">
        <ele>102.585</ele>
        <time>2025-06-02T04:07:21.000Z</time>
      </trkpt>
      <trkpt lat="45.67674124" lon="63.311863299">
        <ele>101.629</ele>
        <time>2025-06-02T04:14:01.000Z</time>
      </trkpt>
      <trkpt lat="45.701106156" lon="63.442467751">
        <ele>95.096</ele>
        <time>2025-06-02T04:22:56.000Z</time>
      </trkpt>
      <trkpt lat="45.709491152" lon="63.478741601">
        <ele>97.832</ele>
        <time>2025-06-02T05:20:55.000Z</time>
      </trkpt>
      <trkpt lat="45.72801173" lon="63.559328481">
        <ele>100.425</ele>
        <time>2025-06-02T05:25:58.000Z</time>
      </trkpt>
      <trkpt lat="45.759529941" lon="63.754651146">
        <ele>95.562</ele>
        <time>2025-06-02T05:38:31.000Z</time>
      </trkpt>
      <trkpt lat="45.680104089" lon="63.858446739">
        <ele>97.375</ele>
        <time>2025-06-02T05:48:14.000Z</time>
      </trkpt>
      <trkpt lat="45.628210574" lon="63.915180385">
        <ele>96.884</ele>
        <time>2025-06-02T05:53:51.000Z</time>
      </trkpt>
      <trkpt lat="45.563139465" lon="63.999284903">
        <ele>111.302</ele>
        <time>2025-06-02T06:01:38.000Z</time>
      </trkpt>
      <trkpt lat="45.515890986" lon="64.033621881">
        <ele>94.585</ele>
        <time>2025-06-02T06:06:42.000Z</time>
      </trkpt>
      <trkpt lat="45.463554739" lon="64.067061064">
        <ele>100</ele>
        <time>2025-06-02T06:11:53.000Z</time>
      </trkpt>
      <trkpt lat="45.440735113" lon="64.070132162">
        <ele>101.168</ele>
        <time>2025-06-02T06:16:58.000Z</time>
      </trkpt>
      <trkpt lat="45.3138808" lon="64.075251399">
        <ele>102</ele>
        <time>2025-06-02T07:01:34.000Z</time>
      </trkpt>
      <trkpt lat="45.257023647" lon="64.110920816">
        <ele>105.49</ele>
        <time>2025-06-02T07:06:53.000Z</time>
      </trkpt>
      <trkpt lat="45.149893173" lon="64.177797182">
        <ele>104</ele>
        <time>2025-06-02T07:17:29.000Z</time>
      </trkpt>
      <trkpt lat="45.088095326" lon="64.269545243">
        <ele>105.052</ele>
        <time>2025-06-02T07:25:41.000Z</time>
      </trkpt>
      <trkpt lat="45.074417889" lon="64.308624314">
        <ele>108.191</ele>
        <time>2025-06-02T07:30:43.000Z</time>
      </trkpt>
      <trkpt lat="44.991731939" lon="64.524502301">
        <ele>108.924</ele>
        <time>2025-06-02T07:46:01.000Z</time>
      </trkpt>
      <trkpt lat="44.925007824" lon="64.668054913">
        <ele>114</ele>
        <time>2025-06-02T07:56:53.000Z</time>
      </trkpt>
      <trkpt lat="44.886183814" lon="64.767506724">
        <ele>115.031</ele>
        <time>2025-06-02T08:03:48.000Z</time>
      </trkpt>
      <trkpt lat="44.880126314" lon="64.887403253">
        <ele>118.751</ele>
        <time>2025-06-02T08:12:28.000Z</time>
      </trkpt>
      <trkpt lat="44.897740133" lon="64.993513117">
        <ele>120.257</ele>
        <time>2025-06-02T08:19:52.000Z</time>
      </trkpt>
      <trkpt lat="44.883818297" lon="65.058849431">
        <ele>119.254</ele>
        <time>2025-06-02T08:24:54.000Z</time>
      </trkpt>
      <trkpt lat="44.882237202" lon="65.141155477">
        <ele>120.84</ele>
        <time>2025-06-02T08:30:04.000Z</time>
      </trkpt>
      <trkpt lat="44.884389048" lon="65.232506684">
        <ele>121.801</ele>
        <time>2025-06-02T08:35:44.000Z</time>
      </trkpt>
      <trkpt lat="44.885131709" lon="65.315533961">
        <ele>122.922</ele>
        <time>2025-06-02T08:40:46.000Z</time>
      </trkpt>
      <trkpt lat="44.871693553" lon="65.385598684">
        <ele>124.155</ele>
        <time>2025-06-02T08:45:46.000Z</time>
      </trkpt>
      <trkpt lat="44.8173823" lon="65.425484482">
        <ele>126.315</ele>
        <time>2025-06-02T08:50:48.000Z</time>
      </trkpt>
      <trkpt lat="44.780994533" lon="65.475918995">
        <ele>128.821</ele>
        <time>2025-06-02T08:55:51.000Z</time>
      </trkpt>
      <trkpt lat="44.767346379" lon="65.551340908">
        <ele>128</ele>
        <time>2025-06-02T09:00:50.000Z</time>
      </trkpt>
      <trkpt lat="44.788433185" lon="65.610561839">
        <ele>131.337</ele>
        <time>2025-06-02T09:08:05.000Z</time>
      </trkpt>
      <trkpt lat="44.81182286" lon="65.656768037">
        <ele>129.125</ele>
        <time>2025-06-02T09:13:05.000Z</time>
      </trkpt>
      <trkpt lat="44.806480314" lon="65.683586377">
        <ele>128</ele>
        <time>2025-06-02T09:22:43.000Z</time>
      </trkpt>
      <trkpt lat="44.786459198" lon="65.739295241">
        <ele>130.136</ele>
        <time>2025-06-02T09:27:47.000Z</time>
      </trkpt>
      <trkpt lat="44.769426498" lon="65.771272487">
        <ele>130.618</ele>
        <time>2025-06-02T09:35:30.000Z</time>
      </trkpt>
      <trkpt lat="44.719459814" lon="65.862020429">
        <ele>133</ele>
        <time>2025-06-02T09:42:38.000Z</time>
      </trkpt>
      <trkpt lat="44.682280146" lon="65.932382184">
        <ele>132.24</ele>
        <time>2025-06-02T09:48:00.000Z</time>
      </trkpt>
      <trkpt lat="44.636297543" lon="66.062507141">
        <ele>132.355</ele>
        <time>2025-06-02T09:57:11.000Z</time>
      </trkpt>
      <trkpt lat="44.622215356" lon="66.047141101">
        <ele>136</ele>
        <time>2025-06-02T10:07:18.000Z</time>
      </trkpt>
      <trkpt lat="44.62159848" lon="66.060542509">
        <ele>135.21</ele>
        <time>2025-06-02T10:19:38.000Z</time>
      </trkpt>
      <trkpt lat="44.613547729" lon="66.060807181">
        <ele>137.927</ele>
        <time>2025-06-02T15:01:21.000Z</time>
      </trkpt>
      <trkpt lat="44.622431516" lon="66.060662865">
        <ele>135.14</ele>
        <time>2025-06-03T03:30:34.000Z</time>
      </trkpt>
      <trkpt lat="44.515209182" lon="66.193214683">
        <ele>138.431</ele>
        <time>2025-06-03T04:05:09.000Z</time>
      </trkpt>
      <trkpt lat="44.47169354" lon="66.244918696">
        <ele>141.097</ele>
        <time>2025-06-03T04:10:13.000Z</time>
      </trkpt>
      <trkpt lat="44.428790837" lon="66.296117597">
        <ele>141.33</ele>
        <time>2025-06-03T04:15:16.000Z</time>
      </trkpt>
      <trkpt lat="44.389669531" lon="66.35539799">
        <ele>144</ele>
        <time>2025-06-03T04:20:20.000Z</time>
      </trkpt>
      <trkpt lat="44.308935713" lon="66.49363507">
        <ele>147.24</ele>
        <time>2025-06-03T04:31:37.000Z</time>
      </trkpt>
      <trkpt lat="44.272596541" lon="66.585711909">
        <ele>147</ele>
        <time>2025-06-03T04:38:11.000Z</time>
      </trkpt>
      <trkpt lat="44.233927681" lon="66.681224415">
        <ele>149.351</ele>
        <time>2025-06-03T04:45:08.000Z</time>
      </trkpt>
      <trkpt lat="44.207943557" lon="66.75121566">
        <ele>150.597</ele>
        <time>2025-06-03T04:50:13.000Z</time>
      </trkpt>
      <trkpt lat="44.181112661" lon="66.874189423">
        <ele>151.913</ele>
        <time>2025-06-03T04:58:33.000Z</time>
      </trkpt>
      <trkpt lat="44.136804984" lon="66.969982694">
        <ele>154.093</ele>
        <time>2025-06-03T05:06:13.000Z</time>
      </trkpt>
      <trkpt lat="44.110210081" lon="67.033623009">
        <ele>155</ele>
        <time>2025-06-03T05:11:18.000Z</time>
      </trkpt>
      <trkpt lat="44.086062357" lon="67.108779869">
        <ele>156.931</ele>
        <time>2025-06-03T05:16:45.000Z</time>
      </trkpt>
      <trkpt lat="44.033646528" lon="67.178594247">
        <ele>168.939</ele>
        <time>2025-06-03T05:23:17.000Z</time>
      </trkpt>
      <trkpt lat="44.014318237" lon="67.198049073">
        <ele>168.977</ele>
        <time>2025-06-03T05:38:22.000Z</time>
      </trkpt>
      <trkpt lat="44.008278154" lon="67.205281512">
        <ele>169.801</ele>
        <time>2025-06-03T06:12:45.000Z</time>
      </trkpt>
      <trkpt lat="43.8874831" lon="67.369816827">
        <ele>212.979</ele>
        <time>2025-06-03T06:27:46.000Z</time>
      </trkpt>
      <trkpt lat="43.744689443" lon="67.518778525">
        <ele>209.906</ele>
        <time>2025-06-03T06:43:34.000Z</time>
      </trkpt>
      <trkpt lat="43.626897368" lon="67.647530297">
        <ele>242.109</ele>
        <time>2025-06-03T06:57:16.000Z</time>
      </trkpt>
      <trkpt lat="43.583194789" lon="67.697633674">
        <ele>229.501</ele>
        <time>2025-06-03T07:02:17.000Z</time>
      </trkpt>
      <trkpt lat="43.54644423" lon="67.756397107">
        <ele>212</ele>
        <time>2025-06-03T07:07:17.000Z</time>
      </trkpt>
      <trkpt lat="43.531939148" lon="67.780339183">
        <ele>213.783</ele>
        <time>2025-06-03T07:12:18.000Z</time>
      </trkpt>
      <trkpt lat="43.52710268" lon="67.790532474">
        <ele>211.917</ele>
        <time>2025-06-03T07:17:18.000Z</time>
      </trkpt>
      <trkpt lat="43.50133804" lon="67.843688433">
        <ele>212.773</ele>
        <time>2025-06-03T07:22:18.000Z</time>
      </trkpt>
      <trkpt lat="43.469115291" lon="67.907476835">
        <ele>219.815</ele>
        <time>2025-06-03T07:27:35.000Z</time>
      </trkpt>
      <trkpt lat="43.439784924" lon="67.970934577">
        <ele>224</ele>
        <time>2025-06-03T07:32:35.000Z</time>
      </trkpt>
      <trkpt lat="43.411352105" lon="68.032198703">
        <ele>224.65</ele>
        <time>2025-06-03T07:37:36.000Z</time>
      </trkpt>
      <trkpt lat="43.382281385" lon="68.086059871">
        <ele>216.213</ele>
        <time>2025-06-03T07:42:36.000Z</time>
      </trkpt>
      <trkpt lat="43.352229999" lon="68.145752788">
        <ele>212</ele>
        <time>2025-06-03T07:47:37.000Z</time>
      </trkpt>
      <trkpt lat="43.327115254" lon="68.200660357">
        <ele>215</ele>
        <time>2025-06-03T07:52:37.000Z</time>
      </trkpt>
      <trkpt lat="43.322216612" lon="68.210499231">
        <ele>212.761</ele>
        <time>2025-06-03T07:57:38.000Z</time>
      </trkpt>
      <trkpt lat="43.320300944" lon="68.216174319">
        <ele>214.295</ele>
        <time>2025-06-03T08:26:03.000Z</time>
      </trkpt>
      <trkpt lat="43.320203845" lon="68.267750911">
        <ele>218.493</ele>
        <time>2025-06-03T08:31:04.000Z</time>
      </trkpt>
      <trkpt lat="43.316980391" lon="68.307038974">
        <ele>226.34</ele>
        <time>2025-06-03T08:36:05.000Z</time>
      </trkpt>
      <trkpt lat="43.313167163" lon="68.310490934">
        <ele>226.767</ele>
        <time>2025-06-03T08:46:41.000Z</time>
      </trkpt>
      <trkpt lat="43.29232864" lon="68.326851898">
        <ele>220</ele>
        <time>2025-06-03T08:51:41.000Z</time>
      </trkpt>
      <trkpt lat="43.289424216" lon="68.294924233">
        <ele>214</ele>
        <time>2025-06-03T08:56:42.000Z</time>
      </trkpt>
      <trkpt lat="43.302161661" lon="68.271473155">
        <ele>213.782</ele>
        <time>2025-06-03T09:01:42.000Z</time>
      </trkpt>
      <trkpt lat="43.302094912" lon="68.261480249">
        <ele>216.364</ele>
        <time>2025-06-03T09:06:43.000Z</time>
      </trkpt>
      <trkpt lat="43.303726036" lon="68.267627758">
        <ele>216.73</ele>
        <time>2025-06-03T09:41:05.000Z</time>
      </trkpt>
      <trkpt lat="43.29614793" lon="68.28392772">
        <ele>213.86</ele>
        <time>2025-06-03T09:46:19.000Z</time>
      </trkpt>
      <trkpt lat="43.294995835" lon="68.284654193">
        <ele>215.004</ele>
        <time>2025-06-03T13:51:10.000Z</time>
      </trkpt>
      <trkpt lat="43.289423596" lon="68.294611388">
        <ele>214</ele>
        <time>2025-06-05T03:21:22.000Z</time>
      </trkpt>
      <trkpt lat="43.277085889" lon="68.330114773">
        <ele>212.922</ele>
        <time>2025-06-05T03:26:45.000Z</time>
      </trkpt>
      <trkpt lat="43.264317988" lon="68.366533304">
        <ele>211.025</ele>
        <time>2025-06-05T03:32:38.000Z</time>
      </trkpt>
      <trkpt lat="42.970629134" lon="68.869054467">
        <ele>222.562</ele>
        <time>2025-06-05T04:16:10.000Z</time>
      </trkpt>
      <trkpt lat="42.936294326" lon="68.924588894">
        <ele>232.66</ele>
        <time>2025-06-05T04:21:13.000Z</time>
      </trkpt>
      <trkpt lat="42.922125888" lon="68.955219766">
        <ele>234</ele>
        <time>2025-06-05T04:26:12.000Z</time>
      </trkpt>
      <trkpt lat="42.884022531" lon="69.023912034">
        <ele>249.476</ele>
        <time>2025-06-05T04:31:39.000Z</time>
      </trkpt>
      <trkpt lat="42.84497367" lon="69.095335025">
        <ele>262.187</ele>
        <time>2025-06-05T05:00:49.000Z</time>
      </trkpt>
      <trkpt lat="42.769844374" lon="69.206598736">
        <ele>271</ele>
        <time>2025-06-05T06:07:22.000Z</time>
      </trkpt>
      <trkpt lat="42.656931351" lon="69.233115269">
        <ele>350.953</ele>
        <time>2025-06-05T06:17:48.000Z</time>
      </trkpt>
      <trkpt lat="42.625921355" lon="69.296125257">
        <ele>334.632</ele>
        <time>2025-06-05T06:22:50.000Z</time>
      </trkpt>
      <trkpt lat="42.582317127" lon="69.309366086">
        <ele>321.035</ele>
        <time>2025-06-05T06:27:52.000Z</time>
      </trkpt>
      <trkpt lat="42.524504204" lon="69.37487604">
        <ele>345</ele>
        <time>2025-06-05T06:35:41.000Z</time>
      </trkpt>
      <trkpt lat="42.506491298" lon="69.448784187">
        <ele>403.746</ele>
        <time>2025-06-05T06:40:48.000Z</time>
      </trkpt>
      <trkpt lat="42.490935643" lon="69.510395352">
        <ele>412.733</ele>
        <time>2025-06-05T06:45:51.000Z</time>
      </trkpt>
      <trkpt lat="42.511650994" lon="69.440526674">
        <ele>397.944</ele>
        <time>2025-06-05T06:50:53.000Z</time>
      </trkpt>
      <trkpt lat="42.52453355" lon="69.364328487">
        <ele>359.097</ele>
        <time>2025-06-05T06:56:00.000Z</time>
      </trkpt>
      <trkpt lat="42.503313512" lon="69.366257416">
        <ele>368.473</ele>
        <time>2025-06-05T07:01:00.000Z</time>
      </trkpt>
      <trkpt lat="42.457586294" lon="69.401935637">
        <ele>377.711</ele>
        <time>2025-06-05T07:06:03.000Z</time>
      </trkpt>
      <trkpt lat="42.408427564" lon="69.451687513">
        <ele>398.736</ele>
        <time>2025-06-05T07:12:02.000Z</time>
      </trkpt>
      <trkpt lat="42.380634548" lon="69.492927563">
        <ele>416.056</ele>
        <time>2025-06-05T07:18:03.000Z</time>
      </trkpt>
      <trkpt lat="42.365661156" lon="69.515007939">
        <ele>429</ele>
        <time>2025-06-05T07:23:01.000Z</time>
      </trkpt>
      <trkpt lat="42.342330549" lon="69.523215676">
        <ele>447.775</ele>
        <time>2025-06-05T07:29:20.000Z</time>
      </trkpt>
      <trkpt lat="42.327459301" lon="69.51339257">
        <ele>473.605</ele>
        <time>2025-06-05T07:34:33.000Z</time>
      </trkpt>
      <trkpt lat="42.315388606" lon="69.525725534">
        <ele>514.047</ele>
        <time>2025-06-05T07:42:57.000Z</time>
      </trkpt>
      <trkpt lat="42.303170796" lon="69.540474239">
        <ele>512.806</ele>
        <time>2025-06-05T07:48:57.000Z</time>
      </trkpt>
      <trkpt lat="42.292061642" lon="69.558612408">
        <ele>522.583</ele>
        <time>2025-06-05T07:56:55.000Z</time>
      </trkpt>
      <trkpt lat="42.255573099" lon="69.545875283">
        <ele>508.962</ele>
        <time>2025-06-05T08:02:12.000Z</time>
      </trkpt>
      <trkpt lat="42.210773967" lon="69.518352986">
        <ele>462.214</ele>
        <time>2025-06-05T08:07:34.000Z</time>
      </trkpt>
      <trkpt lat="42.157896501" lon="69.486134453">
        <ele>503.56</ele>
        <time>2025-06-05T08:17:14.000Z</time>
      </trkpt>
      <trkpt lat="42.014455693" lon="69.471280966">
        <ele>705.283</ele>
        <time>2025-06-05T08:30:18.000Z</time>
      </trkpt>
      <trkpt lat="41.93640124" lon="69.485767395">
        <ele>710.292</ele>
        <time>2025-06-05T08:39:06.000Z</time>
      </trkpt>
      <trkpt lat="41.829004523" lon="69.401922364">
        <ele>623.328</ele>
        <time>2025-06-05T08:51:24.000Z</time>
      </trkpt>
      <trkpt lat="41.701234533" lon="69.397273958">
        <ele>554.114</ele>
        <time>2025-06-05T09:03:57.000Z</time>
      </trkpt>
      <trkpt lat="41.65698362" lon="69.391935951">
        <ele>545.137</ele>
        <time>2025-06-05T09:18:57.000Z</time>
      </trkpt>
      <trkpt lat="41.657345127" lon="69.392103916">
        <ele>546.442</ele>
        <time>2025-06-05T12:39:45.000Z</time>
      </trkpt>
      <trkpt lat="41.656964261" lon="69.39197085">
        <ele>545.16</ele>
        <time>2025-06-05T12:45:06.000Z</time>
      </trkpt>
      <trkpt lat="41.632405159" lon="69.40017061">
        <ele>551.43</ele>
        <time>2025-06-06T03:07:13.000Z</time>
      </trkpt>
      <trkpt lat="41.574916808" lon="69.408513155">
        <ele>551.841</ele>
        <time>2025-06-06T03:12:16.000Z</time>
      </trkpt>
      <trkpt lat="41.528970359" lon="69.402093256">
        <ele>541.051</ele>
        <time>2025-06-06T03:17:19.000Z</time>
      </trkpt>
      <trkpt lat="41.508014499" lon="69.376284585">
        <ele>549.203</ele>
        <time>2025-06-06T03:22:31.000Z</time>
      </trkpt>
      <trkpt lat="41.498513361" lon="69.350091494">
        <ele>529.457</ele>
        <time>2025-06-06T03:41:01.000Z</time>
      </trkpt>
      <trkpt lat="41.490620879" lon="69.275664931">
        <ele>468.007</ele>
        <time>2025-06-06T03:48:14.000Z</time>
      </trkpt>
      <trkpt lat="41.453620858" lon="69.135560374">
        <ele>416.93</ele>
        <time>2025-06-06T04:04:38.000Z</time>
      </trkpt>
      <trkpt lat="41.422167717" lon="69.09224718">
        <ele>418.714</ele>
        <time>2025-06-06T04:09:44.000Z</time>
      </trkpt>
      <trkpt lat="41.402148474" lon="69.046157307">
        <ele>403.055</ele>
        <time>2025-06-06T04:15:33.000Z</time>
      </trkpt>
      <trkpt lat="41.374292364" lon="69.005056713">
        <ele>371.092</ele>
        <time>2025-06-06T04:21:48.000Z</time>
      </trkpt>
      <trkpt lat="41.353415469" lon="68.969069598">
        <ele>353.296</ele>
        <time>2025-06-06T04:28:50.000Z</time>
      </trkpt>
      <trkpt lat="41.347417729" lon="68.960028352">
        <ele>353.102</ele>
        <time>2025-06-06T04:37:16.000Z</time>
      </trkpt>
      <trkpt lat="41.332949688" lon="68.919023085">
        <ele>353</ele>
        <time>2025-06-06T04:42:50.000Z</time>
      </trkpt>
      <trkpt lat="41.32811361" lon="68.894117195">
        <ele>360.031</ele>
        <time>2025-06-06T04:47:55.000Z</time>
      </trkpt>
      <trkpt lat="41.291411273" lon="68.842016725">
        <ele>348.081</ele>
        <time>2025-06-06T04:52:51.000Z</time>
      </trkpt>
      <trkpt lat="41.087475963" lon="68.682649115">
        <ele>283.067</ele>
        <time>2025-06-06T05:15:47.000Z</time>
      </trkpt>
      <trkpt lat="41.016151494" lon="68.71646266">
        <ele>300.12</ele>
        <time>2025-06-06T05:23:40.000Z</time>
      </trkpt>
      <trkpt lat="40.979980063" lon="68.725465927">
        <ele>267.371</ele>
        <time>2025-06-06T05:29:30.000Z</time>
      </trkpt>
      <trkpt lat="40.974157111" lon="68.727443294">
        <ele>267.027</ele>
        <time>2025-06-06T06:37:31.000Z</time>
      </trkpt>
      <trkpt lat="40.968870311" lon="68.727101572">
        <ele>267.933</ele>
        <time>2025-06-06T08:24:31.000Z</time>
      </trkpt>
      <trkpt lat="40.94991486" lon="68.734158558">
        <ele>274.673</ele>
        <time>2025-06-06T10:47:54.000Z</time>
      </trkpt>
      <trkpt lat="40.910947028" lon="68.7023428">
        <ele>260.744</ele>
        <time>2025-06-06T10:56:07.000Z</time>
      </trkpt>
      <trkpt lat="40.929053588" lon="68.724193519">
        <ele>259.943</ele>
        <time>2025-06-06T11:01:35.000Z</time>
      </trkpt>
      <trkpt lat="40.957784063" lon="68.75842818">
        <ele>278.689</ele>
        <time>2025-06-06T11:06:29.000Z</time>
      </trkpt>
      <trkpt lat="41.001806252" lon="68.823617969">
        <ele>311.515</ele>
        <time>2025-06-06T11:12:20.000Z</time>
      </trkpt>
      <trkpt lat="41.038234416" lon="68.878259305">
        <ele>340.644</ele>
        <time>2025-06-06T11:17:47.000Z</time>
      </trkpt>
      <trkpt lat="41.072467898" lon="68.926950911">
        <ele>328.116</ele>
        <time>2025-06-06T11:23:03.000Z</time>
      </trkpt>
      <trkpt lat="41.104596332" lon="68.972755876">
        <ele>350.547</ele>
        <time>2025-06-06T11:28:07.000Z</time>
      </trkpt>
      <trkpt lat="41.135246632" lon="69.015267885">
        <ele>358.923</ele>
        <time>2025-06-06T11:33:13.000Z</time>
      </trkpt>
      <trkpt lat="41.16357477" lon="69.05543186">
        <ele>360.613</ele>
        <time>2025-06-06T11:38:26.000Z</time>
      </trkpt>
      <trkpt lat="41.192842854" lon="69.097098549">
        <ele>365.575</ele>
        <time>2025-06-06T11:43:31.000Z</time>
      </trkpt>
      <trkpt lat="41.223242968" lon="69.140382794">
        <ele>408.367</ele>
        <time>2025-06-06T11:49:10.000Z</time>
      </trkpt>
      <trkpt lat="41.250125898" lon="69.182965611">
        <ele>424.324</ele>
        <time>2025-06-06T11:55:14.000Z</time>
      </trkpt>
      <trkpt lat="41.276472314" lon="69.206417513">
        <ele>439.539</ele>
        <time>2025-06-06T12:00:24.000Z</time>
      </trkpt>
      <trkpt lat="41.307760049" lon="69.238339136">
        <ele>446.107</ele>
        <time>2025-06-06T12:06:03.000Z</time>
      </trkpt>
      <trkpt lat="41.345026697" lon="69.258593799">
        <ele>452.938</ele>
        <time>2025-06-06T12:12:45.000Z</time>
      </trkpt>
      <trkpt lat="41.361380435" lon="69.281517038">
        <ele>465.506</ele>
        <time>2025-06-06T12:17:43.000Z</time>
      </trkpt>
      <trkpt lat="41.356251051" lon="69.309487984">
        <ele>496.922</ele>
        <time>2025-06-06T12:23:16.000Z</time>
      </trkpt>
      <trkpt lat="41.355006108" lon="69.334214386">
        <ele>474.124</ele>
        <time>2025-06-06T12:28:21.000Z</time>
      </trkpt>
      <trkpt lat="41.356505184" lon="69.378650655">
        <ele>517.684</ele>
        <time>2025-06-06T12:37:18.000Z</time>
      </trkpt>
      <trkpt lat="41.367702164" lon="69.415740168">
        <ele>511.244</ele>
        <time>2025-06-06T12:44:18.000Z</time>
      </trkpt>
      <trkpt lat="41.3499167" lon="69.432244347">
        <ele>499.955</ele>
        <time>2025-06-06T12:50:22.000Z</time>
      </trkpt>
      <trkpt lat="41.355974171" lon="69.437506676">
        <ele>501.976</ele>
        <time>2025-06-06T13:03:40.000Z</time>
      </trkpt>
      <trkpt lat="41.355814836" lon="69.437526455">
        <ele>501.838</ele>
        <time>2025-06-06T13:03:43.000Z</time>
      </trkpt>
      <trkpt lat="41.356034915" lon="69.43794918">
        <ele>501</ele>
        <time>2025-06-07T04:26:18.000Z</time>
      </trkpt>
      <trkpt lat="41.355954111" lon="69.437319787">
        <ele>502.649</ele>
        <time>2025-06-07T04:38:33.000Z</time>
      </trkpt>
      <trkpt lat="41.356068556" lon="69.437938845">
        <ele>501</ele>
        <time>2025-06-07T04:39:00.000Z</time>
      </trkpt>
      <trkpt lat="41.355818246" lon="69.437236623">
        <ele>502.842</ele>
        <time>2025-06-08T03:32:30.000Z</time>
      </trkpt>
      <trkpt lat="41.356074261" lon="69.437936198">
        <ele>501</ele>
        <time>2025-06-08T05:25:00.000Z</time>
      </trkpt>
      <trkpt lat="41.352031429" lon="69.431311941">
        <ele>503.497</ele>
        <time>2025-06-10T02:40:10.000Z</time>
      </trkpt>
      <trkpt lat="41.331819757" lon="69.422715087">
        <ele>491.324</ele>
        <time>2025-06-10T02:46:14.000Z</time>
      </trkpt>
      <trkpt lat="41.326479437" lon="69.426451873">
        <ele>489</ele>
        <time>2025-06-10T02:51:19.000Z</time>
      </trkpt>
      <trkpt lat="41.31568662" lon="69.376076164">
        <ele>469.472</ele>
        <time>2025-06-10T02:56:28.000Z</time>
      </trkpt>
      <trkpt lat="41.305020776" lon="69.326283743">
        <ele>454.046</ele>
        <time>2025-06-10T03:02:07.000Z</time>
      </trkpt>
      <trkpt lat="41.301563649" lon="69.296875878">
        <ele>444.403</ele>
        <time>2025-06-10T03:07:52.000Z</time>
      </trkpt>
      <trkpt lat="41.277010613" lon="69.308613287">
        <ele>443.008</ele>
        <time>2025-06-10T03:15:04.000Z</time>
      </trkpt>
      <trkpt lat="41.251402006" lon="69.323202059">
        <ele>434.6</ele>
        <time>2025-06-10T03:20:44.000Z</time>
      </trkpt>
      <trkpt lat="41.216067681" lon="69.334534491">
        <ele>421.844</ele>
        <time>2025-06-10T03:29:09.000Z</time>
      </trkpt>
      <trkpt lat="41.192940056" lon="69.330970233">
        <ele>414.507</ele>
        <time>2025-06-10T03:34:13.000Z</time>
      </trkpt>
      <trkpt lat="41.154494934" lon="69.323131536">
        <ele>399.776</ele>
        <time>2025-06-10T03:39:53.000Z</time>
      </trkpt>
      <trkpt lat="41.084827613" lon="69.326367918">
        <ele>380.455</ele>
        <time>2025-06-10T03:52:15.000Z</time>
      </trkpt>
      <trkpt lat="41.016779843" lon="69.312297693">
        <ele>378.407</ele>
        <time>2025-06-10T04:02:21.000Z</time>
      </trkpt>
      <trkpt lat="40.980556494" lon="69.28775332">
        <ele>392.726</ele>
        <time>2025-06-10T04:08:03.000Z</time>
      </trkpt>
      <trkpt lat="40.938172362" lon="69.266048306">
        <ele>398.159</ele>
        <time>2025-06-10T04:13:04.000Z</time>
      </trkpt>
      <trkpt lat="40.869728322" lon="69.277220126">
        <ele>398.03</ele>
        <time>2025-06-10T04:22:47.000Z</time>
      </trkpt>
      <trkpt lat="40.816374968" lon="69.204512317">
        <ele>345</ele>
        <time>2025-06-10T04:33:08.000Z</time>
      </trkpt>
      <trkpt lat="40.801843394" lon="69.208176301">
        <ele>341.364</ele>
        <time>2025-06-10T04:49:21.000Z</time>
      </trkpt>
      <trkpt lat="40.769338855" lon="69.162645377">
        <ele>322.143</ele>
        <time>2025-06-10T05:20:31.000Z</time>
      </trkpt>
      <trkpt lat="40.715307299" lon="69.064044851">
        <ele>291.392</ele>
        <time>2025-06-10T05:29:16.000Z</time>
      </trkpt>
      <trkpt lat="40.689999783" lon="68.962691641">
        <ele>278.38</ele>
        <time>2025-06-10T05:37:32.000Z</time>
      </trkpt>
      <trkpt lat="40.61971939" lon="68.847692738">
        <ele>270</ele>
        <time>2025-06-10T05:56:32.000Z</time>
      </trkpt>
      <trkpt lat="40.626542426" lon="68.731889024">
        <ele>267.553</ele>
        <time>2025-06-10T06:11:45.000Z</time>
      </trkpt>
      <trkpt lat="40.609393584" lon="68.729270017">
        <ele>271.298</ele>
        <time>2025-06-10T06:16:58.000Z</time>
      </trkpt>
      <trkpt lat="40.556106421" lon="68.745718549">
        <ele>274.034</ele>
        <time>2025-06-10T06:27:15.000Z</time>
      </trkpt>
      <trkpt lat="40.502356711" lon="68.762160513">
        <ele>274.892</ele>
        <time>2025-06-10T06:35:17.000Z</time>
      </trkpt>
      <trkpt lat="40.367070266" lon="68.800548117">
        <ele>269.429</ele>
        <time>2025-06-10T06:51:40.000Z</time>
      </trkpt>
      <trkpt lat="40.323095365" lon="68.813820584">
        <ele>281</ele>
        <time>2025-06-10T06:56:56.000Z</time>
      </trkpt>
      <trkpt lat="40.287338741" lon="68.824559328">
        <ele>308.593</ele>
        <time>2025-06-10T07:02:07.000Z</time>
      </trkpt>
      <trkpt lat="40.237307609" lon="68.839535583">
        <ele>343.672</ele>
        <time>2025-06-10T07:10:02.000Z</time>
      </trkpt>
      <trkpt lat="40.206149818" lon="68.772233406">
        <ele>356.901</ele>
        <time>2025-06-10T07:17:53.000Z</time>
      </trkpt>
      <trkpt lat="40.181255308" lon="68.669130402">
        <ele>364.451</ele>
        <time>2025-06-10T07:33:10.000Z</time>
      </trkpt>
      <trkpt lat="40.154843008" lon="68.555187934">
        <ele>377.677</ele>
        <time>2025-06-10T08:02:53.000Z</time>
      </trkpt>
      <trkpt lat="40.173442786" lon="68.636604236">
        <ele>366.394</ele>
        <time>2025-06-10T08:07:53.000Z</time>
      </trkpt>
      <trkpt lat="40.147669539" lon="68.524129075">
        <ele>383.915</ele>
        <time>2025-06-10T08:16:30.000Z</time>
      </trkpt>
      <trkpt lat="40.134661901" lon="68.468988324">
        <ele>393</ele>
        <time>2025-06-10T08:22:15.000Z</time>
      </trkpt>
      <trkpt lat="40.10480355" lon="68.343906105">
        <ele>417.769</ele>
        <time>2025-06-10T08:35:44.000Z</time>
      </trkpt>
      <trkpt lat="40.094539634" lon="68.299858569">
        <ele>417.315</ele>
        <time>2025-06-10T08:41:17.000Z</time>
      </trkpt>
      <trkpt lat="40.091573986" lon="68.108601521">
        <ele>379.988</ele>
        <time>2025-06-10T08:58:48.000Z</time>
      </trkpt>
      <trkpt lat="40.095589533" lon="67.964079157">
        <ele>365.601</ele>
        <time>2025-06-10T09:10:26.000Z</time>
      </trkpt>
      <trkpt lat="40.062102021" lon="67.834691755">
        <ele>430.385</ele>
        <time>2025-06-10T09:27:27.000Z</time>
      </trkpt>
      <trkpt lat="40.055415439" lon="67.812373392">
        <ele>496.261</ele>
        <time>2025-06-10T09:38:12.000Z</time>
      </trkpt>
      <trkpt lat="40.048629762" lon="67.750399467">
        <ele>639.237</ele>
        <time>2025-06-10T10:53:03.000Z</time>
      </trkpt>
      <trkpt lat="40.035333613" lon="67.6285242">
        <ele>545.25</ele>
        <time>2025-06-10T11:05:33.000Z</time>
      </trkpt>
      <trkpt lat="39.982359451" lon="67.57124735">
        <ele>613.742</ele>
        <time>2025-06-10T11:19:01.000Z</time>
      </trkpt>
      <trkpt lat="39.943877427" lon="67.530214192">
        <ele>691.812</ele>
        <time>2025-06-10T11:26:22.000Z</time>
      </trkpt>
      <trkpt lat="39.881452698" lon="67.486119847">
        <ele>774.795</ele>
        <time>2025-06-10T11:36:44.000Z</time>
      </trkpt>
      <trkpt lat="39.85959927" lon="67.501259596">
        <ele>833.259</ele>
        <time>2025-06-10T11:47:59.000Z</time>
      </trkpt>
      <trkpt lat="39.859679782" lon="67.511835489">
        <ele>819.362</ele>
        <time>2025-06-10T12:03:09.000Z</time>
      </trkpt>
      <trkpt lat="39.789890274" lon="67.574505256">
        <ele>868.928</ele>
        <time>2025-06-10T16:23:33.000Z</time>
      </trkpt>
      <trkpt lat="39.859715548" lon="67.51189308">
        <ele>819.771</ele>
        <time>2025-06-10T16:37:29.000Z</time>
      </trkpt>
      <trkpt lat="39.77529144" lon="67.58537292">
        <ele>907.327</ele>
        <time>2025-06-10T16:52:13.000Z</time>
      </trkpt>
      <trkpt lat="39.859725226" lon="67.511896386">
        <ele>819.827</ele>
        <time>2025-06-10T17:08:13.000Z</time>
      </trkpt>
      <trkpt lat="39.886561548" lon="67.490123352">
        <ele>766</ele>
        <time>2025-06-11T01:12:01.000Z</time>
      </trkpt>
      <trkpt lat="39.78822126" lon="67.314457666">
        <ele>758.788</ele>
        <time>2025-06-11T01:33:30.000Z</time>
      </trkpt>
      <trkpt lat="39.741574178" lon="67.191265845">
        <ele>720.963</ele>
        <time>2025-06-11T01:46:52.000Z</time>
      </trkpt>
      <trkpt lat="39.713531006" lon="67.099732382">
        <ele>710.795</ele>
        <time>2025-06-11T01:59:05.000Z</time>
      </trkpt>
      <trkpt lat="39.690607027" lon="67.067697812">
        <ele>701.078</ele>
        <time>2025-06-11T02:11:22.000Z</time>
      </trkpt>
      <trkpt lat="39.683000105" lon="67.050895763">
        <ele>716.817</ele>
        <time>2025-06-11T04:16:49.000Z</time>
      </trkpt>
      <trkpt lat="39.646062031" lon="67.044109963">
        <ele>724</ele>
        <time>2025-06-11T04:23:52.000Z</time>
      </trkpt>
      <trkpt lat="39.650951704" lon="67.045786904">
        <ele>711.071</ele>
        <time>2025-06-11T04:31:09.000Z</time>
      </trkpt>
      <trkpt lat="39.658065126" lon="67.035141829">
        <ele>716.476</ele>
        <time>2025-06-11T06:58:13.000Z</time>
      </trkpt>
      <trkpt lat="39.675233459" lon="67.002565446">
        <ele>697.114</ele>
        <time>2025-06-11T07:08:32.000Z</time>
      </trkpt>
      <trkpt lat="39.664399892" lon="66.985921129">
        <ele>707.481</ele>
        <time>2025-06-11T07:20:11.000Z</time>
      </trkpt>
      <trkpt lat="39.666547738" lon="66.991104148">
        <ele>696.558</ele>
        <time>2025-06-13T02:10:49.000Z</time>
      </trkpt>
      <trkpt lat="39.675952361" lon="67.008078069">
        <ele>708.475</ele>
        <time>2025-06-13T02:16:30.000Z</time>
      </trkpt>
      <trkpt lat="39.637185596" lon="67.041190881">
        <ele>729.153</ele>
        <time>2025-06-13T02:28:26.000Z</time>
      </trkpt>
      <trkpt lat="39.603742794" lon="67.091767761">
        <ele>740.819</ele>
        <time>2025-06-13T02:40:04.000Z</time>
      </trkpt>
      <trkpt lat="39.572277765" lon="67.178569222">
        <ele>775.37</ele>
        <time>2025-06-13T02:51:43.000Z</time>
      </trkpt>
      <trkpt lat="39.561524496" lon="67.21887171">
        <ele>786.924</ele>
        <time>2025-06-13T02:56:49.000Z</time>
      </trkpt>
      <trkpt lat="39.537525647" lon="67.310832264">
        <ele>827.816</ele>
        <time>2025-06-13T03:08:04.000Z</time>
      </trkpt>
      <trkpt lat="39.521111869" lon="67.386426553">
        <ele>882.997</ele>
        <time>2025-06-13T03:21:06.000Z</time>
      </trkpt>
      <trkpt lat="39.519085971" lon="67.395140806">
        <ele>893.286</ele>
        <time>2025-06-13T03:36:55.000Z</time>
      </trkpt>
      <trkpt lat="39.517636439" lon="67.401221199">
        <ele>898.113</ele>
        <time>2025-06-13T04:47:19.000Z</time>
      </trkpt>
      <trkpt lat="39.517605365" lon="67.402182993">
        <ele>898.479</ele>
        <time>2025-06-13T04:54:05.000Z</time>
      </trkpt>
      <trkpt lat="39.477853709" lon="67.547469707">
        <ele>1001.218</ele>
        <time>2025-06-13T06:13:05.000Z</time>
      </trkpt>
      <trkpt lat="39.493810826" lon="67.617842907">
        <ele>992.281</ele>
        <time>2025-06-13T06:26:09.000Z</time>
      </trkpt>
      <trkpt lat="39.496043971" lon="67.654296519">
        <ele>1004.291</ele>
        <time>2025-06-13T06:41:07.000Z</time>
      </trkpt>
      <trkpt lat="39.490363449" lon="67.702509161">
        <ele>1022.91</ele>
        <time>2025-06-13T07:47:03.000Z</time>
      </trkpt>
      <trkpt lat="39.477896829" lon="67.799339806">
        <ele>1114.787</ele>
        <time>2025-06-13T07:58:05.000Z</time>
      </trkpt>
      <trkpt lat="39.445496597" lon="67.913573881">
        <ele>1152.453</ele>
        <time>2025-06-13T08:10:56.000Z</time>
      </trkpt>
      <trkpt lat="39.471537573" lon="68.034003782">
        <ele>1145.068</ele>
        <time>2025-06-13T08:24:32.000Z</time>
      </trkpt>
      <trkpt lat="39.450141393" lon="68.169379804">
        <ele>1254.728</ele>
        <time>2025-06-13T08:39:36.000Z</time>
      </trkpt>
      <trkpt lat="39.435413587" lon="68.270315749">
        <ele>1283.162</ele>
        <time>2025-06-13T08:51:25.000Z</time>
      </trkpt>
      <trkpt lat="39.452102747" lon="68.35972714">
        <ele>1337.386</ele>
        <time>2025-06-13T09:02:47.000Z</time>
      </trkpt>
      <trkpt lat="39.453437676" lon="68.440098162">
        <ele>1401.543</ele>
        <time>2025-06-13T09:16:21.000Z</time>
      </trkpt>
      <trkpt lat="39.436383695" lon="68.460204442">
        <ele>1393.837</ele>
        <time>2025-06-13T09:21:21.000Z</time>
      </trkpt>
      <trkpt lat="39.412861895" lon="68.508829856">
        <ele>1435.762</ele>
        <time>2025-06-13T09:34:25.000Z</time>
      </trkpt>
      <trkpt lat="39.383681478" lon="68.559311921">
        <ele>1449.088</ele>
        <time>2025-06-13T09:46:40.000Z</time>
      </trkpt>
      <trkpt lat="39.361784501" lon="68.557839483">
        <ele>1466.286</ele>
        <time>2025-06-13T09:51:51.000Z</time>
      </trkpt>
      <trkpt lat="39.274767791" lon="68.545947955">
        <ele>1582.682</ele>
        <time>2025-06-13T10:06:34.000Z</time>
      </trkpt>
      <trkpt lat="39.22304798" lon="68.528015102">
        <ele>1647.232</ele>
        <time>2025-06-13T10:21:17.000Z</time>
      </trkpt>
      <trkpt lat="39.218432251" lon="68.521684427">
        <ele>1655.233</ele>
        <time>2025-06-13T10:36:02.000Z</time>
      </trkpt>
      <trkpt lat="39.184353314" lon="68.532128792">
        <ele>1682.182</ele>
        <time>2025-06-13T11:01:51.000Z</time>
      </trkpt>
      <trkpt lat="39.143233925" lon="68.476236994">
        <ele>1797.415</ele>
        <time>2025-06-13T11:17:40.000Z</time>
      </trkpt>
      <trkpt lat="39.120072427" lon="68.420268225">
        <ele>1908.413</ele>
        <time>2025-06-13T11:32:26.000Z</time>
      </trkpt>
      <trkpt lat="39.094562684" lon="68.39936438">
        <ele>2179.851</ele>
        <time>2025-06-13T11:47:13.000Z</time>
      </trkpt>
      <trkpt lat="39.081863263" lon="68.374091936">
        <ele>2200.101</ele>
        <time>2025-06-13T12:00:43.000Z</time>
      </trkpt>
      <trkpt lat="39.078493122" lon="68.359306782">
        <ele>2221.507</ele>
        <time>2025-06-13T12:15:42.000Z</time>
      </trkpt>
      <trkpt lat="39.05730264" lon="68.349253711">
        <ele>2200.397</ele>
        <time>2025-06-13T12:28:47.000Z</time>
      </trkpt>
      <trkpt lat="39.057980848" lon="68.350586093">
        <ele>2199.667</ele>
        <time>2025-06-13T18:07:50.000Z</time>
      </trkpt>
      <trkpt lat="39.058023461" lon="68.350623294">
        <ele>2199.075</ele>
        <time>2025-06-13T20:15:02.000Z</time>
      </trkpt>
      <trkpt lat="39.057849836" lon="68.35064483">
        <ele>2200.662</ele>
        <time>2025-06-13T20:50:08.000Z</time>
      </trkpt>
      <trkpt lat="39.057956766" lon="68.350598509">
        <ele>2199.857</ele>
        <time>2025-06-13T21:21:11.000Z</time>
      </trkpt>
      <trkpt lat="39.057982963" lon="68.350617107">
        <ele>2199.505</ele>
        <time>2025-06-13T22:20:41.000Z</time>
      </trkpt>
      <trkpt lat="39.05801815" lon="68.350547235">
        <ele>2199.46</ele>
        <time>2025-06-13T23:02:40.000Z</time>
      </trkpt>
      <trkpt lat="39.058026509" lon="68.350560971">
        <ele>2199.292</ele>
        <time>2025-06-14T01:30:09.000Z</time>
      </trkpt>
      <trkpt lat="39.057998312" lon="68.35063541">
        <ele>2199.272</ele>
        <time>2025-06-14T01:57:47.000Z</time>
      </trkpt>
      <trkpt lat="39.057922426" lon="68.350640103">
        <ele>2199.988</ele>
        <time>2025-06-14T02:57:20.000Z</time>
      </trkpt>
      <trkpt lat="39.057983479" lon="68.350548265">
        <ele>2199.824</ele>
        <time>2025-06-14T03:36:08.000Z</time>
      </trkpt>
      <trkpt lat="39.058034485" lon="68.350593207">
        <ele>2199.082</ele>
        <time>2025-06-14T04:19:04.000Z</time>
      </trkpt>
      <trkpt lat="39.058079431" lon="68.350596856">
        <ele>2198.778</ele>
        <time>2025-06-14T06:09:59.000Z</time>
      </trkpt>
      <trkpt lat="39.057988893" lon="68.350542754">
        <ele>2199.801</ele>
        <time>2025-06-14T06:45:00.000Z</time>
      </trkpt>
      <trkpt lat="39.057981265" lon="68.350611151">
        <ele>2199.549</ele>
        <time>2025-06-14T07:42:53.000Z</time>
      </trkpt>
      <trkpt lat="39.058003805" lon="68.350658321">
        <ele>2199.12</ele>
        <time>2025-06-14T08:35:57.000Z</time>
      </trkpt>
      <trkpt lat="39.057926693" lon="68.350513584">
        <ele>2200.624</ele>
        <time>2025-06-14T09:44:22.000Z</time>
      </trkpt>
      <trkpt lat="39.05788095" lon="68.350704596">
        <ele>2200.012</ele>
        <time>2025-06-14T10:11:23.000Z</time>
      </trkpt>
      <trkpt lat="39.057998611" lon="68.350532739">
        <ele>2199.762</ele>
        <time>2025-06-14T10:29:51.000Z</time>
      </trkpt>
      <trkpt lat="39.0472145" lon="68.33701324">
        <ele>2416.018</ele>
        <time>2025-06-14T13:10:08.000Z</time>
      </trkpt>
      <trkpt lat="39.057935863" lon="68.350571143">
        <ele>2200.212</ele>
        <time>2025-06-14T13:16:23.000Z</time>
      </trkpt>
      <trkpt lat="39.04751586" lon="68.33717346">
        <ele>2420.793</ele>
        <time>2025-06-14T13:37:15.000Z</time>
      </trkpt>
      <trkpt lat="39.057811668" lon="68.350705999">
        <ele>2200.617</ele>
        <time>2025-06-14T13:48:42.000Z</time>
      </trkpt>
      <trkpt lat="39.0472145" lon="68.33701324">
        <ele>2416.018</ele>
        <time>2025-06-14T14:34:35.000Z</time>
      </trkpt>
      <trkpt lat="39.057993884" lon="68.3506021">
        <ele>2199.461</ele>
        <time>2025-06-14T14:48:00.000Z</time>
      </trkpt>
      <trkpt lat="39.0472145" lon="68.33701324">
        <ele>2416.018</ele>
        <time>2025-06-14T15:46:22.000Z</time>
      </trkpt>
      <trkpt lat="39.057983424" lon="68.350569321">
        <ele>2199.717</ele>
        <time>2025-06-14T15:58:22.000Z</time>
      </trkpt>
      <trkpt lat="39.0472145" lon="68.33701324">
        <ele>2416.018</ele>
        <time>2025-06-14T17:34:39.000Z</time>
      </trkpt>
      <trkpt lat="39.058027134" lon="68.350629231">
        <ele>2199.015</ele>
        <time>2025-06-14T17:50:00.000Z</time>
      </trkpt>
      <trkpt lat="39.0472145" lon="68.33701324">
        <ele>2416.018</ele>
        <time>2025-06-14T18:14:27.000Z</time>
      </trkpt>
      <trkpt lat="39.058107474" lon="68.35060179">
        <ele>2198.678</ele>
        <time>2025-06-14T18:31:39.000Z</time>
      </trkpt>
      <trkpt lat="39.0472145" lon="68.33701324">
        <ele>2416.018</ele>
        <time>2025-06-14T19:45:21.000Z</time>
      </trkpt>
      <trkpt lat="39.057885114" lon="68.350694273">
        <ele>2200.035</ele>
        <time>2025-06-14T19:59:51.000Z</time>
      </trkpt>
      <trkpt lat="39.0472145" lon="68.33701324">
        <ele>2416.018</ele>
        <time>2025-06-14T20:29:43.000Z</time>
      </trkpt>
      <trkpt lat="39.057960991" lon="68.350543018">
        <ele>2200.096</ele>
        <time>2025-06-14T20:45:56.000Z</time>
      </trkpt>
      <trkpt lat="39.0472145" lon="68.33701324">
        <ele>2416.018</ele>
        <time>2025-06-14T21:00:42.000Z</time>
      </trkpt>
      <trkpt lat="39.058006901" lon="68.350514044">
        <ele>2199.798</ele>
        <time>2025-06-14T21:14:54.000Z</time>
      </trkpt>
      <trkpt lat="39.0472145" lon="68.33701324">
        <ele>2416.018</ele>
        <time>2025-06-14T21:25:37.000Z</time>
      </trkpt>
      <trkpt lat="39.057995047" lon="68.350561449">
        <ele>2199.628</ele>
        <time>2025-06-14T21:43:04.000Z</time>
      </trkpt>
      <trkpt lat="39.0472145" lon="68.33701324">
        <ele>2416.018</ele>
        <time>2025-06-14T21:57:49.000Z</time>
      </trkpt>
      <trkpt lat="39.058015328" lon="68.350546645">
        <ele>2199.494</ele>
        <time>2025-06-14T22:14:07.000Z</time>
      </trkpt>
      <trkpt lat="39.0472145" lon="68.33701324">
        <ele>2416.018</ele>
        <time>2025-06-14T22:59:24.000Z</time>
      </trkpt>
      <trkpt lat="39.05796409" lon="68.350591371">
        <ele>2199.816</ele>
        <time>2025-06-14T23:15:46.000Z</time>
      </trkpt>
      <trkpt lat="39.0472145" lon="68.33701324">
        <ele>2416.018</ele>
        <time>2025-06-15T00:12:13.000Z</time>
      </trkpt>
      <trkpt lat="39.057992296" lon="68.350547874">
        <ele>2199.732</ele>
        <time>2025-06-15T00:28:26.000Z</time>
      </trkpt>
      <trkpt lat="39.0472145" lon="68.33701324">
        <ele>2416.018</ele>
        <time>2025-06-15T01:21:12.000Z</time>
      </trkpt>
      <trkpt lat="39.057975931" lon="68.350576898">
        <ele>2199.761</ele>
        <time>2025-06-15T01:36:04.000Z</time>
      </trkpt>
      <trkpt lat="39.0472145" lon="68.33701324">
        <ele>2416.018</ele>
        <time>2025-06-15T02:01:58.000Z</time>
      </trkpt>
      <trkpt lat="39.057995207" lon="68.35066569">
        <ele>2199.169</ele>
        <time>2025-06-15T02:13:24.000Z</time>
      </trkpt>
      <trkpt lat="39.0472145" lon="68.33701324">
        <ele>2416.018</ele>
        <time>2025-06-15T02:56:11.000Z</time>
      </trkpt>
      <trkpt lat="39.057998457" lon="68.350549906">
        <ele>2199.653</ele>
        <time>2025-06-15T02:59:24.000Z</time>
      </trkpt>
      <trkpt lat="39.057632428" lon="68.350600803">
        <ele>2202.806</ele>
        <time>2025-06-15T03:20:29.000Z</time>
      </trkpt>
      <trkpt lat="39.058014946" lon="68.350546584">
        <ele>2199.498</ele>
        <time>2025-06-15T03:30:36.000Z</time>
      </trkpt>
      <trkpt lat="39.050000004" lon="68.340503576">
        <ele>2533.497</ele>
        <time>2025-06-15T03:36:19.000Z</time>
      </trkpt>
      <trkpt lat="39.058051691" lon="68.350497567">
        <ele>2199.456</ele>
        <time>2025-06-15T03:51:43.000Z</time>
      </trkpt>
      <trkpt lat="39.0472145" lon="68.33701324">
        <ele>2416.018</ele>
        <time>2025-06-15T04:40:26.000Z</time>
      </trkpt>
      <trkpt lat="39.057958213" lon="68.350603144">
        <ele>2199.82</ele>
        <time>2025-06-15T04:47:34.000Z</time>
      </trkpt>
      <trkpt lat="39.056301921" lon="68.346525916">
        <ele>2203.497</ele>
        <time>2025-06-15T05:04:05.000Z</time>
      </trkpt>
      <trkpt lat="39.064458744" lon="68.351017647">
        <ele>2222.705</ele>
        <time>2025-06-15T05:10:24.000Z</time>
      </trkpt>
      <trkpt lat="39.085599054" lon="68.367907266">
        <ele>2208.634</ele>
        <time>2025-06-15T05:25:47.000Z</time>
      </trkpt>
      <trkpt lat="39.081961624" lon="68.374299472">
        <ele>2196.398</ele>
        <time>2025-06-15T06:46:51.000Z</time>
      </trkpt>
      <trkpt lat="39.092779035" lon="68.399979643">
        <ele>2255.794</ele>
        <time>2025-06-15T07:30:59.000Z</time>
      </trkpt>
      <trkpt lat="39.100356717" lon="68.404928707">
        <ele>2051.628</ele>
        <time>2025-06-15T07:37:56.000Z</time>
      </trkpt>
      <trkpt lat="39.125574636" lon="68.432159079">
        <ele>1865.11</ele>
        <time>2025-06-15T07:46:49.000Z</time>
      </trkpt>
      <trkpt lat="39.140714346" lon="68.469271753">
        <ele>1805.627</ele>
        <time>2025-06-15T08:00:06.000Z</time>
      </trkpt>
      <trkpt lat="39.148979341" lon="68.482799605">
        <ele>1757.741</ele>
        <time>2025-06-15T08:13:33.000Z</time>
      </trkpt>
      <trkpt lat="39.179952863" lon="68.523285119">
        <ele>1693.347</ele>
        <time>2025-06-15T08:26:45.000Z</time>
      </trkpt>
      <trkpt lat="39.186331141" lon="68.538172706">
        <ele>1670.202</ele>
        <time>2025-06-15T08:38:07.000Z</time>
      </trkpt>
      <trkpt lat="39.187917849" lon="68.542716717">
        <ele>1676.397</ele>
        <time>2025-06-15T08:51:37.000Z</time>
      </trkpt>
      <trkpt lat="39.186464385" lon="68.582227835">
        <ele>1706.01</ele>
        <time>2025-06-15T08:56:39.000Z</time>
      </trkpt>
      <trkpt lat="39.193909893" lon="68.633768476">
        <ele>1988.543</ele>
        <time>2025-06-15T09:09:20.000Z</time>
      </trkpt>
      <trkpt lat="39.156072759" lon="68.648917012">
        <ele>2362.943</ele>
        <time>2025-06-15T09:24:30.000Z</time>
      </trkpt>
      <trkpt lat="39.06102166" lon="68.706736732">
        <ele>2573.457</ele>
        <time>2025-06-15T09:47:20.000Z</time>
      </trkpt>
      <trkpt lat="39.057630673" lon="68.729826422">
        <ele>2384.477</ele>
        <time>2025-06-15T09:53:57.000Z</time>
      </trkpt>
      <trkpt lat="39.015534358" lon="68.770896035">
        <ele>2662.758</ele>
        <time>2025-06-15T10:05:29.000Z</time>
      </trkpt>
      <trkpt lat="38.921329247" lon="68.808693896">
        <ele>1528.606</ele>
        <time>2025-06-15T10:20:50.000Z</time>
      </trkpt>
      <trkpt lat="38.867677524" lon="68.835720022">
        <ele>1315.878</ele>
        <time>2025-06-15T10:34:58.000Z</time>
      </trkpt>
      <trkpt lat="38.793495403" lon="68.824406883">
        <ele>1147.417</ele>
        <time>2025-06-15T10:46:03.000Z</time>
      </trkpt>
      <trkpt lat="38.752572983" lon="68.815409749">
        <ele>1060.338</ele>
        <time>2025-06-15T10:52:07.000Z</time>
      </trkpt>
      <trkpt lat="38.684072304" lon="68.791140821">
        <ele>967.517</ele>
        <time>2025-06-15T11:03:14.000Z</time>
      </trkpt>
      <trkpt lat="38.650840824" lon="68.767925799">
        <ele>926.056</ele>
        <time>2025-06-15T11:16:06.000Z</time>
      </trkpt>
      <trkpt lat="38.616311582" lon="68.783267288">
        <ele>907.934</ele>
        <time>2025-06-15T11:21:11.000Z</time>
      </trkpt>
      <trkpt lat="38.573675557" lon="68.786236813">
        <ele>833.695</ele>
        <time>2025-06-15T11:31:05.000Z</time>
      </trkpt>
      <trkpt lat="38.567833202" lon="68.772767102">
        <ele>804</ele>
        <time>2025-06-15T11:43:53.000Z</time>
      </trkpt>
      <trkpt lat="38.583129379" lon="68.777257958">
        <ele>822.768</ele>
        <time>2025-06-17T02:53:37.000Z</time>
      </trkpt>
      <trkpt lat="38.584653544" lon="68.754592706">
        <ele>836</ele>
        <time>2025-06-17T02:58:43.000Z</time>
      </trkpt>
      <trkpt lat="38.57909584" lon="68.732354511">
        <ele>826.134</ele>
        <time>2025-06-17T03:10:21.000Z</time>
      </trkpt>
      <trkpt lat="38.583049835" lon="68.740491076">
        <ele>834.964</ele>
        <time>2025-06-17T09:22:31.000Z</time>
      </trkpt>
      <trkpt lat="38.557913555" lon="68.761896277">
        <ele>789.915</ele>
        <time>2025-06-17T09:34:10.000Z</time>
      </trkpt>
      <trkpt lat="38.560031611" lon="68.770502644">
        <ele>791.077</ele>
        <time>2025-06-17T09:40:41.000Z</time>
      </trkpt>
      <trkpt lat="38.562904925" lon="68.795677036">
        <ele>822</ele>
        <time>2025-06-17T09:47:05.000Z</time>
      </trkpt>
      <trkpt lat="38.563379184" lon="68.807251761">
        <ele>823.835</ele>
        <time>2025-06-17T09:52:10.000Z</time>
      </trkpt>
      <trkpt lat="38.566743654" lon="68.815066367">
        <ele>827.277</ele>
        <time>2025-06-17T09:57:09.000Z</time>
      </trkpt>
      <trkpt lat="38.574018053" lon="68.802891544">
        <ele>847.655</ele>
        <time>2025-06-17T10:07:32.000Z</time>
      </trkpt>
      <trkpt lat="38.580152211" lon="68.803097019">
        <ele>863.63</ele>
        <time>2025-06-17T10:19:18.000Z</time>
      </trkpt>
      <trkpt lat="38.579170861" lon="68.810836276">
        <ele>930.968</ele>
        <time>2025-06-17T10:32:56.000Z</time>
      </trkpt>
      <trkpt lat="38.578817644" lon="68.796859123">
        <ele>855.436</ele>
        <time>2025-06-18T06:01:42.000Z</time>
      </trkpt>
      <trkpt lat="38.579589644" lon="68.786723785">
        <ele>846.045</ele>
        <time>2025-06-18T06:13:25.000Z</time>
      </trkpt>
      <trkpt lat="38.594924645" lon="68.777416293">
        <ele>830</ele>
        <time>2025-06-18T06:23:42.000Z</time>
      </trkpt>
      <trkpt lat="38.559820061" lon="68.770155134">
        <ele>793.451</ele>
        <time>2025-06-18T06:56:05.000Z</time>
      </trkpt>
      <trkpt lat="38.563061385" lon="68.797010835">
        <ele>826.766</ele>
        <time>2025-06-18T07:07:43.000Z</time>
      </trkpt>
      <trkpt lat="38.557026027" lon="68.834319201">
        <ele>809.455</ele>
        <time>2025-06-18T07:18:27.000Z</time>
      </trkpt>
      <trkpt lat="38.553211395" lon="68.90368433">
        <ele>803.561</ele>
        <time>2025-06-18T07:29:49.000Z</time>
      </trkpt>
      <trkpt lat="38.554952737" lon="68.931030091">
        <ele>845.538</ele>
        <time>2025-06-18T07:38:35.000Z</time>
      </trkpt>
      <trkpt lat="38.555703666" lon="68.940618318">
        <ele>841.654</ele>
        <time>2025-06-18T07:52:09.000Z</time>
      </trkpt>
      <trkpt lat="38.556372291" lon="69.009577241">
        <ele>868.522</ele>
        <time>2025-06-18T07:59:33.000Z</time>
      </trkpt>
      <trkpt lat="38.555642616" lon="69.010688409">
        <ele>868</ele>
        <time>2025-06-18T08:07:23.000Z</time>
      </trkpt>
      <trkpt lat="38.541099709" lon="69.019336207">
        <ele>869.61</ele>
        <time>2025-06-18T08:12:41.000Z</time>
      </trkpt>
      <trkpt lat="38.502480928" lon="69.131752951">
        <ele>1134.6</ele>
        <time>2025-06-18T08:26:04.000Z</time>
      </trkpt>
      <trkpt lat="38.429241016" lon="69.211455955">
        <ele>984.475</ele>
        <time>2025-06-18T08:40:12.000Z</time>
      </trkpt>
      <trkpt lat="38.405153816" lon="69.24316619">
        <ele>684.546</ele>
        <time>2025-06-18T08:45:48.000Z</time>
      </trkpt>
      <trkpt lat="38.395557348" lon="69.238975514">
        <ele>642.323</ele>
        <time>2025-06-18T08:56:35.000Z</time>
      </trkpt>
      <trkpt lat="38.368605514" lon="69.240453343">
        <ele>859.45</ele>
        <time>2025-06-18T09:01:39.000Z</time>
      </trkpt>
      <trkpt lat="38.31332962" lon="69.260228081">
        <ele>1233.248</ele>
        <time>2025-06-18T09:12:15.000Z</time>
      </trkpt>
      <trkpt lat="38.276252858" lon="69.260934759">
        <ele>1206.016</ele>
        <time>2025-06-18T09:18:18.000Z</time>
      </trkpt>
      <trkpt lat="38.265106378" lon="69.294288327">
        <ele>997.349</ele>
        <time>2025-06-18T09:27:22.000Z</time>
      </trkpt>
      <trkpt lat="38.277669734" lon="69.305326995">
        <ele>988.108</ele>
        <time>2025-06-18T09:41:29.000Z</time>
      </trkpt>
      <trkpt lat="38.277856393" lon="69.306011479">
        <ele>981.529</ele>
        <time>2025-06-18T13:03:34.000Z</time>
      </trkpt>
      <trkpt lat="38.00324249" lon="69.322052">
        <ele>610.267</ele>
        <time>2025-06-18T14:08:25.000Z</time>
      </trkpt>
      <trkpt lat="38.277733983" lon="69.30608212">
        <ele>982.19</ele>
        <time>2025-06-18T14:22:27.000Z</time>
      </trkpt>
      <trkpt lat="38.00324249" lon="69.322052">
        <ele>610.267</ele>
        <time>2025-06-18T14:33:51.000Z</time>
      </trkpt>
      <trkpt lat="38.277877646" lon="69.30605623">
        <ele>980.112</ele>
        <time>2025-06-18T14:45:46.000Z</time>
      </trkpt>
      <trkpt lat="38.00324249" lon="69.322052">
        <ele>610.267</ele>
        <time>2025-06-18T15:17:18.000Z</time>
      </trkpt>
      <trkpt lat="38.277875595" lon="69.305955218">
        <ele>981.989</ele>
        <time>2025-06-18T15:30:53.000Z</time>
      </trkpt>
      <trkpt lat="38.00324249" lon="69.322052">
        <ele>610.267</ele>
        <time>2025-06-18T15:42:28.000Z</time>
      </trkpt>
      <trkpt lat="38.277861513" lon="69.306068039">
        <ele>980.364</ele>
        <time>2025-06-18T15:59:42.000Z</time>
      </trkpt>
      <trkpt lat="38.00324249" lon="69.322052">
        <ele>610.267</ele>
        <time>2025-06-18T16:14:05.000Z</time>
      </trkpt>
      <trkpt lat="38.277838513" lon="69.306017962">
        <ele>981.928</ele>
        <time>2025-06-18T16:19:05.000Z</time>
      </trkpt>
      <trkpt lat="38.00324249" lon="69.322052">
        <ele>610.267</ele>
        <time>2025-06-18T16:46:53.000Z</time>
      </trkpt>
      <trkpt lat="38.277848402" lon="69.305949327">
        <ele>982.878</ele>
        <time>2025-06-18T17:00:05.000Z</time>
      </trkpt>
      <trkpt lat="38.00324249" lon="69.322052">
        <ele>610.267</ele>
        <time>2025-06-18T17:41:20.000Z</time>
      </trkpt>
      <trkpt lat="38.277861985" lon="69.305957428">
        <ele>982.341</ele>
        <time>2025-06-18T17:57:44.000Z</time>
      </trkpt>
      <trkpt lat="38.277895426" lon="69.305471783">
        <ele>986.413</ele>
        <time>2025-06-19T00:41:02.000Z</time>
      </trkpt>
      <trkpt lat="38.277910663" lon="69.30594436">
        <ele>981.174</ele>
        <time>2025-06-19T00:55:03.000Z</time>
      </trkpt>
      <trkpt lat="38.00324249" lon="69.322052">
        <ele>610.267</ele>
        <time>2025-06-19T01:07:44.000Z</time>
      </trkpt>
      <trkpt lat="38.277892233" lon="69.30597215">
        <ele>981.205</ele>
        <time>2025-06-19T01:23:56.000Z</time>
      </trkpt>
      <trkpt lat="38.00324249" lon="69.322052">
        <ele>610.267</ele>
        <time>2025-06-19T02:05:59.000Z</time>
      </trkpt>
      <trkpt lat="38.277811303" lon="69.305899755">
        <ele>984.839</ele>
        <time>2025-06-19T02:15:29.000Z</time>
      </trkpt>
      <trkpt lat="38.275136405" lon="69.296943637">
        <ele>928.009</ele>
        <time>2025-06-19T02:55:17.000Z</time>
      </trkpt>
      <trkpt lat="38.242617795" lon="69.283220955">
        <ele>1111.172</ele>
        <time>2025-06-19T03:07:37.000Z</time>
      </trkpt>
      <trkpt lat="38.176572948" lon="69.289267341">
        <ele>1026.808</ele>
        <time>2025-06-19T03:16:04.000Z</time>
      </trkpt>
      <trkpt lat="38.114142385" lon="69.307738498">
        <ele>702</ele>
        <time>2025-06-19T03:23:17.000Z</time>
      </trkpt>
      <trkpt lat="38.032635868" lon="69.359252165">
        <ele>623.978</ele>
        <time>2025-06-19T03:35:11.000Z</time>
      </trkpt>
      <trkpt lat="37.91895027" lon="69.340272014">
        <ele>651.638</ele>
        <time>2025-06-19T03:51:58.000Z</time>
      </trkpt>
      <trkpt lat="37.828529949" lon="69.363074504">
        <ele>752.312</ele>
        <time>2025-06-19T04:06:34.000Z</time>
      </trkpt>
      <trkpt lat="37.735192306" lon="69.449728336">
        <ele>736.077</ele>
        <time>2025-06-19T04:22:30.000Z</time>
      </trkpt>
      <trkpt lat="37.765548443" lon="69.537592717">
        <ele>464.332</ele>
        <time>2025-06-19T04:35:50.000Z</time>
      </trkpt>
      <trkpt lat="37.797791236" lon="69.601888117">
        <ele>474.203</ele>
        <time>2025-06-19T04:49:15.000Z</time>
      </trkpt>
      <trkpt lat="37.804364325" lon="69.646303402">
        <ele>479</ele>
        <time>2025-06-19T05:43:48.000Z</time>
      </trkpt>
      <trkpt lat="37.837907326" lon="69.726108732">
        <ele>523.52</ele>
        <time>2025-06-19T05:56:22.000Z</time>
      </trkpt>
      <trkpt lat="37.896705077" lon="69.772289198">
        <ele>584.208</ele>
        <time>2025-06-19T06:10:05.000Z</time>
      </trkpt>
      <trkpt lat="37.908688286" lon="69.779909519">
        <ele>601.278</ele>
        <time>2025-06-19T06:20:48.000Z</time>
      </trkpt>
      <trkpt lat="37.900138926" lon="69.782513436">
        <ele>604.548</ele>
        <time>2025-06-19T06:30:48.000Z</time>
      </trkpt>
      <trkpt lat="37.913295631" lon="69.828164021">
        <ele>744.39</ele>
        <time>2025-06-19T06:39:54.000Z</time>
      </trkpt>
      <trkpt lat="37.897478069" lon="69.909277571">
        <ele>1076.641</ele>
        <time>2025-06-19T06:55:20.000Z</time>
      </trkpt>
      <trkpt lat="37.877876179" lon="69.976776727">
        <ele>1696.893</ele>
        <time>2025-06-19T07:06:44.000Z</time>
      </trkpt>
      <trkpt lat="37.871761545" lon="69.991475271">
        <ele>1961.059</ele>
        <time>2025-06-19T07:21:05.000Z</time>
      </trkpt>
      <trkpt lat="37.91036987" lon="69.80217742">
        <ele>657.507</ele>
        <time>2025-06-19T07:36:06.000Z</time>
      </trkpt>
      <trkpt lat="37.871989477" lon="69.991324665">
        <ele>1953.646</ele>
        <time>2025-06-19T07:50:38.000Z</time>
      </trkpt>
      <trkpt lat="37.91036987" lon="69.80217742">
        <ele>657.507</ele>
        <time>2025-06-19T08:01:59.000Z</time>
      </trkpt>
      <trkpt lat="37.871809811" lon="69.991379567">
        <ele>1958.172</ele>
        <time>2025-06-19T08:12:31.000Z</time>
      </trkpt>
      <trkpt lat="37.91036987" lon="69.80217742">
        <ele>657.507</ele>
        <time>2025-06-19T08:41:34.000Z</time>
      </trkpt>
      <trkpt lat="37.871962572" lon="69.991337238">
        <ele>1954.396</ele>
        <time>2025-06-19T08:51:58.000Z</time>
      </trkpt>
      <trkpt lat="37.91036987" lon="69.80217742">
        <ele>657.507</ele>
        <time>2025-06-19T09:02:05.000Z</time>
      </trkpt>
      <trkpt lat="37.872003898" lon="69.991361593">
        <ele>1954.284</ele>
        <time>2025-06-19T09:19:51.000Z</time>
      </trkpt>
      <trkpt lat="37.91036987" lon="69.80217742">
        <ele>657.507</ele>
        <time>2025-06-19T09:29:47.000Z</time>
      </trkpt>
      <trkpt lat="37.871738733" lon="69.991321061">
        <ele>1957.813</ele>
        <time>2025-06-19T09:41:08.000Z</time>
      </trkpt>
      <trkpt lat="37.899031239" lon="69.882334912">
        <ele>923.242</ele>
        <time>2025-06-19T09:52:13.000Z</time>
      </trkpt>
      <trkpt lat="37.86552242" lon="70.005209623">
        <ele>1951.573</ele>
        <time>2025-06-19T10:04:13.000Z</time>
      </trkpt>
      <trkpt lat="37.845094422" lon="70.046706144">
        <ele>1984.368</ele>
        <time>2025-06-19T10:20:18.000Z</time>
      </trkpt>
      <trkpt lat="37.808900808" lon="70.16240217">
        <ele>1485.319</ele>
        <time>2025-06-19T10:35:19.000Z</time>
      </trkpt>
      <trkpt lat="37.856587908" lon="70.172466208">
        <ele>915.094</ele>
        <time>2025-06-19T10:50:04.000Z</time>
      </trkpt>
      <trkpt lat="37.95021317" lon="70.184410522">
        <ele>843.454</ele>
        <time>2025-06-19T11:03:38.000Z</time>
      </trkpt>
      <trkpt lat="37.946515281" lon="70.273372165">
        <ele>884.027</ele>
        <time>2025-06-19T11:15:21.000Z</time>
      </trkpt>
      <trkpt lat="37.985970157" lon="70.288628359">
        <ele>912.873</ele>
        <time>2025-06-19T11:27:37.000Z</time>
      </trkpt>
      <trkpt lat="38.002728658" lon="70.329268372">
        <ele>1070.904</ele>
        <time>2025-06-19T11:33:18.000Z</time>
      </trkpt>
      <trkpt lat="38.010872081" lon="70.332798706">
        <ele>1065.495</ele>
        <time>2025-06-19T11:45:21.000Z</time>
      </trkpt>
      <trkpt lat="38.03070068" lon="70.35137939">
        <ele>1179.529</ele>
        <time>2025-06-19T11:56:55.000Z</time>
      </trkpt>
      <trkpt lat="38.010846414" lon="70.332772744">
        <ele>1066.148</ele>
        <time>2025-06-19T12:13:17.000Z</time>
      </trkpt>
      <trkpt lat="38.034075529" lon="70.36201883">
        <ele>1004.469</ele>
        <time>2025-06-19T12:28:06.000Z</time>
      </trkpt>
      <trkpt lat="38.038629268" lon="70.362232891">
        <ele>1025.068</ele>
        <time>2025-06-19T12:38:23.000Z</time>
      </trkpt>
      <trkpt lat="38.040299039" lon="70.363848006">
        <ele>992.753</ele>
        <time>2025-06-19T12:38:26.000Z</time>
      </trkpt>
      <trkpt lat="38.056223572" lon="70.366394747">
        <ele>983.507</ele>
        <time>2025-06-20T02:44:16.000Z</time>
      </trkpt>
      <trkpt lat="38.094145081" lon="70.425255797">
        <ele>1030.477</ele>
        <time>2025-06-20T02:54:09.000Z</time>
      </trkpt>
      <trkpt lat="38.105489066" lon="70.465970946">
        <ele>1047.869</ele>
        <time>2025-06-20T03:00:17.000Z</time>
      </trkpt>
      <trkpt lat="38.185014669" lon="70.514712241">
        <ele>1078.302</ele>
        <time>2025-06-20T03:11:57.000Z</time>
      </trkpt>
      <trkpt lat="38.286162329" lon="70.604176191">
        <ele>1137.783</ele>
        <time>2025-06-20T03:26:51.000Z</time>
      </trkpt>
      <trkpt lat="38.351812384" lon="70.62045476">
        <ele>1147.954</ele>
        <time>2025-06-20T03:37:07.000Z</time>
      </trkpt>
      <trkpt lat="38.390928581" lon="70.67245293">
        <ele>1205.438</ele>
        <time>2025-06-20T03:47:51.000Z</time>
      </trkpt>
      <trkpt lat="38.430436469" lon="70.756787647">
        <ele>1248.946</ele>
        <time>2025-06-20T03:58:32.000Z</time>
      </trkpt>
      <trkpt lat="38.454979425" lon="70.789744863">
        <ele>1260.225</ele>
        <time>2025-06-20T04:05:57.000Z</time>
      </trkpt>
      <trkpt lat="38.449252574" lon="70.818915479">
        <ele>1264.375</ele>
        <time>2025-06-20T04:11:36.000Z</time>
      </trkpt>
      <trkpt lat="38.470432398" lon="70.879641967">
        <ele>1290.429</ele>
        <time>2025-06-20T04:23:44.000Z</time>
      </trkpt>
      <trkpt lat="38.456033198" lon="70.904989293">
        <ele>1316.216</ele>
        <time>2025-06-20T04:28:52.000Z</time>
      </trkpt>
      <trkpt lat="38.439195086" lon="70.909437351">
        <ele>1314.706</ele>
        <time>2025-06-20T04:39:16.000Z</time>
      </trkpt>
      <trkpt lat="38.440011002" lon="70.933035133">
        <ele>1326.472</ele>
        <time>2025-06-20T04:54:00.000Z</time>
      </trkpt>
      <trkpt lat="38.441878804" lon="70.956739029">
        <ele>1341.052</ele>
        <time>2025-06-20T05:07:34.000Z</time>
      </trkpt>
      <trkpt lat="38.462418993" lon="70.950061502">
        <ele>1333.849</ele>
        <time>2025-06-20T05:22:16.000Z</time>
      </trkpt>
      <trkpt lat="38.488095193" lon="70.999091277">
        <ele>1356.545</ele>
        <time>2025-06-20T05:37:01.000Z</time>
      </trkpt>
      <trkpt lat="38.452732631" lon="71.024834218">
        <ele>1651.069</ele>
        <time>2025-06-20T05:43:04.000Z</time>
      </trkpt>
      <trkpt lat="38.449467795" lon="71.030069486">
        <ele>1369.953</ele>
        <time>2025-06-20T05:43:04.000Z</time>
      </trkpt>
      <trkpt lat="38.463363982" lon="71.030438572">
        <ele>1382.883</ele>
        <time>2025-06-20T05:43:06.000Z</time>
      </trkpt>
      <trkpt lat="38.463018824" lon="71.030051768">
        <ele>1367.32</ele>
        <time>2025-06-20T05:43:07.000Z</time>
      </trkpt>
      <trkpt lat="38.46296194" lon="71.030496821">
        <ele>1368.347</ele>
        <time>2025-06-20T05:43:12.000Z</time>
      </trkpt>
      <trkpt lat="38.462846099" lon="71.030899742">
        <ele>1364.757</ele>
        <time>2025-06-20T05:43:19.000Z</time>
      </trkpt>
      <trkpt lat="38.462792368" lon="71.031325787">
        <ele>1365.123</ele>
        <time>2025-06-20T05:43:28.000Z</time>
      </trkpt>
      <trkpt lat="38.462699649" lon="71.03176484">
        <ele>1364.357</ele>
        <time>2025-06-20T05:43:32.000Z</time>
      </trkpt>
      <trkpt lat="38.462486392" lon="71.032179836">
        <ele>1360.54</ele>
        <time>2025-06-20T05:43:36.000Z</time>
      </trkpt>
      <trkpt lat="38.462146159" lon="71.032430378">
        <ele>1361.538</ele>
        <time>2025-06-20T05:43:40.000Z</time>
      </trkpt>
      <trkpt lat="38.461784327" lon="71.032465587">
        <ele>1361.091</ele>
        <time>2025-06-20T05:43:43.000Z</time>
      </trkpt>
      <trkpt lat="38.461458338" lon="71.032399975">
        <ele>1361.86</ele>
        <time>2025-06-20T05:43:46.000Z</time>
      </trkpt>
      <trkpt lat="38.461136594" lon="71.032338095">
        <ele>1360.328</ele>
        <time>2025-06-20T05:43:49.000Z</time>
      </trkpt>
      <trkpt lat="38.460777917" lon="71.032270226">
        <ele>1357.188</ele>
        <time>2025-06-20T05:43:56.000Z</time>
      </trkpt>
      <trkpt lat="38.424909264" lon="71.04426018">
        <ele>1376.627</ele>
        <time>2025-06-20T05:49:36.000Z</time>
      </trkpt>
      <trkpt lat="38.399175454" lon="71.060387942">
        <ele>1426.051</ele>
        <time>2025-06-20T06:04:46.000Z</time>
      </trkpt>
      <trkpt lat="38.399250651" lon="71.06080304">
        <ele>1423.361</ele>
        <time>2025-06-20T06:04:54.000Z</time>
      </trkpt>
      <trkpt lat="38.399359286" lon="71.061223984">
        <ele>1427.139</ele>
        <time>2025-06-20T06:05:02.000Z</time>
      </trkpt>
      <trkpt lat="38.417305955" lon="71.076166884">
        <ele>1438.833</ele>
        <time>2025-06-20T06:20:03.000Z</time>
      </trkpt>
      <trkpt lat="38.42041151" lon="71.097995056">
        <ele>1532.01</ele>
        <time>2025-06-20T07:50:52.000Z</time>
      </trkpt>
      <trkpt lat="38.418485667" lon="71.111358823">
        <ele>1443.813</ele>
        <time>2025-06-20T07:54:14.000Z</time>
      </trkpt>
      <trkpt lat="38.418117111" lon="71.111389541">
        <ele>1445.783</ele>
        <time>2025-06-20T07:54:17.000Z</time>
      </trkpt>
      <trkpt lat="38.417741249" lon="71.111356094">
        <ele>1477.204</ele>
        <time>2025-06-20T07:54:20.000Z</time>
      </trkpt>
      <trkpt lat="38.417385681" lon="71.111221611">
        <ele>1462.218</ele>
        <time>2025-06-20T07:54:23.000Z</time>
      </trkpt>
      <trkpt lat="38.417028787" lon="71.111020228">
        <ele>1449.574</ele>
        <time>2025-06-20T07:54:26.000Z</time>
      </trkpt>
      <trkpt lat="38.416667615" lon="71.110778243">
        <ele>1446.583</ele>
        <time>2025-06-20T07:54:29.000Z</time>
      </trkpt>
      <trkpt lat="38.416317804" lon="71.1104902">
        <ele>1447.289</ele>
        <time>2025-06-20T07:54:32.000Z</time>
      </trkpt>
      <trkpt lat="38.401358748" lon="71.141143031">
        <ele>1543.176</ele>
        <time>2025-06-20T07:58:37.000Z</time>
      </trkpt>
      <trkpt lat="38.403759401" lon="71.14135532">
        <ele>1465.791</ele>
        <time>2025-06-20T07:59:03.000Z</time>
      </trkpt>
      <trkpt lat="38.401521523" lon="71.146284357">
        <ele>1427.933</ele>
        <time>2025-06-20T07:59:44.000Z</time>
      </trkpt>
      <trkpt lat="38.401270651" lon="71.146627605">
        <ele>1432.155</ele>
        <time>2025-06-20T07:59:47.000Z</time>
      </trkpt>
      <trkpt lat="38.401005487" lon="71.147001223">
        <ele>1438.403</ele>
        <time>2025-06-20T07:59:49.000Z</time>
      </trkpt>
      <trkpt lat="38.400737873" lon="71.147371453">
        <ele>1439.574</ele>
        <time>2025-06-20T07:59:52.000Z</time>
      </trkpt>
      <trkpt lat="38.400482012" lon="71.147730902">
        <ele>1447.773</ele>
        <time>2025-06-20T07:59:55.000Z</time>
      </trkpt>
      <trkpt lat="38.400215253" lon="71.148107992">
        <ele>1446.967</ele>
        <time>2025-06-20T07:59:58.000Z</time>
      </trkpt>
      <trkpt lat="38.399923938" lon="71.14849884">
        <ele>1446.678</ele>
        <time>2025-06-20T08:00:01.000Z</time>
      </trkpt>
      <trkpt lat="38.399633615" lon="71.148911141">
        <ele>1446.946</ele>
        <time>2025-06-20T08:00:04.000Z</time>
      </trkpt>
      <trkpt lat="38.399338811" lon="71.149329922">
        <ele>1443.724</ele>
        <time>2025-06-20T08:00:07.000Z</time>
      </trkpt>
      <trkpt lat="38.399054956" lon="71.149711459">
        <ele>1443.517</ele>
        <time>2025-06-20T08:00:10.000Z</time>
      </trkpt>
      <trkpt lat="38.398746681" lon="71.150044351">
        <ele>1449.975</ele>
        <time>2025-06-20T08:00:13.000Z</time>
      </trkpt>
      <trkpt lat="38.398422641" lon="71.150328543">
        <ele>1459.668</ele>
        <time>2025-06-20T08:00:16.000Z</time>
      </trkpt>
      <trkpt lat="38.39808003" lon="71.150523995">
        <ele>1457.634</ele>
        <time>2025-06-20T08:00:19.000Z</time>
      </trkpt>
      <trkpt lat="38.397758513" lon="71.150619076">
        <ele>1451.375</ele>
        <time>2025-06-20T08:00:22.000Z</time>
      </trkpt>
      <trkpt lat="38.397416142" lon="71.150663399">
        <ele>1466.998</ele>
        <time>2025-06-20T08:00:26.000Z</time>
      </trkpt>
      <trkpt lat="38.397057842" lon="71.150683142">
        <ele>1463.59</ele>
        <time>2025-06-20T08:00:37.000Z</time>
      </trkpt>
      <trkpt lat="38.34449576" lon="71.189203388">
        <ele>1527.013</ele>
        <time>2025-06-20T08:15:38.000Z</time>
      </trkpt>
      <trkpt lat="38.34456695" lon="71.189612831">
        <ele>1544.699</ele>
        <time>2025-06-20T08:15:40.000Z</time>
      </trkpt>
      <trkpt lat="38.344446053" lon="71.190077383">
        <ele>1534.988</ele>
        <time>2025-06-20T08:15:43.000Z</time>
      </trkpt>
      <trkpt lat="38.344474761" lon="71.190505279">
        <ele>1540.22</ele>
        <time>2025-06-20T08:15:46.000Z</time>
      </trkpt>
      <trkpt lat="38.344451585" lon="71.190966787">
        <ele>1538.036</ele>
        <time>2025-06-20T08:15:49.000Z</time>
      </trkpt>
      <trkpt lat="38.344360237" lon="71.191436496">
        <ele>1525.212</ele>
        <time>2025-06-20T08:15:52.000Z</time>
      </trkpt>
      <trkpt lat="38.344226653" lon="71.191886089">
        <ele>1520.876</ele>
        <time>2025-06-20T08:15:55.000Z</time>
      </trkpt>
      <trkpt lat="38.344067633" lon="71.192315474">
        <ele>1516.104</ele>
        <time>2025-06-20T08:15:58.000Z</time>
      </trkpt>
      <trkpt lat="38.32260848" lon="71.237605025">
        <ele>1659.963</ele>
        <time>2025-06-20T08:30:38.000Z</time>
      </trkpt>
      <trkpt lat="38.315117859" lon="71.249261866">
        <ele>1588.798</ele>
        <time>2025-06-20T08:32:43.000Z</time>
      </trkpt>
      <trkpt lat="38.310054601" lon="71.312911576">
        <ele>1576.637</ele>
        <time>2025-06-20T08:49:48.000Z</time>
      </trkpt>
      <trkpt lat="38.309889897" lon="71.313482802">
        <ele>1577.489</ele>
        <time>2025-06-20T08:49:52.000Z</time>
      </trkpt>
      <trkpt lat="38.309652689" lon="71.31389779">
        <ele>1573.649</ele>
        <time>2025-06-20T08:49:55.000Z</time>
      </trkpt>
      <trkpt lat="38.309398131" lon="71.314333398">
        <ele>1572.534</ele>
        <time>2025-06-20T08:49:58.000Z</time>
      </trkpt>
      <trkpt lat="38.309100068" lon="71.314755817">
        <ele>1573.933</ele>
        <time>2025-06-20T08:50:01.000Z</time>
      </trkpt>
      <trkpt lat="38.308738047" lon="71.3151252">
        <ele>1574.755</ele>
        <time>2025-06-20T08:50:04.000Z</time>
      </trkpt>
      <trkpt lat="38.308361807" lon="71.315455087">
        <ele>1568.624</ele>
        <time>2025-06-20T08:50:07.000Z</time>
      </trkpt>
      <trkpt lat="38.308003188" lon="71.315787468">
        <ele>1566.202</ele>
        <time>2025-06-20T08:50:10.000Z</time>
      </trkpt>
      <trkpt lat="38.3121323" lon="71.289757514">
        <ele>1562.401</ele>
        <time>2025-06-20T08:55:10.000Z</time>
      </trkpt>
      <trkpt lat="38.304752343" lon="71.323100293">
        <ele>1527.689</ele>
        <time>2025-06-20T09:00:11.000Z</time>
      </trkpt>
      <trkpt lat="38.294799076" lon="71.339836679">
        <ele>1552.346</ele>
        <time>2025-06-20T09:00:12.000Z</time>
      </trkpt>
      <trkpt lat="38.27802092" lon="71.338763584">
        <ele>1646.216</ele>
        <time>2025-06-20T09:13:15.000Z</time>
      </trkpt>
      <trkpt lat="38.267600352" lon="71.365250956">
        <ele>1581.39</ele>
        <time>2025-06-20T09:23:07.000Z</time>
      </trkpt>
      <trkpt lat="38.267470024" lon="71.365661243">
        <ele>1605.312</ele>
        <time>2025-06-20T09:23:16.000Z</time>
      </trkpt>
      <trkpt lat="38.267229882" lon="71.365947041">
        <ele>1576.347</ele>
        <time>2025-06-20T09:23:24.000Z</time>
      </trkpt>
      <trkpt lat="38.247522293" lon="71.374183288">
        <ele>1616.207</ele>
        <time>2025-06-20T09:36:39.000Z</time>
      </trkpt>
      <trkpt lat="38.206013129" lon="71.375630487">
        <ele>1691.145</ele>
        <time>2025-06-20T09:52:04.000Z</time>
      </trkpt>
      <trkpt lat="38.20585542" lon="71.375184224">
        <ele>1683.166</ele>
        <time>2025-06-20T09:52:12.000Z</time>
      </trkpt>
      <trkpt lat="38.205648361" lon="71.374763427">
        <ele>1670.233</ele>
        <time>2025-06-20T09:52:17.000Z</time>
      </trkpt>
      <trkpt lat="38.205468632" lon="71.374409388">
        <ele>1678.803</ele>
        <time>2025-06-20T09:52:21.000Z</time>
      </trkpt>
      <trkpt lat="38.188242477" lon="71.371892055">
        <ele>1614.581</ele>
        <time>2025-06-20T10:15:22.000Z</time>
      </trkpt>
      <trkpt lat="38.14899778" lon="71.364129913">
        <ele>1614.519</ele>
        <time>2025-06-20T10:29:15.000Z</time>
      </trkpt>
      <trkpt lat="38.148839087" lon="71.363672107">
        <ele>1616.154</ele>
        <time>2025-06-20T10:29:20.000Z</time>
      </trkpt>
      <trkpt lat="38.148692434" lon="71.363250465">
        <ele>1619.625</ele>
        <time>2025-06-20T10:29:25.000Z</time>
      </trkpt>
      <trkpt lat="38.148546834" lon="71.362818063">
        <ele>1620.14</ele>
        <time>2025-06-20T10:29:31.000Z</time>
      </trkpt>
      <trkpt lat="38.124034272" lon="71.340215009">
        <ele>1638.573</ele>
        <time>2025-06-20T10:34:35.000Z</time>
      </trkpt>
      <trkpt lat="38.104865527" lon="71.328301363">
        <ele>1708.446</ele>
        <time>2025-06-20T10:53:32.000Z</time>
      </trkpt>
      <trkpt lat="38.10493163" lon="71.327806259">
        <ele>1679.543</ele>
        <time>2025-06-20T10:53:34.000Z</time>
      </trkpt>
      <trkpt lat="37.912434507" lon="71.388937617">
        <ele>1969.959</ele>
        <time>2025-06-20T13:36:04.000Z</time>
      </trkpt>
      <trkpt lat="37.921682369" lon="71.416389879">
        <ele>1974.109</ele>
        <time>2025-06-21T03:56:13.000Z</time>
      </trkpt>
      <trkpt lat="37.93074403" lon="71.440703914">
        <ele>1971</ele>
        <time>2025-06-21T04:09:43.000Z</time>
      </trkpt>
      <trkpt lat="37.948799579" lon="71.47391922">
        <ele>1975.749</ele>
        <time>2025-06-21T04:24:23.000Z</time>
      </trkpt>
      <trkpt lat="37.950826932" lon="71.483280294">
        <ele>1975.271</ele>
        <time>2025-06-21T04:34:32.000Z</time>
      </trkpt>
      <trkpt lat="37.957971737" lon="71.505961022">
        <ele>1996.616</ele>
        <time>2025-06-21T05:04:58.000Z</time>
      </trkpt>
      <trkpt lat="37.952893282" lon="71.541469058">
        <ele>1981.735</ele>
        <time>2025-06-21T05:19:02.000Z</time>
      </trkpt>
      <trkpt lat="37.946911458" lon="71.570779212">
        <ele>1981.158</ele>
        <time>2025-06-21T05:30:38.000Z</time>
      </trkpt>
      <trkpt lat="37.940794916" lon="71.597924026">
        <ele>1991.29</ele>
        <time>2025-06-21T05:41:56.000Z</time>
      </trkpt>
      <trkpt lat="37.929458143" lon="71.596029914">
        <ele>1984.035</ele>
        <time>2025-06-21T05:47:08.000Z</time>
      </trkpt>
      <trkpt lat="37.926675786" lon="71.602059974">
        <ele>1985.766</ele>
        <time>2025-06-21T05:59:57.000Z</time>
      </trkpt>
      <trkpt lat="37.946086009" lon="71.582782232">
        <ele>1979.047</ele>
        <time>2025-06-21T07:32:09.000Z</time>
      </trkpt>
      <trkpt lat="37.947480317" lon="71.557709631">
        <ele>2001.347</ele>
        <time>2025-06-21T07:44:48.000Z</time>
      </trkpt>
      <trkpt lat="37.946178331" lon="71.580005698">
        <ele>1984.705</ele>
        <time>2025-06-21T07:58:31.000Z</time>
      </trkpt>
      <trkpt lat="37.938274033" lon="71.600217025">
        <ele>2000.594</ele>
        <time>2025-06-21T08:13:39.000Z</time>
      </trkpt>
      <trkpt lat="37.96276724" lon="71.622443304">
        <ele>2020.231</ele>
        <time>2025-06-21T08:29:28.000Z</time>
      </trkpt>
      <trkpt lat="37.980973408" lon="71.644228712">
        <ele>2021.793</ele>
        <time>2025-06-21T08:42:50.000Z</time>
      </trkpt>
      <trkpt lat="37.991217382" lon="71.64964847">
        <ele>2033.922</ele>
        <time>2025-06-21T08:48:43.000Z</time>
      </trkpt>
      <trkpt lat="38.002322263" lon="71.662769871">
        <ele>2035.119</ele>
        <time>2025-06-21T08:58:26.000Z</time>
      </trkpt>
      <trkpt lat="38.005381222" lon="71.681984793">
        <ele>2053.655</ele>
        <time>2025-06-21T09:11:13.000Z</time>
      </trkpt>
      <trkpt lat="38.004184432" lon="71.688260602">
        <ele>2048.361</ele>
        <time>2025-06-21T09:26:46.000Z</time>
      </trkpt>
      <trkpt lat="37.991490522" lon="71.708299319">
        <ele>2059.312</ele>
        <time>2025-06-21T09:36:47.000Z</time>
      </trkpt>
      <trkpt lat="37.974707689" lon="71.726112831">
        <ele>2057.462</ele>
        <time>2025-06-21T09:51:05.000Z</time>
      </trkpt>
      <trkpt lat="37.997384904" lon="71.748158845">
        <ele>2079.024</ele>
        <time>2025-06-21T10:09:07.000Z</time>
      </trkpt>
      <trkpt lat="37.998576162" lon="71.749723653">
        <ele>2084.839</ele>
        <time>2025-06-22T16:51:21.000Z</time>
      </trkpt>
      <trkpt lat="37.983504371" lon="71.74104494">
        <ele>2078.254</ele>
        <time>2025-06-23T01:29:19.000Z</time>
      </trkpt>
      <trkpt lat="37.978827772" lon="71.720253127">
        <ele>2042.317</ele>
        <time>2025-06-23T01:43:42.000Z</time>
      </trkpt>
      <trkpt lat="37.994153702" lon="71.69928976">
        <ele>2036.807</ele>
        <time>2025-06-23T01:56:49.000Z</time>
      </trkpt>
      <trkpt lat="38.00485248" lon="71.687796967">
        <ele>2026.648</ele>
        <time>2025-06-23T02:03:20.000Z</time>
      </trkpt>
      <trkpt lat="38.005837763" lon="71.670395874">
        <ele>2037.464</ele>
        <time>2025-06-23T02:11:36.000Z</time>
      </trkpt>
      <trkpt lat="38.006322277" lon="71.670282837">
        <ele>2041.303</ele>
        <time>2025-06-23T02:26:43.000Z</time>
      </trkpt>
      <trkpt lat="37.990716883" lon="71.649619239">
        <ele>2049.459</ele>
        <time>2025-06-23T02:56:53.000Z</time>
      </trkpt>
      <trkpt lat="37.974190783" lon="71.63697564">
        <ele>2031.74</ele>
        <time>2025-06-23T03:05:18.000Z</time>
      </trkpt>
      <trkpt lat="37.955546064" lon="71.616326421">
        <ele>2013.171</ele>
        <time>2025-06-23T03:11:38.000Z</time>
      </trkpt>
      <trkpt lat="37.927901559" lon="71.597787321">
        <ele>1981.044</ele>
        <time>2025-06-23T03:20:46.000Z</time>
      </trkpt>
      <trkpt lat="37.92832049" lon="71.601680143">
        <ele>1984.954</ele>
        <time>2025-06-23T03:26:45.000Z</time>
      </trkpt>
      <trkpt lat="37.893790011" lon="71.588222813">
        <ele>2006.351</ele>
        <time>2025-06-23T04:51:09.000Z</time>
      </trkpt>
      <trkpt lat="37.858698084" lon="71.594051253">
        <ele>2000.366</ele>
        <time>2025-06-23T05:05:35.000Z</time>
      </trkpt>
      <trkpt lat="37.829926609" lon="71.58914201">
        <ele>2003.923</ele>
        <time>2025-06-23T05:17:32.000Z</time>
      </trkpt>
      <trkpt lat="37.79421093" lon="71.585372074">
        <ele>2011.008</ele>
        <time>2025-06-23T05:32:30.000Z</time>
      </trkpt>
      <trkpt lat="37.768773171" lon="71.541900979">
        <ele>2026.78</ele>
        <time>2025-06-23T05:48:58.000Z</time>
      </trkpt>
      <trkpt lat="37.743806554" lon="71.548253566">
        <ele>2035.511</ele>
        <time>2025-06-23T05:59:21.000Z</time>
      </trkpt>
      <trkpt lat="37.714794293" lon="71.553787066">
        <ele>2045.007</ele>
        <time>2025-06-23T06:13:44.000Z</time>
      </trkpt>
      <trkpt lat="37.670611094" lon="71.531149254">
        <ele>2049.373</ele>
        <time>2025-06-23T06:25:37.000Z</time>
      </trkpt>
      <trkpt lat="37.628656292" lon="71.525314267">
        <ele>2044.273</ele>
        <time>2025-06-23T06:35:53.000Z</time>
      </trkpt>
      <trkpt lat="37.606393549" lon="71.516000901">
        <ele>2072.536</ele>
        <time>2025-06-23T06:40:52.000Z</time>
      </trkpt>
      <trkpt lat="37.566299625" lon="71.507920241">
        <ele>2077.243</ele>
        <time>2025-06-23T06:50:54.000Z</time>
      </trkpt>
      <trkpt lat="37.495755174" lon="71.521186161">
        <ele>2087.476</ele>
        <time>2025-06-23T07:05:37.000Z</time>
      </trkpt>
      <trkpt lat="37.490538117" lon="71.53405359">
        <ele>2080.03</ele>
        <time>2025-06-23T07:16:22.000Z</time>
      </trkpt>
      <trkpt lat="37.490731211" lon="71.537049004">
        <ele>2080.695</ele>
        <time>2025-06-23T07:24:21.000Z</time>
      </trkpt>
      <trkpt lat="37.492389428" lon="71.551862955">
        <ele>2092.497</ele>
        <time>2025-06-23T07:35:49.000Z</time>
      </trkpt>
      <trkpt lat="37.487705633" lon="71.586823738">
        <ele>2151.419</ele>
        <time>2025-06-23T07:46:06.000Z</time>
      </trkpt>
      <trkpt lat="37.490708295" lon="71.574584114">
        <ele>2107.779</ele>
        <time>2025-06-23T10:47:26.000Z</time>
      </trkpt>
      <trkpt lat="37.492527998" lon="71.553196956">
        <ele>2094.643</ele>
        <time>2025-06-23T10:55:22.000Z</time>
      </trkpt>
      <trkpt lat="37.491736477" lon="71.543922024">
        <ele>2088.503</ele>
        <time>2025-06-23T11:17:23.000Z</time>
      </trkpt>
      <trkpt lat="37.490642956" lon="71.536191759">
        <ele>2079.377</ele>
        <time>2025-06-23T11:22:35.000Z</time>
      </trkpt>
      <trkpt lat="37.491230074" lon="71.527585622">
        <ele>2081.439</ele>
        <time>2025-06-23T11:27:40.000Z</time>
      </trkpt>
      <trkpt lat="37.48406955" lon="71.537254723">
        <ele>2134.781</ele>
        <time>2025-06-23T11:42:14.000Z</time>
      </trkpt>
      <trkpt lat="37.488862285" lon="71.558224867">
        <ele>2113.927</ele>
        <time>2025-06-23T11:52:49.000Z</time>
      </trkpt>
      <trkpt lat="37.488669771" lon="71.570142901">
        <ele>2115.852</ele>
        <time>2025-06-23T11:59:00.000Z</time>
      </trkpt>
      <trkpt lat="37.4879933" lon="71.553365588">
        <ele>2109.134</ele>
        <time>2025-06-23T12:19:31.000Z</time>
      </trkpt>
      <trkpt lat="37.479986935" lon="71.528981952">
        <ele>2128.758</ele>
        <time>2025-06-23T12:26:01.000Z</time>
      </trkpt>
      <trkpt lat="37.465217139" lon="71.521860597">
        <ele>2087.352</ele>
        <time>2025-06-23T12:31:21.000Z</time>
      </trkpt>
      <trkpt lat="37.45318383" lon="71.50643304">
        <ele>2092.229</ele>
        <time>2025-06-23T12:38:31.000Z</time>
      </trkpt>
      <trkpt lat="37.412992411" lon="71.498619493">
        <ele>2095.228</ele>
        <time>2025-06-23T12:48:55.000Z</time>
      </trkpt>
      <trkpt lat="37.387982514" lon="71.477182126">
        <ele>2125.38</ele>
        <time>2025-06-23T13:03:16.000Z</time>
      </trkpt>
      <trkpt lat="37.356611939" lon="71.493663202">
        <ele>2250.064</ele>
        <time>2025-06-23T13:20:33.000Z</time>
      </trkpt>
      <trkpt lat="37.342132683" lon="71.490153969">
        <ele>2166.528</ele>
        <time>2025-06-23T13:35:18.000Z</time>
      </trkpt>
      <trkpt lat="37.316775472" lon="71.506061587">
        <ele>2172.927</ele>
        <time>2025-06-24T05:25:33.000Z</time>
      </trkpt>
      <trkpt lat="37.29952611" lon="71.493599172">
        <ele>2197.693</ele>
        <time>2025-06-24T05:39:07.000Z</time>
      </trkpt>
      <trkpt lat="37.261312894" lon="71.487177573">
        <ele>2239.496</ele>
        <time>2025-06-24T05:53:49.000Z</time>
      </trkpt>
      <trkpt lat="37.237672617" lon="71.484211079">
        <ele>2278.959</ele>
        <time>2025-06-24T06:04:33.000Z</time>
      </trkpt>
      <trkpt lat="37.227563532" lon="71.480410248">
        <ele>2373.048</ele>
        <time>2025-06-24T06:16:57.000Z</time>
      </trkpt>
      <trkpt lat="37.226046324" lon="71.478638062">
        <ele>2407.573</ele>
        <time>2025-06-24T06:40:02.000Z</time>
      </trkpt>
      <trkpt lat="37.237411975" lon="71.481680208">
        <ele>2263.911</ele>
        <time>2025-06-24T06:46:48.000Z</time>
      </trkpt>
      <trkpt lat="37.226153989" lon="71.478573102">
        <ele>2407.284</ele>
        <time>2025-06-24T06:47:08.000Z</time>
      </trkpt>
      <trkpt lat="37.248813298" lon="71.484902318">
        <ele>2258.385</ele>
        <time>2025-06-24T07:17:32.000Z</time>
      </trkpt>
      <trkpt lat="37.226221452" lon="71.478566232">
        <ele>2406.549</ele>
        <time>2025-06-24T07:22:36.000Z</time>
      </trkpt>
      <trkpt lat="37.236020513" lon="71.481296214">
        <ele>2261.74</ele>
        <time>2025-06-24T07:45:52.000Z</time>
      </trkpt>
      <trkpt lat="37.226152904" lon="71.478604811">
        <ele>2407.507</ele>
        <time>2025-06-24T07:51:00.000Z</time>
      </trkpt>
      <trkpt lat="37.250557094" lon="71.485386785">
        <ele>2258.389</ele>
        <time>2025-06-24T08:01:13.000Z</time>
      </trkpt>
      <trkpt lat="37.226257944" lon="71.478498171">
        <ele>2405.816</ele>
        <time>2025-06-24T08:13:35.000Z</time>
      </trkpt>
      <trkpt lat="37.248969046" lon="71.484941104">
        <ele>2259.926</ele>
        <time>2025-06-24T09:40:41.000Z</time>
      </trkpt>
      <trkpt lat="37.226139087" lon="71.478577845">
        <ele>2407.47</ele>
        <time>2025-06-24T09:48:45.000Z</time>
      </trkpt>
      <trkpt lat="37.250595093" lon="71.485397339">
        <ele>2258.349</ele>
        <time>2025-06-24T10:03:06.000Z</time>
      </trkpt>
      <trkpt lat="37.226149044" lon="71.478516357">
        <ele>2406.955</ele>
        <time>2025-06-24T10:09:09.000Z</time>
      </trkpt>
      <trkpt lat="37.225820308" lon="71.478772385">
        <ele>2405.745</ele>
        <time>2025-06-24T10:43:59.000Z</time>
      </trkpt>
      <trkpt lat="37.226208607" lon="71.478560864">
        <ele>2406.649</ele>
        <time>2025-06-24T10:59:43.000Z</time>
      </trkpt>
      <trkpt lat="37.250595093" lon="71.485397339">
        <ele>2258.349</ele>
        <time>2025-06-24T11:51:56.000Z</time>
      </trkpt>
      <trkpt lat="37.226174128" lon="71.478537212">
        <ele>2406.848</ele>
        <time>2025-06-24T12:05:55.000Z</time>
      </trkpt>
      <trkpt lat="37.22655037" lon="71.478393059">
        <ele>2402.471</ele>
        <time>2025-06-24T13:03:49.000Z</time>
      </trkpt>
      <trkpt lat="37.226198137" lon="71.478542313">
        <ele>2406.642</ele>
        <time>2025-06-24T13:20:04.000Z</time>
      </trkpt>
      <trkpt lat="37.225856632" lon="71.478404824">
        <ele>2407.64</ele>
        <time>2025-06-24T13:46:28.000Z</time>
      </trkpt>
      <trkpt lat="37.226134189" lon="71.478635252">
        <ele>2407.591</ele>
        <time>2025-06-24T14:43:28.000Z</time>
      </trkpt>
      <trkpt lat="37.249870896" lon="71.48519425">
        <ele>2262.049</ele>
        <time>2025-06-24T15:40:14.000Z</time>
      </trkpt>
      <trkpt lat="37.226171281" lon="71.478514432">
        <ele>2406.729</ele>
        <time>2025-06-24T15:50:42.000Z</time>
      </trkpt>
      <trkpt lat="37.248619592" lon="71.484838609">
        <ele>2255.366</ele>
        <time>2025-06-24T15:57:09.000Z</time>
      </trkpt>
      <trkpt lat="37.226136397" lon="71.478600431">
        <ele>2407.654</ele>
        <time>2025-06-24T16:04:30.000Z</time>
      </trkpt>
      <trkpt lat="37.250595093" lon="71.485397339">
        <ele>2258.349</ele>
        <time>2025-06-24T17:21:42.000Z</time>
      </trkpt>
      <trkpt lat="37.226246425" lon="71.478503909">
        <ele>2405.955</ele>
        <time>2025-06-24T17:36:19.000Z</time>
      </trkpt>
      <trkpt lat="37.250595093" lon="71.485397339">
        <ele>2258.349</ele>
        <time>2025-06-24T22:14:56.000Z</time>
      </trkpt>
      <trkpt lat="37.226292584" lon="71.47827303">
        <ele>2403.9</ele>
        <time>2025-06-24T22:26:07.000Z</time>
      </trkpt>
      <trkpt lat="37.250595093" lon="71.485397339">
        <ele>2258.349</ele>
        <time>2025-06-25T01:16:55.000Z</time>
      </trkpt>
      <trkpt lat="37.226235255" lon="71.478545216">
        <ele>2406.291</ele>
        <time>2025-06-25T01:22:11.000Z</time>
      </trkpt>
      <trkpt lat="37.228001523" lon="71.480949808">
        <ele>2357.894</ele>
        <time>2025-06-25T04:03:17.000Z</time>
      </trkpt>
      <trkpt lat="37.22364284" lon="71.467777046">
        <ele>2276.989</ele>
        <time>2025-06-25T04:19:34.000Z</time>
      </trkpt>
      <trkpt lat="37.18892205" lon="71.463192178">
        <ele>2287.682</ele>
        <time>2025-06-25T04:34:35.000Z</time>
      </trkpt>
      <trkpt lat="37.164867612" lon="71.447441642">
        <ele>2297.41</ele>
        <time>2025-06-25T04:49:34.000Z</time>
      </trkpt>
      <trkpt lat="37.124550912" lon="71.444769447">
        <ele>2340.874</ele>
        <time>2025-06-25T05:04:35.000Z</time>
      </trkpt>
      <trkpt lat="37.095321114" lon="71.443640431">
        <ele>2354.393</ele>
        <time>2025-06-25T05:18:40.000Z</time>
      </trkpt>
      <trkpt lat="37.051183992" lon="71.439746948">
        <ele>2381.556</ele>
        <time>2025-06-25T05:34:34.000Z</time>
      </trkpt>
      <trkpt lat="37.009769602" lon="71.464919743">
        <ele>2384.934</ele>
        <time>2025-06-25T05:47:43.000Z</time>
      </trkpt>
      <trkpt lat="36.973339024" lon="71.46909067">
        <ele>2440.138</ele>
        <time>2025-06-25T06:01:12.000Z</time>
      </trkpt>
      <trkpt lat="36.924074842" lon="71.492068329">
        <ele>2442.039</ele>
        <time>2025-06-25T06:19:34.000Z</time>
      </trkpt>
      <trkpt lat="36.894427743" lon="71.521713699">
        <ele>2449.317</ele>
        <time>2025-06-25T06:29:41.000Z</time>
      </trkpt>
      <trkpt lat="36.873943136" lon="71.529977353">
        <ele>2448.243</ele>
        <time>2025-06-25T06:35:32.000Z</time>
      </trkpt>
      <trkpt lat="36.838553682" lon="71.547373315">
        <ele>2459.933</ele>
        <time>2025-06-25T06:45:58.000Z</time>
      </trkpt>
      <trkpt lat="36.821285469" lon="71.5520666">
        <ele>2458.883</ele>
        <time>2025-06-25T06:51:03.000Z</time>
      </trkpt>
      <trkpt lat="36.795956413" lon="71.568088895">
        <ele>2498.012</ele>
        <time>2025-06-25T07:11:45.000Z</time>
      </trkpt>
      <trkpt lat="36.769307713" lon="71.570385073">
        <ele>2488.507</ele>
        <time>2025-06-26T03:59:23.000Z</time>
      </trkpt>
      <trkpt lat="36.74701814" lon="71.581055259">
        <ele>2490.386</ele>
        <time>2025-06-26T04:07:30.000Z</time>
      </trkpt>
      <trkpt lat="36.727079586" lon="71.612706213">
        <ele>2536.485</ele>
        <time>2025-06-26T04:14:35.000Z</time>
      </trkpt>
      <trkpt lat="36.7075706" lon="71.641905852">
        <ele>2616.687</ele>
        <time>2025-06-26T04:21:33.000Z</time>
      </trkpt>
      <trkpt lat="36.687595659" lon="71.669488679">
        <ele>2561.449</ele>
        <time>2025-06-26T04:28:12.000Z</time>
      </trkpt>
      <trkpt lat="36.677041758" lon="71.738739937">
        <ele>2565.012</ele>
        <time>2025-06-26T04:53:02.000Z</time>
      </trkpt>
      <trkpt lat="36.680438992" lon="71.754275418">
        <ele>2586.934</ele>
        <time>2025-06-26T05:14:55.000Z</time>
      </trkpt>
      <trkpt lat="36.680672961" lon="71.793838119">
        <ele>2618.711</ele>
        <time>2025-06-26T05:22:37.000Z</time>
      </trkpt>
      <trkpt lat="36.690711444" lon="71.851741187">
        <ele>2646.606</ele>
        <time>2025-06-26T05:32:42.000Z</time>
      </trkpt>
      <trkpt lat="36.723405644" lon="71.892130394">
        <ele>2656.894</ele>
        <time>2025-06-26T05:41:23.000Z</time>
      </trkpt>
      <trkpt lat="36.741254209" lon="71.911198916">
        <ele>2659.551</ele>
        <time>2025-06-26T05:46:26.000Z</time>
      </trkpt>
      <trkpt lat="36.753415169" lon="71.945414437">
        <ele>2663.936</ele>
        <time>2025-06-26T05:54:28.000Z</time>
      </trkpt>
      <trkpt lat="36.765369442" lon="71.966038547">
        <ele>2685.73</ele>
        <time>2025-06-26T06:00:59.000Z</time>
      </trkpt>
      <trkpt lat="36.805214047" lon="72.010994697">
        <ele>2717.906</ele>
        <time>2025-06-26T06:05:57.000Z</time>
      </trkpt>
      <trkpt lat="36.824329036" lon="72.044218741">
        <ele>2718.707</ele>
        <time>2025-06-26T06:23:10.000Z</time>
      </trkpt>
      <trkpt lat="36.836703174" lon="72.059257137">
        <ele>2725.772</ele>
        <time>2025-06-26T06:28:32.000Z</time>
      </trkpt>
      <trkpt lat="36.879121815" lon="72.124987459">
        <ele>2902.254</ele>
        <time>2025-06-26T06:54:10.000Z</time>
      </trkpt>
      <trkpt lat="36.896207674" lon="72.149980894">
        <ele>2858.352</ele>
        <time>2025-06-26T07:04:06.000Z</time>
      </trkpt>
      <trkpt lat="36.957824243" lon="72.261713771">
        <ele>2751.335</ele>
        <time>2025-06-26T07:54:44.000Z</time>
      </trkpt>
      <trkpt lat="36.957446812" lon="72.261879221">
        <ele>2750.574</ele>
        <time>2025-06-26T08:09:37.000Z</time>
      </trkpt>
      <trkpt lat="36.974918428" lon="72.301170062">
        <ele>2761.083</ele>
        <time>2025-06-26T08:38:26.000Z</time>
      </trkpt>
      <trkpt lat="36.990313461" lon="72.334566625">
        <ele>2763.08</ele>
        <time>2025-06-26T08:51:26.000Z</time>
      </trkpt>
      <trkpt lat="37.003746034" lon="72.372181698">
        <ele>2783.707</ele>
        <time>2025-06-26T09:04:56.000Z</time>
      </trkpt>
      <trkpt lat="37.008953833" lon="72.411880063">
        <ele>2778.86</ele>
        <time>2025-06-26T09:17:33.000Z</time>
      </trkpt>
      <trkpt lat="37.007496748" lon="72.442353079">
        <ele>2775.401</ele>
        <time>2025-06-26T09:32:42.000Z</time>
      </trkpt>
      <trkpt lat="37.005942752" lon="72.457250995">
        <ele>2788.695</ele>
        <time>2025-06-26T09:47:05.000Z</time>
      </trkpt>
      <trkpt lat="37.006164528" lon="72.489504637">
        <ele>2783.507</ele>
        <time>2025-06-26T10:00:35.000Z</time>
      </trkpt>
      <trkpt lat="37.004111936" lon="72.53271179">
        <ele>2784.278</ele>
        <time>2025-06-26T10:13:55.000Z</time>
      </trkpt>
      <trkpt lat="37.009817665" lon="72.568679582">
        <ele>2793.489</ele>
        <time>2025-06-26T10:27:40.000Z</time>
      </trkpt>
      <trkpt lat="37.028705115" lon="72.619318415">
        <ele>2788.792</ele>
        <time>2025-06-26T10:40:28.000Z</time>
      </trkpt>
      <trkpt lat="37.021952744" lon="72.586684391">
        <ele>2810.084</ele>
        <time>2025-06-26T10:40:30.000Z</time>
      </trkpt>
      <trkpt lat="37.028792985" lon="72.618722236">
        <ele>2792.048</ele>
        <time>2025-06-26T11:36:48.000Z</time>
      </trkpt>
      <trkpt lat="37.038037439" lon="72.650790986">
        <ele>2803.86</ele>
        <time>2025-06-27T05:38:04.000Z</time>
      </trkpt>
      <trkpt lat="37.05661512" lon="72.680138033">
        <ele>2878.966</ele>
        <time>2025-06-27T05:51:55.000Z</time>
      </trkpt>
      <trkpt lat="37.063221778" lon="72.682312802">
        <ele>3036.097</ele>
        <time>2025-06-27T06:05:26.000Z</time>
      </trkpt>
      <trkpt lat="37.075340902" lon="72.692898428">
        <ele>3073.886</ele>
        <time>2025-06-27T06:20:10.000Z</time>
      </trkpt>
      <trkpt lat="37.090801137" lon="72.704903277">
        <ele>3216.434</ele>
        <time>2025-06-27T06:34:56.000Z</time>
      </trkpt>
      <trkpt lat="37.107359874" lon="72.718721274">
        <ele>3291.111</ele>
        <time>2025-06-27T06:49:19.000Z</time>
      </trkpt>
      <trkpt lat="37.127255201" lon="72.728251582">
        <ele>3415.132</ele>
        <time>2025-06-27T07:02:50.000Z</time>
      </trkpt>
      <trkpt lat="37.134015423" lon="72.726779778">
        <ele>3445.941</ele>
        <time>2025-06-27T07:17:36.000Z</time>
      </trkpt>
      <trkpt lat="37.132038209" lon="72.732481007">
        <ele>3442.305</ele>
        <time>2025-06-27T10:24:24.000Z</time>
      </trkpt>
      <trkpt lat="37.136288546" lon="72.734264927">
        <ele>3462.826</ele>
        <time>2025-06-27T10:37:52.000Z</time>
      </trkpt>
      <trkpt lat="37.14173716" lon="72.737911558">
        <ele>3489.729</ele>
        <time>2025-06-29T05:09:35.000Z</time>
      </trkpt>
      <trkpt lat="37.163210423" lon="72.74433285">
        <ele>3501.308</ele>
        <time>2025-06-29T05:24:42.000Z</time>
      </trkpt>
      <trkpt lat="37.17197732" lon="72.739402332">
        <ele>3535.511</ele>
        <time>2025-06-29T05:51:51.000Z</time>
      </trkpt>
      <trkpt lat="37.16560087" lon="72.750318288">
        <ele>3545.804</ele>
        <time>2025-06-29T07:02:08.000Z</time>
      </trkpt>
      <trkpt lat="37.202629074" lon="72.772422674">
        <ele>3601.203</ele>
        <time>2025-06-29T07:17:15.000Z</time>
      </trkpt>
      <trkpt lat="37.222923474" lon="72.79565409">
        <ele>3568.147</ele>
        <time>2025-06-29T07:30:45.000Z</time>
      </trkpt>
      <trkpt lat="37.231934951" lon="72.813638495">
        <ele>3469.281</ele>
        <time>2025-06-29T07:38:05.000Z</time>
      </trkpt>
      <trkpt lat="37.234394502" lon="72.839274221">
        <ele>3483.833</ele>
        <time>2025-06-29T07:51:01.000Z</time>
      </trkpt>
      <trkpt lat="37.270867337" lon="72.92426318">
        <ele>3609.587</ele>
        <time>2025-06-29T08:19:51.000Z</time>
      </trkpt>
      <trkpt lat="37.287817674" lon="72.945782302">
        <ele>3627.681</ele>
        <time>2025-06-29T08:33:07.000Z</time>
      </trkpt>
      <trkpt lat="37.301044157" lon="72.992878743">
        <ele>3647.638</ele>
        <time>2025-06-29T08:48:15.000Z</time>
      </trkpt>
      <trkpt lat="37.308593025" lon="73.029109519">
        <ele>3685.03</ele>
        <time>2025-06-29T09:01:45.000Z</time>
      </trkpt>
      <trkpt lat="37.317670676" lon="73.064636262">
        <ele>3763.107</ele>
        <time>2025-06-29T09:14:37.000Z</time>
      </trkpt>
      <trkpt lat="37.344314184" lon="73.094540281">
        <ele>3819.221</ele>
        <time>2025-06-29T09:29:21.000Z</time>
      </trkpt>
      <trkpt lat="37.375296673" lon="73.114317096">
        <ele>3887.279</ele>
        <time>2025-06-29T09:44:05.000Z</time>
      </trkpt>
      <trkpt lat="37.382325778" lon="73.119150714">
        <ele>3912.082</ele>
        <time>2025-06-29T09:58:49.000Z</time>
      </trkpt>
      <trkpt lat="37.40131462" lon="73.10146776">
        <ele>4061.782</ele>
        <time>2025-06-29T10:12:24.000Z</time>
      </trkpt>
      <trkpt lat="37.427641824" lon="73.082855372">
        <ele>4221.449</ele>
        <time>2025-06-29T10:25:08.000Z</time>
      </trkpt>
      <trkpt lat="37.447608397" lon="73.081379402">
        <ele>4270.28</ele>
        <time>2025-06-29T10:39:34.000Z</time>
      </trkpt>
      <trkpt lat="37.473013066" lon="73.084807769">
        <ele>4307.308</ele>
        <time>2025-06-29T10:54:19.000Z</time>
      </trkpt>
      <trkpt lat="37.491152762" lon="73.098072801">
        <ele>4152.503</ele>
        <time>2025-06-29T11:07:41.000Z</time>
      </trkpt>
      <trkpt lat="37.519657545" lon="73.089567797">
        <ele>4029.793</ele>
        <time>2025-06-29T11:20:42.000Z</time>
      </trkpt>
      <trkpt lat="37.543813319" lon="73.105982073">
        <ele>3976.234</ele>
        <time>2025-06-29T11:35:49.000Z</time>
      </trkpt>
      <trkpt lat="37.561856713" lon="73.103525229">
        <ele>3975.625</ele>
        <time>2025-06-30T05:15:06.000Z</time>
      </trkpt>
      <trkpt lat="37.578434022" lon="73.09602879">
        <ele>3918.515</ele>
        <time>2025-06-30T05:28:19.000Z</time>
      </trkpt>
      <trkpt lat="37.602841799" lon="73.088198991">
        <ele>3895.134</ele>
        <time>2025-06-30T05:41:22.000Z</time>
      </trkpt>
      <trkpt lat="37.623594397" lon="73.078355549">
        <ele>3862.685</ele>
        <time>2025-06-30T05:52:53.000Z</time>
      </trkpt>
      <trkpt lat="37.641067388" lon="73.062996919">
        <ele>3964.05</ele>
        <time>2025-06-30T06:10:03.000Z</time>
      </trkpt>
      <trkpt lat="37.652581846" lon="73.064743085">
        <ele>3907.577</ele>
        <time>2025-06-30T06:22:30.000Z</time>
      </trkpt>
      <trkpt lat="37.672864457" lon="73.0477476">
        <ele>3854.742</ele>
        <time>2025-06-30T06:32:34.000Z</time>
      </trkpt>
      <trkpt lat="37.676281081" lon="73.02991527">
        <ele>3857.824</ele>
        <time>2025-06-30T06:37:59.000Z</time>
      </trkpt>
      <trkpt lat="37.678365049" lon="73.000875153">
        <ele>3840.624</ele>
        <time>2025-06-30T06:52:43.000Z</time>
      </trkpt>
      <trkpt lat="37.69819408" lon="72.979441724">
        <ele>3749.54</ele>
        <time>2025-06-30T07:07:27.000Z</time>
      </trkpt>
      <trkpt lat="37.708785761" lon="72.973075045">
        <ele>3742.699</ele>
        <time>2025-06-30T07:20:28.000Z</time>
      </trkpt>
      <trkpt lat="37.704254184" lon="72.960337009">
        <ele>3746.752</ele>
        <time>2025-06-30T08:45:05.000Z</time>
      </trkpt>
      <trkpt lat="37.704161983" lon="72.942400239">
        <ele>3744.647</ele>
        <time>2025-06-30T08:58:45.000Z</time>
      </trkpt>
      <trkpt lat="37.72224728" lon="72.916609207">
        <ele>3879.891</ele>
        <time>2025-06-30T09:13:45.000Z</time>
      </trkpt>
      <trkpt lat="37.726682941" lon="72.908787048">
        <ele>3816.729</ele>
        <time>2025-06-30T09:27:15.000Z</time>
      </trkpt>
      <trkpt lat="37.731069964" lon="72.899610598">
        <ele>3772.573</ele>
        <time>2025-06-30T09:31:32.000Z</time>
      </trkpt>
      <trkpt lat="37.731339172" lon="72.889877725">
        <ele>3790.298</ele>
        <time>2025-06-30T09:41:58.000Z</time>
      </trkpt>
      <trkpt lat="37.712308481" lon="72.922012181">
        <ele>3825.193</ele>
        <time>2025-07-01T05:03:05.000Z</time>
      </trkpt>
      <trkpt lat="37.704438502" lon="72.951488905">
        <ele>3746.331</ele>
        <time>2025-07-01T05:18:10.000Z</time>
      </trkpt>
      <trkpt lat="37.712929745" lon="72.971949081">
        <ele>3760.81</ele>
        <time>2025-07-01T05:30:54.000Z</time>
      </trkpt>
      <trkpt lat="37.732365117" lon="72.992014233">
        <ele>3776.376</ele>
        <time>2025-07-01T05:46:01.000Z</time>
      </trkpt>
      <trkpt lat="37.743042434" lon="72.992284889">
        <ele>3783.32</ele>
        <time>2025-07-01T05:59:00.000Z</time>
      </trkpt>
      <trkpt lat="37.751205637" lon="72.989469715">
        <ele>3775.354</ele>
        <time>2025-07-01T06:12:25.000Z</time>
      </trkpt>
      <trkpt lat="37.741097485" lon="72.992082862">
        <ele>3783.477</ele>
        <time>2025-07-02T04:41:06.000Z</time>
      </trkpt>
      <trkpt lat="37.726742316" lon="72.974940087">
        <ele>3767.34</ele>
        <time>2025-07-02T04:52:43.000Z</time>
      </trkpt>
      <trkpt lat="37.717404761" lon="72.968986295">
        <ele>3764.052</ele>
        <time>2025-07-02T05:05:53.000Z</time>
      </trkpt>
      <trkpt lat="37.706192457" lon="72.9744404">
        <ele>3743.726</ele>
        <time>2025-07-02T05:18:35.000Z</time>
      </trkpt>
      <trkpt lat="37.681105924" lon="72.990000648">
        <ele>3789.967</ele>
        <time>2025-07-02T05:31:45.000Z</time>
      </trkpt>
      <trkpt lat="37.676612386" lon="73.021682818">
        <ele>3850.623</ele>
        <time>2025-07-02T05:44:49.000Z</time>
      </trkpt>
      <trkpt lat="37.665402344" lon="73.054214157">
        <ele>3854.047</ele>
        <time>2025-07-02T05:57:32.000Z</time>
      </trkpt>
      <trkpt lat="37.65314708" lon="73.064760938">
        <ele>3906.577</ele>
        <time>2025-07-02T06:05:21.000Z</time>
      </trkpt>
      <trkpt lat="37.643652036" lon="73.063275095">
        <ele>3941.071</ele>
        <time>2025-07-02T06:10:40.000Z</time>
      </trkpt>
      <trkpt lat="37.65534404" lon="73.104339511">
        <ele>3850.244</ele>
        <time>2025-07-02T06:24:07.000Z</time>
      </trkpt>
      <trkpt lat="37.660223324" lon="73.121534041">
        <ele>3881.955</ele>
        <time>2025-07-02T06:30:56.000Z</time>
      </trkpt>
      <trkpt lat="37.667024769" lon="73.143476919">
        <ele>3869.228</ele>
        <time>2025-07-02T06:38:21.000Z</time>
      </trkpt>
      <trkpt lat="37.677874623" lon="73.19735467">
        <ele>3856.752</ele>
        <time>2025-07-02T06:51:08.000Z</time>
      </trkpt>
      <trkpt lat="37.710134424" lon="73.246562658">
        <ele>3922.446</ele>
        <time>2025-07-02T07:04:50.000Z</time>
      </trkpt>
      <trkpt lat="37.716199124" lon="73.252195873">
        <ele>3946.366</ele>
        <time>2025-07-02T07:09:55.000Z</time>
      </trkpt>
      <trkpt lat="37.729143407" lon="73.253680905">
        <ele>3923.665</ele>
        <time>2025-07-02T07:16:41.000Z</time>
      </trkpt>
      <trkpt lat="37.752559979" lon="73.260197634">
        <ele>3882.216</ele>
        <time>2025-07-02T07:30:49.000Z</time>
      </trkpt>
      <trkpt lat="37.757078572" lon="73.272500373">
        <ele>3879.034</ele>
        <time>2025-07-02T07:44:51.000Z</time>
      </trkpt>
      <trkpt lat="37.771182382" lon="73.31255707">
        <ele>3905.513</ele>
        <time>2025-07-02T07:58:49.000Z</time>
      </trkpt>
      <trkpt lat="37.783370729" lon="73.346218973">
        <ele>3908.082</ele>
        <time>2025-07-02T08:12:07.000Z</time>
      </trkpt>
      <trkpt lat="37.793702247" lon="73.393481873">
        <ele>3905.71</ele>
        <time>2025-07-02T08:25:53.000Z</time>
      </trkpt>
      <trkpt lat="37.792405738" lon="73.406808134">
        <ele>3896.657</ele>
        <time>2025-07-02T08:33:54.000Z</time>
      </trkpt>
      <trkpt lat="37.799753077" lon="73.44350615">
        <ele>3907.603</ele>
        <time>2025-07-02T08:51:41.000Z</time>
      </trkpt>
      <trkpt lat="37.814360827" lon="73.515135807">
        <ele>3926.762</ele>
        <time>2025-07-02T09:06:48.000Z</time>
      </trkpt>
      <trkpt lat="37.817057537" lon="73.539240935">
        <ele>3940.14</ele>
        <time>2025-07-02T09:12:22.000Z</time>
      </trkpt>
      <trkpt lat="37.822552803" lon="73.569051856">
        <ele>3934</ele>
        <time>2025-07-02T09:18:00.000Z</time>
      </trkpt>
      <trkpt lat="37.827574108" lon="73.609784385">
        <ele>3956.957</ele>
        <time>2025-07-02T09:27:15.000Z</time>
      </trkpt>
      <trkpt lat="37.82892372" lon="73.636107501">
        <ele>3963.998</ele>
        <time>2025-07-02T09:33:56.000Z</time>
      </trkpt>
      <trkpt lat="37.832012828" lon="73.668583352">
        <ele>3978</ele>
        <time>2025-07-02T09:40:27.000Z</time>
      </trkpt>
      <trkpt lat="37.827401082" lon="73.679661939">
        <ele>3974.861</ele>
        <time>2025-07-02T09:46:46.000Z</time>
      </trkpt>
      <trkpt lat="37.821744927" lon="73.683579659">
        <ele>3966.219</ele>
        <time>2025-07-02T09:51:46.000Z</time>
      </trkpt>
      <trkpt lat="37.843764215" lon="73.683679747">
        <ele>3996.696</ele>
        <time>2025-07-03T03:25:15.000Z</time>
      </trkpt>
      <trkpt lat="37.855835161" lon="73.741757032">
        <ele>4041.62</ele>
        <time>2025-07-03T03:38:30.000Z</time>
      </trkpt>
      <trkpt lat="37.859766819" lon="73.776121326">
        <ele>4065.569</ele>
        <time>2025-07-03T03:53:36.000Z</time>
      </trkpt>
      <trkpt lat="37.878723582" lon="73.828442255">
        <ele>4106.405</ele>
        <time>2025-07-03T04:06:21.000Z</time>
      </trkpt>
      <trkpt lat="37.920470603" lon="73.873851894">
        <ele>4033.133</ele>
        <time>2025-07-03T04:19:53.000Z</time>
      </trkpt>
      <trkpt lat="37.965071831" lon="73.881324173">
        <ele>3959.552</ele>
        <time>2025-07-03T04:33:05.000Z</time>
      </trkpt>
      <trkpt lat="37.968240338" lon="73.954902375">
        <ele>3848.368</ele>
        <time>2025-07-03T04:45:48.000Z</time>
      </trkpt>
      <trkpt lat="38.013998573" lon="73.93427711">
        <ele>3778.238</ele>
        <time>2025-07-03T04:58:36.000Z</time>
      </trkpt>
      <trkpt lat="38.074282268" lon="73.926823586">
        <ele>3717.53</ele>
        <time>2025-07-03T05:13:43.000Z</time>
      </trkpt>
      <trkpt lat="38.092778267" lon="73.908925862">
        <ele>3646.86</ele>
        <time>2025-07-03T05:26:33.000Z</time>
      </trkpt>
      <trkpt lat="38.122826265" lon="73.916834969">
        <ele>3578.22</ele>
        <time>2025-07-03T06:25:32.000Z</time>
      </trkpt>
      <trkpt lat="38.135015798" lon="73.955760243">
        <ele>3583.695</ele>
        <time>2025-07-03T06:39:52.000Z</time>
      </trkpt>
      <trkpt lat="38.146254503" lon="73.964078266">
        <ele>3590.176</ele>
        <time>2025-07-03T06:45:13.000Z</time>
      </trkpt>
      <trkpt lat="38.152589406" lon="73.96573493">
        <ele>3587.562</ele>
        <time>2025-07-03T06:54:55.000Z</time>
      </trkpt>
      <trkpt lat="38.175164473" lon="73.968201009">
        <ele>3616.661</ele>
        <time>2025-07-03T07:05:17.000Z</time>
      </trkpt>
      <trkpt lat="38.187822444" lon="73.990691268">
        <ele>3636.429</ele>
        <time>2025-07-03T07:24:23.000Z</time>
      </trkpt>
      <trkpt lat="38.228458073" lon="74.038142553">
        <ele>3683.827</ele>
        <time>2025-07-03T07:37:13.000Z</time>
      </trkpt>
      <trkpt lat="38.27758973" lon="74.048263785">
        <ele>3705.081</ele>
        <time>2025-07-03T07:51:03.000Z</time>
      </trkpt>
      <trkpt lat="38.335214052" lon="74.033386249">
        <ele>3752.039</ele>
        <time>2025-07-03T08:05:50.000Z</time>
      </trkpt>
      <trkpt lat="38.374880157" lon="74.031375256">
        <ele>3788.098</ele>
        <time>2025-07-03T08:18:54.000Z</time>
      </trkpt>
      <trkpt lat="38.418983613" lon="73.96325538">
        <ele>3864.94</ele>
        <time>2025-07-03T08:32:54.000Z</time>
      </trkpt>
      <trkpt lat="38.462274404" lon="73.91457731">
        <ele>3939.945</ele>
        <time>2025-07-03T08:48:02.000Z</time>
      </trkpt>
      <trkpt lat="38.46439729" lon="73.905320652">
        <ele>3966.494</ele>
        <time>2025-07-03T09:02:47.000Z</time>
      </trkpt>
      <trkpt lat="38.490515719" lon="73.877267763">
        <ele>4003.637</ele>
        <time>2025-07-04T03:36:43.000Z</time>
      </trkpt>
      <trkpt lat="38.533729208" lon="73.811878692">
        <ele>4113.347</ele>
        <time>2025-07-04T03:51:28.000Z</time>
      </trkpt>
      <trkpt lat="38.552476298" lon="73.753393712">
        <ele>4193.16</ele>
        <time>2025-07-04T04:06:13.000Z</time>
      </trkpt>
      <trkpt lat="38.570500491" lon="73.695166055">
        <ele>4287.804</ele>
        <time>2025-07-04T04:19:21.000Z</time>
      </trkpt>
      <trkpt lat="38.569132734" lon="73.635703599">
        <ele>4398.309</ele>
        <time>2025-07-04T04:33:21.000Z</time>
      </trkpt>
      <trkpt lat="38.564876108" lon="73.626944907">
        <ele>4412.551</ele>
        <time>2025-07-04T04:48:28.000Z</time>
      </trkpt>
      <trkpt lat="38.560475148" lon="73.611657154">
        <ele>4512.594</ele>
        <time>2025-07-04T05:02:26.000Z</time>
      </trkpt>
      <trkpt lat="38.560818167" lon="73.596644888">
        <ele>4657.016</ele>
        <time>2025-07-04T05:16:19.000Z</time>
      </trkpt>
      <trkpt lat="38.563880365" lon="73.56210261">
        <ele>4478.307</ele>
        <time>2025-07-04T05:47:32.000Z</time>
      </trkpt>
      <trkpt lat="38.573899269" lon="73.547448674">
        <ele>4420.997</ele>
        <time>2025-07-04T06:02:15.000Z</time>
      </trkpt>
      <trkpt lat="38.602786702" lon="73.533416446">
        <ele>4237.669</ele>
        <time>2025-07-04T06:15:10.000Z</time>
      </trkpt>
      <trkpt lat="38.629206168" lon="73.52908317">
        <ele>4218.557</ele>
        <time>2025-07-04T06:27:59.000Z</time>
      </trkpt>
      <trkpt lat="38.652455681" lon="73.527654475">
        <ele>4182.444</ele>
        <time>2025-07-04T06:43:06.000Z</time>
      </trkpt>
      <trkpt lat="38.664730685" lon="73.531446196">
        <ele>4164.97</ele>
        <time>2025-07-04T06:56:43.000Z</time>
      </trkpt>
      <trkpt lat="38.694245294" lon="73.526066607">
        <ele>4128.913</ele>
        <time>2025-07-04T07:11:50.000Z</time>
      </trkpt>
      <trkpt lat="38.715800992" lon="73.513299208">
        <ele>4096.109</ele>
        <time>2025-07-04T07:26:34.000Z</time>
      </trkpt>
      <trkpt lat="38.74231928" lon="73.497494124">
        <ele>4064.029</ele>
        <time>2025-07-04T07:37:40.000Z</time>
      </trkpt>
      <trkpt lat="38.755084334" lon="73.493833506">
        <ele>4059.662</ele>
        <time>2025-07-04T07:49:26.000Z</time>
      </trkpt>
      <trkpt lat="38.822730316" lon="73.458738246">
        <ele>4017.093</ele>
        <time>2025-07-04T08:04:34.000Z</time>
      </trkpt>
      <trkpt lat="38.905109377" lon="73.500298876">
        <ele>3950.59</ele>
        <time>2025-07-04T08:20:21.000Z</time>
      </trkpt>
      <trkpt lat="38.905061139" lon="73.45367102">
        <ele>3951.775</ele>
        <time>2025-07-04T08:33:51.000Z</time>
      </trkpt>
      <trkpt lat="38.896972556" lon="73.386959238">
        <ele>4047</ele>
        <time>2025-07-04T08:48:37.000Z</time>
      </trkpt>
      <trkpt lat="38.894504012" lon="73.383265265">
        <ele>4031.777</ele>
        <time>2025-07-04T15:32:59.000Z</time>
      </trkpt>
      <trkpt lat="38.905542344" lon="73.439212069">
        <ele>3972.19</ele>
        <time>2025-07-05T03:06:35.000Z</time>
      </trkpt>
      <trkpt lat="38.90404918" lon="73.462518768">
        <ele>3952.846</ele>
        <time>2025-07-05T03:21:07.000Z</time>
      </trkpt>
      <trkpt lat="38.931444897" lon="73.514518021">
        <ele>3954.148</ele>
        <time>2025-07-05T03:35:50.000Z</time>
      </trkpt>
      <trkpt lat="39.002668234" lon="73.554906892">
        <ele>3928.262</ele>
        <time>2025-07-05T03:50:34.000Z</time>
      </trkpt>
      <trkpt lat="39.062030205" lon="73.596751519">
        <ele>3934</ele>
        <time>2025-07-05T04:05:18.000Z</time>
      </trkpt>
      <trkpt lat="39.116654442" lon="73.573607047">
        <ele>3944.913</ele>
        <time>2025-07-05T04:17:54.000Z</time>
      </trkpt>
      <trkpt lat="39.165560547" lon="73.485202398">
        <ele>4052.302</ele>
        <time>2025-07-05T04:33:01.000Z</time>
      </trkpt>
      <trkpt lat="39.190145965" lon="73.456193372">
        <ele>4185.961</ele>
        <time>2025-07-05T04:45:49.000Z</time>
      </trkpt>
      <trkpt lat="39.225716682" lon="73.430615192">
        <ele>4225.03</ele>
        <time>2025-07-05T05:00:58.000Z</time>
      </trkpt>
      <trkpt lat="39.244120354" lon="73.407520009">
        <ele>4127.691</ele>
        <time>2025-07-05T05:15:41.000Z</time>
      </trkpt>
      <trkpt lat="39.274832737" lon="73.373750495">
        <ele>3997.802</ele>
        <time>2025-07-05T05:29:12.000Z</time>
      </trkpt>
      <trkpt lat="39.308493999" lon="73.337491639">
        <ele>3981.043</ele>
        <time>2025-07-05T05:43:38.000Z</time>
      </trkpt>
      <trkpt lat="39.333804958" lon="73.3351178">
        <ele>4041.372</ele>
        <time>2025-07-05T05:58:46.000Z</time>
      </trkpt>
      <trkpt lat="39.355961513" lon="73.339171959">
        <ele>4073.539</ele>
        <time>2025-07-05T06:11:59.000Z</time>
      </trkpt>
      <trkpt lat="39.369105594" lon="73.326374721">
        <ele>4158.416</ele>
        <time>2025-07-05T06:24:45.000Z</time>
      </trkpt>
      <trkpt lat="39.374244623" lon="73.326657107">
        <ele>4207.295</ele>
        <time>2025-07-05T07:06:44.000Z</time>
      </trkpt>
      <trkpt lat="39.389373078" lon="73.310170742">
        <ele>4144.159</ele>
        <time>2025-07-05T07:26:37.000Z</time>
      </trkpt>
      <trkpt lat="39.39421677" lon="73.303830084">
        <ele>4032.097</ele>
        <time>2025-07-05T07:41:22.000Z</time>
      </trkpt>
      <trkpt lat="39.399432368" lon="73.286319198">
        <ele>3938.237</ele>
        <time>2025-07-05T08:38:54.000Z</time>
      </trkpt>
      <trkpt lat="39.423412594" lon="73.256558498">
        <ele>3782.423</ele>
        <time>2025-07-05T08:52:33.000Z</time>
      </trkpt>
      <trkpt lat="39.444779595" lon="73.245802419">
        <ele>3655.348</ele>
        <time>2025-07-05T09:05:15.000Z</time>
      </trkpt>
      <trkpt lat="39.481654521" lon="73.261976224">
        <ele>3550.299</ele>
        <time>2025-07-05T09:17:24.000Z</time>
      </trkpt>
      <trkpt lat="39.506656368" lon="73.268967052">
        <ele>3476.637</ele>
        <time>2025-07-05T09:28:59.000Z</time>
      </trkpt>
      <trkpt lat="39.522853046" lon="73.269360539">
        <ele>3449.453</ele>
        <time>2025-07-05T11:17:17.000Z</time>
      </trkpt>
      <trkpt lat="39.573307431" lon="73.258110699">
        <ele>3322.105</ele>
        <time>2025-07-05T11:30:56.000Z</time>
      </trkpt>
      <trkpt lat="39.598403035" lon="73.246248541">
        <ele>3272.498</ele>
        <time>2025-07-05T11:36:06.000Z</time>
      </trkpt>
      <trkpt lat="39.603217452" lon="73.241853281">
        <ele>3258.926</ele>
        <time>2025-07-05T11:45:43.000Z</time>
      </trkpt>
      <trkpt lat="39.603054151" lon="73.241921431">
        <ele>3258.835</ele>
        <time>2025-07-05T12:31:26.000Z</time>
      </trkpt>
      <trkpt lat="39.603110931" lon="73.241925197">
        <ele>3259.061</ele>
        <time>2025-07-05T13:29:56.000Z</time>
      </trkpt>
      <trkpt lat="39.603099097" lon="73.241872764">
        <ele>3258.641</ele>
        <time>2025-07-05T14:10:30.000Z</time>
      </trkpt>
      <trkpt lat="39.603139311" lon="73.241909528">
        <ele>3259.05</ele>
        <time>2025-07-05T14:37:50.000Z</time>
      </trkpt>
      <trkpt lat="39.603132028" lon="73.241877095">
        <ele>3258.79</ele>
        <time>2025-07-05T15:31:19.000Z</time>
      </trkpt>
      <trkpt lat="39.53386306" lon="72.95034027">
        <ele>3320.961</ele>
        <time>2025-07-05T16:08:44.000Z</time>
      </trkpt>
      <trkpt lat="39.603088684" lon="73.241941547">
        <ele>3259.098</ele>
        <time>2025-07-05T16:26:50.000Z</time>
      </trkpt>
      <trkpt lat="39.53386306" lon="72.95034027">
        <ele>3320.961</ele>
        <time>2025-07-05T17:08:26.000Z</time>
      </trkpt>
      <trkpt lat="39.603105239" lon="73.241951102">
        <ele>3259.199</ele>
        <time>2025-07-05T17:22:14.000Z</time>
      </trkpt>
      <trkpt lat="39.53386306" lon="72.95034027">
        <ele>3320.961</ele>
        <time>2025-07-05T19:31:47.000Z</time>
      </trkpt>
      <trkpt lat="39.603178329" lon="73.24184306">
        <ele>3258.712</ele>
        <time>2025-07-05T19:47:15.000Z</time>
      </trkpt>
      <trkpt lat="39.53386306" lon="72.95034027">
        <ele>3320.961</ele>
        <time>2025-07-05T22:08:38.000Z</time>
      </trkpt>
      <trkpt lat="39.603088684" lon="73.241931824">
        <ele>3259.028</ele>
        <time>2025-07-05T22:20:02.000Z</time>
      </trkpt>
      <trkpt lat="39.53386306" lon="72.95034027">
        <ele>3320.961</ele>
        <time>2025-07-05T22:45:28.000Z</time>
      </trkpt>
      <trkpt lat="39.603057001" lon="73.241981613">
        <ele>3259.138</ele>
        <time>2025-07-05T22:57:57.000Z</time>
      </trkpt>
      <trkpt lat="39.53386306" lon="72.95034027">
        <ele>3320.961</ele>
        <time>2025-07-05T23:08:40.000Z</time>
      </trkpt>
      <trkpt lat="39.603096676" lon="73.241930139">
        <ele>3259.045</ele>
        <time>2025-07-05T23:26:02.000Z</time>
      </trkpt>
      <trkpt lat="39.53386306" lon="72.95034027">
        <ele>3320.961</ele>
        <time>2025-07-05T23:51:36.000Z</time>
      </trkpt>
      <trkpt lat="39.603112695" lon="73.241895785">
        <ele>3258.855</ele>
        <time>2025-07-06T00:03:05.000Z</time>
      </trkpt>
      <trkpt lat="39.53386306" lon="72.95034027">
        <ele>3320.961</ele>
        <time>2025-07-06T00:13:47.000Z</time>
      </trkpt>
      <trkpt lat="39.603123385" lon="73.241917994">
        <ele>3259.054</ele>
        <time>2025-07-06T00:31:06.000Z</time>
      </trkpt>
      <trkpt lat="39.53386306" lon="72.95034027">
        <ele>3320.961</ele>
        <time>2025-07-06T01:10:22.000Z</time>
      </trkpt>
      <trkpt lat="39.603070077" lon="73.241960909">
        <ele>3259.108</ele>
        <time>2025-07-06T01:21:53.000Z</time>
      </trkpt>
      <trkpt lat="39.590835571" lon="72.964889526">
        <ele>3123</ele>
        <time>2025-07-06T01:32:34.000Z</time>
      </trkpt>
      <trkpt lat="39.603110676" lon="73.241919154">
        <ele>3259.016</ele>
        <time>2025-07-06T01:48:14.000Z</time>
      </trkpt>
      <trkpt lat="39.53386306" lon="72.95034027">
        <ele>3320.961</ele>
        <time>2025-07-06T02:11:00.000Z</time>
      </trkpt>
      <trkpt lat="39.603090635" lon="73.241925233">
        <ele>3258.988</ele>
        <time>2025-07-06T02:30:04.000Z</time>
      </trkpt>
      <trkpt lat="39.637940428" lon="73.239932573">
        <ele>3196.515</ele>
        <time>2025-07-06T02:42:01.000Z</time>
      </trkpt>
      <trkpt lat="39.672645251" lon="73.234475037">
        <ele>3136.367</ele>
        <time>2025-07-06T02:48:31.000Z</time>
      </trkpt>
      <trkpt lat="39.694822538" lon="73.230408551">
        <ele>3112.168</ele>
        <time>2025-07-06T02:53:59.000Z</time>
      </trkpt>
      <trkpt lat="39.701706634" lon="73.215932006">
        <ele>3107.049</ele>
        <time>2025-07-06T03:00:42.000Z</time>
      </trkpt>
      <trkpt lat="39.701223766" lon="73.18407223">
        <ele>3086.797</ele>
        <time>2025-07-06T03:11:33.000Z</time>
      </trkpt>
      <trkpt lat="39.692404859" lon="73.15641528">
        <ele>3077.847</ele>
        <time>2025-07-06T03:24:45.000Z</time>
      </trkpt>
      <trkpt lat="39.685423784" lon="73.076746138">
        <ele>3035.765</ele>
        <time>2025-07-06T03:34:44.000Z</time>
      </trkpt>
      <trkpt lat="39.682074375" lon="72.963685161">
        <ele>3008.858</ele>
        <time>2025-07-06T03:53:04.000Z</time>
      </trkpt>
      <trkpt lat="39.677729631" lon="72.882935926">
        <ele>2988</ele>
        <time>2025-07-06T04:03:13.000Z</time>
      </trkpt>
      <trkpt lat="39.673509442" lon="72.882715963">
        <ele>2972.349</ele>
        <time>2025-07-06T04:13:43.000Z</time>
      </trkpt>
      <trkpt lat="39.66825285" lon="72.88374341">
        <ele>2958.338</ele>
        <time>2025-07-06T05:35:05.000Z</time>
      </trkpt>
      <trkpt lat="39.660380511" lon="72.880550199">
        <ele>2931.759</ele>
        <time>2025-07-06T05:46:54.000Z</time>
      </trkpt>
      <trkpt lat="39.627767473" lon="72.877495898">
        <ele>3003.088</ele>
        <time>2025-07-06T06:14:46.000Z</time>
      </trkpt>
      <trkpt lat="39.59630355" lon="72.88386261">
        <ele>3113.373</ele>
        <time>2025-07-06T06:27:48.000Z</time>
      </trkpt>
      <trkpt lat="39.562459798" lon="72.906632731">
        <ele>3226.751</ele>
        <time>2025-07-06T06:39:13.000Z</time>
      </trkpt>
      <trkpt lat="39.537707259" lon="72.928069936">
        <ele>3326.71</ele>
        <time>2025-07-06T06:50:30.000Z</time>
      </trkpt>
      <trkpt lat="39.530145122" lon="72.934530677">
        <ele>3347.279</ele>
        <time>2025-07-06T06:55:43.000Z</time>
      </trkpt>
      <trkpt lat="39.517317732" lon="72.934744846">
        <ele>3459.366</ele>
        <time>2025-07-06T07:04:53.000Z</time>
      </trkpt>
      <trkpt lat="39.502324112" lon="72.930536159">
        <ele>3501.336</ele>
        <time>2025-07-06T07:19:22.000Z</time>
      </trkpt>
      <trkpt lat="39.502960634" lon="72.932367888">
        <ele>3498.638</ele>
        <time>2025-07-06T07:24:20.000Z</time>
      </trkpt>
      <trkpt lat="39.492278508" lon="72.9245464">
        <ele>3498.293</ele>
        <time>2025-07-06T09:13:19.000Z</time>
      </trkpt>
      <trkpt lat="39.503001266" lon="72.932298133">
        <ele>3498.869</ele>
        <time>2025-07-06T09:25:23.000Z</time>
      </trkpt>
      <trkpt lat="39.64688873" lon="73.15450286">
        <ele>3122.443</ele>
        <time>2025-07-06T09:41:03.000Z</time>
      </trkpt>
      <trkpt lat="39.503010518" lon="72.932233305">
        <ele>3499.116</ele>
        <time>2025-07-06T09:46:22.000Z</time>
      </trkpt>
      <trkpt lat="39.486209602" lon="72.920492425">
        <ele>3577.141</ele>
        <time>2025-07-06T11:17:22.000Z</time>
      </trkpt>
      <trkpt lat="39.502929876" lon="72.932330378">
        <ele>3498.887</ele>
        <time>2025-07-06T11:22:28.000Z</time>
      </trkpt>
      <trkpt lat="39.528554086" lon="72.983593747">
        <ele>3321.888</ele>
        <time>2025-07-06T11:31:19.000Z</time>
      </trkpt>
      <trkpt lat="39.502866562" lon="72.932344721">
        <ele>3498.939</ele>
        <time>2025-07-06T11:38:06.000Z</time>
      </trkpt>
      <trkpt lat="39.488988457" lon="72.922811794">
        <ele>3520.768</ele>
        <time>2025-07-06T12:11:43.000Z</time>
      </trkpt>
      <trkpt lat="39.502822173" lon="72.932331342">
        <ele>3499.117</ele>
        <time>2025-07-06T12:18:30.000Z</time>
      </trkpt>
      <trkpt lat="39.550853507" lon="73.006446955">
        <ele>3207.597</ele>
        <time>2025-07-06T14:12:00.000Z</time>
      </trkpt>
      <trkpt lat="39.503056522" lon="72.932345062">
        <ele>3498.556</ele>
        <time>2025-07-06T14:18:58.000Z</time>
      </trkpt>
      <trkpt lat="39.482774113" lon="72.91984236">
        <ele>3563.175</ele>
        <time>2025-07-06T15:05:32.000Z</time>
      </trkpt>
      <trkpt lat="39.502462166" lon="72.932637864">
        <ele>3500.347</ele>
        <time>2025-07-06T15:19:06.000Z</time>
      </trkpt>
      <trkpt lat="39.5029873" lon="72.932380286">
        <ele>3498.537</ele>
        <time>2025-07-06T16:01:13.000Z</time>
      </trkpt>
      <trkpt lat="39.524377219" lon="72.968348964">
        <ele>3353.403</ele>
        <time>2025-07-06T16:06:56.000Z</time>
      </trkpt>
      <trkpt lat="39.50295671" lon="72.932259621">
        <ele>3499.173</ele>
        <time>2025-07-06T16:19:20.000Z</time>
      </trkpt>
      <trkpt lat="39.634750366" lon="73.15385437">
        <ele>3139.774</ele>
        <time>2025-07-06T17:00:35.000Z</time>
      </trkpt>
      <trkpt lat="39.502972577" lon="72.932307977">
        <ele>3498.898</ele>
        <time>2025-07-06T17:18:48.000Z</time>
      </trkpt>
      <trkpt lat="39.610671997" lon="73.150344849">
        <ele>3204.504</ele>
        <time>2025-07-06T17:33:36.000Z</time>
      </trkpt>
      <trkpt lat="39.502976471" lon="72.932303414">
        <ele>3498.909</ele>
        <time>2025-07-06T17:49:20.000Z</time>
      </trkpt>
      <trkpt lat="39.610671997" lon="73.150344849">
        <ele>3204.504</ele>
        <time>2025-07-06T20:50:12.000Z</time>
      </trkpt>
      <trkpt lat="39.502930828" lon="72.932295859">
        <ele>3499.065</ele>
        <time>2025-07-06T21:06:01.000Z</time>
      </trkpt>
      <trkpt lat="39.610671997" lon="73.150344849">
        <ele>3204.504</ele>
        <time>2025-07-06T22:15:58.000Z</time>
      </trkpt>
      <trkpt lat="39.502968501" lon="72.932309988">
        <ele>3498.898</ele>
        <time>2025-07-06T22:32:37.000Z</time>
      </trkpt>
      <trkpt lat="39.610671997" lon="73.150344849">
        <ele>3204.504</ele>
        <time>2025-07-06T22:47:22.000Z</time>
      </trkpt>
      <trkpt lat="39.502937874" lon="72.932283778">
        <ele>3499.108</ele>
        <time>2025-07-06T23:03:59.000Z</time>
      </trkpt>
      <trkpt lat="39.610671997" lon="73.150344849">
        <ele>3204.504</ele>
        <time>2025-07-06T23:18:45.000Z</time>
      </trkpt>
      <trkpt lat="39.502989109" lon="72.932326877">
        <ele>3498.772</ele>
        <time>2025-07-06T23:33:32.000Z</time>
      </trkpt>
      <trkpt lat="39.610671997" lon="73.150344849">
        <ele>3204.504</ele>
        <time>2025-07-07T01:46:27.000Z</time>
      </trkpt>
      <trkpt lat="39.502972718" lon="72.932326617">
        <ele>3498.81</ele>
        <time>2025-07-07T02:02:13.000Z</time>
      </trkpt>
      <trkpt lat="39.480327982" lon="72.916203394">
        <ele>3608.029</ele>
        <time>2025-07-07T07:11:55.000Z</time>
      </trkpt>
      <trkpt lat="39.503032024" lon="72.932351174">
        <ele>3498.581</ele>
        <time>2025-07-07T07:32:56.000Z</time>
      </trkpt>
      <trkpt lat="39.47335433" lon="72.91130828">
        <ele>3637.751</ele>
        <time>2025-07-07T08:39:50.000Z</time>
      </trkpt>
      <trkpt lat="39.503106284" lon="72.932337849">
        <ele>3498.508</ele>
        <time>2025-07-07T08:55:52.000Z</time>
      </trkpt>
      <trkpt lat="39.490564429" lon="72.924297745">
        <ele>3516.916</ele>
        <time>2025-07-07T09:43:56.000Z</time>
      </trkpt>
      <trkpt lat="39.503237712" lon="72.93222595">
        <ele>3498.978</ele>
        <time>2025-07-07T09:54:46.000Z</time>
      </trkpt>
      <trkpt lat="39.64688873" lon="73.15450286">
        <ele>3122.443</ele>
        <time>2025-07-07T10:09:08.000Z</time>
      </trkpt>
      <trkpt lat="39.502992061" lon="72.932323674">
        <ele>3498.78</ele>
        <time>2025-07-07T10:20:04.000Z</time>
      </trkpt>
      <trkpt lat="39.487996538" lon="72.921683917">
        <ele>3551.529</ele>
        <time>2025-07-07T13:18:37.000Z</time>
      </trkpt>
      <trkpt lat="39.502977368" lon="72.932313213">
        <ele>3498.862</ele>
        <time>2025-07-07T13:23:52.000Z</time>
      </trkpt>
      <trkpt lat="39.602310181" lon="73.170455933">
        <ele>3208.198</ele>
        <time>2025-07-07T19:09:02.000Z</time>
      </trkpt>
      <trkpt lat="39.502951699" lon="72.932272301">
        <ele>3499.126</ele>
        <time>2025-07-07T19:22:13.000Z</time>
      </trkpt>
      <trkpt lat="39.602310181" lon="73.170455933">
        <ele>3208.198</ele>
        <time>2025-07-07T19:48:39.000Z</time>
      </trkpt>
      <trkpt lat="39.502954563" lon="72.93236802">
        <ele>3498.648</ele>
        <time>2025-07-07T19:59:58.000Z</time>
      </trkpt>
      <trkpt lat="39.602310181" lon="73.170455933">
        <ele>3208.198</ele>
        <time>2025-07-07T21:50:30.000Z</time>
      </trkpt>
      <trkpt lat="39.502971272" lon="72.932347773">
        <ele>3498.714</ele>
        <time>2025-07-07T21:59:59.000Z</time>
      </trkpt>
      <trkpt lat="39.62391281" lon="73.15657806">
        <ele>3157.681</ele>
        <time>2025-07-07T23:34:53.000Z</time>
      </trkpt>
      <trkpt lat="39.502887078" lon="72.932304399">
        <ele>3499.131</ele>
        <time>2025-07-07T23:40:15.000Z</time>
      </trkpt>
      <trkpt lat="39.602310181" lon="73.170455933">
        <ele>3208.198</ele>
        <time>2025-07-07T23:50:58.000Z</time>
      </trkpt>
      <trkpt lat="39.502948505" lon="72.932247958">
        <ele>3499.257</ele>
        <time>2025-07-07T23:56:30.000Z</time>
      </trkpt>
      <trkpt lat="39.47550712" lon="72.912766246">
        <ele>3627.314</ele>
        <time>2025-07-08T00:20:38.000Z</time>
      </trkpt>
      <trkpt lat="39.503004047" lon="72.932206373">
        <ele>3499.185</ele>
        <time>2025-07-08T00:31:37.000Z</time>
      </trkpt>
      <trkpt lat="39.610671997" lon="73.150344849">
        <ele>3204.504</ele>
        <time>2025-07-08T00:42:41.000Z</time>
      </trkpt>
      <trkpt lat="39.502819978" lon="72.932311779">
        <ele>3499.252</ele>
        <time>2025-07-08T00:57:26.000Z</time>
      </trkpt>
      <trkpt lat="39.475556377" lon="72.912845911">
        <ele>3627.24</ele>
        <time>2025-07-08T02:35:47.000Z</time>
      </trkpt>
      <trkpt lat="39.502484147" lon="72.930126374">
        <ele>3500.507</ele>
        <time>2025-07-08T02:45:36.000Z</time>
      </trkpt>
      <trkpt lat="39.515907588" lon="72.933886657">
        <ele>3474.222</ele>
        <time>2025-07-08T02:56:34.000Z</time>
      </trkpt>
      <trkpt lat="39.521759788" lon="72.933404798">
        <ele>3416.068</ele>
        <time>2025-07-08T03:01:38.000Z</time>
      </trkpt>
      <trkpt lat="39.531102552" lon="72.933909575">
        <ele>3342.19</ele>
        <time>2025-07-08T03:08:08.000Z</time>
      </trkpt>
      <trkpt lat="39.538804558" lon="72.927162778">
        <ele>3325.279</ele>
        <time>2025-07-08T03:13:16.000Z</time>
      </trkpt>
      <trkpt lat="39.566878897" lon="72.900531504">
        <ele>3205.764</ele>
        <time>2025-07-08T03:24:21.000Z</time>
      </trkpt>
      <trkpt lat="39.581566132" lon="72.890805072">
        <ele>3159.898</ele>
        <time>2025-07-08T03:29:25.000Z</time>
      </trkpt>
      <trkpt lat="39.616592006" lon="72.875211718">
        <ele>3049.033</ele>
        <time>2025-07-08T03:42:53.000Z</time>
      </trkpt>
      <trkpt lat="39.66107095" lon="72.881537891">
        <ele>2937.995</ele>
        <time>2025-07-08T03:58:53.000Z</time>
      </trkpt>
      <trkpt lat="39.673653603" lon="72.882948932">
        <ele>2973.247</ele>
        <time>2025-07-08T04:13:25.000Z</time>
      </trkpt>
      <trkpt lat="39.684896965" lon="73.013577392">
        <ele>2995.629</ele>
        <time>2025-07-08T04:55:54.000Z</time>
      </trkpt>
      <trkpt lat="39.686047538" lon="73.086297763">
        <ele>3037.328</ele>
        <time>2025-07-08T05:00:57.000Z</time>
      </trkpt>
      <trkpt lat="39.702345905" lon="73.195932477">
        <ele>3093</ele>
        <time>2025-07-08T05:09:14.000Z</time>
      </trkpt>
      <trkpt lat="39.724624754" lon="73.248363216">
        <ele>3156.434</ele>
        <time>2025-07-08T05:15:49.000Z</time>
      </trkpt>
      <trkpt lat="39.74236657" lon="73.188465678">
        <ele>3433.771</ele>
        <time>2025-07-08T05:27:43.000Z</time>
      </trkpt>
      <trkpt lat="39.761078315" lon="73.16432455">
        <ele>3589.613</ele>
        <time>2025-07-08T05:42:52.000Z</time>
      </trkpt>
      <trkpt lat="39.771607538" lon="73.185407776">
        <ele>3321.253</ele>
        <time>2025-07-08T05:53:32.000Z</time>
      </trkpt>
      <trkpt lat="39.776483007" lon="73.208650029">
        <ele>3005.984</ele>
        <time>2025-07-08T06:03:09.000Z</time>
      </trkpt>
      <trkpt lat="39.816325516" lon="73.245891435">
        <ele>2799.61</ele>
        <time>2025-07-08T06:11:07.000Z</time>
      </trkpt>
      <trkpt lat="39.85601164" lon="73.345261627">
        <ele>2516.095</ele>
        <time>2025-07-08T06:23:32.000Z</time>
      </trkpt>
      <trkpt lat="39.899707576" lon="73.421278683">
        <ele>2355.365</ele>
        <time>2025-07-08T06:34:13.000Z</time>
      </trkpt>
      <trkpt lat="39.916909511" lon="73.431909099">
        <ele>2284.254</ele>
        <time>2025-07-08T06:49:02.000Z</time>
      </trkpt>
      <trkpt lat="39.975233995" lon="73.492051167">
        <ele>2167.578</ele>
        <time>2025-07-08T08:03:03.000Z</time>
      </trkpt>
      <trkpt lat="39.990485098" lon="73.492765838">
        <ele>2144.168</ele>
        <time>2025-07-08T08:08:51.000Z</time>
      </trkpt>
      <trkpt lat="40.007305839" lon="73.492161138">
        <ele>2085.406</ele>
        <time>2025-07-08T08:29:43.000Z</time>
      </trkpt>
      <trkpt lat="40.088071763" lon="73.537563561">
        <ele>1921.79</ele>
        <time>2025-07-08T08:41:16.000Z</time>
      </trkpt>
      <trkpt lat="40.126204107" lon="73.52807835">
        <ele>1826.927</ele>
        <time>2025-07-08T08:46:19.000Z</time>
      </trkpt>
      <trkpt lat="40.194594648" lon="73.481600366">
        <ele>1679.743</ele>
        <time>2025-07-08T08:57:32.000Z</time>
      </trkpt>
      <trkpt lat="40.233080888" lon="73.475035521">
        <ele>1638.123</ele>
        <time>2025-07-08T09:02:44.000Z</time>
      </trkpt>
      <trkpt lat="40.297264072" lon="73.435506144">
        <ele>1564.562</ele>
        <time>2025-07-08T09:15:52.000Z</time>
      </trkpt>
      <trkpt lat="40.254172655" lon="73.393671016">
        <ele>1838.564</ele>
        <time>2025-07-08T09:25:18.000Z</time>
      </trkpt>
      <trkpt lat="40.245297768" lon="73.345178115">
        <ele>2165.218</ele>
        <time>2025-07-08T09:37:54.000Z</time>
      </trkpt>
      <trkpt lat="40.245316719" lon="73.323547356">
        <ele>2380.04</ele>
        <time>2025-07-08T09:52:40.000Z</time>
      </trkpt>
      <trkpt lat="40.307476509" lon="73.235503099">
        <ele>1992.727</ele>
        <time>2025-07-08T10:04:34.000Z</time>
      </trkpt>
      <trkpt lat="40.383853444" lon="73.113487376">
        <ele>1754.6</ele>
        <time>2025-07-08T10:19:21.000Z</time>
      </trkpt>
      <trkpt lat="40.483219786" lon="73.053296113">
        <ele>1447.323</ele>
        <time>2025-07-08T10:29:57.000Z</time>
      </trkpt>
      <trkpt lat="40.520950457" lon="72.955111408">
        <ele>1181.177</ele>
        <time>2025-07-08T10:41:57.000Z</time>
      </trkpt>
      <trkpt lat="40.563669503" lon="72.934081718">
        <ele>1069.694</ele>
        <time>2025-07-08T10:54:05.000Z</time>
      </trkpt>
      <trkpt lat="40.611823836" lon="72.91654243">
        <ele>943</ele>
        <time>2025-07-08T11:06:09.000Z</time>
      </trkpt>
      <trkpt lat="40.611988569" lon="72.921279725">
        <ele>949.352</ele>
        <time>2025-07-08T11:18:42.000Z</time>
      </trkpt>
      <trkpt lat="40.578543185" lon="72.909277976">
        <ele>992.098</ele>
        <time>2025-07-09T02:38:43.000Z</time>
      </trkpt>
      <trkpt lat="40.560113714" lon="72.871540089">
        <ele>968.544</ele>
        <time>2025-07-09T02:43:41.000Z</time>
      </trkpt>
      <trkpt lat="40.535424778" lon="72.818977465">
        <ele>1010.169</ele>
        <time>2025-07-09T02:54:00.000Z</time>
      </trkpt>
      <trkpt lat="40.527151868" lon="72.78612296">
        <ele>1020.925</ele>
        <time>2025-07-09T03:07:59.000Z</time>
      </trkpt>
      <trkpt lat="40.527639259" lon="72.779753516">
        <ele>1022.062</ele>
        <time>2025-07-09T03:18:46.000Z</time>
      </trkpt>
      <trkpt lat="40.527004865" lon="72.778056317">
        <ele>1013.435</ele>
        <time>2025-07-09T10:39:57.000Z</time>
      </trkpt>
      <trkpt lat="40.527653908" lon="72.779763366">
        <ele>1022.282</ele>
        <time>2025-07-09T12:14:39.000Z</time>
      </trkpt>
      <trkpt lat="40.526875185" lon="72.777003642">
        <ele>1009.516</ele>
        <time>2025-07-09T19:38:38.000Z</time>
      </trkpt>
      <trkpt lat="40.527642535" lon="72.779739533">
        <ele>1022.083</ele>
        <time>2025-07-09T20:49:10.000Z</time>
      </trkpt>
      <trkpt lat="40.527070448" lon="72.77777897">
        <ele>1013.907</ele>
        <time>2025-07-09T21:00:41.000Z</time>
      </trkpt>
      <trkpt lat="40.527581759" lon="72.779779499">
        <ele>1021.323</ele>
        <time>2025-07-09T22:21:21.000Z</time>
      </trkpt>
      <trkpt lat="40.527023323" lon="72.777519401">
        <ele>1012.374</ele>
        <time>2025-07-09T22:31:57.000Z</time>
      </trkpt>
      <trkpt lat="40.526928408" lon="72.777199221">
        <ele>1010.028</ele>
        <time>2025-07-09T23:34:20.000Z</time>
      </trkpt>
      <trkpt lat="40.526972292" lon="72.777369603">
        <ele>1011.114</ele>
        <time>2025-07-10T00:34:20.000Z</time>
      </trkpt>
      <trkpt lat="40.527635499" lon="72.779772739">
        <ele>1022.044</ele>
        <time>2025-07-10T01:24:48.000Z</time>
      </trkpt>
      <trkpt lat="40.527027309" lon="72.777642246">
        <ele>1012.963</ele>
        <time>2025-07-10T01:36:17.000Z</time>
      </trkpt>
      <trkpt lat="40.527603477" lon="72.779791735">
        <ele>1021.647</ele>
        <time>2025-07-10T02:01:19.000Z</time>
      </trkpt>
      <trkpt lat="40.52703073" lon="72.777852467">
        <ele>1013.621</ele>
        <time>2025-07-10T02:12:43.000Z</time>
      </trkpt>
      <trkpt lat="40.527596943" lon="72.779792607">
        <ele>1021.561</ele>
        <time>2025-07-10T02:35:56.000Z</time>
      </trkpt>
      <trkpt lat="40.523814806" lon="72.763090376">
        <ele>979.192</ele>
        <time>2025-07-10T03:42:44.000Z</time>
      </trkpt>
      <trkpt lat="40.525771289" lon="72.772757098">
        <ele>1006</ele>
        <time>2025-07-10T03:54:16.000Z</time>
      </trkpt>
      <trkpt lat="40.523785553" lon="72.763104374">
        <ele>979.664</ele>
        <time>2025-07-10T04:29:25.000Z</time>
      </trkpt>
      <trkpt lat="40.541609773" lon="72.750925315">
        <ele>945.669</ele>
        <time>2025-07-10T04:42:06.000Z</time>
      </trkpt>
      <trkpt lat="40.558826896" lon="72.764097471">
        <ele>945.223</ele>
        <time>2025-07-10T04:52:31.000Z</time>
      </trkpt>
      <trkpt lat="40.567239282" lon="72.799648413">
        <ele>942</ele>
        <time>2025-07-10T05:36:18.000Z</time>
      </trkpt>
      <trkpt lat="40.568662556" lon="72.80823824">
        <ele>939.342</ele>
        <time>2025-07-10T05:41:56.000Z</time>
      </trkpt>
      <trkpt lat="40.557561605" lon="72.849208228">
        <ele>952.15</ele>
        <time>2025-07-10T05:52:19.000Z</time>
      </trkpt>
      <trkpt lat="40.581871228" lon="72.915574528">
        <ele>1000.332</ele>
        <time>2025-07-10T06:02:06.000Z</time>
      </trkpt>
      <trkpt lat="40.59952387" lon="72.962314903">
        <ele>1027</ele>
        <time>2025-07-10T06:07:05.000Z</time>
      </trkpt>
      <trkpt lat="40.643733647" lon="73.083104482">
        <ele>1045.176</ele>
        <time>2025-07-10T06:18:47.000Z</time>
      </trkpt>
      <trkpt lat="40.695636487" lon="73.188573048">
        <ele>951.251</ele>
        <time>2025-07-10T06:32:54.000Z</time>
      </trkpt>
      <trkpt lat="40.773218918" lon="73.246398211">
        <ele>951.352</ele>
        <time>2025-07-10T06:47:44.000Z</time>
      </trkpt>
      <trkpt lat="40.845871612" lon="73.173644923">
        <ele>1035.376</ele>
        <time>2025-07-10T07:01:03.000Z</time>
      </trkpt>
      <trkpt lat="40.864957683" lon="73.066935668">
        <ele>797.273</ele>
        <time>2025-07-10T07:16:13.000Z</time>
      </trkpt>
      <trkpt lat="40.858202659" lon="73.003324624">
        <ele>730.969</ele>
        <time>2025-07-10T07:59:41.000Z</time>
      </trkpt>
      <trkpt lat="40.865666159" lon="72.988887867">
        <ele>724.6</ele>
        <time>2025-07-10T08:04:58.000Z</time>
      </trkpt>
      <trkpt lat="40.920636607" lon="72.954105903">
        <ele>745.708</ele>
        <time>2025-07-10T08:15:48.000Z</time>
      </trkpt>
      <trkpt lat="40.925904047" lon="72.974794535">
        <ele>759.066</ele>
        <time>2025-07-10T08:21:03.000Z</time>
      </trkpt>
      <trkpt lat="40.965692044" lon="72.992881401">
        <ele>810</ele>
        <time>2025-07-10T08:34:36.000Z</time>
      </trkpt>
      <trkpt lat="40.999252381" lon="73.017932555">
        <ele>866</ele>
        <time>2025-07-10T08:45:21.000Z</time>
      </trkpt>
      <trkpt lat="41.033568037" lon="73.093947595">
        <ele>962.845</ele>
        <time>2025-07-10T08:56:28.000Z</time>
      </trkpt>
      <trkpt lat="41.030385458" lon="73.116631599">
        <ele>987.551</ele>
        <time>2025-07-10T09:02:22.000Z</time>
      </trkpt>
      <trkpt lat="41.099798153" lon="73.216202231">
        <ele>1176.328</ele>
        <time>2025-07-10T09:13:06.000Z</time>
      </trkpt>
      <trkpt lat="41.147335237" lon="73.296060897">
        <ele>1244.621</ele>
        <time>2025-07-10T09:26:19.000Z</time>
      </trkpt>
      <trkpt lat="41.145998152" lon="73.298382816">
        <ele>1245.719</ele>
        <time>2025-07-10T12:44:01.000Z</time>
      </trkpt>
      <trkpt lat="41.152838477" lon="73.29424891">
        <ele>1256.573</ele>
        <time>2025-07-11T01:42:35.000Z</time>
      </trkpt>
      <trkpt lat="41.160989852" lon="73.320395985">
        <ele>1396.014</ele>
        <time>2025-07-11T01:47:43.000Z</time>
      </trkpt>
      <trkpt lat="41.162867941" lon="73.345734927">
        <ele>1422.548</ele>
        <time>2025-07-11T02:01:17.000Z</time>
      </trkpt>
      <trkpt lat="41.176097843" lon="73.378999429">
        <ele>1582.135</ele>
        <time>2025-07-11T02:13:56.000Z</time>
      </trkpt>
      <trkpt lat="41.197424395" lon="73.393143815">
        <ele>1614.865</ele>
        <time>2025-07-11T02:30:34.000Z</time>
      </trkpt>
      <trkpt lat="41.203790646" lon="73.404090196">
        <ele>1620.796</ele>
        <time>2025-07-11T02:44:34.000Z</time>
      </trkpt>
      <trkpt lat="41.209937418" lon="73.443182722">
        <ele>1592.974</ele>
        <time>2025-07-11T02:58:32.000Z</time>
      </trkpt>
      <trkpt lat="41.220209431" lon="73.479320984">
        <ele>1610.152</ele>
        <time>2025-07-11T03:12:33.000Z</time>
      </trkpt>
      <trkpt lat="41.230696711" lon="73.499024741">
        <ele>1705.588</ele>
        <time>2025-07-11T03:20:55.000Z</time>
      </trkpt>
      <trkpt lat="41.250506238" lon="73.541471877">
        <ele>1797.621</ele>
        <time>2025-07-11T03:38:43.000Z</time>
      </trkpt>
      <trkpt lat="41.259944807" lon="73.562918566">
        <ele>1859.535</ele>
        <time>2025-07-11T03:48:56.000Z</time>
      </trkpt>
      <trkpt lat="41.26312817" lon="73.589332122">
        <ele>1910.73</ele>
        <time>2025-07-11T05:17:46.000Z</time>
      </trkpt>
      <trkpt lat="41.259833537" lon="73.598171007">
        <ele>1996.304</ele>
        <time>2025-07-11T05:22:48.000Z</time>
      </trkpt>
      <trkpt lat="41.259053252" lon="73.609161628">
        <ele>2133.984</ele>
        <time>2025-07-11T05:33:53.000Z</time>
      </trkpt>
      <trkpt lat="41.269209633" lon="73.613013986">
        <ele>2300.557</ele>
        <time>2025-07-11T05:46:29.000Z</time>
      </trkpt>
      <trkpt lat="41.262223679" lon="73.612959031">
        <ele>2408.299</ele>
        <time>2025-07-11T05:55:41.000Z</time>
      </trkpt>
      <trkpt lat="41.267246095" lon="73.632270872">
        <ele>2549.227</ele>
        <time>2025-07-11T06:08:25.000Z</time>
      </trkpt>
      <trkpt lat="41.269836291" lon="73.633413389">
        <ele>2765.342</ele>
        <time>2025-07-11T06:27:36.000Z</time>
      </trkpt>
      <trkpt lat="41.283210521" lon="73.635943676">
        <ele>2929.24</ele>
        <time>2025-07-11T06:54:41.000Z</time>
      </trkpt>
      <trkpt lat="41.293489674" lon="73.627810219">
        <ele>2970.066</ele>
        <time>2025-07-11T07:05:45.000Z</time>
      </trkpt>
      <trkpt lat="41.30565987" lon="73.653582043">
        <ele>2780.916</ele>
        <time>2025-07-11T07:20:34.000Z</time>
      </trkpt>
      <trkpt lat="41.310796433" lon="73.648818065">
        <ele>2663.285</ele>
        <time>2025-07-11T07:34:24.000Z</time>
      </trkpt>
      <trkpt lat="41.308692241" lon="73.658883497">
        <ele>2576.847</ele>
        <time>2025-07-11T07:40:44.000Z</time>
      </trkpt>
      <trkpt lat="41.311472012" lon="73.666918622">
        <ele>2473.781</ele>
        <time>2025-07-11T07:48:30.000Z</time>
      </trkpt>
      <trkpt lat="41.314538602" lon="73.678474105">
        <ele>2065.751</ele>
        <time>2025-07-11T07:53:29.000Z</time>
      </trkpt>
      <trkpt lat="41.305321948" lon="73.66425706">
        <ele>2413.382</ele>
        <time>2025-07-11T08:02:32.000Z</time>
      </trkpt>
      <trkpt lat="41.301227273" lon="73.66167834">
        <ele>2385.427</ele>
        <time>2025-07-11T08:08:13.000Z</time>
      </trkpt>
      <trkpt lat="41.303240764" lon="73.667054713">
        <ele>2299.894</ele>
        <time>2025-07-11T08:13:47.000Z</time>
      </trkpt>
      <trkpt lat="41.316697674" lon="73.675662861">
        <ele>2170.855</ele>
        <time>2025-07-11T08:24:08.000Z</time>
      </trkpt>
      <trkpt lat="41.320516682" lon="73.670292348">
        <ele>2059.388</ele>
        <time>2025-07-11T08:30:10.000Z</time>
      </trkpt>
      <trkpt lat="41.337153734" lon="73.649905217">
        <ele>2004.141</ele>
        <time>2025-07-11T08:43:13.000Z</time>
      </trkpt>
      <trkpt lat="41.3500336" lon="73.669586443">
        <ele>2064.173</ele>
        <time>2025-07-11T08:54:38.000Z</time>
      </trkpt>
      <trkpt lat="41.362219593" lon="73.692315723">
        <ele>1959.311</ele>
        <time>2025-07-11T08:59:53.000Z</time>
      </trkpt>
      <trkpt lat="41.361683371" lon="73.723755315">
        <ele>1896.692</ele>
        <time>2025-07-11T09:06:54.000Z</time>
      </trkpt>
      <trkpt lat="41.356619655" lon="73.784311731">
        <ele>1633.866</ele>
        <time>2025-07-11T09:23:39.000Z</time>
      </trkpt>
      <trkpt lat="41.366518484" lon="73.810485033">
        <ele>1517.839</ele>
        <time>2025-07-11T09:36:59.000Z</time>
      </trkpt>
      <trkpt lat="41.360492064" lon="73.803845141">
        <ele>1526.121</ele>
        <time>2025-07-11T09:49:35.000Z</time>
      </trkpt>
      <trkpt lat="41.360342842" lon="73.803393908">
        <ele>1526.65</ele>
        <time>2025-07-11T10:44:42.000Z</time>
      </trkpt>
      <trkpt lat="41.366483909" lon="73.811783809">
        <ele>1526.923</ele>
        <time>2025-07-12T02:40:26.000Z</time>
      </trkpt>
      <trkpt lat="41.36363705" lon="73.839195505">
        <ele>1562.437</ele>
        <time>2025-07-12T02:45:32.000Z</time>
      </trkpt>
      <trkpt lat="41.395729486" lon="73.890264594">
        <ele>1353.018</ele>
        <time>2025-07-12T02:55:31.000Z</time>
      </trkpt>
      <trkpt lat="41.399383814" lon="73.931747421">
        <ele>1400.054</ele>
        <time>2025-07-12T03:02:25.000Z</time>
      </trkpt>
      <trkpt lat="41.388300982" lon="73.947030448">
        <ele>1408.207</ele>
        <time>2025-07-12T03:08:05.000Z</time>
      </trkpt>
      <trkpt lat="41.411735541" lon="73.989719376">
        <ele>1272.755</ele>
        <time>2025-07-12T03:14:32.000Z</time>
      </trkpt>
      <trkpt lat="41.405470433" lon="74.009097479">
        <ele>1265.076</ele>
        <time>2025-07-12T03:19:35.000Z</time>
      </trkpt>
      <trkpt lat="41.403377953" lon="74.018944136">
        <ele>1266.807</ele>
        <time>2025-07-12T03:24:32.000Z</time>
      </trkpt>
      <trkpt lat="41.395674549" lon="74.089760494">
        <ele>1283.862</ele>
        <time>2025-07-12T05:13:12.000Z</time>
      </trkpt>
      <trkpt lat="41.379148295" lon="74.205096314">
        <ele>1325.957</ele>
        <time>2025-07-12T05:28:20.000Z</time>
      </trkpt>
      <trkpt lat="41.390328648" lon="74.253114356">
        <ele>1592.487</ele>
        <time>2025-07-12T05:43:04.000Z</time>
      </trkpt>
      <trkpt lat="41.420399168" lon="74.316340678">
        <ele>1794.658</ele>
        <time>2025-07-12T05:57:48.000Z</time>
      </trkpt>
      <trkpt lat="41.448728179" lon="74.334842776">
        <ele>2121.81</ele>
        <time>2025-07-12T06:09:33.000Z</time>
      </trkpt>
      <trkpt lat="41.462388556" lon="74.357666317">
        <ele>2074.556</ele>
        <time>2025-07-12T06:22:33.000Z</time>
      </trkpt>
      <trkpt lat="41.469877357" lon="74.416875753">
        <ele>1786.309</ele>
        <time>2025-07-12T06:39:22.000Z</time>
      </trkpt>
      <trkpt lat="41.467275689" lon="74.459301283">
        <ele>1795.9</ele>
        <time>2025-07-12T06:52:51.000Z</time>
      </trkpt>
      <trkpt lat="41.484969822" lon="74.515564526">
        <ele>1880.204</ele>
        <time>2025-07-12T07:05:10.000Z</time>
      </trkpt>
      <trkpt lat="41.483939225" lon="74.52833402">
        <ele>1932.178</ele>
        <time>2025-07-12T07:10:21.000Z</time>
      </trkpt>
      <trkpt lat="41.490003946" lon="74.584497429">
        <ele>1831.455</ele>
        <time>2025-07-12T07:25:09.000Z</time>
      </trkpt>
      <trkpt lat="41.511585322" lon="74.649865521">
        <ele>2049.864</ele>
        <time>2025-07-12T07:41:12.000Z</time>
      </trkpt>
      <trkpt lat="41.518484323" lon="74.680234721">
        <ele>2349.582</ele>
        <time>2025-07-12T07:54:00.000Z</time>
      </trkpt>
      <trkpt lat="41.532173557" lon="74.704851369">
        <ele>2626.987</ele>
        <time>2025-07-12T08:07:03.000Z</time>
      </trkpt>
      <trkpt lat="41.526006589" lon="74.711099501">
        <ele>2762.478</ele>
        <time>2025-07-12T08:18:32.000Z</time>
      </trkpt>
      <trkpt lat="41.515407572" lon="74.721979704">
        <ele>2677.497</ele>
        <time>2025-07-12T08:32:46.000Z</time>
      </trkpt>
      <trkpt lat="41.50548277" lon="74.719242845">
        <ele>2572.627</ele>
        <time>2025-07-12T08:47:49.000Z</time>
      </trkpt>
      <trkpt lat="41.502072891" lon="74.7330293">
        <ele>2413.495</ele>
        <time>2025-07-12T09:00:52.000Z</time>
      </trkpt>
      <trkpt lat="41.502875899" lon="74.73785842">
        <ele>2352.771</ele>
        <time>2025-07-12T09:55:39.000Z</time>
      </trkpt>
      <trkpt lat="41.46458435" lon="74.81446075">
        <ele>1740.562</ele>
        <time>2025-07-12T10:22:08.000Z</time>
      </trkpt>
      <trkpt lat="41.502889912" lon="74.737762241">
        <ele>2354.133</ele>
        <time>2025-07-12T10:33:26.000Z</time>
      </trkpt>
      <trkpt lat="41.46458435" lon="74.81446075">
        <ele>1740.562</ele>
        <time>2025-07-12T11:55:03.000Z</time>
      </trkpt>
      <trkpt lat="41.502867251" lon="74.737874012">
        <ele>2352.479</ele>
        <time>2025-07-12T12:00:46.000Z</time>
      </trkpt>
      <trkpt lat="41.468753384" lon="74.808527279">
        <ele>1730.14</ele>
        <time>2025-07-12T12:08:05.000Z</time>
      </trkpt>
      <trkpt lat="41.502882282" lon="74.737814072">
        <ele>2353.462</ele>
        <time>2025-07-12T12:18:45.000Z</time>
      </trkpt>
      <trkpt lat="41.46390533" lon="74.82754516">
        <ele>1751.158</ele>
        <time>2025-07-12T16:49:42.000Z</time>
      </trkpt>
      <trkpt lat="41.502862668" lon="74.737833979">
        <ele>2353.095</ele>
        <time>2025-07-12T17:04:04.000Z</time>
      </trkpt>
      <trkpt lat="41.414930418" lon="74.892808871">
        <ele>1585.139</ele>
        <time>2025-07-12T19:01:20.000Z</time>
      </trkpt>
      <trkpt lat="41.502886056" lon="74.737828877">
        <ele>2353.255</ele>
        <time>2025-07-12T19:17:29.000Z</time>
      </trkpt>
      <trkpt lat="41.39847183" lon="74.89046478">
        <ele>1646.51</ele>
        <time>2025-07-12T19:46:10.000Z</time>
      </trkpt>
      <trkpt lat="41.502861707" lon="74.737815885">
        <ele>2353.384</ele>
        <time>2025-07-12T20:02:18.000Z</time>
      </trkpt>
      <trkpt lat="41.39847183" lon="74.89046478">
        <ele>1646.51</ele>
        <time>2025-07-12T21:02:25.000Z</time>
      </trkpt>
      <trkpt lat="41.502871761" lon="74.737883281">
        <ele>2352.364</ele>
        <time>2025-07-12T21:18:10.000Z</time>
      </trkpt>
      <trkpt lat="41.39847183" lon="74.89046478">
        <ele>1646.51</ele>
        <time>2025-07-12T22:12:10.000Z</time>
      </trkpt>
      <trkpt lat="41.50286301" lon="74.737877721">
        <ele>2352.393</ele>
        <time>2025-07-12T22:30:07.000Z</time>
      </trkpt>
      <trkpt lat="41.4675189" lon="74.817221601">
        <ele>1755.066</ele>
        <time>2025-07-12T22:45:45.000Z</time>
      </trkpt>
      <trkpt lat="41.502947388" lon="74.737789687">
        <ele>2353.874</ele>
        <time>2025-07-12T23:01:10.000Z</time>
      </trkpt>
      <trkpt lat="41.39847183" lon="74.89046478">
        <ele>1646.51</ele>
        <time>2025-07-12T23:15:10.000Z</time>
      </trkpt>
      <trkpt lat="41.502847473" lon="74.737801739">
        <ele>2353.591</ele>
        <time>2025-07-12T23:32:03.000Z</time>
      </trkpt>
      <trkpt lat="41.46390533" lon="74.82754516">
        <ele>1751.158</ele>
        <time>2025-07-13T00:12:42.000Z</time>
      </trkpt>
      <trkpt lat="41.502433946" lon="74.738058805">
        <ele>2335.755</ele>
        <time>2025-07-13T00:29:30.000Z</time>
      </trkpt>
      <trkpt lat="41.502838782" lon="74.737827871">
        <ele>2353.116</ele>
        <time>2025-07-13T01:26:02.000Z</time>
      </trkpt>
      <trkpt lat="41.498172035" lon="74.749992803">
        <ele>2046.325</ele>
        <time>2025-07-13T02:05:06.000Z</time>
      </trkpt>
      <trkpt lat="41.502934545" lon="74.737818064">
        <ele>2353.539</ele>
        <time>2025-07-13T02:15:28.000Z</time>
      </trkpt>
      <trkpt lat="41.46390533" lon="74.82754516">
        <ele>1751.158</ele>
        <time>2025-07-13T02:31:30.000Z</time>
      </trkpt>
      <trkpt lat="41.50287935" lon="74.737854358">
        <ele>2352.85</ele>
        <time>2025-07-13T02:39:19.000Z</time>
      </trkpt>
      <trkpt lat="41.502900262" lon="74.747362479">
        <ele>2065.926</ele>
        <time>2025-07-13T03:00:24.000Z</time>
      </trkpt>
      <trkpt lat="41.479550013" lon="74.772460412">
        <ele>1805.602</ele>
        <time>2025-07-13T03:12:38.000Z</time>
      </trkpt>
      <trkpt lat="41.431115035" lon="74.854636417">
        <ele>1686.429</ele>
        <time>2025-07-13T03:29:55.000Z</time>
      </trkpt>
      <trkpt lat="41.426817987" lon="74.961092816">
        <ele>1618.562</ele>
        <time>2025-07-13T03:43:26.000Z</time>
      </trkpt>
      <trkpt lat="41.418915236" lon="75.032805147">
        <ele>1629.099</ele>
        <time>2025-07-13T03:56:09.000Z</time>
      </trkpt>
      <trkpt lat="41.413195621" lon="75.067026355">
        <ele>1653</ele>
        <time>2025-07-13T04:11:18.000Z</time>
      </trkpt>
      <trkpt lat="41.412963029" lon="75.046703015">
        <ele>1640.71</ele>
        <time>2025-07-13T04:39:32.000Z</time>
      </trkpt>
      <trkpt lat="41.479361415" lon="75.035330258">
        <ele>1764.459</ele>
        <time>2025-07-13T04:54:18.000Z</time>
      </trkpt>
      <trkpt lat="41.531527975" lon="75.036431152">
        <ele>1940.544</ele>
        <time>2025-07-13T05:08:43.000Z</time>
      </trkpt>
      <trkpt lat="41.564343963" lon="75.016996542">
        <ele>1989.782</ele>
        <time>2025-07-13T05:19:10.000Z</time>
      </trkpt>
      <trkpt lat="41.620205082" lon="75.043216646">
        <ele>2194.279</ele>
        <time>2025-07-13T05:35:33.000Z</time>
      </trkpt>
      <trkpt lat="41.647447832" lon="75.029553853">
        <ele>2417.409</ele>
        <time>2025-07-13T05:46:12.000Z</time>
      </trkpt>
      <trkpt lat="41.661164909" lon="75.021624533">
        <ele>2740.472</ele>
        <time>2025-07-13T06:01:20.000Z</time>
      </trkpt>
      <trkpt lat="41.665583742" lon="75.026211524">
        <ele>2958.286</ele>
        <time>2025-07-13T06:15:44.000Z</time>
      </trkpt>
      <trkpt lat="41.66047317" lon="75.031677196">
        <ele>3018.538</ele>
        <time>2025-07-13T06:26:13.000Z</time>
      </trkpt>
      <trkpt lat="41.668755191" lon="75.036371644">
        <ele>3229.968</ele>
        <time>2025-07-13T06:36:35.000Z</time>
      </trkpt>
      <trkpt lat="41.682579855" lon="75.054366888">
        <ele>3115.505</ele>
        <time>2025-07-13T06:57:33.000Z</time>
      </trkpt>
      <trkpt lat="41.730961539" lon="75.082508816">
        <ele>3048.098</ele>
        <time>2025-07-13T07:10:54.000Z</time>
      </trkpt>
      <trkpt lat="41.753139218" lon="75.112173635">
        <ele>3025.402</ele>
        <time>2025-07-13T07:23:31.000Z</time>
      </trkpt>
      <trkpt lat="41.760572098" lon="75.155088112">
        <ele>3071.821</ele>
        <time>2025-07-13T07:38:15.000Z</time>
      </trkpt>
      <trkpt lat="41.765673095" lon="75.162920281">
        <ele>3056.873</ele>
        <time>2025-07-13T07:50:59.000Z</time>
      </trkpt>
      <trkpt lat="41.757802153" lon="75.16911434">
        <ele>3089.013</ele>
        <time>2025-07-16T03:32:31.000Z</time>
      </trkpt>
      <trkpt lat="41.760151307" lon="75.220541926">
        <ele>3055.933</ele>
        <time>2025-07-16T03:46:45.000Z</time>
      </trkpt>
      <trkpt lat="41.765409024" lon="75.269710086">
        <ele>3043.099</ele>
        <time>2025-07-16T04:01:54.000Z</time>
      </trkpt>
      <trkpt lat="41.769781179" lon="75.309212112">
        <ele>3039.576</ele>
        <time>2025-07-16T04:11:52.000Z</time>
      </trkpt>
      <trkpt lat="41.761959619" lon="75.371932425">
        <ele>3022.945</ele>
        <time>2025-07-16T04:30:20.000Z</time>
      </trkpt>
      <trkpt lat="41.799166026" lon="75.393372292">
        <ele>3025.998</ele>
        <time>2025-07-16T04:43:59.000Z</time>
      </trkpt>
      <trkpt lat="41.847289706" lon="75.36859051">
        <ele>3039.243</ele>
        <time>2025-07-16T04:57:25.000Z</time>
      </trkpt>
      <trkpt lat="41.88607574" lon="75.346305091">
        <ele>3099.009</ele>
        <time>2025-07-16T05:10:27.000Z</time>
      </trkpt>
      <trkpt lat="41.905875946" lon="75.382832191">
        <ele>3325.43</ele>
        <time>2025-07-16T05:20:30.000Z</time>
      </trkpt>
      <trkpt lat="41.914269095" lon="75.421070774">
        <ele>3445.579</ele>
        <time>2025-07-16T05:32:53.000Z</time>
      </trkpt>
      <trkpt lat="41.932182913" lon="75.414556582">
        <ele>3197.424</ele>
        <time>2025-07-16T06:01:33.000Z</time>
      </trkpt>
      <trkpt lat="41.943879146" lon="75.425029518">
        <ele>2966.12</ele>
        <time>2025-07-16T06:16:16.000Z</time>
      </trkpt>
      <trkpt lat="41.952339286" lon="75.45864943">
        <ele>2687.126</ele>
        <time>2025-07-16T06:29:41.000Z</time>
      </trkpt>
      <trkpt lat="41.952790622" lon="75.465249357">
        <ele>2675.329</ele>
        <time>2025-07-16T06:44:44.000Z</time>
      </trkpt>
      <trkpt lat="41.950964556" lon="75.511235484">
        <ele>2581.467</ele>
        <time>2025-07-16T06:52:28.000Z</time>
      </trkpt>
      <trkpt lat="41.945929972" lon="75.575611648">
        <ele>2455.766</ele>
        <time>2025-07-16T07:00:15.000Z</time>
      </trkpt>
      <trkpt lat="41.935804131" lon="75.635186985">
        <ele>2362.218</ele>
        <time>2025-07-16T07:10:53.000Z</time>
      </trkpt>
      <trkpt lat="41.91062164" lon="75.71850585">
        <ele>2514.542</ele>
        <time>2025-07-16T07:23:13.000Z</time>
      </trkpt>
      <trkpt lat="41.935829607" lon="75.635138235">
        <ele>2362.437</ele>
        <time>2025-07-16T07:37:12.000Z</time>
      </trkpt>
      <trkpt lat="41.935969969" lon="75.635873576">
        <ele>2361.184</ele>
        <time>2025-07-16T15:25:16.000Z</time>
      </trkpt>
      <trkpt lat="41.935804066" lon="75.635087727">
        <ele>2361.822</ele>
        <time>2025-07-16T15:26:26.000Z</time>
      </trkpt>
      <trkpt lat="41.933119065" lon="75.677789773">
        <ele>2321.148</ele>
        <time>2025-07-17T03:19:54.000Z</time>
      </trkpt>
      <trkpt lat="41.931734881" lon="75.684053579">
        <ele>2328.246</ele>
        <time>2025-07-17T03:31:13.000Z</time>
      </trkpt>
      <trkpt lat="41.933345441" lon="75.737616085">
        <ele>2374.815</ele>
        <time>2025-07-17T03:41:56.000Z</time>
      </trkpt>
      <trkpt lat="42.013322624" lon="75.696711742">
        <ele>2198.967</ele>
        <time>2025-07-17T03:55:00.000Z</time>
      </trkpt>
      <trkpt lat="42.117931671" lon="75.645279363">
        <ele>1949.452</ele>
        <time>2025-07-17T04:07:45.000Z</time>
      </trkpt>
      <trkpt lat="42.192219818" lon="75.757704021">
        <ele>1842.274</ele>
        <time>2025-07-17T04:22:33.000Z</time>
      </trkpt>
      <trkpt lat="42.217420712" lon="75.760378651">
        <ele>1807.922</ele>
        <time>2025-07-17T04:34:29.000Z</time>
      </trkpt>
      <trkpt lat="42.220745059" lon="75.768853678">
        <ele>1806.127</ele>
        <time>2025-07-17T05:18:11.000Z</time>
      </trkpt>
      <trkpt lat="42.223828007" lon="75.776240062">
        <ele>1797.974</ele>
        <time>2025-07-17T05:39:31.000Z</time>
      </trkpt>
      <trkpt lat="42.248130203" lon="75.834263535">
        <ele>1783.731</ele>
        <time>2025-07-17T05:50:40.000Z</time>
      </trkpt>
      <trkpt lat="42.221542358" lon="75.771102905">
        <ele>1805.464</ele>
        <time>2025-07-17T06:03:03.000Z</time>
      </trkpt>
      <trkpt lat="42.248079897" lon="75.834212675">
        <ele>1783.912</ele>
        <time>2025-07-17T06:12:41.000Z</time>
      </trkpt>
      <trkpt lat="42.22259902" lon="75.77337646">
        <ele>1804</ele>
        <time>2025-07-17T06:25:57.000Z</time>
      </trkpt>
      <trkpt lat="42.272182074" lon="75.853805523">
        <ele>1766.409</ele>
        <time>2025-07-17T06:33:43.000Z</time>
      </trkpt>
      <trkpt lat="42.324280946" lon="75.887681079">
        <ele>1821.196</ele>
        <time>2025-07-17T06:42:04.000Z</time>
      </trkpt>
      <trkpt lat="42.419607599" lon="75.848404637">
        <ele>1906.46</ele>
        <time>2025-07-17T06:56:08.000Z</time>
      </trkpt>
      <trkpt lat="42.465404413" lon="75.939838124">
        <ele>1578.139</ele>
        <time>2025-07-17T07:08:02.000Z</time>
      </trkpt>
      <trkpt lat="42.45860809" lon="76.092990674">
        <ele>1621.992</ele>
        <time>2025-07-17T07:18:43.000Z</time>
      </trkpt>
      <trkpt lat="42.452676888" lon="76.164414128">
        <ele>1631.069</ele>
        <time>2025-07-17T07:24:20.000Z</time>
      </trkpt>
      <trkpt lat="42.465383685" lon="76.222266024">
        <ele>1625.321</ele>
        <time>2025-07-17T07:35:17.000Z</time>
      </trkpt>
      <trkpt lat="42.474925402" lon="76.248998961">
        <ele>1620.335</ele>
        <time>2025-07-17T07:40:14.000Z</time>
      </trkpt>
      <trkpt lat="42.488701679" lon="76.381380782">
        <ele>1626.287</ele>
        <time>2025-07-17T07:49:15.000Z</time>
      </trkpt>
      <trkpt lat="42.515038122" lon="76.551847737">
        <ele>1619.911</ele>
        <time>2025-07-17T08:01:37.000Z</time>
      </trkpt>
      <trkpt lat="42.581825922" lon="76.720947772">
        <ele>1623.81</ele>
        <time>2025-07-17T08:17:00.000Z</time>
      </trkpt>
      <trkpt lat="42.599516725" lon="76.881005745">
        <ele>1622.162</ele>
        <time>2025-07-17T08:30:07.000Z</time>
      </trkpt>
      <trkpt lat="42.602331804" lon="76.891351303">
        <ele>1622.394</ele>
        <time>2025-07-17T08:47:17.000Z</time>
      </trkpt>
      <trkpt lat="42.59507658" lon="76.863653949">
        <ele>1606.542</ele>
        <time>2025-07-17T08:56:57.000Z</time>
      </trkpt>
      <trkpt lat="42.59316186" lon="76.86758196">
        <ele>1606.33</ele>
        <time>2025-07-17T09:02:07.000Z</time>
      </trkpt>
      <trkpt lat="42.593086776" lon="76.868368728">
        <ele>1606.324</ele>
        <time>2025-07-17T09:18:07.000Z</time>
      </trkpt>
      <trkpt lat="42.58570098" lon="76.76430511">
        <ele>1602</ele>
        <time>2025-07-17T13:23:52.000Z</time>
      </trkpt>
      <trkpt lat="42.593093722" lon="76.868334011">
        <ele>1606.277</ele>
        <time>2025-07-17T13:29:17.000Z</time>
      </trkpt>
      <trkpt lat="42.58570098" lon="76.76430511">
        <ele>1602</ele>
        <time>2025-07-17T13:53:43.000Z</time>
      </trkpt>
      <trkpt lat="42.593076144" lon="76.868319061">
        <ele>1606.148</ele>
        <time>2025-07-17T14:05:16.000Z</time>
      </trkpt>
      <trkpt lat="42.58570098" lon="76.76430511">
        <ele>1602</ele>
        <time>2025-07-17T14:37:15.000Z</time>
      </trkpt>
      <trkpt lat="42.593010524" lon="76.868358292">
        <ele>1605.928</ele>
        <time>2025-07-17T14:53:12.000Z</time>
      </trkpt>
      <trkpt lat="42.591446387" lon="76.845457615">
        <ele>1602</ele>
        <time>2025-07-17T15:17:10.000Z</time>
      </trkpt>
      <trkpt lat="42.593109412" lon="76.868325296">
        <ele>1606.388</ele>
        <time>2025-07-17T15:26:20.000Z</time>
      </trkpt>
      <trkpt lat="42.597043731" lon="76.871041374">
        <ele>1615.876</ele>
        <time>2025-07-17T15:38:02.000Z</time>
      </trkpt>
      <trkpt lat="42.593094511" lon="76.868376313">
        <ele>1606.392</ele>
        <time>2025-07-17T17:13:24.000Z</time>
      </trkpt>
      <trkpt lat="42.58570098" lon="76.76430511">
        <ele>1602</ele>
        <time>2025-07-17T17:41:38.000Z</time>
      </trkpt>
      <trkpt lat="42.593080185" lon="76.868351591">
        <ele>1606.231</ele>
        <time>2025-07-17T17:47:02.000Z</time>
      </trkpt>
      <trkpt lat="42.58570098" lon="76.76430511">
        <ele>1602</ele>
        <time>2025-07-17T19:15:55.000Z</time>
      </trkpt>
      <trkpt lat="42.593071419" lon="76.868312275">
        <ele>1606.114</ele>
        <time>2025-07-17T19:27:58.000Z</time>
      </trkpt>
      <trkpt lat="42.597550439" lon="76.871318245">
        <ele>1618.046</ele>
        <time>2025-07-17T19:44:56.000Z</time>
      </trkpt>
      <trkpt lat="42.593102933" lon="76.868366142">
        <ele>1606.419</ele>
        <time>2025-07-17T19:58:17.000Z</time>
      </trkpt>
      <trkpt lat="42.597554935" lon="76.871358841">
        <ele>1618.021</ele>
        <time>2025-07-17T20:32:34.000Z</time>
      </trkpt>
      <trkpt lat="42.593089817" lon="76.868364913">
        <ele>1606.332</ele>
        <time>2025-07-17T20:45:05.000Z</time>
      </trkpt>
      <trkpt lat="42.59755718" lon="76.871379115">
        <ele>1618.007</ele>
        <time>2025-07-17T20:55:43.000Z</time>
      </trkpt>
      <trkpt lat="42.593109473" lon="76.868358878">
        <ele>1606.444</ele>
        <time>2025-07-17T21:08:01.000Z</time>
      </trkpt>
      <trkpt lat="42.597550439" lon="76.871318246">
        <ele>1618.046</ele>
        <time>2025-07-17T22:18:17.000Z</time>
      </trkpt>
      <trkpt lat="42.593121462" lon="76.868340301">
        <ele>1606.488</ele>
        <time>2025-07-17T22:29:19.000Z</time>
      </trkpt>
      <trkpt lat="42.58570098" lon="76.76430511">
        <ele>1602</ele>
        <time>2025-07-17T22:42:27.000Z</time>
      </trkpt>
      <trkpt lat="42.593139207" lon="76.868397822">
        <ele>1606.695</ele>
        <time>2025-07-17T23:13:22.000Z</time>
      </trkpt>
      <trkpt lat="42.58570098" lon="76.76430511">
        <ele>1602</ele>
        <time>2025-07-17T23:58:13.000Z</time>
      </trkpt>
      <trkpt lat="42.593099834" lon="76.868353766">
        <ele>1606.369</ele>
        <time>2025-07-18T00:13:31.000Z</time>
      </trkpt>
      <trkpt lat="42.598015925" lon="76.867195957">
        <ele>1621.043</ele>
        <time>2025-07-18T00:18:25.000Z</time>
      </trkpt>
      <trkpt lat="42.593084196" lon="76.868347005">
        <ele>1606.245</ele>
        <time>2025-07-18T00:43:10.000Z</time>
      </trkpt>
      <trkpt lat="42.597554913" lon="76.871358647">
        <ele>1618.022</ele>
        <time>2025-07-18T00:55:00.000Z</time>
      </trkpt>
      <trkpt lat="42.593133291" lon="76.868344965">
        <ele>1606.578</ele>
        <time>2025-07-18T01:08:56.000Z</time>
      </trkpt>
      <trkpt lat="42.597550439" lon="76.871318246">
        <ele>1618.046</ele>
        <time>2025-07-18T01:23:37.000Z</time>
      </trkpt>
      <trkpt lat="42.593153263" lon="76.868367522">
        <ele>1606.74</ele>
        <time>2025-07-18T01:33:05.000Z</time>
      </trkpt>
      <trkpt lat="42.58570098" lon="76.76430511">
        <ele>1602</ele>
        <time>2025-07-18T01:43:46.000Z</time>
      </trkpt>
      <trkpt lat="42.593106204" lon="76.868399037">
        <ele>1606.515</ele>
        <time>2025-07-18T01:54:49.000Z</time>
      </trkpt>
      <trkpt lat="42.597555832" lon="76.871366948">
        <ele>1618.016</ele>
        <time>2025-07-18T02:16:18.000Z</time>
      </trkpt>
      <trkpt lat="42.593074473" lon="76.868361298">
        <ele>1606.223</ele>
        <time>2025-07-18T02:31:35.000Z</time>
      </trkpt>
      <trkpt lat="42.597457697" lon="76.871360843">
        <ele>1617.711</ele>
        <time>2025-07-18T02:38:53.000Z</time>
      </trkpt>
      <trkpt lat="42.593067926" lon="76.868378108">
        <ele>1606.236</ele>
        <time>2025-07-18T02:45:22.000Z</time>
      </trkpt>
      <trkpt lat="42.58570098" lon="76.76430511">
        <ele>1602</ele>
        <time>2025-07-18T04:09:30.000Z</time>
      </trkpt>
      <trkpt lat="42.593034495" lon="76.868306638">
        <ele>1605.917</ele>
        <time>2025-07-18T04:25:17.000Z</time>
      </trkpt>
      <trkpt lat="42.58585316" lon="76.764853232">
        <ele>1602</ele>
        <time>2025-07-18T06:45:26.000Z</time>
      </trkpt>
      <trkpt lat="42.593062408" lon="76.868369356">
        <ele>1606.173</ele>
        <time>2025-07-18T07:02:04.000Z</time>
      </trkpt>
      <trkpt lat="42.59196472" lon="76.79068756">
        <ele>1602</ele>
        <time>2025-07-18T07:42:35.000Z</time>
      </trkpt>
      <trkpt lat="42.593114494" lon="76.868346291">
        <ele>1606.451</ele>
        <time>2025-07-18T08:02:15.000Z</time>
      </trkpt>
      <trkpt lat="42.59196472" lon="76.79068756">
        <ele>1602</ele>
        <time>2025-07-18T08:12:48.000Z</time>
      </trkpt>
      <trkpt lat="42.593087455" lon="76.86829168">
        <ele>1606.23</ele>
        <time>2025-07-18T08:23:29.000Z</time>
      </trkpt>
      <trkpt lat="42.58570098" lon="76.76430511">
        <ele>1602</ele>
        <time>2025-07-18T08:52:13.000Z</time>
      </trkpt>
      <trkpt lat="42.593079499" lon="76.868364859">
        <ele>1606.266</ele>
        <time>2025-07-18T09:03:23.000Z</time>
      </trkpt>
      <trkpt lat="42.597563948" lon="76.871442411">
        <ele>1617.852</ele>
        <time>2025-07-18T10:23:05.000Z</time>
      </trkpt>
      <trkpt lat="42.593049919" lon="76.868421743">
        <ele>1606.298</ele>
        <time>2025-07-18T10:48:06.000Z</time>
      </trkpt>
      <trkpt lat="42.597563962" lon="76.871444697">
        <ele>1617.845</ele>
        <time>2025-07-18T11:45:05.000Z</time>
      </trkpt>
      <trkpt lat="42.593110032" lon="76.868349756">
        <ele>1606.428</ele>
        <time>2025-07-18T11:59:27.000Z</time>
      </trkpt>
      <trkpt lat="42.598098608" lon="76.866404364">
        <ele>1620.108</ele>
        <time>2025-07-18T16:16:17.000Z</time>
      </trkpt>
      <trkpt lat="42.593414184" lon="76.868502487">
        <ele>1607.568</ele>
        <time>2025-07-18T16:34:44.000Z</time>
      </trkpt>
      <trkpt lat="42.59309208" lon="76.868275646">
        <ele>1606.263</ele>
        <time>2025-07-18T16:51:01.000Z</time>
      </trkpt>
      <trkpt lat="42.597874614" lon="76.867344671">
        <ele>1619.03</ele>
        <time>2025-07-18T18:55:59.000Z</time>
      </trkpt>
      <trkpt lat="42.593025606" lon="76.868350744">
        <ele>1605.955</ele>
        <time>2025-07-18T19:57:43.000Z</time>
      </trkpt>
      <trkpt lat="42.598083303" lon="76.866583605">
        <ele>1619.469</ele>
        <time>2025-07-18T20:08:20.000Z</time>
      </trkpt>
      <trkpt lat="42.593085668" lon="76.868432723">
        <ele>1606.497</ele>
        <time>2025-07-18T20:31:38.000Z</time>
      </trkpt>
      <trkpt lat="42.597933463" lon="76.867203501">
        <ele>1619.689</ele>
        <time>2025-07-18T20:43:56.000Z</time>
      </trkpt>
      <trkpt lat="42.593079122" lon="76.868350238">
        <ele>1606.22</ele>
        <time>2025-07-19T02:45:27.000Z</time>
      </trkpt>
      <trkpt lat="42.594586653" lon="76.871807174">
        <ele>1606.512</ele>
        <time>2025-07-19T03:27:46.000Z</time>
      </trkpt>
      <trkpt lat="42.602067506" lon="76.890424406">
        <ele>1620.915</ele>
        <time>2025-07-19T03:32:56.000Z</time>
      </trkpt>
      <trkpt lat="42.611057726" lon="76.942847511">
        <ele>1629</ele>
        <time>2025-07-19T03:38:12.000Z</time>
      </trkpt>
      <trkpt lat="42.631237661" lon="77.008043211">
        <ele>1646.456</ele>
        <time>2025-07-19T03:44:40.000Z</time>
      </trkpt>
      <trkpt lat="42.644347837" lon="77.072219336">
        <ele>1630.301</ele>
        <time>2025-07-19T03:51:08.000Z</time>
      </trkpt>
      <trkpt lat="42.650987143" lon="77.103391521">
        <ele>1641.125</ele>
        <time>2025-07-19T03:57:33.000Z</time>
      </trkpt>
      <trkpt lat="42.654838532" lon="77.179011893">
        <ele>1645.837</ele>
        <time>2025-07-19T04:04:19.000Z</time>
      </trkpt>
      <trkpt lat="42.658237366" lon="77.201867332">
        <ele>1634.836</ele>
        <time>2025-07-19T04:09:21.000Z</time>
      </trkpt>
      <trkpt lat="42.669650034" lon="77.2761927">
        <ele>1624.743</ele>
        <time>2025-07-19T04:15:06.000Z</time>
      </trkpt>
      <trkpt lat="42.690666973" lon="77.355226944">
        <ele>1627.729</ele>
        <time>2025-07-19T04:22:13.000Z</time>
      </trkpt>
      <trkpt lat="42.69839372" lon="77.409786321">
        <ele>1662.037</ele>
        <time>2025-07-19T04:28:57.000Z</time>
      </trkpt>
      <trkpt lat="42.704263831" lon="77.432656989">
        <ele>1693.65</ele>
        <time>2025-07-19T04:34:46.000Z</time>
      </trkpt>
      <trkpt lat="42.716205166" lon="77.47014883">
        <ele>1744.763</ele>
        <time>2025-07-19T04:41:14.000Z</time>
      </trkpt>
      <trkpt lat="42.718710176" lon="77.474372877">
        <ele>1758.742</ele>
        <time>2025-07-19T05:09:06.000Z</time>
      </trkpt>
      <trkpt lat="42.718327178" lon="77.494610015">
        <ele>1755.978</ele>
        <time>2025-07-19T05:14:46.000Z</time>
      </trkpt>
      <trkpt lat="42.720120483" lon="77.535233768">
        <ele>1748.867</ele>
        <time>2025-07-19T05:19:44.000Z</time>
      </trkpt>
      <trkpt lat="42.721180284" lon="77.547569148">
        <ele>1747</ele>
        <time>2025-07-19T05:24:49.000Z</time>
      </trkpt>
      <trkpt lat="42.723271614" lon="77.563169691">
        <ele>1737.333</ele>
        <time>2025-07-19T05:30:49.000Z</time>
      </trkpt>
      <trkpt lat="42.728860927" lon="77.615621432">
        <ele>1660.923</ele>
        <time>2025-07-19T05:35:53.000Z</time>
      </trkpt>
      <trkpt lat="42.733701223" lon="77.66102619">
        <ele>1651.118</ele>
        <time>2025-07-19T05:41:07.000Z</time>
      </trkpt>
      <trkpt lat="42.735047394" lon="77.678799912">
        <ele>1639.68</ele>
        <time>2025-07-19T05:46:32.000Z</time>
      </trkpt>
      <trkpt lat="42.738098774" lon="77.731549878">
        <ele>1643.935</ele>
        <time>2025-07-19T05:52:43.000Z</time>
      </trkpt>
      <trkpt lat="42.738954715" lon="77.810705337">
        <ele>1622.474</ele>
        <time>2025-07-19T06:03:07.000Z</time>
      </trkpt>
      <trkpt lat="42.73722463" lon="77.824876079">
        <ele>1633.562</ele>
        <time>2025-07-19T06:08:48.000Z</time>
      </trkpt>
      <trkpt lat="42.736338928" lon="77.864806051">
        <ele>1657.248</ele>
        <time>2025-07-19T06:17:05.000Z</time>
      </trkpt>
      <trkpt lat="42.737047495" lon="77.930936767">
        <ele>1653.88</ele>
        <time>2025-07-19T06:22:10.000Z</time>
      </trkpt>
      <trkpt lat="42.735257588" lon="77.971227137">
        <ele>1650.272</ele>
        <time>2025-07-19T06:30:56.000Z</time>
      </trkpt>
      <trkpt lat="42.741961941" lon="78.019011908">
        <ele>1634.972</ele>
        <time>2025-07-19T06:45:05.000Z</time>
      </trkpt>
      <trkpt lat="42.748040902" lon="78.111043982">
        <ele>1649.136</ele>
        <time>2025-07-19T06:56:19.000Z</time>
      </trkpt>
      <trkpt lat="42.758423996" lon="78.15243982">
        <ele>1630.82</ele>
        <time>2025-07-19T07:03:17.000Z</time>
      </trkpt>
      <trkpt lat="42.780785002" lon="78.21902381">
        <ele>1649</ele>
        <time>2025-07-19T07:36:03.000Z</time>
      </trkpt>
      <trkpt lat="42.78438013" lon="78.242703179">
        <ele>1652.768</ele>
        <time>2025-07-19T07:42:11.000Z</time>
      </trkpt>
      <trkpt lat="42.778242508" lon="78.308713668">
        <ele>1667.618</ele>
        <time>2025-07-19T08:29:46.000Z</time>
      </trkpt>
      <trkpt lat="42.733071995" lon="78.356159446">
        <ele>1620.115</ele>
        <time>2025-07-19T09:13:49.000Z</time>
      </trkpt>
      <trkpt lat="42.515185811" lon="78.385831285">
        <ele>1691.338</ele>
        <time>2025-07-19T09:45:43.000Z</time>
      </trkpt>
      <trkpt lat="42.469775982" lon="78.268922996">
        <ele>1707.613</ele>
        <time>2025-07-19T10:06:18.000Z</time>
      </trkpt>
      <trkpt lat="42.429050901" lon="78.214557907">
        <ele>1777.408</ele>
        <time>2025-07-19T10:22:40.000Z</time>
      </trkpt>
      <trkpt lat="42.367254545" lon="78.222149267">
        <ele>1929.308</ele>
        <time>2025-07-19T10:33:46.000Z</time>
      </trkpt>
      <trkpt lat="42.346596429" lon="78.227960639">
        <ele>1979.148</ele>
        <time>2025-07-19T10:39:02.000Z</time>
      </trkpt>
      <trkpt lat="42.333247173" lon="78.241487034">
        <ele>2108.353</ele>
        <time>2025-07-19T11:36:00.000Z</time>
      </trkpt>
      <trkpt lat="42.332947981" lon="78.241179166">
        <ele>2102.016</ele>
        <time>2025-07-19T12:18:25.000Z</time>
      </trkpt>
      <trkpt lat="42.333189901" lon="78.241500674">
        <ele>2108.402</ele>
        <time>2025-07-19T12:27:54.000Z</time>
      </trkpt>
      <trkpt lat="42.357133508" lon="78.231098709">
        <ele>2105.655</ele>
        <time>2025-07-20T01:46:10.000Z</time>
      </trkpt>
      <trkpt lat="42.333154943" lon="78.241485581">
        <ele>2108.348</ele>
        <time>2025-07-20T01:51:30.000Z</time>
      </trkpt>
      <trkpt lat="42.348785432" lon="78.235361495">
        <ele>2118.436</ele>
        <time>2025-07-20T03:07:08.000Z</time>
      </trkpt>
      <trkpt lat="42.333284824" lon="78.241644823">
        <ele>2108.921</ele>
        <time>2025-07-20T03:12:31.000Z</time>
      </trkpt>
      <trkpt lat="42.352439369" lon="78.234394227">
        <ele>2130.508</ele>
        <time>2025-07-20T06:50:49.000Z</time>
      </trkpt>
      <trkpt lat="42.333234851" lon="78.241477963">
        <ele>2108.321</ele>
        <time>2025-07-20T06:57:21.000Z</time>
      </trkpt>
      <trkpt lat="42.342378859" lon="78.238090105">
        <ele>2189.69</ele>
        <time>2025-07-20T07:04:09.000Z</time>
      </trkpt>
      <trkpt lat="42.333278299" lon="78.241483852">
        <ele>2108.342</ele>
        <time>2025-07-20T07:12:04.000Z</time>
      </trkpt>
      <trkpt lat="42.339586759" lon="78.233907646">
        <ele>2004.17</ele>
        <time>2025-07-21T03:34:19.000Z</time>
      </trkpt>
      <trkpt lat="42.345053257" lon="78.230039477">
        <ele>1992.054</ele>
        <time>2025-07-21T04:03:06.000Z</time>
      </trkpt>
      <trkpt lat="42.413215496" lon="78.218206516">
        <ele>1810.511</ele>
        <time>2025-07-21T04:18:13.000Z</time>
      </trkpt>
      <trkpt lat="42.467744882" lon="78.249419686">
        <ele>1698.118</ele>
        <time>2025-07-21T04:31:13.000Z</time>
      </trkpt>
      <trkpt lat="42.48353675" lon="78.374024034">
        <ele>1760.781</ele>
        <time>2025-07-21T04:44:50.000Z</time>
      </trkpt>
      <trkpt lat="42.490313393" lon="78.391834572">
        <ele>1752.476</ele>
        <time>2025-07-21T04:50:23.000Z</time>
      </trkpt>
      <trkpt lat="42.549563986" lon="78.390370506">
        <ele>1679.764</ele>
        <time>2025-07-21T05:03:47.000Z</time>
      </trkpt>
      <trkpt lat="42.660882287" lon="78.351117502">
        <ele>1672.977</ele>
        <time>2025-07-21T05:18:57.000Z</time>
      </trkpt>
      <trkpt lat="42.729187248" lon="78.357116503">
        <ele>1625.341</ele>
        <time>2025-07-21T05:29:21.000Z</time>
      </trkpt>
      <trkpt lat="42.741094846" lon="78.394331028">
        <ele>1630.941</ele>
        <time>2025-07-21T06:21:29.000Z</time>
      </trkpt>
      <trkpt lat="42.769481689" lon="78.478999157">
        <ele>1663.919</ele>
        <time>2025-07-21T06:27:50.000Z</time>
      </trkpt>
      <trkpt lat="42.772884255" lon="78.608663128">
        <ele>1707.954</ele>
        <time>2025-07-21T06:38:33.000Z</time>
      </trkpt>
      <trkpt lat="42.735082202" lon="78.830352916">
        <ele>1858.679</ele>
        <time>2025-07-21T06:58:40.000Z</time>
      </trkpt>
      <trkpt lat="42.741431985" lon="78.948423201">
        <ele>1954.234</ele>
        <time>2025-07-21T07:10:14.000Z</time>
      </trkpt>
      <trkpt lat="42.761458363" lon="79.132486861">
        <ele>2028.297</ele>
        <time>2025-07-21T07:27:17.000Z</time>
      </trkpt>
      <trkpt lat="42.799919606" lon="79.180248454">
        <ele>1993.711</ele>
        <time>2025-07-21T08:56:22.000Z</time>
      </trkpt>
      <trkpt lat="42.863671565" lon="79.234741218">
        <ele>1940</ele>
        <time>2025-07-21T10:13:29.000Z</time>
      </trkpt>
      <trkpt lat="42.961995732" lon="79.23608928">
        <ele>1859.936</ele>
        <time>2025-07-21T10:29:36.000Z</time>
      </trkpt>
      <trkpt lat="43.016865776" lon="79.229348432">
        <ele>1851.531</ele>
        <time>2025-07-21T10:43:54.000Z</time>
      </trkpt>
      <trkpt lat="43.012831011" lon="79.233747879">
        <ele>1850.192</ele>
        <time>2025-07-21T11:05:09.000Z</time>
      </trkpt>
      <trkpt lat="43.016936509" lon="79.229435222">
        <ele>1851.061</ele>
        <time>2025-07-21T11:28:54.000Z</time>
      </trkpt>
      <trkpt lat="43.072735689" lon="79.216886168">
        <ele>1829.519</ele>
        <time>2025-07-21T11:39:43.000Z</time>
      </trkpt>
      <trkpt lat="43.115169774" lon="79.240056099">
        <ele>1858.533</ele>
        <time>2025-07-21T11:51:32.000Z</time>
      </trkpt>
      <trkpt lat="43.116412391" lon="79.272076394">
        <ele>1914.519</ele>
        <time>2025-07-21T12:04:45.000Z</time>
      </trkpt>
      <trkpt lat="43.116678852" lon="79.27157105">
        <ele>1914.327</ele>
        <time>2025-07-21T13:19:07.000Z</time>
      </trkpt>
      <trkpt lat="43.116367548" lon="79.271837426">
        <ele>1914.077</ele>
        <time>2025-07-21T13:33:05.000Z</time>
      </trkpt>
      <trkpt lat="43.435684204" lon="79.101760864">
        <ele>1047.231</ele>
        <time>2025-07-21T13:46:00.000Z</time>
      </trkpt>
      <trkpt lat="43.116363932" lon="79.27185561">
        <ele>1914.09</ele>
        <time>2025-07-21T14:01:06.000Z</time>
      </trkpt>
      <trkpt lat="43.435684204" lon="79.101760864">
        <ele>1047.231</ele>
        <time>2025-07-21T14:15:52.000Z</time>
      </trkpt>
      <trkpt lat="43.116380837" lon="79.271854342">
        <ele>1914.029</ele>
        <time>2025-07-21T14:32:12.000Z</time>
      </trkpt>
      <trkpt lat="43.116141907" lon="79.260888733">
        <ele>1898.443</ele>
        <time>2025-07-22T03:25:05.000Z</time>
      </trkpt>
      <trkpt lat="43.157854433" lon="79.206574646">
        <ele>1802.16</ele>
        <time>2025-07-22T03:41:34.000Z</time>
      </trkpt>
      <trkpt lat="43.193125508" lon="79.131114325">
        <ele>1431.511</ele>
        <time>2025-07-22T03:55:03.000Z</time>
      </trkpt>
      <trkpt lat="43.235380263" lon="79.007090153">
        <ele>1248</ele>
        <time>2025-07-22T04:08:52.000Z</time>
      </trkpt>
      <trkpt lat="43.269028291" lon="78.948557558">
        <ele>1209.698</ele>
        <time>2025-07-22T04:22:22.000Z</time>
      </trkpt>
      <trkpt lat="43.346875208" lon="78.929201569">
        <ele>1312.091</ele>
        <time>2025-07-22T04:35:51.000Z</time>
      </trkpt>
      <trkpt lat="43.361457068" lon="79.047503363">
        <ele>1151.479</ele>
        <time>2025-07-22T04:48:19.000Z</time>
      </trkpt>
      <trkpt lat="43.356328625" lon="79.053801928">
        <ele>1133.377</ele>
        <time>2025-07-22T05:05:02.000Z</time>
      </trkpt>
      <trkpt lat="43.361339816" lon="79.048149493">
        <ele>1151</ele>
        <time>2025-07-23T04:37:33.000Z</time>
      </trkpt>
      <trkpt lat="43.346724769" lon="78.928585581">
        <ele>1312.601</ele>
        <time>2025-07-23T04:47:57.000Z</time>
      </trkpt>
      <trkpt lat="43.361590093" lon="78.898206548">
        <ele>1260.276</ele>
        <time>2025-07-23T04:53:04.000Z</time>
      </trkpt>
      <trkpt lat="43.391770775" lon="78.82545326">
        <ele>1221.625</ele>
        <time>2025-07-23T04:58:34.000Z</time>
      </trkpt>
      <trkpt lat="43.442984707" lon="78.687979306">
        <ele>1136.185</ele>
        <time>2025-07-23T05:09:29.000Z</time>
      </trkpt>
      <trkpt lat="43.520721029" lon="78.612234682">
        <ele>879.503</ele>
        <time>2025-07-23T05:22:17.000Z</time>
      </trkpt>
      <trkpt lat="43.552308021" lon="78.464409066">
        <ele>716.691</ele>
        <time>2025-07-23T05:35:45.000Z</time>
      </trkpt>
      <trkpt lat="43.560476836" lon="78.365890569">
        <ele>714.981</ele>
        <time>2025-07-23T05:43:31.000Z</time>
      </trkpt>
      <trkpt lat="43.565043317" lon="78.353802208">
        <ele>707.468</ele>
        <time>2025-07-23T05:49:59.000Z</time>
      </trkpt>
      <trkpt lat="43.572495027" lon="78.348477815">
        <ele>696.547</ele>
        <time>2025-07-23T05:59:21.000Z</time>
      </trkpt>
      <trkpt lat="43.602229594" lon="78.315293966">
        <ele>639.972</ele>
        <time>2025-07-23T06:04:43.000Z</time>
      </trkpt>
      <trkpt lat="43.584114633" lon="78.230945422">
        <ele>595.515</ele>
        <time>2025-07-23T06:12:11.000Z</time>
      </trkpt>
      <trkpt lat="43.575421879" lon="77.97138297">
        <ele>574.529</ele>
        <time>2025-07-23T06:29:14.000Z</time>
      </trkpt>
      <trkpt lat="43.549974631" lon="77.765890053">
        <ele>584.814</ele>
        <time>2025-07-23T06:42:18.000Z</time>
      </trkpt>
      <trkpt lat="43.533502926" lon="77.628153302">
        <ele>619.389</ele>
        <time>2025-07-23T06:51:00.000Z</time>
      </trkpt>
      <trkpt lat="43.525817902" lon="77.541460572">
        <ele>621.853</ele>
        <time>2025-07-23T06:56:33.000Z</time>
      </trkpt>
      <trkpt lat="43.488948984" lon="77.478154445">
        <ele>662.139</ele>
        <time>2025-07-23T07:03:57.000Z</time>
      </trkpt>
      <trkpt lat="43.437965844" lon="77.382438884">
        <ele>699.174</ele>
        <time>2025-07-23T07:21:48.000Z</time>
      </trkpt>
      <trkpt lat="43.40940633" lon="77.314868471">
        <ele>690.591</ele>
        <time>2025-07-23T07:27:52.000Z</time>
      </trkpt>
      <trkpt lat="43.409774857" lon="77.263525446">
        <ele>671.617</ele>
        <time>2025-07-23T07:32:49.000Z</time>
      </trkpt>
      <trkpt lat="43.406035566" lon="77.233242302">
        <ele>682.089</ele>
        <time>2025-07-23T07:53:56.000Z</time>
      </trkpt>
      <trkpt lat="43.388957433" lon="77.225684775">
        <ele>721.041</ele>
        <time>2025-07-23T07:59:58.000Z</time>
      </trkpt>
      <trkpt lat="43.35550538" lon="77.23229178">
        <ele>808.93</ele>
        <time>2025-07-23T08:05:56.000Z</time>
      </trkpt>
      <trkpt lat="43.331353539" lon="77.247202553">
        <ele>886.302</ele>
        <time>2025-07-23T08:11:56.000Z</time>
      </trkpt>
      <trkpt lat="43.325356348" lon="77.248025313">
        <ele>902.434</ele>
        <time>2025-07-23T08:30:00.000Z</time>
      </trkpt>
      <trkpt lat="43.306319914" lon="77.239853628">
        <ele>969</ele>
        <time>2025-07-23T08:35:05.000Z</time>
      </trkpt>
      <trkpt lat="43.286499829" lon="77.22777297">
        <ele>1053.618</ele>
        <time>2025-07-23T08:41:32.000Z</time>
      </trkpt>
      <trkpt lat="43.278373349" lon="77.192422617">
        <ele>1099.672</ele>
        <time>2025-07-23T08:46:59.000Z</time>
      </trkpt>
      <trkpt lat="43.278927286" lon="77.191568426">
        <ele>1091.862</ele>
        <time>2025-07-25T15:35:30.000Z</time>
      </trkpt>
      <trkpt lat="43.306798537" lon="77.106695965">
        <ele>805.525</ele>
        <time>2025-08-22T06:07:19.000Z</time>
      </trkpt>
      <trkpt lat="43.303445089" lon="77.07102458">
        <ele>772</ele>
        <time>2025-08-22T06:20:41.000Z</time>
      </trkpt>
      <trkpt lat="43.286465155" lon="76.994602243">
        <ele>750.764</ele>
        <time>2025-08-22T06:33:36.000Z</time>
      </trkpt>
      <trkpt lat="43.259737148" lon="76.982722599">
        <ele>831.694</ele>
        <time>2025-08-22T06:38:44.000Z</time>
      </trkpt>
      <trkpt lat="43.228020491" lon="76.949836593">
        <ele>925.56</ele>
        <time>2025-08-22T06:52:47.000Z</time>
      </trkpt>
      <trkpt lat="43.208456756" lon="76.971541048">
        <ele>1051.312</ele>
        <time>2025-08-22T07:03:00.000Z</time>
      </trkpt>
      <trkpt lat="43.173566451" lon="77.015469913">
        <ele>1330.902</ele>
        <time>2025-08-22T07:17:59.000Z</time>
      </trkpt>
      <trkpt lat="43.172939965" lon="77.022933395">
        <ele>1374.136</ele>
        <time>2025-08-22T07:33:10.000Z</time>
      </trkpt>
      <trkpt lat="43.198262423" lon="76.982893133">
        <ele>1119.212</ele>
        <time>2025-08-22T09:42:42.000Z</time>
      </trkpt>
      <trkpt lat="43.226780305" lon="76.961408733">
        <ele>950.114</ele>
        <time>2025-08-22T09:52:40.000Z</time>
      </trkpt>
      <trkpt lat="43.290431015" lon="77.009111264">
        <ele>738.648</ele>
        <time>2025-08-22T10:03:40.000Z</time>
      </trkpt>
      <trkpt lat="43.304229734" lon="77.080646607">
        <ele>791.699</ele>
        <time>2025-08-22T10:14:31.000Z</time>
      </trkpt>
      <trkpt lat="43.306474087" lon="77.135265808">
        <ele>886.387</ele>
        <time>2025-08-22T10:27:39.000Z</time>
      </trkpt>
      <trkpt lat="43.287238794" lon="77.180479">
        <ele>1027.897</ele>
        <time>2025-08-22T10:32:49.000Z</time>
      </trkpt>
      <trkpt lat="43.254422438" lon="77.214118755">
        <ele>1202.993</ele>
        <time>2025-08-22T10:45:08.000Z</time>
      </trkpt>
      <trkpt lat="43.259466553" lon="77.212600708">
        <ele>1167.254</ele>
        <time>2025-08-22T11:55:33.000Z</time>
      </trkpt>
      <trkpt lat="43.254501334" lon="77.214107545">
        <ele>1201.981</ele>
        <time>2025-08-22T12:24:28.000Z</time>
      </trkpt>
      <trkpt lat="43.259466553" lon="77.212600708">
        <ele>1167.254</ele>
        <time>2025-08-22T14:46:55.000Z</time>
      </trkpt>
      <trkpt lat="43.254569673" lon="77.214211239">
        <ele>1200.559</ele>
        <time>2025-08-22T15:16:11.000Z</time>
      </trkpt>
      <trkpt lat="43.259466553" lon="77.212600708">
        <ele>1167.254</ele>
        <time>2025-08-23T03:13:53.000Z</time>
      </trkpt>
      <trkpt lat="43.254408953" lon="77.214332822">
        <ele>1202.168</ele>
        <time>2025-08-23T03:19:39.000Z</time>
      </trkpt>
      <trkpt lat="43.259466553" lon="77.212600708">
        <ele>1167.254</ele>
        <time>2025-08-23T03:30:18.000Z</time>
      </trkpt>
      <trkpt lat="43.254436406" lon="77.214317828">
        <ele>1201.629</ele>
        <time>2025-08-23T04:01:42.000Z</time>
      </trkpt>
      <trkpt lat="43.259466553" lon="77.212600708">
        <ele>1167.254</ele>
        <time>2025-08-23T04:50:10.000Z</time>
      </trkpt>
      <trkpt lat="43.25440513" lon="77.214036277">
        <ele>1204.257</ele>
        <time>2025-08-23T05:19:12.000Z</time>
      </trkpt>
      <trkpt lat="43.259466553" lon="77.212600708">
        <ele>1167.254</ele>
        <time>2025-08-23T06:24:59.000Z</time>
      </trkpt>
      <trkpt lat="43.254449302" lon="77.214185391">
        <ele>1201.881</ele>
        <time>2025-08-23T06:35:53.000Z</time>
      </trkpt>
      <trkpt lat="43.259466553" lon="77.212600708">
        <ele>1167.254</ele>
        <time>2025-08-23T06:49:00.000Z</time>
      </trkpt>
      <trkpt lat="43.254411829" lon="77.21419643">
        <ele>1202.597</ele>
        <time>2025-08-23T06:55:26.000Z</time>
      </trkpt>
      <trkpt lat="43.259466553" lon="77.212600708">
        <ele>1167.254</ele>
        <time>2025-08-23T11:49:26.000Z</time>
      </trkpt>
      <trkpt lat="43.254412481" lon="77.214208844">
        <ele>1202.539</ele>
        <time>2025-08-23T12:05:54.000Z</time>
      </trkpt>
      <trkpt lat="43.25946807" lon="77.2126007">
        <ele>1167.247</ele>
        <time>2025-08-23T12:29:10.000Z</time>
      </trkpt>
      <trkpt lat="43.254480192" lon="77.214260468">
        <ele>1201.32</ele>
        <time>2025-08-23T12:35:39.000Z</time>
      </trkpt>
      <trkpt lat="43.25946807" lon="77.2126007">
        <ele>1167.247</ele>
        <time>2025-08-24T04:01:58.000Z</time>
      </trkpt>
      <trkpt lat="43.254358367" lon="77.214213369">
        <ele>1203.691</ele>
        <time>2025-08-24T04:06:57.000Z</time>
      </trkpt>
      <trkpt lat="43.25946807" lon="77.2126007">
        <ele>1167.247</ele>
        <time>2025-08-24T04:30:54.000Z</time>
      </trkpt>
      <trkpt lat="43.254487025" lon="77.214250396">
        <ele>1201.285</ele>
        <time>2025-08-24T04:52:52.000Z</time>
      </trkpt>
      <trkpt lat="43.25946807" lon="77.2126007">
        <ele>1167.247</ele>
        <time>2025-08-24T07:04:46.000Z</time>
      </trkpt>
      <trkpt lat="43.254611525" lon="77.214260886">
        <ele>1200.06</ele>
        <time>2025-08-24T07:23:02.000Z</time>
      </trkpt>
      <trkpt lat="43.25946807" lon="77.2126007">
        <ele>1167.247</ele>
        <time>2025-08-24T07:36:02.000Z</time>
      </trkpt>
      <trkpt lat="43.254436269" lon="77.21434406">
        <ele>1201.538</ele>
        <time>2025-08-24T08:18:09.000Z</time>
      </trkpt>
      <trkpt lat="43.25946807" lon="77.2126007">
        <ele>1167.247</ele>
        <time>2025-08-24T10:45:00.000Z</time>
      </trkpt>
      <trkpt lat="43.254447389" lon="77.21424609">
        <ele>1201.685</ele>
        <time>2025-08-24T11:03:29.000Z</time>
      </trkpt>
      <trkpt lat="43.272840254" lon="77.210908971">
        <ele>1117.469</ele>
        <time>2025-08-24T11:10:11.000Z</time>
      </trkpt>
      <trkpt lat="43.280081141" lon="77.202020051">
        <ele>1086.989</ele>
        <time>2025-08-24T11:21:39.000Z</time>
      </trkpt>
      <trkpt lat="43.279150603" lon="77.192137968">
        <ele>1090.853</ele>
        <time>2025-08-24T11:27:56.000Z</time>
      </trkpt>
      <trkpt lat="43.303982788" lon="77.154677063">
        <ele>921.055</ele>
        <time>2025-08-25T02:25:26.000Z</time>
      </trkpt>
      <trkpt lat="43.30672564" lon="77.106983112">
        <ele>805.788</ele>
        <time>2025-08-25T02:36:09.000Z</time>
      </trkpt>
      <trkpt lat="43.304113803" lon="77.077816573">
        <ele>786.544</ele>
        <time>2025-08-25T02:48:57.000Z</time>
      </trkpt>
      <trkpt lat="43.315273951" lon="77.033263765">
        <ele>711.261</ele>
        <time>2025-08-25T02:59:22.000Z</time>
      </trkpt>
      <trkpt lat="43.29608285" lon="76.997632672">
        <ele>728.571</ele>
        <time>2025-08-25T03:10:34.000Z</time>
      </trkpt>
      <trkpt lat="43.288380043" lon="76.922142031">
        <ele>740</ele>
        <time>2025-08-25T03:21:37.000Z</time>
      </trkpt>
      <trkpt lat="43.268795391" lon="76.922474792">
        <ele>762.764</ele>
        <time>2025-08-25T10:02:57.000Z</time>
      </trkpt>
      <trkpt lat="43.250270444" lon="76.945197132">
        <ele>833.607</ele>
        <time>2025-08-25T10:17:37.000Z</time>
      </trkpt>
      <trkpt lat="43.253856772" lon="76.942560312">
        <ele>815.525</ele>
        <time>2025-08-26T07:37:16.000Z</time>
      </trkpt>
      <trkpt lat="43.254224334" lon="76.933229145">
        <ele>798</ele>
        <time>2025-08-26T07:51:24.000Z</time>
      </trkpt>
      <trkpt lat="43.25286019" lon="76.918145597">
        <ele>793.096</ele>
        <time>2025-08-26T08:06:54.000Z</time>
      </trkpt>
      <trkpt lat="43.252253196" lon="76.912710683">
        <ele>791.432</ele>
        <time>2025-08-26T08:17:20.000Z</time>
      </trkpt>
      <trkpt lat="43.261051853" lon="76.931422977">
        <ele>777.026</ele>
        <time>2025-08-26T11:00:03.000Z</time>
      </trkpt>
      <trkpt lat="43.292047" lon="76.936435103">
        <ele>728.631</ele>
        <time>2025-08-26T11:06:52.000Z</time>
      </trkpt>
      <trkpt lat="43.288700363" lon="76.922107574">
        <ele>739.49</ele>
        <time>2025-08-26T11:14:52.000Z</time>
      </trkpt>
      <trkpt lat="43.282166327" lon="76.916129913">
        <ele>744.866</ele>
        <time>2025-08-26T13:02:26.000Z</time>
      </trkpt>
      <trkpt lat="43.29327037" lon="76.943697399">
        <ele>728.227</ele>
        <time>2025-08-26T13:15:28.000Z</time>
      </trkpt>
      <trkpt lat="43.300588788" lon="76.951429658">
        <ele>720.622</ele>
        <time>2025-08-26T13:25:11.000Z</time>
      </trkpt>
      <trkpt lat="43.344264372" lon="76.99163741">
        <ele>678.611</ele>
        <time>2025-08-26T13:39:31.000Z</time>
      </trkpt>
      <trkpt lat="43.343278069" lon="76.998532878">
        <ele>665.282</ele>
        <time>2025-08-26T13:53:04.000Z</time>
      </trkpt>
      <trkpt lat="43.3491247" lon="76.986570114">
        <ele>673.295</ele>
        <time>2025-08-27T00:59:37.000Z</time>
      </trkpt>
      <trkpt lat="43.39129086" lon="77.003823362">
        <ele>649.387</ele>
        <time>2025-08-27T01:09:57.000Z</time>
      </trkpt>
      <trkpt lat="43.469807136" lon="77.035404121">
        <ele>607.788</ele>
        <time>2025-08-27T01:22:56.000Z</time>
      </trkpt>
      <trkpt lat="43.458800452" lon="77.22070875">
        <ele>624.176</ele>
        <time>2025-08-27T01:34:38.000Z</time>
      </trkpt>
      <trkpt lat="43.504503225" lon="77.390494701">
        <ele>615</ele>
        <time>2025-08-27T01:45:22.000Z</time>
      </trkpt>
      <trkpt lat="43.530530585" lon="77.588952687">
        <ele>627.299</ele>
        <time>2025-08-27T01:57:11.000Z</time>
      </trkpt>
      <trkpt lat="43.557254739" lon="77.809731073">
        <ele>578.004</ele>
        <time>2025-08-27T02:10:42.000Z</time>
      </trkpt>
      <trkpt lat="43.581165746" lon="78.04988469">
        <ele>565.41</ele>
        <time>2025-08-27T02:25:08.000Z</time>
      </trkpt>
      <trkpt lat="43.593806976" lon="78.278628148">
        <ele>627</ele>
        <time>2025-08-27T02:39:56.000Z</time>
      </trkpt>
      <trkpt lat="43.657830069" lon="78.446375448">
        <ele>582.772</ele>
        <time>2025-08-27T02:51:21.000Z</time>
      </trkpt>
      <trkpt lat="43.662497436" lon="78.483620173">
        <ele>569</ele>
        <time>2025-08-27T02:59:26.000Z</time>
      </trkpt>
      <trkpt lat="43.705872218" lon="78.694662502">
        <ele>517.83</ele>
        <time>2025-08-27T05:06:52.000Z</time>
      </trkpt>
      <trkpt lat="43.755940002" lon="78.932509561">
        <ele>491.371</ele>
        <time>2025-08-27T05:21:37.000Z</time>
      </trkpt>
      <trkpt lat="43.773617067" lon="79.175876544">
        <ele>508.152</ele>
        <time>2025-08-27T05:36:35.000Z</time>
      </trkpt>
      <trkpt lat="43.865918946" lon="79.377877889">
        <ele>517.64</ele>
        <time>2025-08-27T05:51:18.000Z</time>
      </trkpt>
      <trkpt lat="43.884335998" lon="79.514181381">
        <ele>511.24</ele>
        <time>2025-08-27T05:59:32.000Z</time>
      </trkpt>
      <trkpt lat="43.94667217" lon="79.582395824">
        <ele>505.637</ele>
        <time>2025-08-27T06:06:24.000Z</time>
      </trkpt>
      <trkpt lat="44.066867698" lon="79.73586537">
        <ele>542.193</ele>
        <time>2025-08-27T06:21:31.000Z</time>
      </trkpt>
      <trkpt lat="44.138520188" lon="79.90371801">
        <ele>605.126</ele>
        <time>2025-08-27T06:36:16.000Z</time>
      </trkpt>
      <trkpt lat="44.134040228" lon="79.904815201">
        <ele>602.028</ele>
        <time>2025-08-27T08:31:19.000Z</time>
      </trkpt>
      <trkpt lat="44.150205772" lon="79.94773249">
        <ele>613.042</ele>
        <time>2025-08-28T02:24:18.000Z</time>
      </trkpt>
      <trkpt lat="44.1650294" lon="79.97383049">
        <ele>616.022</ele>
        <time>2025-08-28T02:33:59.000Z</time>
      </trkpt>
      <trkpt lat="44.165362814" lon="80.024237959">
        <ele>641</ele>
        <time>2025-08-28T02:45:31.000Z</time>
      </trkpt>
      <trkpt lat="44.181051892" lon="80.1529653">
        <ele>679.069</ele>
        <time>2025-08-28T03:00:06.000Z</time>
      </trkpt>
      <trkpt lat="44.216285795" lon="80.216761755">
        <ele>723.629</ele>
        <time>2025-08-28T03:10:10.000Z</time>
      </trkpt>
      <trkpt lat="44.175177293" lon="80.254253607">
        <ele>694.751</ele>
        <time>2025-08-28T03:19:54.000Z</time>
      </trkpt>
      <trkpt lat="44.166669259" lon="80.364069231">
        <ele>702</ele>
        <time>2025-08-28T03:33:09.000Z</time>
      </trkpt>
      <trkpt lat="44.158087943" lon="80.391594729">
        <ele>694.086</ele>
        <time>2025-08-28T03:46:56.000Z</time>
      </trkpt>
      <trkpt lat="44.157247623" lon="80.399117572">
        <ele>692.252</ele>
        <time>2025-08-28T04:44:29.000Z</time>
      </trkpt>
      <trkpt lat="44.159122513" lon="80.40908984">
        <ele>696.233</ele>
        <time>2025-08-28T05:14:21.000Z</time>
      </trkpt>
      <trkpt lat="44.206464272" lon="80.405873722">
        <ele>788</ele>
        <time>2025-08-28T09:40:06.000Z</time>
      </trkpt>
      <trkpt lat="44.211939918" lon="80.411163122">
        <ele>797</ele>
        <time>2025-08-28T12:22:57.000Z</time>
      </trkpt>
      <trkpt lat="44.167609038" lon="80.496060066">
        <ele>685.607</ele>
        <time>2025-08-29T00:56:46.000Z</time>
      </trkpt>
      <trkpt lat="44.176441133" lon="80.592601402">
        <ele>690.447</ele>
        <time>2025-08-29T01:10:18.000Z</time>
      </trkpt>
      <trkpt lat="44.216976267" lon="80.798864664">
        <ele>752</ele>
        <time>2025-08-29T01:23:48.000Z</time>
      </trkpt>
      <trkpt lat="44.31930793" lon="80.938127892">
        <ele>1035.885</ele>
        <time>2025-08-29T01:36:25.000Z</time>
      </trkpt>
      <trkpt lat="44.319600018" lon="80.93872862">
        <ele>1035.56</ele>
        <time>2025-08-29T01:36:28.000Z</time>
      </trkpt>
      <trkpt lat="44.319902928" lon="80.939163973">
        <ele>1037.641</ele>
        <time>2025-08-29T01:36:30.000Z</time>
      </trkpt>
      <trkpt lat="44.320152167" lon="80.939582554">
        <ele>1037.275</ele>
        <time>2025-08-29T01:36:32.000Z</time>
      </trkpt>
      <trkpt lat="44.320455767" lon="80.940053901">
        <ele>1038.194</ele>
        <time>2025-08-29T01:36:34.000Z</time>
      </trkpt>
      <trkpt lat="44.32068875" lon="80.940449463">
        <ele>1039.618</ele>
        <time>2025-08-29T01:36:36.000Z</time>
      </trkpt>
      <trkpt lat="44.320920288" lon="80.940833011">
        <ele>1040</ele>
        <time>2025-08-29T01:36:38.000Z</time>
      </trkpt>
      <trkpt lat="44.321154882" lon="80.941209371">
        <ele>1040.354</ele>
        <time>2025-08-29T01:36:40.000Z</time>
      </trkpt>
      <trkpt lat="44.3213864" lon="80.941587305">
        <ele>1041.714</ele>
        <time>2025-08-29T01:36:42.000Z</time>
      </trkpt>
      <trkpt lat="44.32162776" lon="80.941968122">
        <ele>1042</ele>
        <time>2025-08-29T01:36:44.000Z</time>
      </trkpt>
      <trkpt lat="44.321870579" lon="80.942341985">
        <ele>1043.583</ele>
        <time>2025-08-29T01:36:46.000Z</time>
      </trkpt>
      <trkpt lat="44.322117335" lon="80.942704542">
        <ele>1045.178</ele>
        <time>2025-08-29T01:36:48.000Z</time>
      </trkpt>
      <trkpt lat="44.322358809" lon="80.943052039">
        <ele>1045.496</ele>
        <time>2025-08-29T01:36:50.000Z</time>
      </trkpt>
      <trkpt lat="44.322588575" lon="80.943391494">
        <ele>1045.067</ele>
        <time>2025-08-29T01:36:52.000Z</time>
      </trkpt>
      <trkpt lat="44.322822999" lon="80.943720888">
        <ele>1046.46</ele>
        <time>2025-08-29T01:36:54.000Z</time>
      </trkpt>
      <trkpt lat="44.323056674" lon="80.944045699">
        <ele>1048.566</ele>
        <time>2025-08-29T01:36:56.000Z</time>
      </trkpt>
      <trkpt lat="44.323291872" lon="80.944364912">
        <ele>1049.107</ele>
        <time>2025-08-29T01:36:58.000Z</time>
      </trkpt>
      <trkpt lat="44.32352943" lon="80.944675044">
        <ele>1049.95</ele>
        <time>2025-08-29T01:37:00.000Z</time>
      </trkpt>
      <trkpt lat="44.323756677" lon="80.944983809">
        <ele>1050</ele>
        <time>2025-08-29T01:37:02.000Z</time>
      </trkpt>
      <trkpt lat="44.323993214" lon="80.945290417">
        <ele>1049.642</ele>
        <time>2025-08-29T01:37:04.000Z</time>
      </trkpt>
      <trkpt lat="44.406301479" lon="81.024397856">
        <ele>1360.703</ele>
        <time>2025-08-29T01:51:00.000Z</time>
      </trkpt>
      <trkpt lat="44.469485658" lon="81.152741641">
        <ele>1797.407</ele>
        <time>2025-08-29T02:04:55.000Z</time>
      </trkpt>
      <trkpt lat="44.469355444" lon="81.153262252">
        <ele>1799.431</ele>
        <time>2025-08-29T02:04:58.000Z</time>
      </trkpt>
      <trkpt lat="44.469197424" lon="81.153798656">
        <ele>1799.475</ele>
        <time>2025-08-29T02:05:01.000Z</time>
      </trkpt>
      <trkpt lat="44.469031752" lon="81.154374573">
        <ele>1805.782</ele>
        <time>2025-08-29T02:05:05.000Z</time>
      </trkpt>
      <trkpt lat="44.468821843" lon="81.154906626">
        <ele>1809.631</ele>
        <time>2025-08-29T02:05:08.000Z</time>
      </trkpt>
      <trkpt lat="44.468591957" lon="81.155430002">
        <ele>1808.006</ele>
        <time>2025-08-29T02:05:11.000Z</time>
      </trkpt>
      <trkpt lat="44.46833817" lon="81.155945654">
        <ele>1805.269</ele>
        <time>2025-08-29T02:05:14.000Z</time>
      </trkpt>
      <trkpt lat="44.468065308" lon="81.156449993">
        <ele>1809.197</ele>
        <time>2025-08-29T02:05:17.000Z</time>
      </trkpt>
      <trkpt lat="44.504074205" lon="81.213518103">
        <ele>2087</ele>
        <time>2025-08-29T02:18:57.000Z</time>
      </trkpt>
      <trkpt lat="44.593259989" lon="81.379501062">
        <ele>2123.054</ele>
        <time>2025-08-29T02:32:28.000Z</time>
      </trkpt>
      <trkpt lat="44.593509373" lon="81.38009232">
        <ele>2123.454</ele>
        <time>2025-08-29T02:32:30.000Z</time>
      </trkpt>
      <trkpt lat="44.593684435" lon="81.380665159">
        <ele>2123.472</ele>
        <time>2025-08-29T02:32:32.000Z</time>
      </trkpt>
      <trkpt lat="44.59391074" lon="81.381316665">
        <ele>2122.524</ele>
        <time>2025-08-29T02:32:35.000Z</time>
      </trkpt>
      <trkpt lat="44.594060035" lon="81.381862953">
        <ele>2121.7</ele>
        <time>2025-08-29T02:32:37.000Z</time>
      </trkpt>
      <trkpt lat="44.59420833" lon="81.382401898">
        <ele>2120.15</ele>
        <time>2025-08-29T02:32:39.000Z</time>
      </trkpt>
      <trkpt lat="44.594358535" lon="81.382934088">
        <ele>2117.747</ele>
        <time>2025-08-29T02:32:41.000Z</time>
      </trkpt>
      <trkpt lat="44.594510345" lon="81.383475382">
        <ele>2114.489</ele>
        <time>2025-08-29T02:32:43.000Z</time>
      </trkpt>
      <trkpt lat="44.594661966" lon="81.384012132">
        <ele>2114.323</ele>
        <time>2025-08-29T02:32:45.000Z</time>
      </trkpt>
      <trkpt lat="44.594807968" lon="81.38455562">
        <ele>2115.506</ele>
        <time>2025-08-29T02:32:47.000Z</time>
      </trkpt>
      <trkpt lat="44.594964638" lon="81.385091874">
        <ele>2115.169</ele>
        <time>2025-08-29T02:32:49.000Z</time>
      </trkpt>
      <trkpt lat="44.611401242" lon="81.590969538">
        <ele>1699.51</ele>
        <time>2025-08-29T02:46:30.000Z</time>
      </trkpt>
      <trkpt lat="44.617513783" lon="81.762313516">
        <ele>1070.409</ele>
        <time>2025-08-29T03:00:01.000Z</time>
      </trkpt>
      <trkpt lat="44.617228554" lon="81.762692994">
        <ele>1070.275</ele>
        <time>2025-08-29T03:00:03.000Z</time>
      </trkpt>
      <trkpt lat="44.616898284" lon="81.763110842">
        <ele>1069.635</ele>
        <time>2025-08-29T03:00:05.000Z</time>
      </trkpt>
      <trkpt lat="44.616651142" lon="81.763509145">
        <ele>1067.367</ele>
        <time>2025-08-29T03:00:07.000Z</time>
      </trkpt>
      <trkpt lat="44.616389098" lon="81.763892392">
        <ele>1065.987</ele>
        <time>2025-08-29T03:00:09.000Z</time>
      </trkpt>
      <trkpt lat="44.616130591" lon="81.76428962">
        <ele>1064.039</ele>
        <time>2025-08-29T03:00:11.000Z</time>
      </trkpt>
      <trkpt lat="44.615879609" lon="81.764694354">
        <ele>1063.25</ele>
        <time>2025-08-29T03:00:13.000Z</time>
      </trkpt>
      <trkpt lat="44.615634077" lon="81.765102543">
        <ele>1061.631</ele>
        <time>2025-08-29T03:00:15.000Z</time>
      </trkpt>
      <trkpt lat="44.615385159" lon="81.765511344">
        <ele>1060.773</ele>
        <time>2025-08-29T03:00:17.000Z</time>
      </trkpt>
      <trkpt lat="44.615142197" lon="81.765926685">
        <ele>1059.152</ele>
        <time>2025-08-29T03:00:19.000Z</time>
      </trkpt>
      <trkpt lat="44.614906915" lon="81.766363342">
        <ele>1057.757</ele>
        <time>2025-08-29T03:00:21.000Z</time>
      </trkpt>
      <trkpt lat="44.633173269" lon="81.99641587">
        <ele>537.576</ele>
        <time>2025-08-29T03:14:03.000Z</time>
      </trkpt>
      <trkpt lat="44.633158345" lon="81.996976384">
        <ele>537.558</ele>
        <time>2025-08-29T03:14:05.000Z</time>
      </trkpt>
      <trkpt lat="44.633126608" lon="81.997548273">
        <ele>534.956</ele>
        <time>2025-08-29T03:14:07.000Z</time>
      </trkpt>
      <trkpt lat="44.633101174" lon="81.99823107">
        <ele>534.143</ele>
        <time>2025-08-29T03:14:10.000Z</time>
      </trkpt>
      <trkpt lat="44.633070957" lon="81.998805134">
        <ele>532.246</ele>
        <time>2025-08-29T03:14:12.000Z</time>
      </trkpt>
      <trkpt lat="44.633037304" lon="81.999374516">
        <ele>531.066</ele>
        <time>2025-08-29T03:14:14.000Z</time>
      </trkpt>
      <trkpt lat="44.63300429" lon="81.999945571">
        <ele>530.344</ele>
        <time>2025-08-29T03:14:16.000Z</time>
      </trkpt>
      <trkpt lat="44.632972773" lon="82.000514965">
        <ele>529.699</ele>
        <time>2025-08-29T03:14:18.000Z</time>
      </trkpt>
      <trkpt lat="44.632941296" lon="82.001085573">
        <ele>529.503</ele>
        <time>2025-08-29T03:14:20.000Z</time>
      </trkpt>
      <trkpt lat="44.63290833" lon="82.00165925">
        <ele>527.041</ele>
        <time>2025-08-29T03:14:22.000Z</time>
      </trkpt>
      <trkpt lat="44.632875012" lon="82.002232153">
        <ele>527.964</ele>
        <time>2025-08-29T03:14:23.000Z</time>
      </trkpt>
      <trkpt lat="44.632842121" lon="82.002805517">
        <ele>525.669</ele>
        <time>2025-08-29T03:14:25.000Z</time>
      </trkpt>
      <trkpt lat="44.63281216" lon="82.003378849">
        <ele>524.752</ele>
        <time>2025-08-29T03:14:27.000Z</time>
      </trkpt>
      <trkpt lat="44.632782202" lon="82.003951626">
        <ele>523.758</ele>
        <time>2025-08-29T03:14:29.000Z</time>
      </trkpt>
      <trkpt lat="44.632749263" lon="82.004525651">
        <ele>522.943</ele>
        <time>2025-08-29T03:14:31.000Z</time>
      </trkpt>
      <trkpt lat="44.632718881" lon="82.005103298">
        <ele>522.424</ele>
        <time>2025-08-29T03:14:33.000Z</time>
      </trkpt>
      <trkpt lat="44.632683683" lon="82.005689811">
        <ele>522.019</ele>
        <time>2025-08-29T03:14:35.000Z</time>
      </trkpt>
      <trkpt lat="44.632648833" lon="82.006268808">
        <ele>520.896</ele>
        <time>2025-08-29T03:14:37.000Z</time>
      </trkpt>
      <trkpt lat="44.632614784" lon="82.006849555">
        <ele>519.2</ele>
        <time>2025-08-29T03:14:39.000Z</time>
      </trkpt>
      <trkpt lat="44.632583428" lon="82.007432539">
        <ele>518.17</ele>
        <time>2025-08-29T03:14:41.000Z</time>
      </trkpt>
      <trkpt lat="44.632554311" lon="82.008016301">
        <ele>516.946</ele>
        <time>2025-08-29T03:14:43.000Z</time>
      </trkpt>
      <trkpt lat="44.6325266" lon="82.008605062">
        <ele>515.811</ele>
        <time>2025-08-29T03:14:45.000Z</time>
      </trkpt>
      <trkpt lat="44.632494003" lon="82.009194174">
        <ele>515.901</ele>
        <time>2025-08-29T03:14:47.000Z</time>
      </trkpt>
      <trkpt lat="44.632461579" lon="82.009779054">
        <ele>514.824</ele>
        <time>2025-08-29T03:14:49.000Z</time>
      </trkpt>
      <trkpt lat="44.63242901" lon="82.010361413">
        <ele>513.256</ele>
        <time>2025-08-29T03:14:51.000Z</time>
      </trkpt>
      <trkpt lat="44.632396688" lon="82.010938348">
        <ele>512.372</ele>
        <time>2025-08-29T03:14:53.000Z</time>
      </trkpt>
      <trkpt lat="44.63236387" lon="82.011519369">
        <ele>511.75</ele>
        <time>2025-08-29T03:14:55.000Z</time>
      </trkpt>
      <trkpt lat="44.632329399" lon="82.012088164">
        <ele>510.911</ele>
        <time>2025-08-29T03:14:57.000Z</time>
      </trkpt>
      <trkpt lat="44.632294508" lon="82.012648292">
        <ele>509.601</ele>
        <time>2025-08-29T03:14:59.000Z</time>
      </trkpt>
      <trkpt lat="44.632261723" lon="82.013184564">
        <ele>509.573</ele>
        <time>2025-08-29T03:15:01.000Z</time>
      </trkpt>
      <trkpt lat="44.632231362" lon="82.013722855">
        <ele>509.901</ele>
        <time>2025-08-29T03:15:03.000Z</time>
      </trkpt>
      <trkpt lat="44.629454083" lon="82.06159769">
        <ele>438.214</ele>
        <time>2025-08-29T03:21:27.000Z</time>
      </trkpt>
      <trkpt lat="44.613534275" lon="82.131104726">
        <ele>379.3</ele>
        <time>2025-08-29T03:48:52.000Z</time>
      </trkpt>
      <trkpt lat="44.530917308" lon="82.314307848">
        <ele>385.492</ele>
        <time>2025-08-29T04:02:22.000Z</time>
      </trkpt>
      <trkpt lat="44.530799852" lon="82.31488757">
        <ele>386.362</ele>
        <time>2025-08-29T04:02:24.000Z</time>
      </trkpt>
      <trkpt lat="44.530706585" lon="82.315437819">
        <ele>388.802</ele>
        <time>2025-08-29T04:02:26.000Z</time>
      </trkpt>
      <trkpt lat="44.530571345" lon="82.316078441">
        <ele>391.882</ele>
        <time>2025-08-29T04:02:29.000Z</time>
      </trkpt>
      <trkpt lat="44.530465021" lon="82.316617733">
        <ele>391.119</ele>
        <time>2025-08-29T04:02:31.000Z</time>
      </trkpt>
      <trkpt lat="44.53036515" lon="82.317158785">
        <ele>391.685</ele>
        <time>2025-08-29T04:02:33.000Z</time>
      </trkpt>
      <trkpt lat="44.530266919" lon="82.31769981">
        <ele>391.309</ele>
        <time>2025-08-29T04:02:35.000Z</time>
      </trkpt>
      <trkpt lat="44.53016606" lon="82.318239402">
        <ele>393.33</ele>
        <time>2025-08-29T04:02:37.000Z</time>
      </trkpt>
      <trkpt lat="44.53006562" lon="82.318775551">
        <ele>394.528</ele>
        <time>2025-08-29T04:02:39.000Z</time>
      </trkpt>
      <trkpt lat="44.529965797" lon="82.319311821">
        <ele>395</ele>
        <time>2025-08-29T04:02:40.000Z</time>
      </trkpt>
      <trkpt lat="44.529865992" lon="82.319846635">
        <ele>394</ele>
        <time>2025-08-29T04:02:42.000Z</time>
      </trkpt>
      <trkpt lat="44.528138875" lon="82.543308903">
        <ele>360</ele>
        <time>2025-08-29T04:16:25.000Z</time>
      </trkpt>
      <trkpt lat="44.528146781" lon="82.543868447">
        <ele>360.926</ele>
        <time>2025-08-29T04:16:26.000Z</time>
      </trkpt>
      <trkpt lat="44.528234603" lon="82.544407528">
        <ele>362.559</ele>
        <time>2025-08-29T04:16:28.000Z</time>
      </trkpt>
      <trkpt lat="44.52824602" lon="82.544930861">
        <ele>361.935</ele>
        <time>2025-08-29T04:16:30.000Z</time>
      </trkpt>
      <trkpt lat="44.528271493" lon="82.545491881">
        <ele>360.178</ele>
        <time>2025-08-29T04:16:32.000Z</time>
      </trkpt>
      <trkpt lat="44.52828285" lon="82.546092427">
        <ele>360</ele>
        <time>2025-08-29T04:16:34.000Z</time>
      </trkpt>
      <trkpt lat="44.528275118" lon="82.54663432">
        <ele>361</ele>
        <time>2025-08-29T04:16:36.000Z</time>
      </trkpt>
      <trkpt lat="44.528255939" lon="82.547171154">
        <ele>359.411</ele>
        <time>2025-08-29T04:16:38.000Z</time>
      </trkpt>
      <trkpt lat="44.52822924" lon="82.547709259">
        <ele>358.529</ele>
        <time>2025-08-29T04:16:40.000Z</time>
      </trkpt>
      <trkpt lat="44.528185163" lon="82.548241408">
        <ele>358.379</ele>
        <time>2025-08-29T04:16:42.000Z</time>
      </trkpt>
      <trkpt lat="44.528141407" lon="82.548771989">
        <ele>359</ele>
        <time>2025-08-29T04:16:44.000Z</time>
      </trkpt>
      <trkpt lat="44.528083936" lon="82.549299017">
        <ele>359.428</ele>
        <time>2025-08-29T04:16:46.000Z</time>
      </trkpt>
      <trkpt lat="44.528023353" lon="82.549828438">
        <ele>361.116</ele>
        <time>2025-08-29T04:16:48.000Z</time>
      </trkpt>
      <trkpt lat="44.527952123" lon="82.550360003">
        <ele>361.076</ele>
        <time>2025-08-29T04:16:50.000Z</time>
      </trkpt>
      <trkpt lat="44.527874919" lon="82.550889193">
        <ele>359.93</ele>
        <time>2025-08-29T04:16:52.000Z</time>
      </trkpt>
      <trkpt lat="44.527786462" lon="82.551419775">
        <ele>359</ele>
        <time>2025-08-29T04:16:54.000Z</time>
      </trkpt>
      <trkpt lat="44.527692581" lon="82.551947739">
        <ele>360.315</ele>
        <time>2025-08-29T04:16:56.000Z</time>
      </trkpt>
      <trkpt lat="44.527597626" lon="82.552457285">
        <ele>361</ele>
        <time>2025-08-29T04:16:58.000Z</time>
      </trkpt>
      <trkpt lat="44.527481876" lon="82.552987196">
        <ele>361.065</ele>
        <time>2025-08-29T04:17:00.000Z</time>
      </trkpt>
      <trkpt lat="44.527358213" lon="82.553510318">
        <ele>361.185</ele>
        <time>2025-08-29T04:17:02.000Z</time>
      </trkpt>
      <trkpt lat="44.527233284" lon="82.55403553">
        <ele>360.04</ele>
        <time>2025-08-29T04:17:04.000Z</time>
      </trkpt>
      <trkpt lat="44.527098498" lon="82.55454519">
        <ele>361</ele>
        <time>2025-08-29T04:17:06.000Z</time>
      </trkpt>
      <trkpt lat="44.526951169" lon="82.555051694">
        <ele>360.818</ele>
        <time>2025-08-29T04:17:08.000Z</time>
      </trkpt>
      <trkpt lat="44.526793683" lon="82.555551522">
        <ele>359.557</ele>
        <time>2025-08-29T04:17:10.000Z</time>
      </trkpt>
      <trkpt lat="44.526638712" lon="82.556051394">
        <ele>359.302</ele>
        <time>2025-08-29T04:17:12.000Z</time>
      </trkpt>
      <trkpt lat="44.526472541" lon="82.556542661">
        <ele>361.65</ele>
        <time>2025-08-29T04:17:14.000Z</time>
      </trkpt>
      <trkpt lat="44.526304995" lon="82.557032341">
        <ele>363.508</ele>
        <time>2025-08-29T04:17:16.000Z</time>
      </trkpt>
      <trkpt lat="44.526136121" lon="82.557514356">
        <ele>363.825</ele>
        <time>2025-08-29T04:17:18.000Z</time>
      </trkpt>
      <trkpt lat="44.525978021" lon="82.557971307">
        <ele>363.855</ele>
        <time>2025-08-29T04:17:20.000Z</time>
      </trkpt>
      <trkpt lat="44.525813375" lon="82.558433004">
        <ele>363.595</ele>
        <time>2025-08-29T04:17:22.000Z</time>
      </trkpt>
      <trkpt lat="44.525651118" lon="82.558910116">
        <ele>362.974</ele>
        <time>2025-08-29T04:17:24.000Z</time>
      </trkpt>
      <trkpt lat="44.543057093" lon="82.767399716">
        <ele>330.996</ele>
        <time>2025-08-29T04:30:56.000Z</time>
      </trkpt>
      <trkpt lat="44.543347364" lon="82.767727868">
        <ele>330.779</ele>
        <time>2025-08-29T04:30:57.000Z</time>
      </trkpt>
      <trkpt lat="44.543698704" lon="82.768102415">
        <ele>331.685</ele>
        <time>2025-08-29T04:30:59.000Z</time>
      </trkpt>
      <trkpt lat="44.544026867" lon="82.768419187">
        <ele>331.156</ele>
        <time>2025-08-29T04:31:01.000Z</time>
      </trkpt>
      <trkpt lat="44.544378576" lon="82.768752668">
        <ele>330.237</ele>
        <time>2025-08-29T04:31:03.000Z</time>
      </trkpt>
      <trkpt lat="44.544730438" lon="82.769051405">
        <ele>330</ele>
        <time>2025-08-29T04:31:05.000Z</time>
      </trkpt>
      <trkpt lat="44.54509228" lon="82.769327592">
        <ele>330.247</ele>
        <time>2025-08-29T04:31:07.000Z</time>
      </trkpt>
      <trkpt lat="44.545452782" lon="82.769590814">
        <ele>329.072</ele>
        <time>2025-08-29T04:31:09.000Z</time>
      </trkpt>
      <trkpt lat="44.545823786" lon="82.76983642">
        <ele>330.377</ele>
        <time>2025-08-29T04:31:11.000Z</time>
      </trkpt>
      <trkpt lat="44.546196205" lon="82.770068411">
        <ele>331.171</ele>
        <time>2025-08-29T04:31:13.000Z</time>
      </trkpt>
      <trkpt lat="44.546573069" lon="82.770290864">
        <ele>330.337</ele>
        <time>2025-08-29T04:31:15.000Z</time>
      </trkpt>
      <trkpt lat="44.546955261" lon="82.770499307">
        <ele>330</ele>
        <time>2025-08-29T04:31:17.000Z</time>
      </trkpt>
      <trkpt lat="44.562504964" lon="82.793119285">
        <ele>324.225</ele>
        <time>2025-08-29T04:44:59.000Z</time>
      </trkpt>
      <trkpt lat="44.57559791" lon="82.839208806">
        <ele>330</ele>
        <time>2025-08-29T05:39:46.000Z</time>
      </trkpt>
      <trkpt lat="44.575691082" lon="82.839691541">
        <ele>330</ele>
        <time>2025-08-29T05:39:48.000Z</time>
      </trkpt>
      <trkpt lat="44.420281314" lon="84.868896017">
        <ele>499.974</ele>
        <time>2025-08-29T09:43:06.000Z</time>
      </trkpt>
      <trkpt lat="44.419184876" lon="84.86960907">
        <ele>498.473</ele>
        <time>2025-08-29T15:23:16.000Z</time>
      </trkpt>
      <trkpt lat="44.420181288" lon="84.868945479">
        <ele>499.867</ele>
        <time>2025-08-30T00:23:22.000Z</time>
      </trkpt>
      <trkpt lat="44.421191277" lon="84.861933241">
        <ele>497.752</ele>
        <time>2025-08-30T00:35:16.000Z</time>
      </trkpt>
      <trkpt lat="44.44747081" lon="84.858261142">
        <ele>464.105</ele>
        <time>2025-08-30T00:41:34.000Z</time>
      </trkpt>
      <trkpt lat="44.470882714" lon="84.87483984">
        <ele>431.925</ele>
        <time>2025-08-30T00:46:43.000Z</time>
      </trkpt>
      <trkpt lat="44.610993736" lon="84.904329004">
        <ele>358.064</ele>
        <time>2025-08-30T01:01:28.000Z</time>
      </trkpt>
      <trkpt lat="44.758617396" lon="84.866939245">
        <ele>325</ele>
        <time>2025-08-30T01:14:05.000Z</time>
      </trkpt>
      <trkpt lat="44.865153913" lon="84.852097274">
        <ele>302.751</ele>
        <time>2025-08-30T01:22:42.000Z</time>
      </trkpt>
      <trkpt lat="44.914706801" lon="84.800441181">
        <ele>298.556</ele>
        <time>2025-08-30T01:27:58.000Z</time>
      </trkpt>
      <trkpt lat="45.010423902" lon="84.721348118">
        <ele>288.544</ele>
        <time>2025-08-30T01:37:13.000Z</time>
      </trkpt>
      <trkpt lat="45.074637411" lon="84.703433979">
        <ele>282.641</ele>
        <time>2025-08-30T01:42:41.000Z</time>
      </trkpt>
      <trkpt lat="45.249754814" lon="84.765533237">
        <ele>281.765</ele>
        <time>2025-08-30T01:57:30.000Z</time>
      </trkpt>
      <trkpt lat="45.347973369" lon="84.779380476">
        <ele>287.542</ele>
        <time>2025-08-30T02:10:45.000Z</time>
      </trkpt>
      <trkpt lat="45.520970203" lon="84.783693598">
        <ele>394</ele>
        <time>2025-08-30T02:26:30.000Z</time>
      </trkpt>
      <trkpt lat="45.631519989" lon="84.852877196">
        <ele>500</ele>
        <time>2025-08-30T02:38:04.000Z</time>
      </trkpt>
      <trkpt lat="45.708778007" lon="85.07364722">
        <ele>431.254</ele>
        <time>2025-08-30T02:52:47.000Z</time>
      </trkpt>
      <trkpt lat="45.76360419" lon="85.194649174">
        <ele>376.712</ele>
        <time>2025-08-30T03:01:39.000Z</time>
      </trkpt>
      <trkpt lat="45.817729509" lon="85.249355809">
        <ele>350.264</ele>
        <time>2025-08-30T03:07:21.000Z</time>
      </trkpt>
      <trkpt lat="45.878850192" lon="85.279207766">
        <ele>311.585</ele>
        <time>2025-08-30T03:12:41.000Z</time>
      </trkpt>
      <trkpt lat="45.977792425" lon="85.366627945">
        <ele>354.861</ele>
        <time>2025-08-30T03:22:26.000Z</time>
      </trkpt>
      <trkpt lat="46.010690094" lon="85.465403712">
        <ele>366.265</ele>
        <time>2025-08-30T03:28:53.000Z</time>
      </trkpt>
      <trkpt lat="46.07342755" lon="85.596934799">
        <ele>365.667</ele>
        <time>2025-08-30T03:38:19.000Z</time>
      </trkpt>
      <trkpt lat="46.166064471" lon="85.64812828">
        <ele>308.402</ele>
        <time>2025-08-30T03:53:28.000Z</time>
      </trkpt>
      <trkpt lat="46.244467355" lon="85.889122688">
        <ele>594</ele>
        <time>2025-08-30T04:27:10.000Z</time>
      </trkpt>
      <trkpt lat="46.402037877" lon="85.989060431">
        <ele>720</ele>
        <time>2025-08-30T04:42:02.000Z</time>
      </trkpt>
      <trkpt lat="46.450584644" lon="86.030355579">
        <ele>773.72</ele>
        <time>2025-08-30T05:22:20.000Z</time>
      </trkpt>
      <trkpt lat="46.527029788" lon="86.040703766">
        <ele>829.307</ele>
        <time>2025-08-30T05:49:53.000Z</time>
      </trkpt>
      <trkpt lat="46.683609451" lon="86.100718145">
        <ele>1038</ele>
        <time>2025-08-30T06:05:32.000Z</time>
      </trkpt>
      <trkpt lat="46.820797348" lon="86.298379731">
        <ele>1141.596</ele>
        <time>2025-08-30T06:22:05.000Z</time>
      </trkpt>
      <trkpt lat="46.92817858" lon="86.507583316">
        <ele>1202.133</ele>
        <time>2025-08-30T06:37:17.000Z</time>
      </trkpt>
      <trkpt lat="46.986525762" lon="86.746547101">
        <ele>974.507</ele>
        <time>2025-08-30T06:52:00.000Z</time>
      </trkpt>
      <trkpt lat="47.032085806" lon="87.002818007">
        <ele>701.435</ele>
        <time>2025-08-30T07:07:10.000Z</time>
      </trkpt>
      <trkpt lat="47.013578857" lon="87.254515998">
        <ele>502.116</ele>
        <time>2025-08-30T07:22:19.000Z</time>
      </trkpt>
      <trkpt lat="47.009314732" lon="87.276639612">
        <ele>492.149</ele>
        <time>2025-08-30T07:37:22.000Z</time>
      </trkpt>
      <trkpt lat="47.055040025" lon="87.507906966">
        <ele>537.856</ele>
        <time>2025-08-30T07:52:13.000Z</time>
      </trkpt>
      <trkpt lat="47.168895188" lon="87.701155851">
        <ele>508.184</ele>
        <time>2025-08-30T08:07:05.000Z</time>
      </trkpt>
      <trkpt lat="47.232219963" lon="87.774321567">
        <ele>531</ele>
        <time>2025-08-30T08:21:53.000Z</time>
      </trkpt>
      <trkpt lat="47.238653063" lon="87.774462163">
        <ele>532.795</ele>
        <time>2025-08-30T08:27:47.000Z</time>
      </trkpt>
      <trkpt lat="47.31912165" lon="87.813084349">
        <ele>520.104</ele>
        <time>2025-08-30T08:38:16.000Z</time>
      </trkpt>
      <trkpt lat="47.34936473" lon="87.826289786">
        <ele>517.185</ele>
        <time>2025-08-30T08:44:04.000Z</time>
      </trkpt>
      <trkpt lat="47.352475797" lon="87.829117143">
        <ele>510.087</ele>
        <time>2025-08-31T00:23:13.000Z</time>
      </trkpt>
      <trkpt lat="47.351875487" lon="87.834378071">
        <ele>510.82</ele>
        <time>2025-08-31T01:25:58.000Z</time>
      </trkpt>
      <trkpt lat="47.349430795" lon="87.826882667">
        <ele>515.397</ele>
        <time>2025-08-31T01:38:16.000Z</time>
      </trkpt>
      <trkpt lat="47.269575675" lon="88.098182967">
        <ele>565.528</ele>
        <time>2025-08-31T02:09:29.000Z</time>
      </trkpt>
      <trkpt lat="47.226408748" lon="88.286105068">
        <ele>597.163</ele>
        <time>2025-08-31T02:24:12.000Z</time>
      </trkpt>
      <trkpt lat="47.149420129" lon="88.580730306">
        <ele>693.171</ele>
        <time>2025-08-31T02:52:25.000Z</time>
      </trkpt>
      <trkpt lat="46.958118067" lon="88.989848066">
        <ele>908.903</ele>
        <time>2025-08-31T03:20:55.000Z</time>
      </trkpt>
      <trkpt lat="46.811559694" lon="89.460733496">
        <ele>944.221</ele>
        <time>2025-08-31T03:50:26.000Z</time>
      </trkpt>
      <trkpt lat="46.79350738" lon="89.490382047">
        <ele>927.625</ele>
        <time>2025-08-31T04:18:24.000Z</time>
      </trkpt>
      <trkpt lat="46.746998246" lon="89.561043472">
        <ele>951.61</ele>
        <time>2025-08-31T04:33:36.000Z</time>
      </trkpt>
      <trkpt lat="46.714303794" lon="89.660413622">
        <ele>984.511</ele>
        <time>2025-08-31T04:48:22.000Z</time>
      </trkpt>
      <trkpt lat="46.570328646" lon="89.968854189">
        <ele>1187.875</ele>
        <time>2025-08-31T05:11:41.000Z</time>
      </trkpt>
      <trkpt lat="46.501594987" lon="90.143959187">
        <ele>1272.201</ele>
        <time>2025-08-31T05:26:52.000Z</time>
      </trkpt>
      <trkpt lat="46.335440897" lon="90.367424246">
        <ele>1127.014</ele>
        <time>2025-08-31T05:53:09.000Z</time>
      </trkpt>
      <trkpt lat="46.346094213" lon="90.557086766">
        <ele>1156.573</ele>
        <time>2025-08-31T06:08:17.000Z</time>
      </trkpt>
      <trkpt lat="46.235146481" lon="90.678763669">
        <ele>1215.549</ele>
        <time>2025-08-31T06:23:02.000Z</time>
      </trkpt>
      <trkpt lat="46.203250447" lon="90.794543065">
        <ele>1137.74</ele>
        <time>2025-08-31T06:37:48.000Z</time>
      </trkpt>
      <trkpt lat="46.189917102" lon="90.805587731">
        <ele>1119.298</ele>
        <time>2025-08-31T06:52:34.000Z</time>
      </trkpt>
      <trkpt lat="46.195721864" lon="90.816429639">
        <ele>1127</ele>
        <time>2025-09-01T02:15:30.000Z</time>
      </trkpt>
      <trkpt lat="46.143150829" lon="90.987206504">
        <ele>1140.62</ele>
        <time>2025-09-01T03:22:57.000Z</time>
      </trkpt>
      <trkpt lat="46.142046319" lon="90.994794617">
        <ele>1140.723</ele>
        <time>2025-09-01T08:28:42.000Z</time>
      </trkpt>
      <trkpt lat="46.148341586" lon="91.072926106">
        <ele>1185.525</ele>
        <time>2025-09-01T10:17:09.000Z</time>
      </trkpt>
      <trkpt lat="46.126993058" lon="91.258054517">
        <ele>1195.178</ele>
        <time>2025-09-02T03:20:09.000Z</time>
      </trkpt>
      <trkpt lat="46.11734662" lon="91.472517388">
        <ele>1245.93</ele>
        <time>2025-09-02T03:34:53.000Z</time>
      </trkpt>
      <trkpt lat="46.094640135" lon="91.549176034">
        <ele>1185.704</ele>
        <time>2025-09-02T03:45:45.000Z</time>
      </trkpt>
      <trkpt lat="46.091657961" lon="91.543170542">
        <ele>1180.432</ele>
        <time>2025-09-02T06:40:30.000Z</time>
      </trkpt>
      <trkpt lat="46.095559269" lon="91.549493326">
        <ele>1183.165</ele>
        <time>2025-09-02T06:48:49.000Z</time>
      </trkpt>
      <trkpt lat="46.117281974" lon="91.58855713">
        <ele>1196.063</ele>
        <time>2025-09-02T06:58:01.000Z</time>
      </trkpt>
      <trkpt lat="46.126108607" lon="91.580582187">
        <ele>1199.009</ele>
        <time>2025-09-02T07:11:18.000Z</time>
      </trkpt>
      <trkpt lat="46.172565832" lon="91.555901424">
        <ele>1219.669</ele>
        <time>2025-09-02T07:26:37.000Z</time>
      </trkpt>
      <trkpt lat="46.195078259" lon="91.516351411">
        <ele>1237.282</ele>
        <time>2025-09-02T07:40:01.000Z</time>
      </trkpt>
      <trkpt lat="46.215133419" lon="91.503487862">
        <ele>1252.037</ele>
        <time>2025-09-02T07:55:15.000Z</time>
      </trkpt>
      <trkpt lat="46.233895565" lon="91.488366081">
        <ele>1264.19</ele>
        <time>2025-09-02T08:07:53.000Z</time>
      </trkpt>
      <trkpt lat="46.259922617" lon="91.468984214">
        <ele>1297.127</ele>
        <time>2025-09-02T08:22:32.000Z</time>
      </trkpt>
      <trkpt lat="46.271742233" lon="91.448838049">
        <ele>1286.595</ele>
        <time>2025-09-02T08:36:12.000Z</time>
      </trkpt>
      <trkpt lat="46.311716004" lon="91.416914966">
        <ele>1311.239</ele>
        <time>2025-09-02T08:49:15.000Z</time>
      </trkpt>
      <trkpt lat="46.313176125" lon="91.413061632">
        <ele>1305.563</ele>
        <time>2025-09-04T01:16:51.000Z</time>
      </trkpt>
      <trkpt lat="46.330400021" lon="91.415284267">
        <ele>1329.44</ele>
        <time>2025-09-04T02:44:49.000Z</time>
      </trkpt>
      <trkpt lat="46.365641025" lon="91.414717829">
        <ele>1345.369</ele>
        <time>2025-09-04T03:00:39.000Z</time>
      </trkpt>
      <trkpt lat="46.41333091" lon="91.3862081">
        <ele>1383.991</ele>
        <time>2025-09-04T03:21:46.000Z</time>
      </trkpt>
      <trkpt lat="46.433108668" lon="91.387213436">
        <ele>1389.56</ele>
        <time>2025-09-04T03:36:47.000Z</time>
      </trkpt>
      <trkpt lat="46.47341134" lon="91.381240077">
        <ele>1410.667</ele>
        <time>2025-09-04T03:59:55.000Z</time>
      </trkpt>
      <trkpt lat="46.473092786" lon="91.389496839">
        <ele>1432.636</ele>
        <time>2025-09-04T04:15:07.000Z</time>
      </trkpt>
      <trkpt lat="46.476563313" lon="91.398036154">
        <ele>1427.488</ele>
        <time>2025-09-04T04:39:48.000Z</time>
      </trkpt>
      <trkpt lat="46.494395817" lon="91.396590306">
        <ele>1448.249</ele>
        <time>2025-09-04T04:59:33.000Z</time>
      </trkpt>
      <trkpt lat="46.472688144" lon="91.396676377">
        <ele>1435.059</ele>
        <time>2025-09-04T05:29:06.000Z</time>
      </trkpt>
      <trkpt lat="46.454214016" lon="91.387032475">
        <ele>1401.175</ele>
        <time>2025-09-04T05:51:46.000Z</time>
      </trkpt>
      <trkpt lat="46.405791384" lon="91.384628462">
        <ele>1372.836</ele>
        <time>2025-09-04T06:17:52.000Z</time>
      </trkpt>
      <trkpt lat="46.373621422" lon="91.412331646">
        <ele>1342.153</ele>
        <time>2025-09-04T06:35:18.000Z</time>
      </trkpt>
      <trkpt lat="46.328962692" lon="91.415276136">
        <ele>1325.736</ele>
        <time>2025-09-04T06:58:50.000Z</time>
      </trkpt>
      <trkpt lat="46.312991856" lon="91.413244614">
        <ele>1305.09</ele>
        <time>2025-09-04T07:30:33.000Z</time>
      </trkpt>
      <trkpt lat="46.299976017" lon="91.430024051">
        <ele>1306.504</ele>
        <time>2025-09-05T03:04:33.000Z</time>
      </trkpt>
      <trkpt lat="46.266015347" lon="91.461981409">
        <ele>1290.777</ele>
        <time>2025-09-05T03:18:03.000Z</time>
      </trkpt>
      <trkpt lat="46.247206195" lon="91.477463069">
        <ele>1274</ele>
        <time>2025-09-05T03:32:46.000Z</time>
      </trkpt>
      <trkpt lat="46.223133003" lon="91.499712015">
        <ele>1252.594</ele>
        <time>2025-09-05T03:45:25.000Z</time>
      </trkpt>
      <trkpt lat="46.200089841" lon="91.509160744">
        <ele>1251.885</ele>
        <time>2025-09-05T04:00:33.000Z</time>
      </trkpt>
      <trkpt lat="46.174956369" lon="91.548897838">
        <ele>1223.206</ele>
        <time>2025-09-05T04:14:04.000Z</time>
      </trkpt>
      <trkpt lat="46.144649763" lon="91.575336559">
        <ele>1207.678</ele>
        <time>2025-09-05T04:28:47.000Z</time>
      </trkpt>
      <trkpt lat="46.117165536" lon="91.588581875">
        <ele>1196.099</ele>
        <time>2025-09-05T04:43:31.000Z</time>
      </trkpt>
      <trkpt lat="46.110506658" lon="91.703459295">
        <ele>1330.827</ele>
        <time>2025-09-05T05:12:04.000Z</time>
      </trkpt>
      <trkpt lat="46.086515933" lon="91.875295686">
        <ele>1487.578</ele>
        <time>2025-09-05T05:24:59.000Z</time>
      </trkpt>
      <trkpt lat="46.009173615" lon="92.05716137">
        <ele>1458.781</ele>
        <time>2025-09-05T05:40:10.000Z</time>
      </trkpt>
      <trkpt lat="45.908658862" lon="92.214406102">
        <ele>1446.32</ele>
        <time>2025-09-05T05:53:39.000Z</time>
      </trkpt>
      <trkpt lat="45.969641316" lon="92.392743426">
        <ele>1502.662</ele>
        <time>2025-09-05T06:07:02.000Z</time>
      </trkpt>
      <trkpt lat="46.038107676" lon="92.536521312">
        <ele>1565.978</ele>
        <time>2025-09-05T06:21:07.000Z</time>
      </trkpt>
      <trkpt lat="46.109764333" lon="92.514707799">
        <ele>1695.401</ele>
        <time>2025-09-05T06:34:10.000Z</time>
      </trkpt>
      <trkpt lat="46.149112112" lon="92.553958185">
        <ele>1748.256</ele>
        <time>2025-09-05T06:47:10.000Z</time>
      </trkpt>
      <trkpt lat="46.266746675" lon="92.599224318">
        <ele>1921.492</ele>
        <time>2025-09-05T07:44:44.000Z</time>
      </trkpt>
      <trkpt lat="46.387429107" lon="92.535240473">
        <ele>2193</ele>
        <time>2025-09-05T07:58:51.000Z</time>
      </trkpt>
      <trkpt lat="46.52294952" lon="92.397415498">
        <ele>2385.932</ele>
        <time>2025-09-05T08:13:19.000Z</time>
      </trkpt>
      <trkpt lat="46.48631637" lon="92.435056865">
        <ele>2342.692</ele>
        <time>2025-09-05T08:26:26.000Z</time>
      </trkpt>
      <trkpt lat="46.537837246" lon="92.378026648">
        <ele>2407.814</ele>
        <time>2025-09-05T08:41:33.000Z</time>
      </trkpt>
      <trkpt lat="46.649563383" lon="92.282027614">
        <ele>2588.299</ele>
        <time>2025-09-05T08:56:18.000Z</time>
      </trkpt>
      <trkpt lat="46.70677853" lon="92.354093947">
        <ele>2655.456</ele>
        <time>2025-09-05T09:09:50.000Z</time>
      </trkpt>
      <trkpt lat="46.735208812" lon="92.547376547">
        <ele>2360.11</ele>
        <time>2025-09-05T09:24:32.000Z</time>
      </trkpt>
      <trkpt lat="46.814964297" lon="92.599180061">
        <ele>2198.952</ele>
        <time>2025-09-05T09:39:16.000Z</time>
      </trkpt>
      <trkpt lat="46.762354528" lon="92.730416693">
        <ele>2048.476</ele>
        <time>2025-09-05T09:52:02.000Z</time>
      </trkpt>
      <trkpt lat="46.692501591" lon="92.799200099">
        <ele>2026.12</ele>
        <time>2025-09-05T10:07:12.000Z</time>
      </trkpt>
      <trkpt lat="46.689962754" lon="92.794873025">
        <ele>2027.086</ele>
        <time>2025-09-05T10:25:25.000Z</time>
      </trkpt>
      <trkpt lat="46.762967335" lon="92.784214195">
        <ele>1959</ele>
        <time>2025-09-05T11:04:53.000Z</time>
      </trkpt>
      <trkpt lat="46.769097433" lon="92.704753736">
        <ele>2067.584</ele>
        <time>2025-09-05T11:20:01.000Z</time>
      </trkpt>
      <trkpt lat="46.795755087" lon="92.614163614">
        <ele>2156.017</ele>
        <time>2025-09-06T01:50:38.000Z</time>
      </trkpt>
      <trkpt lat="46.931529078" lon="92.440286335">
        <ele>2408.529</ele>
        <time>2025-09-06T02:06:03.000Z</time>
      </trkpt>
      <trkpt lat="46.94096474" lon="92.437076207">
        <ele>2395.973</ele>
        <time>2025-09-06T02:21:05.000Z</time>
      </trkpt>
      <trkpt lat="46.971782775" lon="92.428069505">
        <ele>2325.929</ele>
        <time>2025-09-06T03:09:05.000Z</time>
      </trkpt>
      <trkpt lat="47.020787028" lon="92.423659293">
        <ele>2472.985</ele>
        <time>2025-09-06T03:14:24.000Z</time>
      </trkpt>
      <trkpt lat="47.113069114" lon="92.303697942">
        <ele>1883.015</ele>
        <time>2025-09-06T03:29:31.000Z</time>
      </trkpt>
      <trkpt lat="47.260913858" lon="92.214810625">
        <ele>1561.092</ele>
        <time>2025-09-06T03:42:51.000Z</time>
      </trkpt>
      <trkpt lat="47.688882058" lon="92.070857892">
        <ele>1285.961</ele>
        <time>2025-09-06T04:27:10.000Z</time>
      </trkpt>
      <trkpt lat="47.745425245" lon="92.004393675">
        <ele>1230.28</ele>
        <time>2025-09-06T04:41:56.000Z</time>
      </trkpt>
      <trkpt lat="47.867015683" lon="91.83014771">
        <ele>1607.605</ele>
        <time>2025-09-06T04:56:40.000Z</time>
      </trkpt>
      <trkpt lat="47.98792637" lon="91.699855258">
        <ele>1482.167</ele>
        <time>2025-09-06T05:10:53.000Z</time>
      </trkpt>
      <trkpt lat="47.995717046" lon="91.6365935">
        <ele>1405.419</ele>
        <time>2025-09-06T05:22:36.000Z</time>
      </trkpt>
      <trkpt lat="47.989788224" lon="91.640772926">
        <ele>1413.814</ele>
        <time>2025-09-06T07:19:46.000Z</time>
      </trkpt>
      <trkpt lat="47.991454052" lon="91.649429211">
        <ele>1410</ele>
        <time>2025-09-06T07:43:46.000Z</time>
      </trkpt>
      <trkpt lat="48.002352081" lon="91.665726312">
        <ele>1400.713</ele>
        <time>2025-09-06T07:56:09.000Z</time>
      </trkpt>
      <trkpt lat="47.908281014" lon="91.817313118">
        <ele>1569</ele>
        <time>2025-09-06T08:42:45.000Z</time>
      </trkpt>
      <trkpt lat="47.77156861" lon="91.97311501">
        <ele>1309.63</ele>
        <time>2025-09-06T08:57:53.000Z</time>
      </trkpt>
      <trkpt lat="47.633364396" lon="92.111505512">
        <ele>1294</ele>
        <time>2025-09-06T09:11:57.000Z</time>
      </trkpt>
      <trkpt lat="47.490089784" lon="92.190862952">
        <ele>1334.966</ele>
        <time>2025-09-06T09:26:33.000Z</time>
      </trkpt>
      <trkpt lat="47.482541891" lon="92.194950228">
        <ele>1338.001</ele>
        <time>2025-09-06T09:34:23.000Z</time>
      </trkpt>
      <trkpt lat="47.468410281" lon="92.224379651">
        <ele>1321.51</ele>
        <time>2025-09-06T09:48:54.000Z</time>
      </trkpt>
      <trkpt lat="47.468261272" lon="92.243148917">
        <ele>1309.913</ele>
        <time>2025-09-06T10:03:47.000Z</time>
      </trkpt>
      <trkpt lat="47.461094448" lon="92.303967888">
        <ele>1272</ele>
        <time>2025-09-06T10:32:55.000Z</time>
      </trkpt>
      <trkpt lat="47.45883374" lon="92.313331933">
        <ele>1267</ele>
        <time>2025-09-06T10:47:46.000Z</time>
      </trkpt>
      <trkpt lat="47.444561315" lon="92.443834562">
        <ele>1195.918</ele>
        <time>2025-09-07T02:01:52.000Z</time>
      </trkpt>
      <trkpt lat="47.416320294" lon="92.522860067">
        <ele>1158</ele>
        <time>2025-09-07T02:17:00.000Z</time>
      </trkpt>
      <trkpt lat="47.418037586" lon="92.562297136">
        <ele>1156.871</ele>
        <time>2025-09-07T02:30:22.000Z</time>
      </trkpt>
      <trkpt lat="47.406979254" lon="92.638427642">
        <ele>1189</ele>
        <time>2025-09-07T02:46:18.000Z</time>
      </trkpt>
      <trkpt lat="47.416248408" lon="92.716729345">
        <ele>1290.494</ele>
        <time>2025-09-07T03:00:24.000Z</time>
      </trkpt>
      <trkpt lat="47.504820661" lon="92.799203787">
        <ele>1777.134</ele>
        <time>2025-09-07T03:15:07.000Z</time>
      </trkpt>
      <trkpt lat="47.60409224" lon="92.863455397">
        <ele>1650.882</ele>
        <time>2025-09-07T03:28:46.000Z</time>
      </trkpt>
      <trkpt lat="47.635894432" lon="92.842571167">
        <ele>1652.304</ele>
        <time>2025-09-07T05:04:40.000Z</time>
      </trkpt>
      <trkpt lat="47.613569313" lon="92.904493521">
        <ele>1558</ele>
        <time>2025-09-07T05:18:21.000Z</time>
      </trkpt>
      <trkpt lat="47.602726906" lon="92.922546677">
        <ele>1545.137</ele>
        <time>2025-09-07T05:33:04.000Z</time>
      </trkpt>
      <trkpt lat="47.571362495" lon="92.985050697">
        <ele>1534.922</ele>
        <time>2025-09-07T05:47:49.000Z</time>
      </trkpt>
      <trkpt lat="47.541920903" lon="93.036222611">
        <ele>1542.17</ele>
        <time>2025-09-07T06:02:36.000Z</time>
      </trkpt>
      <trkpt lat="47.528746845" lon="93.056229819">
        <ele>1550</ele>
        <time>2025-09-07T06:17:18.000Z</time>
      </trkpt>
      <trkpt lat="47.532567512" lon="93.102962797">
        <ele>1485.838</ele>
        <time>2025-09-07T07:15:38.000Z</time>
      </trkpt>
      <trkpt lat="47.541687666" lon="93.155806493">
        <ele>1394.924</ele>
        <time>2025-09-07T07:29:09.000Z</time>
      </trkpt>
      <trkpt lat="47.546136279" lon="93.185968261">
        <ele>1360</ele>
        <time>2025-09-07T07:42:13.000Z</time>
      </trkpt>
      <trkpt lat="47.553477064" lon="93.245981354">
        <ele>1293</ele>
        <time>2025-09-07T07:56:28.000Z</time>
      </trkpt>
      <trkpt lat="47.563080126" lon="93.313624403">
        <ele>1225</ele>
        <time>2025-09-07T08:11:11.000Z</time>
      </trkpt>
      <trkpt lat="47.568475432" lon="93.384605125">
        <ele>1167</ele>
        <time>2025-09-07T08:24:00.000Z</time>
      </trkpt>
      <trkpt lat="47.562272894" lon="93.461707153">
        <ele>1141.854</ele>
        <time>2025-09-07T08:38:53.000Z</time>
      </trkpt>
      <trkpt lat="47.565343157" lon="93.495981256">
        <ele>1139.828</ele>
        <time>2025-09-07T08:52:57.000Z</time>
      </trkpt>
      <trkpt lat="47.571917125" lon="93.528343449">
        <ele>1146.131</ele>
        <time>2025-09-07T09:06:27.000Z</time>
      </trkpt>
      <trkpt lat="47.57800159" lon="93.543178411">
        <ele>1148.551</ele>
        <time>2025-09-07T09:22:29.000Z</time>
      </trkpt>
      <trkpt lat="47.606122174" lon="93.58799053">
        <ele>1142</ele>
        <time>2025-09-07T09:36:43.000Z</time>
      </trkpt>
      <trkpt lat="47.635824191" lon="93.609786294">
        <ele>1140.967</ele>
        <time>2025-09-07T09:49:27.000Z</time>
      </trkpt>
      <trkpt lat="47.663768535" lon="93.621275537">
        <ele>1134.152</ele>
        <time>2025-09-07T10:03:22.000Z</time>
      </trkpt>
      <trkpt lat="47.649207618" lon="93.617547685">
        <ele>1135.533</ele>
        <time>2025-09-07T10:18:06.000Z</time>
      </trkpt>
      <trkpt lat="47.418403499" lon="94.122988412">
        <ele>1356</ele>
        <time>2025-09-10T05:06:00.000Z</time>
      </trkpt>
      <trkpt lat="47.416370877" lon="94.144572221">
        <ele>1313.13</ele>
        <time>2025-09-10T06:24:03.000Z</time>
      </trkpt>
      <trkpt lat="47.419138499" lon="94.156488582">
        <ele>1305.605</ele>
        <time>2025-09-10T06:38:12.000Z</time>
      </trkpt>
      <trkpt lat="47.418795371" lon="94.156898853">
        <ele>1302.546</ele>
        <time>2025-09-10T14:05:49.000Z</time>
      </trkpt>
      <trkpt lat="47.414450495" lon="94.178077028">
        <ele>1273.022</ele>
        <time>2025-09-11T00:49:33.000Z</time>
      </trkpt>
      <trkpt lat="47.393705123" lon="94.222999709">
        <ele>1276.662</ele>
        <time>2025-09-11T01:04:53.000Z</time>
      </trkpt>
      <trkpt lat="47.375718439" lon="94.256409053">
        <ele>1329.499</ele>
        <time>2025-09-11T01:19:39.000Z</time>
      </trkpt>
      <trkpt lat="47.365109297" lon="94.298475897">
        <ele>1334.405</ele>
        <time>2025-09-11T01:34:23.000Z</time>
      </trkpt>
      <trkpt lat="47.357326783" lon="94.351625629">
        <ele>1336.148</ele>
        <time>2025-09-11T01:46:43.000Z</time>
      </trkpt>
      <trkpt lat="47.352077512" lon="94.411457096">
        <ele>1333.158</ele>
        <time>2025-09-11T02:01:52.000Z</time>
      </trkpt>
      <trkpt lat="47.34896726" lon="94.455725262">
        <ele>1363.893</ele>
        <time>2025-09-11T02:16:23.000Z</time>
      </trkpt>
      <trkpt lat="47.351823016" lon="94.509328371">
        <ele>1432.202</ele>
        <time>2025-09-11T02:30:03.000Z</time>
      </trkpt>
      <trkpt lat="47.356280614" lon="94.522935299">
        <ele>1446</ele>
        <time>2025-09-11T02:36:18.000Z</time>
      </trkpt>
      <trkpt lat="47.345710277" lon="94.551966591">
        <ele>1464.637</ele>
        <time>2025-09-11T03:05:44.000Z</time>
      </trkpt>
      <trkpt lat="47.341742814" lon="94.600913571">
        <ele>1480.852</ele>
        <time>2025-09-11T03:17:22.000Z</time>
      </trkpt>
      <trkpt lat="47.341729486" lon="94.661571309">
        <ele>1543.343</ele>
        <time>2025-09-11T03:33:53.000Z</time>
      </trkpt>
      <trkpt lat="47.336084902" lon="94.716414666">
        <ele>1576.264</ele>
        <time>2025-09-11T03:48:39.000Z</time>
      </trkpt>
      <trkpt lat="47.343103196" lon="94.757982616">
        <ele>1640.217</ele>
        <time>2025-09-11T04:02:10.000Z</time>
      </trkpt>
      <trkpt lat="47.343325016" lon="94.810018764">
        <ele>1558.962</ele>
        <time>2025-09-11T05:31:40.000Z</time>
      </trkpt>
      <trkpt lat="47.335408023" lon="94.840559894">
        <ele>1537</ele>
        <time>2025-09-11T05:46:23.000Z</time>
      </trkpt>
      <trkpt lat="47.318613245" lon="94.890994057">
        <ele>1567.989</ele>
        <time>2025-09-11T06:01:08.000Z</time>
      </trkpt>
      <trkpt lat="47.308817357" lon="94.937121095">
        <ele>1539.2</ele>
        <time>2025-09-11T06:11:18.000Z</time>
      </trkpt>
      <trkpt lat="47.305595437" lon="94.999339627">
        <ele>1495.054</ele>
        <time>2025-09-11T06:28:44.000Z</time>
      </trkpt>
      <trkpt lat="47.30996745" lon="95.069460714">
        <ele>1483.11</ele>
        <time>2025-09-11T06:43:31.000Z</time>
      </trkpt>
      <trkpt lat="47.306797109" lon="95.107475063">
        <ele>1485.061</ele>
        <time>2025-09-11T06:58:14.000Z</time>
      </trkpt>
      <trkpt lat="47.299356074" lon="95.151911806">
        <ele>1489.799</ele>
        <time>2025-09-11T07:11:06.000Z</time>
      </trkpt>
      <trkpt lat="47.289852714" lon="95.208434751">
        <ele>1556.06</ele>
        <time>2025-09-11T07:24:34.000Z</time>
      </trkpt>
      <trkpt lat="47.281884165" lon="95.275516715">
        <ele>1654.83</ele>
        <time>2025-09-11T07:36:02.000Z</time>
      </trkpt>
      <trkpt lat="47.27177983" lon="95.332036598">
        <ele>1798.989</ele>
        <time>2025-09-11T07:52:37.000Z</time>
      </trkpt>
      <trkpt lat="47.25785417" lon="95.367490249">
        <ele>1744.585</ele>
        <time>2025-09-11T08:05:20.000Z</time>
      </trkpt>
      <trkpt lat="47.265589745" lon="95.410492597">
        <ele>1647.246</ele>
        <time>2025-09-11T08:20:44.000Z</time>
      </trkpt>
      <trkpt lat="47.266824315" lon="95.448986907">
        <ele>1596.08</ele>
        <time>2025-09-11T08:34:37.000Z</time>
      </trkpt>
      <trkpt lat="47.263756363" lon="95.516970138">
        <ele>1495.382</ele>
        <time>2025-09-11T08:49:23.000Z</time>
      </trkpt>
      <trkpt lat="47.277822657" lon="95.604614561">
        <ele>1449.416</ele>
        <time>2025-09-11T09:03:49.000Z</time>
      </trkpt>
      <trkpt lat="47.283309843" lon="95.67001191">
        <ele>1521.124</ele>
        <time>2025-09-11T09:19:48.000Z</time>
      </trkpt>
      <trkpt lat="47.282850797" lon="95.679116506">
        <ele>1482.569</ele>
        <time>2025-09-12T02:21:23.000Z</time>
      </trkpt>
      <trkpt lat="47.28842629" lon="95.70337897">
        <ele>1429.28</ele>
        <time>2025-09-12T02:27:24.000Z</time>
      </trkpt>
      <trkpt lat="47.28950802" lon="95.71644526">
        <ele>1441.844</ele>
        <time>2025-09-12T02:32:30.000Z</time>
      </trkpt>
      <trkpt lat="47.291049871" lon="95.724734331">
        <ele>1435.01</ele>
        <time>2025-09-12T02:37:36.000Z</time>
      </trkpt>
      <trkpt lat="47.294761365" lon="95.739273167">
        <ele>1444.53</ele>
        <time>2025-09-12T02:42:52.000Z</time>
      </trkpt>
      <trkpt lat="47.296355051" lon="95.748882244">
        <ele>1466.976</ele>
        <time>2025-09-12T02:47:53.000Z</time>
      </trkpt>
      <trkpt lat="47.303988403" lon="95.763904805">
        <ele>1473.642</ele>
        <time>2025-09-12T02:53:24.000Z</time>
      </trkpt>
      <trkpt lat="47.308174674" lon="95.768508408">
        <ele>1465.201</ele>
        <time>2025-09-12T02:58:24.000Z</time>
      </trkpt>
      <trkpt lat="47.310681827" lon="95.774019677">
        <ele>1462.117</ele>
        <time>2025-09-12T03:09:54.000Z</time>
      </trkpt>
      <trkpt lat="47.317529014" lon="95.780924505">
        <ele>1463</ele>
        <time>2025-09-12T03:15:24.000Z</time>
      </trkpt>
      <trkpt lat="47.323207031" lon="95.793757551">
        <ele>1461.742</ele>
        <time>2025-09-12T03:20:26.000Z</time>
      </trkpt>
      <trkpt lat="47.330508842" lon="95.803918261">
        <ele>1462.337</ele>
        <time>2025-09-12T03:25:27.000Z</time>
      </trkpt>
      <trkpt lat="47.334021593" lon="95.808266434">
        <ele>1462.763</ele>
        <time>2025-09-12T03:31:50.000Z</time>
      </trkpt>
      <trkpt lat="47.341959533" lon="95.817381563">
        <ele>1464.946</ele>
        <time>2025-09-12T03:37:23.000Z</time>
      </trkpt>
      <trkpt lat="47.346444349" lon="95.81812785">
        <ele>1461.8</ele>
        <time>2025-09-12T03:53:08.000Z</time>
      </trkpt>
      <trkpt lat="47.352635893" lon="95.84600606">
        <ele>1461.022</ele>
        <time>2025-09-12T04:07:45.000Z</time>
      </trkpt>
      <trkpt lat="47.359255836" lon="95.917946175">
        <ele>1463.195</ele>
        <time>2025-09-12T04:48:51.000Z</time>
      </trkpt>
      <trkpt lat="47.354056207" lon="95.92748763">
        <ele>1466.991</ele>
        <time>2025-09-12T05:03:23.000Z</time>
      </trkpt>
      <trkpt lat="47.351073464" lon="95.943363458">
        <ele>1470.012</ele>
        <time>2025-09-12T05:17:49.000Z</time>
      </trkpt>
      <trkpt lat="47.358095879" lon="95.91711528">
        <ele>1464</ele>
        <time>2025-09-12T05:32:14.000Z</time>
      </trkpt>
      <trkpt lat="47.367531667" lon="95.919631021">
        <ele>1466</ele>
        <time>2025-09-12T05:45:54.000Z</time>
      </trkpt>
      <trkpt lat="47.403291226" lon="95.906466285">
        <ele>1465.169</ele>
        <time>2025-09-12T05:58:28.000Z</time>
      </trkpt>
      <trkpt lat="47.405999268" lon="95.900209392">
        <ele>1454.754</ele>
        <time>2025-09-12T06:12:26.000Z</time>
      </trkpt>
      <trkpt lat="47.412390187" lon="95.906969989">
        <ele>1461.092</ele>
        <time>2025-09-12T07:43:28.000Z</time>
      </trkpt>
      <trkpt lat="47.446230445" lon="95.904975599">
        <ele>1456.962</ele>
        <time>2025-09-12T07:56:26.000Z</time>
      </trkpt>
      <trkpt lat="47.412114171" lon="95.907225218">
        <ele>1462.011</ele>
        <time>2025-09-12T08:11:39.000Z</time>
      </trkpt>
      <trkpt lat="47.40640203" lon="95.900088279">
        <ele>1455.03</ele>
        <time>2025-09-12T08:26:24.000Z</time>
      </trkpt>
      <trkpt lat="47.42850357" lon="95.91386848">
        <ele>1461.073</ele>
        <time>2025-09-14T02:02:53.000Z</time>
      </trkpt>
      <trkpt lat="47.460440644" lon="95.91471398">
        <ele>1469.557</ele>
        <time>2025-09-14T02:09:29.000Z</time>
      </trkpt>
      <trkpt lat="47.473578093" lon="95.930523684">
        <ele>1466.128</ele>
        <time>2025-09-14T02:14:29.000Z</time>
      </trkpt>
      <trkpt lat="47.478700851" lon="95.952935043">
        <ele>1491.09</ele>
        <time>2025-09-14T02:19:29.000Z</time>
      </trkpt>
      <trkpt lat="47.478297309" lon="95.9635406">
        <ele>1503</ele>
        <time>2025-09-14T02:24:30.000Z</time>
      </trkpt>
      <trkpt lat="47.484410041" lon="95.98714854">
        <ele>1549.179</ele>
        <time>2025-09-14T02:29:30.000Z</time>
      </trkpt>
      <trkpt lat="47.483520086" lon="96.005813846">
        <ele>1583.545</ele>
        <time>2025-09-14T02:34:30.000Z</time>
      </trkpt>
      <trkpt lat="47.482084688" lon="96.015947558">
        <ele>1596.288</ele>
        <time>2025-09-14T02:40:18.000Z</time>
      </trkpt>
      <trkpt lat="47.47995431" lon="96.031221896">
        <ele>1585.066</ele>
        <time>2025-09-14T02:45:19.000Z</time>
      </trkpt>
      <trkpt lat="47.476568847" lon="96.066426777">
        <ele>1528.296</ele>
        <time>2025-09-14T02:50:19.000Z</time>
      </trkpt>
      <trkpt lat="47.477350625" lon="96.098233412">
        <ele>1521.296</ele>
        <time>2025-09-14T02:55:20.000Z</time>
      </trkpt>
      <trkpt lat="47.487849239" lon="96.128509986">
        <ele>1526.472</ele>
        <time>2025-09-14T03:00:57.000Z</time>
      </trkpt>
      <trkpt lat="47.502335133" lon="96.154232696">
        <ele>1531.356</ele>
        <time>2025-09-14T03:06:32.000Z</time>
      </trkpt>
      <trkpt lat="47.508242722" lon="96.187843387">
        <ele>1534.326</ele>
        <time>2025-09-14T03:11:55.000Z</time>
      </trkpt>
      <trkpt lat="47.513961779" lon="96.21707752">
        <ele>1539</ele>
        <time>2025-09-14T03:18:03.000Z</time>
      </trkpt>
      <trkpt lat="47.530098199" lon="96.236405427">
        <ele>1542.728</ele>
        <time>2025-09-14T03:23:20.000Z</time>
      </trkpt>
      <trkpt lat="47.543578819" lon="96.257439584">
        <ele>1552.985</ele>
        <time>2025-09-14T03:29:23.000Z</time>
      </trkpt>
      <trkpt lat="47.54959004" lon="96.282589557">
        <ele>1558.693</ele>
        <time>2025-09-14T03:34:40.000Z</time>
      </trkpt>
      <trkpt lat="47.560710688" lon="96.310814191">
        <ele>1563.147</ele>
        <time>2025-09-14T03:39:41.000Z</time>
      </trkpt>
      <trkpt lat="47.567293205" lon="96.32925351">
        <ele>1587.119</ele>
        <time>2025-09-14T03:45:52.000Z</time>
      </trkpt>
      <trkpt lat="47.572315685" lon="96.342895171">
        <ele>1596.914</ele>
        <time>2025-09-14T03:50:53.000Z</time>
      </trkpt>
      <trkpt lat="47.584756315" lon="96.373933191">
        <ele>1623.329</ele>
        <time>2025-09-14T03:56:02.000Z</time>
      </trkpt>
      <trkpt lat="47.595001431" lon="96.398468195">
        <ele>1661.509</ele>
        <time>2025-09-14T04:01:03.000Z</time>
      </trkpt>
      <trkpt lat="47.601454868" lon="96.445763754">
        <ele>1677.475</ele>
        <time>2025-09-14T04:06:30.000Z</time>
      </trkpt>
      <trkpt lat="47.599684129" lon="96.480158138">
        <ele>1652.589</ele>
        <time>2025-09-14T04:11:32.000Z</time>
      </trkpt>
      <trkpt lat="47.602868392" lon="96.496251477">
        <ele>1631.147</ele>
        <time>2025-09-14T04:17:34.000Z</time>
      </trkpt>
      <trkpt lat="47.61477628" lon="96.515554932">
        <ele>1637.002</ele>
        <time>2025-09-14T04:22:45.000Z</time>
      </trkpt>
      <trkpt lat="47.621733425" lon="96.522443838">
        <ele>1631.404</ele>
        <time>2025-09-14T04:27:54.000Z</time>
      </trkpt>
      <trkpt lat="47.63206074" lon="96.530524605">
        <ele>1647.53</ele>
        <time>2025-09-14T04:32:55.000Z</time>
      </trkpt>
      <trkpt lat="47.644201198" lon="96.540474158">
        <ele>1646.417</ele>
        <time>2025-09-14T04:38:32.000Z</time>
      </trkpt>
      <trkpt lat="47.648721779" lon="96.541127019">
        <ele>1662.23</ele>
        <time>2025-09-14T05:05:24.000Z</time>
      </trkpt>
      <trkpt lat="47.688830429" lon="96.586973956">
        <ele>1684.473</ele>
        <time>2025-09-14T05:10:24.000Z</time>
      </trkpt>
      <trkpt lat="47.720590084" lon="96.690933233">
        <ele>1708.981</ele>
        <time>2025-09-14T05:18:10.000Z</time>
      </trkpt>
      <trkpt lat="47.738848594" lon="96.750627905">
        <ele>1728.895</ele>
        <time>2025-09-14T05:23:13.000Z</time>
      </trkpt>
      <trkpt lat="47.748865069" lon="96.806833035">
        <ele>1764.596</ele>
        <time>2025-09-14T05:28:14.000Z</time>
      </trkpt>
      <trkpt lat="47.751239645" lon="96.819813643">
        <ele>1768.773</ele>
        <time>2025-09-14T05:40:23.000Z</time>
      </trkpt>
      <trkpt lat="47.742482205" lon="96.838431381">
        <ele>1754.977</ele>
        <time>2025-09-14T05:46:36.000Z</time>
      </trkpt>
      <trkpt lat="47.740747807" lon="96.847701127">
        <ele>1760.584</ele>
        <time>2025-09-14T07:16:22.000Z</time>
      </trkpt>
      <trkpt lat="47.744715185" lon="96.852343626">
        <ele>1764.036</ele>
        <time>2025-09-14T07:47:13.000Z</time>
      </trkpt>
      <trkpt lat="47.769655946" lon="96.883191045">
        <ele>1788.664</ele>
        <time>2025-09-14T07:55:43.000Z</time>
      </trkpt>
      <trkpt lat="47.880040747" lon="96.934586624">
        <ele>1904.218</ele>
        <time>2025-09-14T08:09:52.000Z</time>
      </trkpt>
      <trkpt lat="48.004073007" lon="97.103215428">
        <ele>2223.487</ele>
        <time>2025-09-14T08:25:00.000Z</time>
      </trkpt>
      <trkpt lat="48.109155837" lon="97.177340537">
        <ele>2255.661</ele>
        <time>2025-09-14T08:38:36.000Z</time>
      </trkpt>
      <trkpt lat="48.257573191" lon="97.241147943">
        <ele>1988.492</ele>
        <time>2025-09-14T08:52:19.000Z</time>
      </trkpt>
      <trkpt lat="48.409034363" lon="97.367749254">
        <ele>1874.049</ele>
        <time>2025-09-14T09:07:27.000Z</time>
      </trkpt>
      <trkpt lat="48.532484234" lon="97.469685814">
        <ele>1828.894</ele>
        <time>2025-09-14T09:19:57.000Z</time>
      </trkpt>
      <trkpt lat="48.617606728" lon="97.583029044">
        <ele>1805.384</ele>
        <time>2025-09-14T09:35:05.000Z</time>
      </trkpt>
      <trkpt lat="48.649525652" lon="97.571560387">
        <ele>1827.249</ele>
        <time>2025-09-14T09:50:13.000Z</time>
      </trkpt>
      <trkpt lat="48.639499554" lon="97.547373651">
        <ele>1883.329</ele>
        <time>2025-09-14T10:04:26.000Z</time>
      </trkpt>
      <trkpt lat="48.651034688" lon="97.58264713">
        <ele>1813.275</ele>
        <time>2025-09-15T02:06:05.000Z</time>
      </trkpt>
      <trkpt lat="48.641904509" lon="97.612290109">
        <ele>1803.957</ele>
        <time>2025-09-15T02:17:15.000Z</time>
      </trkpt>
      <trkpt lat="48.704181695" lon="97.715668604">
        <ele>1778.054</ele>
        <time>2025-09-15T02:51:34.000Z</time>
      </trkpt>
      <trkpt lat="48.794538151" lon="97.926221425">
        <ele>1784.998</ele>
        <time>2025-09-15T03:06:48.000Z</time>
      </trkpt>
      <trkpt lat="48.818155043" lon="98.147518337">
        <ele>1917.047</ele>
        <time>2025-09-15T03:20:18.000Z</time>
      </trkpt>
      <trkpt lat="48.756556646" lon="98.27444667">
        <ele>1714.992</ele>
        <time>2025-09-15T03:34:35.000Z</time>
      </trkpt>
      <trkpt lat="48.759102816" lon="98.286345657">
        <ele>1724.844</ele>
        <time>2025-09-15T03:40:44.000Z</time>
      </trkpt>
      <trkpt lat="48.730071973" lon="98.424400108">
        <ele>1696.036</ele>
        <time>2025-09-15T03:51:04.000Z</time>
      </trkpt>
      <trkpt lat="48.715132736" lon="98.670940613">
        <ele>1657.049</ele>
        <time>2025-09-15T04:06:15.000Z</time>
      </trkpt>
      <trkpt lat="48.715922269" lon="98.799776333">
        <ele>1640.195</ele>
        <time>2025-09-15T04:19:38.000Z</time>
      </trkpt>
      <trkpt lat="48.711418526" lon="98.802648468">
        <ele>1634.371</ele>
        <time>2025-09-15T05:58:45.000Z</time>
      </trkpt>
      <trkpt lat="48.698045967" lon="98.848633191">
        <ele>1631.828</ele>
        <time>2025-09-15T06:17:04.000Z</time>
      </trkpt>
      <trkpt lat="48.661631619" lon="98.952869927">
        <ele>1609.431</ele>
        <time>2025-09-15T06:31:31.000Z</time>
      </trkpt>
      <trkpt lat="48.582073297" lon="98.954075599">
        <ele>1697.792</ele>
        <time>2025-09-15T06:44:50.000Z</time>
      </trkpt>
      <trkpt lat="48.454981428" lon="98.895491716">
        <ele>1883.23</ele>
        <time>2025-09-15T06:58:43.000Z</time>
      </trkpt>
      <trkpt lat="48.315541618" lon="98.914597668">
        <ele>2248.744</ele>
        <time>2025-09-15T07:12:54.000Z</time>
      </trkpt>
      <trkpt lat="48.29320705" lon="98.953933613">
        <ele>2527.777</ele>
        <time>2025-09-15T07:26:07.000Z</time>
      </trkpt>
      <trkpt lat="48.263804507" lon="98.987211278">
        <ele>2396.353</ele>
        <time>2025-09-15T07:38:00.000Z</time>
      </trkpt>
      <trkpt lat="48.194721742" lon="99.027838111">
        <ele>2163.002</ele>
        <time>2025-09-15T07:53:08.000Z</time>
      </trkpt>
      <trkpt lat="48.108672139" lon="99.142572711">
        <ele>2116.058</ele>
        <time>2025-09-15T08:07:02.000Z</time>
      </trkpt>
      <trkpt lat="48.107492616" lon="99.187653512">
        <ele>2110.553</ele>
        <time>2025-09-15T08:21:56.000Z</time>
      </trkpt>
      <trkpt lat="48.106184536" lon="99.189251914">
        <ele>2109.062</ele>
        <time>2025-09-16T01:54:07.000Z</time>
      </trkpt>
      <trkpt lat="48.100857292" lon="99.190964447">
        <ele>2108.142</ele>
        <time>2025-09-17T00:42:22.000Z</time>
      </trkpt>
      <trkpt lat="48.075553704" lon="99.291825422">
        <ele>2093.134</ele>
        <time>2025-09-17T00:56:52.000Z</time>
      </trkpt>
      <trkpt lat="48.073070739" lon="99.414143516">
        <ele>2075.941</ele>
        <time>2025-09-17T01:08:02.000Z</time>
      </trkpt>
      <trkpt lat="48.102127524" lon="99.594285109">
        <ele>2057.562</ele>
        <time>2025-09-17T01:23:11.000Z</time>
      </trkpt>
      <trkpt lat="48.143984059" lon="99.751962516">
        <ele>2071.125</ele>
        <time>2025-09-17T01:37:06.000Z</time>
      </trkpt>
      <trkpt lat="48.162810887" lon="99.889204467">
        <ele>2046.136</ele>
        <time>2025-09-17T01:52:14.000Z</time>
      </trkpt>
      <trkpt lat="48.190431634" lon="99.858880746">
        <ele>2097.954</ele>
        <time>2025-09-17T02:06:57.000Z</time>
      </trkpt>
      <trkpt lat="48.192773416" lon="99.851789365">
        <ele>2087.871</ele>
        <time>2025-09-17T02:24:23.000Z</time>
      </trkpt>
      <trkpt lat="48.171270392" lon="99.882437345">
        <ele>2041.598</ele>
        <time>2025-09-17T05:17:40.000Z</time>
      </trkpt>
      <trkpt lat="48.159242039" lon="99.889028673">
        <ele>2054.36</ele>
        <time>2025-09-17T05:26:44.000Z</time>
      </trkpt>
      <trkpt lat="48.153541995" lon="99.878085418">
        <ele>2053.885</ele>
        <time>2025-09-17T05:32:30.000Z</time>
      </trkpt>
      <trkpt lat="48.157061921" lon="99.883091341">
        <ele>2063.349</ele>
        <time>2025-09-17T05:49:35.000Z</time>
      </trkpt>
      <trkpt lat="48.151256251" lon="99.909082912">
        <ele>2060.477</ele>
        <time>2025-09-17T06:01:53.000Z</time>
      </trkpt>
      <trkpt lat="48.147871052" lon="100.037925085">
        <ele>2053.016</ele>
        <time>2025-09-17T07:09:52.000Z</time>
      </trkpt>
      <trkpt lat="48.151310837" lon="100.234629608">
        <ele>1930.521</ele>
        <time>2025-09-17T07:24:07.000Z</time>
      </trkpt>
      <trkpt lat="48.147179435" lon="100.272605786">
        <ele>1911.059</ele>
        <time>2025-09-17T07:29:12.000Z</time>
      </trkpt>
      <trkpt lat="48.156724814" lon="100.282023037">
        <ele>1891.567</ele>
        <time>2025-09-17T07:52:32.000Z</time>
      </trkpt>
      <trkpt lat="48.139573848" lon="100.273864176">
        <ele>1897.225</ele>
        <time>2025-09-18T01:11:29.000Z</time>
      </trkpt>
      <trkpt lat="48.109311489" lon="100.291497773">
        <ele>1872.726</ele>
        <time>2025-09-18T01:26:13.000Z</time>
      </trkpt>
      <trkpt lat="48.093335754" lon="100.322573051">
        <ele>1856.995</ele>
        <time>2025-09-18T01:40:39.000Z</time>
      </trkpt>
      <trkpt lat="48.028168732" lon="100.41337667">
        <ele>1876.156</ele>
        <time>2025-09-18T01:52:23.000Z</time>
      </trkpt>
      <trkpt lat="47.978959502" lon="100.504975502">
        <ele>1986.834</ele>
        <time>2025-09-18T02:03:37.000Z</time>
      </trkpt>
      <trkpt lat="47.955578057" lon="100.581351977">
        <ele>2022.081</ele>
        <time>2025-09-18T02:18:45.000Z</time>
      </trkpt>
      <trkpt lat="47.888011945" lon="100.698481524">
        <ele>1945.759</ele>
        <time>2025-09-18T03:32:09.000Z</time>
      </trkpt>
      <trkpt lat="47.83084522" lon="100.897950931">
        <ele>1784.318</ele>
        <time>2025-09-18T03:46:52.000Z</time>
      </trkpt>
      <trkpt lat="47.744950703" lon="100.968314661">
        <ele>1907.3</ele>
        <time>2025-09-18T04:01:37.000Z</time>
      </trkpt>
      <trkpt lat="47.640427197" lon="101.061041895">
        <ele>1792.653</ele>
        <time>2025-09-18T04:16:22.000Z</time>
      </trkpt>
      <trkpt lat="47.586924336" lon="101.209946405">
        <ele>1616.072</ele>
        <time>2025-09-18T04:30:46.000Z</time>
      </trkpt>
      <trkpt lat="47.526856924" lon="101.394240288">
        <ele>1715.95</ele>
        <time>2025-09-18T04:45:54.000Z</time>
      </trkpt>
      <trkpt lat="47.499830076" lon="101.418499807">
        <ele>1956.507</ele>
        <time>2025-09-18T04:59:23.000Z</time>
      </trkpt>
      <trkpt lat="47.478466658" lon="101.429219507">
        <ele>1772.319</ele>
        <time>2025-09-18T05:08:17.000Z</time>
      </trkpt>
      <trkpt lat="47.467723445" lon="101.483641116">
        <ele>1676.11</ele>
        <time>2025-09-18T05:19:41.000Z</time>
      </trkpt>
      <trkpt lat="47.467234614" lon="101.55138189">
        <ele>1675.981</ele>
        <time>2025-09-18T05:37:05.000Z</time>
      </trkpt>
      <trkpt lat="47.450869787" lon="101.75213702">
        <ele>1575.602</ele>
        <time>2025-09-18T06:19:43.000Z</time>
      </trkpt>
      <trkpt lat="47.446399466" lon="101.932871305">
        <ele>1550.987</ele>
        <time>2025-09-18T06:32:40.000Z</time>
      </trkpt>
      <trkpt lat="47.40624642" lon="102.157817613">
        <ele>1581.261</ele>
        <time>2025-09-18T06:47:47.000Z</time>
      </trkpt>
      <trkpt lat="47.397612487" lon="102.336248807">
        <ele>1572.7</ele>
        <time>2025-09-18T07:02:34.000Z</time>
      </trkpt>
      <trkpt lat="47.368847793" lon="102.490216401">
        <ele>1450</ele>
        <time>2025-09-18T07:16:01.000Z</time>
      </trkpt>
      <trkpt lat="47.335082721" lon="102.61736786">
        <ele>1450.156</ele>
        <time>2025-09-18T07:28:03.000Z</time>
      </trkpt>
      <trkpt lat="47.255598516" lon="102.758024326">
        <ele>1484.708</ele>
        <time>2025-09-18T07:44:21.000Z</time>
      </trkpt>
      <trkpt lat="47.257258593" lon="102.783278417">
        <ele>1449.329</ele>
        <time>2025-09-18T07:59:07.000Z</time>
      </trkpt>
      <trkpt lat="47.227439848" lon="102.785660969">
        <ele>1481.136</ele>
        <time>2025-09-19T01:39:12.000Z</time>
      </trkpt>
      <trkpt lat="47.191758086" lon="102.835569754">
        <ele>1484.307</ele>
        <time>2025-09-19T01:50:35.000Z</time>
      </trkpt>
      <trkpt lat="47.199318469" lon="102.843325779">
        <ele>1464.546</ele>
        <time>2025-09-19T02:01:54.000Z</time>
      </trkpt>
      <trkpt lat="47.128058786" lon="102.956567389">
        <ele>1523.334</ele>
        <time>2025-09-19T04:02:29.000Z</time>
      </trkpt>
      <trkpt lat="47.155929892" lon="102.993454132">
        <ele>1485.565</ele>
        <time>2025-09-19T04:19:21.000Z</time>
      </trkpt>
      <trkpt lat="47.247814662" lon="103.1366794">
        <ele>1460.82</ele>
        <time>2025-09-19T04:34:29.000Z</time>
      </trkpt>
      <trkpt lat="47.319858942" lon="103.317936429">
        <ele>1392.71</ele>
        <time>2025-09-19T04:48:10.000Z</time>
      </trkpt>
      <trkpt lat="47.333901003" lon="103.540329577">
        <ele>1269.064</ele>
        <time>2025-09-19T05:01:31.000Z</time>
      </trkpt>
      <trkpt lat="47.343224525" lon="103.736270713">
        <ele>1271.575</ele>
        <time>2025-09-19T05:17:24.000Z</time>
      </trkpt>
      <trkpt lat="47.367945544" lon="103.934559282">
        <ele>1372</ele>
        <time>2025-09-19T06:14:40.000Z</time>
      </trkpt>
      <trkpt lat="47.35803497" lon="104.126659865">
        <ele>1275.146</ele>
        <time>2025-09-19T06:29:14.000Z</time>
      </trkpt>
      <trkpt lat="47.350090938" lon="104.338418674">
        <ele>1281.307</ele>
        <time>2025-09-19T06:45:28.000Z</time>
      </trkpt>
      <trkpt lat="47.356123561" lon="104.330526022">
        <ele>1300.102</ele>
        <time>2025-09-19T07:00:20.000Z</time>
      </trkpt>
      <trkpt lat="47.35368072" lon="104.327742057">
        <ele>1284</ele>
        <time>2025-09-20T02:22:10.000Z</time>
      </trkpt>
      <trkpt lat="47.338581239" lon="104.476820409">
        <ele>1360.769</ele>
        <time>2025-09-20T02:27:36.000Z</time>
      </trkpt>
      <trkpt lat="47.380974772" lon="104.505978366">
        <ele>1336.987</ele>
        <time>2025-09-20T02:40:29.000Z</time>
      </trkpt>
      <trkpt lat="47.518495207" lon="104.610827052">
        <ele>1232.547</ele>
        <time>2025-09-20T02:54:35.000Z</time>
      </trkpt>
      <trkpt lat="47.595307916" lon="104.780703373">
        <ele>1195.108</ele>
        <time>2025-09-20T03:07:42.000Z</time>
      </trkpt>
      <trkpt lat="47.667180556" lon="104.948504273">
        <ele>1144</ele>
        <time>2025-09-20T03:22:36.000Z</time>
      </trkpt>
      <trkpt lat="47.755013973" lon="105.091873396">
        <ele>1115</ele>
        <time>2025-09-20T03:36:07.000Z</time>
      </trkpt>
      <trkpt lat="47.8558665" lon="105.18438438">
        <ele>1011.881</ele>
        <time>2025-09-20T03:49:08.000Z</time>
      </trkpt>
      <trkpt lat="47.886095792" lon="105.326914284">
        <ele>1043.109</ele>
        <time>2025-09-20T04:11:56.000Z</time>
      </trkpt>
      <trkpt lat="47.893082318" lon="105.500238377">
        <ele>1043.904</ele>
        <time>2025-09-20T04:25:09.000Z</time>
      </trkpt>
      <trkpt lat="47.907099554" lon="105.669374238">
        <ele>1091.394</ele>
        <time>2025-09-20T04:38:46.000Z</time>
      </trkpt>
      <trkpt lat="47.874328646" lon="105.867107863">
        <ele>1190.828</ele>
        <time>2025-09-20T04:54:42.000Z</time>
      </trkpt>
      <trkpt lat="47.862283266" lon="105.87293719">
        <ele>1200.654</ele>
        <time>2025-09-20T05:09:25.000Z</time>
      </trkpt>
      <trkpt lat="47.82463123" lon="105.873894865">
        <ele>1241.352</ele>
        <time>2025-09-20T05:23:21.000Z</time>
      </trkpt>
      <trkpt lat="47.786750668" lon="105.873180097">
        <ele>1314.146</ele>
        <time>2025-09-20T05:38:04.000Z</time>
      </trkpt>
      <trkpt lat="47.763781739" lon="105.877800454">
        <ele>1338.646</ele>
        <time>2025-09-20T05:51:21.000Z</time>
      </trkpt>
      <trkpt lat="47.791344454" lon="105.875584446">
        <ele>1308.351</ele>
        <time>2025-09-20T06:06:29.000Z</time>
      </trkpt>
      <trkpt lat="47.80094014" lon="105.891604778">
        <ele>1297.145</ele>
        <time>2025-09-20T06:19:59.000Z</time>
      </trkpt>
      <trkpt lat="47.801026399" lon="105.891214513">
        <ele>1295.479</ele>
        <time>2025-09-20T06:20:02.000Z</time>
      </trkpt>
      <trkpt lat="47.80161039" lon="105.889763441">
        <ele>1290.257</ele>
        <time>2025-09-20T14:43:47.000Z</time>
      </trkpt>
      <trkpt lat="47.842994621" lon="105.871563731">
        <ele>1225.629</ele>
        <time>2025-09-21T05:13:57.000Z</time>
      </trkpt>
      <trkpt lat="47.875205839" lon="105.869104759">
        <ele>1191.201</ele>
        <time>2025-09-21T05:27:36.000Z</time>
      </trkpt>
      <trkpt lat="47.898497111" lon="106.013622405">
        <ele>1360.976</ele>
        <time>2025-09-21T05:58:02.000Z</time>
      </trkpt>
      <trkpt lat="47.908980987" lon="106.079566852">
        <ele>1282.668</ele>
        <time>2025-09-21T06:03:04.000Z</time>
      </trkpt>
      <trkpt lat="47.916009269" lon="106.257742751">
        <ele>1349.446</ele>
        <time>2025-09-21T06:14:49.000Z</time>
      </trkpt>
      <trkpt lat="47.899784655" lon="106.437308667">
        <ele>1396.775</ele>
        <time>2025-09-21T06:29:02.000Z</time>
      </trkpt>
      <trkpt lat="47.910353642" lon="106.550824722">
        <ele>1431.935</ele>
        <time>2025-09-21T06:39:45.000Z</time>
      </trkpt>
      <trkpt lat="47.877176487" lon="106.609721564">
        <ele>1377.165</ele>
        <time>2025-09-21T06:47:47.000Z</time>
      </trkpt>
      <trkpt lat="47.902229335" lon="106.739990398">
        <ele>1255.026</ele>
        <time>2025-09-21T07:02:23.000Z</time>
      </trkpt>
      <trkpt lat="47.906803876" lon="106.777757984">
        <ele>1264.565</ele>
        <time>2025-09-21T07:07:21.000Z</time>
      </trkpt>
      <trkpt lat="47.90743704" lon="106.787419925">
        <ele>1265.773</ele>
        <time>2025-09-21T07:18:24.000Z</time>
      </trkpt>
      <trkpt lat="47.909596385" lon="106.803579815">
        <ele>1268.113</ele>
        <time>2025-09-21T07:33:00.000Z</time>
      </trkpt>
      <trkpt lat="47.910223687" lon="106.819562595">
        <ele>1270.888</ele>
        <time>2025-09-21T07:44:16.000Z</time>
      </trkpt>
      <trkpt lat="47.912315921" lon="106.847722429">
        <ele>1280.282</ele>
        <time>2025-09-21T07:55:53.000Z</time>
      </trkpt>
      <trkpt lat="47.913614449" lon="106.869584851">
        <ele>1278</ele>
        <time>2025-09-21T08:02:55.000Z</time>
      </trkpt>
      <trkpt lat="47.908966722" lon="106.891663042">
        <ele>1287.56</ele>
        <time>2025-09-21T08:14:32.000Z</time>
      </trkpt>
      <trkpt lat="47.911160863" lon="106.90724498">
        <ele>1292.358</ele>
        <time>2025-09-21T08:26:21.000Z</time>
      </trkpt>
      <trkpt lat="47.912816066" lon="106.900747739">
        <ele>1293.905</ele>
        <time>2025-09-21T09:32:11.000Z</time>
      </trkpt>
      <trkpt lat="47.914671334" lon="106.91083052">
        <ele>1293.798</ele>
        <time>2025-09-23T02:29:57.000Z</time>
      </trkpt>
      <trkpt lat="47.916758382" lon="106.918675601">
        <ele>1297.34</ele>
        <time>2025-09-23T02:39:17.000Z</time>
      </trkpt>
      <trkpt lat="47.923262564" lon="106.923159015">
        <ele>1304.278</ele>
        <time>2025-09-23T02:56:54.000Z</time>
      </trkpt>
      <trkpt lat="47.917070912" lon="106.916717439">
        <ele>1299.189</ele>
        <time>2025-09-23T04:04:50.000Z</time>
      </trkpt>
      <trkpt lat="47.914047267" lon="106.907633421">
        <ele>1296.66</ele>
        <time>2025-09-23T04:16:39.000Z</time>
      </trkpt>
      <trkpt lat="47.912447787" lon="106.901227049">
        <ele>1294.097</ele>
        <time>2025-09-23T05:42:04.000Z</time>
      </trkpt>
      <trkpt lat="47.915083516" lon="106.898647914">
        <ele>1295</ele>
        <time>2025-09-23T06:26:05.000Z</time>
      </trkpt>
      <trkpt lat="47.916812801" lon="106.91224184">
        <ele>1300.071</ele>
        <time>2025-09-23T07:37:41.000Z</time>
      </trkpt>
      <trkpt lat="47.917725461" lon="106.919710684">
        <ele>1296.812</ele>
        <time>2025-09-23T07:47:48.000Z</time>
      </trkpt>
      <trkpt lat="47.916848394" lon="106.912119118">
        <ele>1300.745</ele>
        <time>2025-09-23T08:48:22.000Z</time>
      </trkpt>
      <trkpt lat="47.913750829" lon="106.906509227">
        <ele>1293.224</ele>
        <time>2025-09-23T08:57:54.000Z</time>
      </trkpt>
      <trkpt lat="47.913760446" lon="106.907005523">
        <ele>1294.714</ele>
        <time>2025-09-23T08:57:58.000Z</time>
      </trkpt>
      <trkpt lat="47.912431619" lon="106.901083507">
        <ele>1294.286</ele>
        <time>2025-09-24T15:44:59.000Z</time>
      </trkpt>
      <trkpt lat="47.912823833" lon="106.898965529">
        <ele>1291.516</ele>
        <time>2025-09-26T03:58:11.000Z</time>
      </trkpt>
      <trkpt lat="47.913703392" lon="106.906537162">
        <ele>1292.842</ele>
        <time>2025-09-26T04:13:19.000Z</time>
      </trkpt>
      <trkpt lat="47.918624837" lon="106.943488414">
        <ele>1301.148</ele>
        <time>2025-09-26T04:28:03.000Z</time>
      </trkpt>
      <trkpt lat="47.910654073" lon="107.004690142">
        <ele>1317.925</ele>
        <time>2025-09-26T04:42:54.000Z</time>
      </trkpt>
      <trkpt lat="47.906361428" lon="107.015596293">
        <ele>1318.033</ele>
        <time>2025-09-26T06:14:42.000Z</time>
      </trkpt>
      <trkpt lat="47.903242876" lon="107.025763872">
        <ele>1311.674</ele>
        <time>2025-09-26T06:26:03.000Z</time>
      </trkpt>
      <trkpt lat="47.880125692" lon="107.097028445">
        <ele>1349.057</ele>
        <time>2025-09-26T08:17:29.000Z</time>
      </trkpt>
      <trkpt lat="47.807010918" lon="107.196893664">
        <ele>1481.196</ele>
        <time>2025-09-26T08:27:09.000Z</time>
      </trkpt>
      <trkpt lat="47.788510558" lon="107.255528777">
        <ele>1435.603</ele>
        <time>2025-09-26T08:33:16.000Z</time>
      </trkpt>
      <trkpt lat="47.780144913" lon="107.347860955">
        <ele>1415.821</ele>
        <time>2025-09-26T08:43:43.000Z</time>
      </trkpt>
      <trkpt lat="47.795902407" lon="107.500445545">
        <ele>1472.003</ele>
        <time>2025-09-26T08:57:51.000Z</time>
      </trkpt>
      <trkpt lat="47.807240708" lon="107.530301713">
        <ele>1505.894</ele>
        <time>2025-09-26T09:10:31.000Z</time>
      </trkpt>
      <trkpt lat="47.806611548" lon="107.531266009">
        <ele>1493.083</ele>
        <time>2025-09-26T09:10:35.000Z</time>
      </trkpt>
      <trkpt lat="47.829033681" lon="107.164541613">
        <ele>1429.221</ele>
        <time>2025-09-28T00:03:50.000Z</time>
      </trkpt>
      <trkpt lat="47.878705594" lon="107.099705329">
        <ele>1347.979</ele>
        <time>2025-09-28T00:09:56.000Z</time>
      </trkpt>
      <trkpt lat="47.902058067" lon="107.029754197">
        <ele>1312.932</ele>
        <time>2025-09-28T00:16:10.000Z</time>
      </trkpt>
      <trkpt lat="47.913019963" lon="106.995061869">
        <ele>1316.029</ele>
        <time>2025-09-28T00:22:10.000Z</time>
      </trkpt>
      <trkpt lat="47.908050219" lon="106.947644682">
        <ele>1294.981</ele>
        <time>2025-09-28T00:28:17.000Z</time>
      </trkpt>
      <trkpt lat="47.907918412" lon="106.915622475">
        <ele>1290</ele>
        <time>2025-09-28T00:33:25.000Z</time>
      </trkpt>
      <trkpt lat="47.911437397" lon="106.908414995">
        <ele>1289.179</ele>
        <time>2025-09-28T00:39:34.000Z</time>
      </trkpt>
      <trkpt lat="47.911853827" lon="106.908302841">
        <ele>1292.893</ele>
        <time>2025-09-28T01:39:02.000Z</time>
      </trkpt>
      <trkpt lat="47.909854297" lon="106.894921688">
        <ele>1287.416</ele>
        <time>2025-09-29T22:14:21.000Z</time>
      </trkpt>
      <trkpt lat="47.875978268" lon="106.847823216">
        <ele>1293.078</ele>
        <time>2025-09-29T22:24:44.000Z</time>
      </trkpt>
      <trkpt lat="47.855081804" lon="106.779876401">
        <ele>1306.034</ele>
        <time>2025-09-29T22:36:20.000Z</time>
      </trkpt>
      <trkpt lat="47.85429681" lon="106.780046073">
        <ele>1306.244</ele>
        <time>2025-09-29T22:53:04.000Z</time>
      </trkpt>
      <trkpt lat="47.885712249" lon="106.785131609">
        <ele>1263.229</ele>
        <time>2025-09-30T00:59:11.000Z</time>
      </trkpt>
      <trkpt lat="47.906511614" lon="106.771479105">
        <ele>1262.702</ele>
        <time>2025-09-30T01:13:20.000Z</time>
      </trkpt>
      <trkpt lat="47.900834573" lon="106.71638405">
        <ele>1252.978</ele>
        <time>2025-09-30T01:29:34.000Z</time>
      </trkpt>
      <trkpt lat="47.882749468" lon="106.597134911">
        <ele>1385.922</ele>
        <time>2025-09-30T01:42:06.000Z</time>
      </trkpt>
      <trkpt lat="47.909392907" lon="106.55611019">
        <ele>1418.63</ele>
        <time>2025-09-30T01:48:03.000Z</time>
      </trkpt>
      <trkpt lat="47.899864396" lon="106.428115661">
        <ele>1400.198</ele>
        <time>2025-09-30T02:00:34.000Z</time>
      </trkpt>
      <trkpt lat="47.914034202" lon="106.311523446">
        <ele>1417.523</ele>
        <time>2025-09-30T02:11:37.000Z</time>
      </trkpt>
      <trkpt lat="47.917001252" lon="106.157950563">
        <ele>1302</ele>
        <time>2025-09-30T02:32:12.000Z</time>
      </trkpt>
      <trkpt lat="47.909179101" lon="105.59051989">
        <ele>1088</ele>
        <time>2025-09-30T03:15:00.000Z</time>
      </trkpt>
      <trkpt lat="47.900633558" lon="105.415204441">
        <ele>1030.091</ele>
        <time>2025-09-30T03:30:07.000Z</time>
      </trkpt>
      <trkpt lat="47.871980709" lon="105.283101909">
        <ele>1015.036</ele>
        <time>2025-09-30T03:42:45.000Z</time>
      </trkpt>
      <trkpt lat="47.862402037" lon="105.195022511">
        <ele>995.329</ele>
        <time>2025-09-30T03:55:08.000Z</time>
      </trkpt>
      <trkpt lat="47.765162406" lon="105.111873709">
        <ele>1156.149</ele>
        <time>2025-09-30T04:46:14.000Z</time>
      </trkpt>
      <trkpt lat="47.681087977" lon="104.971339451">
        <ele>1146.163</ele>
        <time>2025-09-30T05:00:59.000Z</time>
      </trkpt>
      <trkpt lat="47.663983111" lon="104.933249736">
        <ele>1156.699</ele>
        <time>2025-09-30T05:15:44.000Z</time>
      </trkpt>
      <trkpt lat="47.608908936" lon="104.83613072">
        <ele>1206.002</ele>
        <time>2025-10-01T02:28:14.000Z</time>
      </trkpt>
      <trkpt lat="47.537985967" lon="104.640352717">
        <ele>1207</ele>
        <time>2025-10-01T02:43:01.000Z</time>
      </trkpt>
      <trkpt lat="47.398005249" lon="104.524222417">
        <ele>1319.145</ele>
        <time>2025-10-01T02:57:22.000Z</time>
      </trkpt>
      <trkpt lat="47.339207414" lon="104.479316622">
        <ele>1357.461</ele>
        <time>2025-10-01T03:05:44.000Z</time>
      </trkpt>
      <trkpt lat="47.340018067" lon="104.383737681">
        <ele>1314.095</ele>
        <time>2025-10-01T03:12:42.000Z</time>
      </trkpt>
      <trkpt lat="47.355055805" lon="104.19018185">
        <ele>1280.868</ele>
        <time>2025-10-01T03:25:24.000Z</time>
      </trkpt>
      <trkpt lat="47.368254857" lon="103.942042999">
        <ele>1369.355</ele>
        <time>2025-10-01T03:43:17.000Z</time>
      </trkpt>
      <trkpt lat="47.343529123" lon="103.735887995">
        <ele>1273.352</ele>
        <time>2025-10-01T03:58:01.000Z</time>
      </trkpt>
      <trkpt lat="47.305320639" lon="103.638713908">
        <ele>1258.374</ele>
        <time>2025-10-01T04:07:09.000Z</time>
      </trkpt>
      <trkpt lat="47.336230874" lon="103.500500182">
        <ele>1294.37</ele>
        <time>2025-10-01T04:40:35.000Z</time>
      </trkpt>
      <trkpt lat="47.311873576" lon="103.302780306">
        <ele>1375.478</ele>
        <time>2025-10-01T04:53:19.000Z</time>
      </trkpt>
      <trkpt lat="47.226987266" lon="103.108085281">
        <ele>1497.305</ele>
        <time>2025-10-01T05:07:38.000Z</time>
      </trkpt>
      <trkpt lat="47.143245642" lon="102.928313753">
        <ele>1533.583</ele>
        <time>2025-10-01T05:24:47.000Z</time>
      </trkpt>
      <trkpt lat="47.192526246" lon="102.842305452">
        <ele>1484.7</ele>
        <time>2025-10-01T05:37:01.000Z</time>
      </trkpt>
      <trkpt lat="47.190224617" lon="102.823055741">
        <ele>1484.191</ele>
        <time>2025-10-01T05:49:21.000Z</time>
      </trkpt>
      <trkpt lat="47.178999161" lon="102.808005434">
        <ele>1527.603</ele>
        <time>2025-10-01T05:56:11.000Z</time>
      </trkpt>
      <trkpt lat="47.173780775" lon="102.803960137">
        <ele>1484.024</ele>
        <time>2025-10-01T06:11:30.000Z</time>
      </trkpt>
      <trkpt lat="47.156223136" lon="102.802225882">
        <ele>1481.607</ele>
        <time>2025-10-01T06:26:00.000Z</time>
      </trkpt>
      <trkpt lat="47.130102032" lon="102.781550987">
        <ele>1493.153</ele>
        <time>2025-10-01T07:26:36.000Z</time>
      </trkpt>
      <trkpt lat="47.123052074" lon="102.779431798">
        <ele>1493.896</ele>
        <time>2025-10-01T07:40:07.000Z</time>
      </trkpt>
      <trkpt lat="47.101034073" lon="102.775338125">
        <ele>1499.832</ele>
        <time>2025-10-02T04:38:42.000Z</time>
      </trkpt>
      <trkpt lat="47.087694495" lon="102.744340617">
        <ele>1502.336</ele>
        <time>2025-10-02T04:53:42.000Z</time>
      </trkpt>
      <trkpt lat="47.069784253" lon="102.736110382">
        <ele>1514.003</ele>
        <time>2025-10-02T05:12:11.000Z</time>
      </trkpt>
      <trkpt lat="47.057233024" lon="102.719357768">
        <ele>1524.78</ele>
        <time>2025-10-02T05:27:11.000Z</time>
      </trkpt>
      <trkpt lat="47.046866271" lon="102.708763725">
        <ele>1556.155</ele>
        <time>2025-10-02T05:42:11.000Z</time>
      </trkpt>
      <trkpt lat="47.0299232" lon="102.691478731">
        <ele>1533.536</ele>
        <time>2025-10-02T05:50:05.000Z</time>
      </trkpt>
      <trkpt lat="47.005730793" lon="102.645172846">
        <ele>1545.637</ele>
        <time>2025-10-02T06:05:38.000Z</time>
      </trkpt>
      <trkpt lat="46.978206991" lon="102.626682881">
        <ele>1585</ele>
        <time>2025-10-02T06:21:01.000Z</time>
      </trkpt>
      <trkpt lat="46.973494233" lon="102.590220239">
        <ele>1555.492</ele>
        <time>2025-10-02T06:36:01.000Z</time>
      </trkpt>
      <trkpt lat="46.963828253" lon="102.581259849">
        <ele>1560.335</ele>
        <time>2025-10-02T06:51:01.000Z</time>
      </trkpt>
      <trkpt lat="46.93118815" lon="102.532638159">
        <ele>1576.641</ele>
        <time>2025-10-02T07:20:40.000Z</time>
      </trkpt>
      <trkpt lat="46.925019037" lon="102.5474862">
        <ele>1589.183</ele>
        <time>2025-10-02T07:36:11.000Z</time>
      </trkpt>
      <trkpt lat="46.918139157" lon="102.548802441">
        <ele>1593.388</ele>
        <time>2025-10-02T07:50:05.000Z</time>
      </trkpt>
      <trkpt lat="46.906598029" lon="102.48378857">
        <ele>1595.158</ele>
        <time>2025-10-02T08:05:05.000Z</time>
      </trkpt>
      <trkpt lat="46.894046296" lon="102.423952343">
        <ele>1622.662</ele>
        <time>2025-10-02T08:20:04.000Z</time>
      </trkpt>
      <trkpt lat="46.887624961" lon="102.403187645">
        <ele>1646.886</ele>
        <time>2025-10-02T08:35:05.000Z</time>
      </trkpt>
      <trkpt lat="46.893668944" lon="102.388603803">
        <ele>1640.382</ele>
        <time>2025-10-02T08:50:05.000Z</time>
      </trkpt>
      <trkpt lat="46.893039202" lon="102.393327852">
        <ele>1614.412</ele>
        <time>2025-10-02T13:17:17.000Z</time>
      </trkpt>
      <trkpt lat="46.893416329" lon="102.426170126">
        <ele>1620.298</ele>
        <time>2025-10-04T01:49:36.000Z</time>
      </trkpt>
      <trkpt lat="46.902745917" lon="102.475872554">
        <ele>1597.115</ele>
        <time>2025-10-04T02:02:02.000Z</time>
      </trkpt>
      <trkpt lat="46.912392988" lon="102.505858906">
        <ele>1612.442</ele>
        <time>2025-10-04T02:09:21.000Z</time>
      </trkpt>
      <trkpt lat="46.918508255" lon="102.530292387">
        <ele>1609.144</ele>
        <time>2025-10-04T02:15:36.000Z</time>
      </trkpt>
      <trkpt lat="46.931582303" lon="102.58334077">
        <ele>1624.035</ele>
        <time>2025-10-04T02:30:44.000Z</time>
      </trkpt>
      <trkpt lat="46.934050857" lon="102.637729012">
        <ele>1673.157</ele>
        <time>2025-10-04T02:41:08.000Z</time>
      </trkpt>
      <trkpt lat="46.925970869" lon="102.654019293">
        <ele>1654.334</ele>
        <time>2025-10-04T02:48:26.000Z</time>
      </trkpt>
      <trkpt lat="46.923732416" lon="102.692843712">
        <ele>1682.756</ele>
        <time>2025-10-04T02:59:38.000Z</time>
      </trkpt>
      <trkpt lat="46.906982154" lon="102.756216643">
        <ele>1648.349</ele>
        <time>2025-10-04T03:14:47.000Z</time>
      </trkpt>
      <trkpt lat="46.896681175" lon="102.782686987">
        <ele>1673.637</ele>
        <time>2025-10-04T03:20:17.000Z</time>
      </trkpt>
      <trkpt lat="46.859572828" lon="102.812560843">
        <ele>1768.739</ele>
        <time>2025-10-04T03:32:19.000Z</time>
      </trkpt>
      <trkpt lat="46.827757973" lon="102.825784637">
        <ele>1688.456</ele>
        <time>2025-10-04T03:45:24.000Z</time>
      </trkpt>
      <trkpt lat="46.791797555" lon="102.85973696">
        <ele>1732.025</ele>
        <time>2025-10-04T04:00:32.000Z</time>
      </trkpt>
      <trkpt lat="46.765785157" lon="102.925870847">
        <ele>1789.962</ele>
        <time>2025-10-04T04:43:34.000Z</time>
      </trkpt>
      <trkpt lat="46.756624114" lon="103.033508901">
        <ele>1760.474</ele>
        <time>2025-10-04T04:58:41.000Z</time>
      </trkpt>
      <trkpt lat="46.72640027" lon="103.093640171">
        <ele>1836.895</ele>
        <time>2025-10-04T05:09:02.000Z</time>
      </trkpt>
      <trkpt lat="46.697113871" lon="103.121494079">
        <ele>1803.939</ele>
        <time>2025-10-04T05:19:28.000Z</time>
      </trkpt>
      <trkpt lat="46.654341049" lon="103.156515006">
        <ele>1766.918</ele>
        <time>2025-10-04T05:36:15.000Z</time>
      </trkpt>
      <trkpt lat="46.548758136" lon="103.026945323">
        <ele>1964.001</ele>
        <time>2025-10-04T06:05:44.000Z</time>
      </trkpt>
      <trkpt lat="46.46333864" lon="102.869072724">
        <ele>1840.292</ele>
        <time>2025-10-04T06:20:27.000Z</time>
      </trkpt>
      <trkpt lat="46.36083073" lon="102.814880284">
        <ele>1773.013</ele>
        <time>2025-10-04T06:34:56.000Z</time>
      </trkpt>
      <trkpt lat="46.270124661" lon="102.794172671">
        <ele>1821</ele>
        <time>2025-10-04T06:45:27.000Z</time>
      </trkpt>
      <trkpt lat="46.264208464" lon="102.790626633">
        <ele>1815.045</ele>
        <time>2025-10-04T06:54:44.000Z</time>
      </trkpt>
      <trkpt lat="46.267706612" lon="102.782538124">
        <ele>1833.189</ele>
        <time>2025-10-04T07:41:21.000Z</time>
      </trkpt>
      <trkpt lat="46.259241898" lon="102.767508683">
        <ele>1856.231</ele>
        <time>2025-10-04T07:46:28.000Z</time>
      </trkpt>
      <trkpt lat="46.262917612" lon="102.773427414">
        <ele>1834.165</ele>
        <time>2025-10-04T07:57:52.000Z</time>
      </trkpt>
      <trkpt lat="46.213573767" lon="102.762087705">
        <ele>1782.312</ele>
        <time>2025-10-04T08:12:58.000Z</time>
      </trkpt>
      <trkpt lat="46.182068485" lon="102.742764924">
        <ele>1762</ele>
        <time>2025-10-04T08:27:45.000Z</time>
      </trkpt>
      <trkpt lat="46.148355174" lon="102.723928499">
        <ele>1766.921</ele>
        <time>2025-10-04T08:42:30.000Z</time>
      </trkpt>
      <trkpt lat="46.110135424" lon="102.708544023">
        <ele>1790.729</ele>
        <time>2025-10-04T08:55:38.000Z</time>
      </trkpt>
      <trkpt lat="46.104149052" lon="102.714336951">
        <ele>1788.039</ele>
        <time>2025-10-05T01:38:29.000Z</time>
      </trkpt>
      <trkpt lat="46.066695467" lon="102.711465308">
        <ele>1841.621</ele>
        <time>2025-10-05T01:53:28.000Z</time>
      </trkpt>
      <trkpt lat="46.056306303" lon="102.709647878">
        <ele>1810.782</ele>
        <time>2025-10-05T02:08:29.000Z</time>
      </trkpt>
      <trkpt lat="46.000372557" lon="102.714895934">
        <ele>1829.81</ele>
        <time>2025-10-05T02:23:29.000Z</time>
      </trkpt>
      <trkpt lat="45.960918285" lon="102.702434304">
        <ele>1819.707</ele>
        <time>2025-10-05T02:38:29.000Z</time>
      </trkpt>
      <trkpt lat="45.914112782" lon="102.699107424">
        <ele>1769.399</ele>
        <time>2025-10-05T02:53:14.000Z</time>
      </trkpt>
      <trkpt lat="45.899123879" lon="102.694037805">
        <ele>1746.154</ele>
        <time>2025-10-05T03:05:59.000Z</time>
      </trkpt>
      <trkpt lat="45.847696527" lon="102.675763574">
        <ele>1696.041</ele>
        <time>2025-10-05T03:20:40.000Z</time>
      </trkpt>
      <trkpt lat="45.799200051" lon="102.658603052">
        <ele>1692.003</ele>
        <time>2025-10-05T03:33:28.000Z</time>
      </trkpt>
      <trkpt lat="45.733519766" lon="102.643458034">
        <ele>1601.852</ele>
        <time>2025-10-05T03:46:56.000Z</time>
      </trkpt>
      <trkpt lat="45.682426399" lon="102.639387871">
        <ele>1568.061</ele>
        <time>2025-10-05T04:02:04.000Z</time>
      </trkpt>
      <trkpt lat="45.636915132" lon="102.631254997">
        <ele>1664</ele>
        <time>2025-10-05T04:16:49.000Z</time>
      </trkpt>
      <trkpt lat="45.590183213" lon="102.602725765">
        <ele>1638.66</ele>
        <time>2025-10-05T04:29:28.000Z</time>
      </trkpt>
      <trkpt lat="45.578514054" lon="102.593025472">
        <ele>1629.179</ele>
        <time>2025-10-05T04:42:24.000Z</time>
      </trkpt>
      <trkpt lat="45.578778167" lon="102.583531039">
        <ele>1630.428</ele>
        <time>2025-10-05T05:41:01.000Z</time>
      </trkpt>
      <trkpt lat="45.526740837" lon="102.544160464">
        <ele>1525.779</ele>
        <time>2025-10-05T05:55:41.000Z</time>
      </trkpt>
      <trkpt lat="45.503809503" lon="102.509028828">
        <ele>1501.856</ele>
        <time>2025-10-05T06:10:08.000Z</time>
      </trkpt>
      <trkpt lat="45.459074757" lon="102.425273288">
        <ele>1474.664</ele>
        <time>2025-10-05T06:40:52.000Z</time>
      </trkpt>
      <trkpt lat="45.416566632" lon="102.40964829">
        <ele>1479.626</ele>
        <time>2025-10-05T06:55:37.000Z</time>
      </trkpt>
      <trkpt lat="45.335505246" lon="102.385776462">
        <ele>1456</ele>
        <time>2025-10-05T07:10:22.000Z</time>
      </trkpt>
      <trkpt lat="45.307864468" lon="102.380417063">
        <ele>1486.468</ele>
        <time>2025-10-05T07:23:34.000Z</time>
      </trkpt>
      <trkpt lat="45.264513652" lon="102.363237971">
        <ele>1456.836</ele>
        <time>2025-10-06T02:14:38.000Z</time>
      </trkpt>
      <trkpt lat="45.19978514" lon="102.335293301">
        <ele>1363.27</ele>
        <time>2025-10-06T02:29:40.000Z</time>
      </trkpt>
      <trkpt lat="45.137000028" lon="102.314929515">
        <ele>1299.797</ele>
        <time>2025-10-06T02:44:38.000Z</time>
      </trkpt>
      <trkpt lat="45.084840947" lon="102.296381807">
        <ele>1260.015</ele>
        <time>2025-10-06T02:59:40.000Z</time>
      </trkpt>
      <trkpt lat="45.019850945" lon="102.259687157">
        <ele>1306.478</ele>
        <time>2025-10-06T03:15:14.000Z</time>
      </trkpt>
      <trkpt lat="44.970859643" lon="102.253245749">
        <ele>1339.285</ele>
        <time>2025-10-06T03:30:14.000Z</time>
      </trkpt>
      <trkpt lat="44.945085557" lon="102.214623325">
        <ele>1353.356</ele>
        <time>2025-10-06T03:45:14.000Z</time>
      </trkpt>
      <trkpt lat="44.885896258" lon="102.172264952">
        <ele>1445.654</ele>
        <time>2025-10-06T04:00:16.000Z</time>
      </trkpt>
      <trkpt lat="44.831451013" lon="102.154869479">
        <ele>1495.412</ele>
        <time>2025-10-06T04:25:24.000Z</time>
      </trkpt>
      <trkpt lat="44.78665831" lon="102.142528519">
        <ele>1507</ele>
        <time>2025-10-06T04:40:38.000Z</time>
      </trkpt>
      <trkpt lat="44.746603881" lon="102.157979054">
        <ele>1520.062</ele>
        <time>2025-10-06T04:55:39.000Z</time>
      </trkpt>
      <trkpt lat="44.678020412" lon="102.173313156">
        <ele>1518.747</ele>
        <time>2025-10-06T05:10:39.000Z</time>
      </trkpt>
      <trkpt lat="44.671692973" lon="102.173124731">
        <ele>1525.68</ele>
        <time>2025-10-06T05:25:17.000Z</time>
      </trkpt>
      <trkpt lat="44.667499858" lon="102.15821659">
        <ele>1555.581</ele>
        <time>2025-10-06T05:56:33.000Z</time>
      </trkpt>
      <trkpt lat="44.657871919" lon="102.117187868">
        <ele>1622.124</ele>
        <time>2025-10-06T06:04:32.000Z</time>
      </trkpt>
      <trkpt lat="44.65664661" lon="102.047297694">
        <ele>1593.072</ele>
        <time>2025-10-06T06:20:05.000Z</time>
      </trkpt>
      <trkpt lat="44.678541566" lon="101.963738501">
        <ele>1639.771</ele>
        <time>2025-10-06T06:35:29.000Z</time>
      </trkpt>
      <trkpt lat="44.692996342" lon="101.882374714">
        <ele>1710.568</ele>
        <time>2025-10-06T06:50:30.000Z</time>
      </trkpt>
      <trkpt lat="44.698572814" lon="101.849730083">
        <ele>1740.996</ele>
        <time>2025-10-06T06:56:19.000Z</time>
      </trkpt>
      <trkpt lat="44.693443157" lon="101.806021167">
        <ele>1791.872</ele>
        <time>2025-10-06T07:11:41.000Z</time>
      </trkpt>
      <trkpt lat="44.668627197" lon="101.775775296">
        <ele>1823.464</ele>
        <time>2025-10-07T01:46:50.000Z</time>
      </trkpt>
      <trkpt lat="44.613471817" lon="101.736768271">
        <ele>1648.682</ele>
        <time>2025-10-07T01:59:52.000Z</time>
      </trkpt>
      <trkpt lat="44.568467522" lon="101.685001245">
        <ele>1526.004</ele>
        <time>2025-10-07T02:13:15.000Z</time>
      </trkpt>
      <trkpt lat="44.517332926" lon="101.607489847">
        <ele>1396.377</ele>
        <time>2025-10-07T02:28:23.000Z</time>
      </trkpt>
      <trkpt lat="44.484176422" lon="101.589620216">
        <ele>1339.633</ele>
        <time>2025-10-07T02:43:08.000Z</time>
      </trkpt>
      <trkpt lat="44.430911803" lon="101.567453666">
        <ele>1251.833</ele>
        <time>2025-10-07T02:57:54.000Z</time>
      </trkpt>
      <trkpt lat="44.358439366" lon="101.537582008">
        <ele>1177.113</ele>
        <time>2025-10-07T03:12:38.000Z</time>
      </trkpt>
      <trkpt lat="44.295492531" lon="101.518033901">
        <ele>1091.695</ele>
        <time>2025-10-07T03:25:29.000Z</time>
      </trkpt>
      <trkpt lat="44.236997324" lon="101.530689821">
        <ele>1043.287</ele>
        <time>2025-10-07T03:40:37.000Z</time>
      </trkpt>
      <trkpt lat="44.177385899" lon="101.502524782">
        <ele>1038.268</ele>
        <time>2025-10-07T03:55:22.000Z</time>
      </trkpt>
      <trkpt lat="44.129106891" lon="101.519712126">
        <ele>1025.48</ele>
        <time>2025-10-07T04:08:42.000Z</time>
      </trkpt>
      <trkpt lat="44.071965278" lon="101.511990046">
        <ele>984.71</ele>
        <time>2025-10-07T04:24:38.000Z</time>
      </trkpt>
      <trkpt lat="44.033462488" lon="101.506670556">
        <ele>954</ele>
        <time>2025-10-07T04:38:09.000Z</time>
      </trkpt>
      <trkpt lat="43.993883031" lon="101.488708304">
        <ele>953.021</ele>
        <time>2025-10-07T04:51:25.000Z</time>
      </trkpt>
      <trkpt lat="43.975731768" lon="101.483485373">
        <ele>961.287</ele>
        <time>2025-10-07T05:06:34.000Z</time>
      </trkpt>
      <trkpt lat="43.944744837" lon="101.454932051">
        <ele>987.632</ele>
        <time>2025-10-07T06:15:13.000Z</time>
      </trkpt>
      <trkpt lat="43.911281578" lon="101.432266161">
        <ele>1010.325</ele>
        <time>2025-10-07T06:30:21.000Z</time>
      </trkpt>
      <trkpt lat="43.864962445" lon="101.397918714">
        <ele>1079.931</ele>
        <time>2025-10-07T06:45:06.000Z</time>
      </trkpt>
      <trkpt lat="43.792461916" lon="101.368523631">
        <ele>1211.685</ele>
        <time>2025-10-07T06:59:50.000Z</time>
      </trkpt>
      <trkpt lat="43.727561845" lon="101.35756094">
        <ele>1348</ele>
        <time>2025-10-07T07:13:47.000Z</time>
      </trkpt>
      <trkpt lat="43.679276606" lon="101.35377271">
        <ele>1478</ele>
        <time>2025-10-07T07:28:32.000Z</time>
      </trkpt>
      <trkpt lat="43.66275561" lon="101.330498625">
        <ele>1551.189</ele>
        <time>2025-10-07T07:42:08.000Z</time>
      </trkpt>
      <trkpt lat="43.650309784" lon="101.328180163">
        <ele>1582.221</ele>
        <time>2025-10-08T01:36:58.000Z</time>
      </trkpt>
      <trkpt lat="43.617915195" lon="101.284718094">
        <ele>1598.992</ele>
        <time>2025-10-08T02:00:19.000Z</time>
      </trkpt>
      <trkpt lat="43.573995824" lon="101.2764729">
        <ele>1495.385</ele>
        <time>2025-10-08T02:12:58.000Z</time>
      </trkpt>
      <trkpt lat="43.535051306" lon="101.263227287">
        <ele>1432.071</ele>
        <time>2025-10-08T02:26:39.000Z</time>
      </trkpt>
      <trkpt lat="43.495834409" lon="101.257339865">
        <ele>1354.002</ele>
        <time>2025-10-08T02:39:28.000Z</time>
      </trkpt>
      <trkpt lat="43.447751598" lon="101.257964219">
        <ele>1332.423</ele>
        <time>2025-10-08T02:54:52.000Z</time>
      </trkpt>
      <trkpt lat="43.413693477" lon="101.234807465">
        <ele>1362.206</ele>
        <time>2025-10-08T03:07:28.000Z</time>
      </trkpt>
      <trkpt lat="43.363377247" lon="101.200279221">
        <ele>1420.679</ele>
        <time>2025-10-08T03:20:41.000Z</time>
      </trkpt>
      <trkpt lat="43.34053807" lon="101.176090809">
        <ele>1457</ele>
        <time>2025-10-08T03:34:29.000Z</time>
      </trkpt>
      <trkpt lat="43.300275095" lon="101.12165831">
        <ele>1552.99</ele>
        <time>2025-10-08T03:47:27.000Z</time>
      </trkpt>
      <trkpt lat="43.232160873" lon="101.053158395">
        <ele>1722.438</ele>
        <time>2025-10-08T03:57:47.000Z</time>
      </trkpt>
      <trkpt lat="43.228247552" lon="101.048968617">
        <ele>1726.603</ele>
        <time>2025-10-08T04:03:09.000Z</time>
      </trkpt>
      <trkpt lat="43.226318603" lon="101.043113507">
        <ele>1732</ele>
        <time>2025-10-08T04:25:08.000Z</time>
      </trkpt>
      <trkpt lat="43.226914011" lon="101.05165194">
        <ele>1728.219</ele>
        <time>2025-10-08T05:30:39.000Z</time>
      </trkpt>
      <trkpt lat="43.276427124" lon="101.090541839">
        <ele>1614.725</ele>
        <time>2025-10-08T05:48:00.000Z</time>
      </trkpt>
      <trkpt lat="43.314225096" lon="101.077071531">
        <ele>1589.963</ele>
        <time>2025-10-08T06:02:44.000Z</time>
      </trkpt>
      <trkpt lat="43.363897278" lon="101.001177487">
        <ele>1595</ele>
        <time>2025-10-08T06:17:14.000Z</time>
      </trkpt>
      <trkpt lat="43.406161613" lon="100.910213049">
        <ele>1588.818</ele>
        <time>2025-10-08T06:32:20.000Z</time>
      </trkpt>
      <trkpt lat="43.430680358" lon="100.80164368">
        <ele>1608.286</ele>
        <time>2025-10-08T06:47:05.000Z</time>
      </trkpt>
      <trkpt lat="43.453698037" lon="100.679172864">
        <ele>1630.32</ele>
        <time>2025-10-08T07:00:04.000Z</time>
      </trkpt>
      <trkpt lat="43.445449239" lon="100.528915599">
        <ele>1594.442</ele>
        <time>2025-10-08T07:15:12.000Z</time>
      </trkpt>
      <trkpt lat="43.48273492" lon="100.44184003">
        <ele>1486.002</ele>
        <time>2025-10-08T07:29:16.000Z</time>
      </trkpt>
      <trkpt lat="43.523424448" lon="100.327064332">
        <ele>1315.432</ele>
        <time>2025-10-08T07:44:03.000Z</time>
      </trkpt>
      <trkpt lat="43.538139048" lon="100.205788454">
        <ele>1219.147</ele>
        <time>2025-10-08T07:57:32.000Z</time>
      </trkpt>
      <trkpt lat="43.550716649" lon="100.180932829">
        <ele>1185.85</ele>
        <time>2025-10-08T08:10:23.000Z</time>
      </trkpt>
      <trkpt lat="43.555623069" lon="100.128238332">
        <ele>1156.243</ele>
        <time>2025-10-08T08:24:16.000Z</time>
      </trkpt>
      <trkpt lat="43.548816832" lon="100.121366997">
        <ele>1168.603</ele>
        <time>2025-10-09T02:00:56.000Z</time>
      </trkpt>
      <trkpt lat="43.535732771" lon="100.088748001">
        <ele>1177.038</ele>
        <time>2025-10-09T02:14:25.000Z</time>
      </trkpt>
      <trkpt lat="43.50499277" lon="100.058191521">
        <ele>1258.013</ele>
        <time>2025-10-09T02:29:10.000Z</time>
      </trkpt>
      <trkpt lat="43.493949982" lon="100.014784421">
        <ele>1226</ele>
        <time>2025-10-09T02:44:08.000Z</time>
      </trkpt>
      <trkpt lat="43.488460304" lon="99.969203621">
        <ele>1171.263</ele>
        <time>2025-10-09T02:58:52.000Z</time>
      </trkpt>
      <trkpt lat="43.491110578" lon="99.92859791">
        <ele>1122.954</ele>
        <time>2025-10-09T03:13:01.000Z</time>
      </trkpt>
      <trkpt lat="43.495241725" lon="99.893477485">
        <ele>1080.548</ele>
        <time>2025-10-09T03:27:46.000Z</time>
      </trkpt>
      <trkpt lat="43.496945263" lon="99.862981355">
        <ele>1037.727</ele>
        <time>2025-10-09T03:42:31.000Z</time>
      </trkpt>
      <trkpt lat="43.499697245" lon="99.817551572">
        <ele>1002.827</ele>
        <time>2025-10-09T03:57:17.000Z</time>
      </trkpt>
      <trkpt lat="43.497839069" lon="99.815586428">
        <ele>997.356</ele>
        <time>2025-10-09T05:44:15.000Z</time>
      </trkpt>
      <trkpt lat="43.48480877" lon="99.8195781">
        <ele>976</ele>
        <time>2025-10-10T02:15:06.000Z</time>
      </trkpt>
      <trkpt lat="43.475051019" lon="99.832712878">
        <ele>1000.116</ele>
        <time>2025-10-10T02:29:12.000Z</time>
      </trkpt>
      <trkpt lat="43.474365422" lon="99.830987379">
        <ele>998.592</ele>
        <time>2025-10-10T07:51:31.000Z</time>
      </trkpt>
      <trkpt lat="43.486852359" lon="99.815927523">
        <ele>973.227</ele>
        <time>2025-10-13T00:26:36.000Z</time>
      </trkpt>
      <trkpt lat="43.498920352" lon="99.809991647">
        <ele>952.31</ele>
        <time>2025-10-13T00:39:44.000Z</time>
      </trkpt>
      <trkpt lat="43.502167431" lon="99.838482686">
        <ele>993</ele>
        <time>2025-10-13T00:53:14.000Z</time>
      </trkpt>
      <trkpt lat="43.496459154" lon="99.882614334">
        <ele>1057.851</ele>
        <time>2025-10-13T01:06:11.000Z</time>
      </trkpt>
      <trkpt lat="43.490182157" lon="99.925436173">
        <ele>1123.344</ele>
        <time>2025-10-13T01:21:17.000Z</time>
      </trkpt>
      <trkpt lat="43.489955517" lon="99.972688469">
        <ele>1184.628</ele>
        <time>2025-10-13T01:36:04.000Z</time>
      </trkpt>
      <trkpt lat="43.496254993" lon="100.029054713">
        <ele>1238</ele>
        <time>2025-10-13T01:50:49.000Z</time>
      </trkpt>
      <trkpt lat="43.516751799" lon="100.075212427">
        <ele>1247.694</ele>
        <time>2025-10-13T02:03:49.000Z</time>
      </trkpt>
      <trkpt lat="43.548827064" lon="100.121074235">
        <ele>1166.867</ele>
        <time>2025-10-13T02:18:55.000Z</time>
      </trkpt>
      <trkpt lat="43.552941676" lon="100.124251457">
        <ele>1158.715</ele>
        <time>2025-10-13T02:33:20.000Z</time>
      </trkpt>
      <trkpt lat="43.569911281" lon="100.14315946">
        <ele>1138.494</ele>
        <time>2025-10-13T03:53:01.000Z</time>
      </trkpt>
      <trkpt lat="43.53891058" lon="100.202788169">
        <ele>1219.85</ele>
        <time>2025-10-13T04:08:50.000Z</time>
      </trkpt>
      <trkpt lat="43.527877713" lon="100.293466766">
        <ele>1277.187</ele>
        <time>2025-10-13T04:22:33.000Z</time>
      </trkpt>
      <trkpt lat="43.48801204" lon="100.425066501">
        <ele>1457.046</ele>
        <time>2025-10-13T04:36:20.000Z</time>
      </trkpt>
      <trkpt lat="43.44542007" lon="100.527647417">
        <ele>1588.771</ele>
        <time>2025-10-13T04:50:17.000Z</time>
      </trkpt>
      <trkpt lat="43.452285104" lon="100.648319907">
        <ele>1633.736</ele>
        <time>2025-10-13T05:03:11.000Z</time>
      </trkpt>
      <trkpt lat="43.43355821" lon="100.779969273">
        <ele>1609</ele>
        <time>2025-10-13T05:17:32.000Z</time>
      </trkpt>
      <trkpt lat="43.414035123" lon="100.891877739">
        <ele>1585.233</ele>
        <time>2025-10-13T05:30:22.000Z</time>
      </trkpt>
      <trkpt lat="43.373271581" lon="100.980556598">
        <ele>1584.221</ele>
        <time>2025-10-13T05:45:29.000Z</time>
      </trkpt>
      <trkpt lat="43.33763307" lon="101.04840165">
        <ele>1597.275</ele>
        <time>2025-10-13T05:59:01.000Z</time>
      </trkpt>
      <trkpt lat="43.277463134" lon="101.090641781">
        <ele>1611.443</ele>
        <time>2025-10-13T06:12:27.000Z</time>
      </trkpt>
      <trkpt lat="43.232171838" lon="101.052933158">
        <ele>1721.819</ele>
        <time>2025-10-13T06:26:06.000Z</time>
      </trkpt>
      <trkpt lat="43.225806902" lon="101.045225243">
        <ele>1734.018</ele>
        <time>2025-10-13T06:40:47.000Z</time>
      </trkpt>
      <trkpt lat="43.230096755" lon="101.052283888">
        <ele>1722.299</ele>
        <time>2025-10-13T07:39:30.000Z</time>
      </trkpt>
      <trkpt lat="43.258874478" lon="101.073797164">
        <ele>1657</ele>
        <time>2025-10-13T07:51:46.000Z</time>
      </trkpt>
      <trkpt lat="43.346348068" lon="101.233698714">
        <ele>1417.946</ele>
        <time>2025-10-13T08:22:23.000Z</time>
      </trkpt>
      <trkpt lat="43.376547731" lon="101.361597497">
        <ele>1345.678</ele>
        <time>2025-10-13T08:36:27.000Z</time>
      </trkpt>
      <trkpt lat="43.380572135" lon="101.395021845">
        <ele>1354.055</ele>
        <time>2025-10-13T08:49:11.000Z</time>
      </trkpt>
      <trkpt lat="43.426294287" lon="101.536024372">
        <ele>1376.688</ele>
        <time>2025-10-13T09:17:43.000Z</time>
      </trkpt>
      <trkpt lat="43.419164512" lon="101.534344582">
        <ele>1367</ele>
        <time>2025-10-14T01:55:24.000Z</time>
      </trkpt>
      <trkpt lat="43.435134319" lon="101.626472027">
        <ele>1388.628</ele>
        <time>2025-10-14T02:09:24.000Z</time>
      </trkpt>
      <trkpt lat="43.446764435" lon="101.728467931">
        <ele>1458</ele>
        <time>2025-10-14T02:22:59.000Z</time>
      </trkpt>
      <trkpt lat="43.445913638" lon="101.770419879">
        <ele>1460.437</ele>
        <time>2025-10-14T02:37:12.000Z</time>
      </trkpt>
      <trkpt lat="43.443959355" lon="101.790044932">
        <ele>1452.387</ele>
        <time>2025-10-14T02:44:47.000Z</time>
      </trkpt>
      <trkpt lat="43.439057828" lon="101.808810756">
        <ele>1448</ele>
        <time>2025-10-14T03:25:44.000Z</time>
      </trkpt>
      <trkpt lat="43.430532721" lon="101.853070285">
        <ele>1442</ele>
        <time>2025-10-14T03:39:30.000Z</time>
      </trkpt>
      <trkpt lat="43.419974833" lon="101.893738629">
        <ele>1436.042</ele>
        <time>2025-10-14T03:52:00.000Z</time>
      </trkpt>
      <trkpt lat="43.418987948" lon="101.940778038">
        <ele>1450.357</ele>
        <time>2025-10-14T04:05:00.000Z</time>
      </trkpt>
      <trkpt lat="43.413998368" lon="101.987774195">
        <ele>1454.995</ele>
        <time>2025-10-14T04:17:43.000Z</time>
      </trkpt>
      <trkpt lat="43.408885156" lon="102.041067006">
        <ele>1453.987</ele>
        <time>2025-10-14T04:31:10.000Z</time>
      </trkpt>
      <trkpt lat="43.414401789" lon="102.083923929">
        <ele>1461.26</ele>
        <time>2025-10-14T04:46:19.000Z</time>
      </trkpt>
      <trkpt lat="43.421841941" lon="102.145353421">
        <ele>1464.631</ele>
        <time>2025-10-14T04:58:27.000Z</time>
      </trkpt>
      <trkpt lat="43.424665765" lon="102.167073079">
        <ele>1460</ele>
        <time>2025-10-14T05:27:41.000Z</time>
      </trkpt>
      <trkpt lat="43.423840799" lon="102.166999467">
        <ele>1458</ele>
        <time>2025-10-14T05:41:45.000Z</time>
      </trkpt>
      <trkpt lat="43.438019925" lon="102.258846884">
        <ele>1455.48</ele>
        <time>2025-10-14T06:55:54.000Z</time>
      </trkpt>
      <trkpt lat="43.4066901" lon="102.467703308">
        <ele>1458.464</ele>
        <time>2025-10-14T07:09:09.000Z</time>
      </trkpt>
      <trkpt lat="43.349458049" lon="102.674685242">
        <ele>1442.049</ele>
        <time>2025-10-14T07:22:08.000Z</time>
      </trkpt>
      <trkpt lat="43.284076271" lon="102.88489365">
        <ele>1410.091</ele>
        <time>2025-10-14T07:35:40.000Z</time>
      </trkpt>
      <trkpt lat="43.208408179" lon="103.082551751">
        <ele>1415.489</ele>
        <time>2025-10-14T07:49:20.000Z</time>
      </trkpt>
      <trkpt lat="43.269362971" lon="103.268895457">
        <ele>1487.057</ele>
        <time>2025-10-14T08:04:27.000Z</time>
      </trkpt>
      <trkpt lat="43.364153876" lon="103.314923366">
        <ele>1593.531</ele>
        <time>2025-10-14T08:16:36.000Z</time>
      </trkpt>
      <trkpt lat="43.368265987" lon="103.267319837">
        <ele>1636.157</ele>
        <time>2025-10-14T08:31:45.000Z</time>
      </trkpt>
      <trkpt lat="43.367429892" lon="103.237940826">
        <ele>1676.587</ele>
        <time>2025-10-14T08:47:46.000Z</time>
      </trkpt>
      <trkpt lat="43.364038202" lon="103.31507924">
        <ele>1591.946</ele>
        <time>2025-10-15T02:18:02.000Z</time>
      </trkpt>
      <trkpt lat="43.419866371" lon="103.392601367">
        <ele>1540.379</ele>
        <time>2025-10-15T02:28:50.000Z</time>
      </trkpt>
      <trkpt lat="43.476076252" lon="103.545742929">
        <ele>1587.634</ele>
        <time>2025-10-15T02:46:24.000Z</time>
      </trkpt>
      <trkpt lat="43.527492564" lon="103.771426426">
        <ele>1988</ele>
        <time>2025-10-15T03:01:11.000Z</time>
      </trkpt>
      <trkpt lat="43.570512509" lon="103.90615118">
        <ele>2223.155</ele>
        <time>2025-10-15T03:12:52.000Z</time>
      </trkpt>
      <trkpt lat="43.583158472" lon="104.112815739">
        <ele>1833.407</ele>
        <time>2025-10-15T03:26:53.000Z</time>
      </trkpt>
      <trkpt lat="43.618944599" lon="104.251463288">
        <ele>1512</ele>
        <time>2025-10-15T03:35:51.000Z</time>
      </trkpt>
      <trkpt lat="43.611515556" lon="104.297306644">
        <ele>1489</ele>
        <time>2025-10-15T03:42:07.000Z</time>
      </trkpt>
      <trkpt lat="43.574697905" lon="104.383550207">
        <ele>1489.8</ele>
        <time>2025-10-15T03:56:58.000Z</time>
      </trkpt>
      <trkpt lat="43.572970466" lon="104.415821023">
        <ele>1475.306</ele>
        <time>2025-10-15T04:07:59.000Z</time>
      </trkpt>
      <trkpt lat="43.567908466" lon="104.419430577">
        <ele>1475.05</ele>
        <time>2025-10-15T06:57:50.000Z</time>
      </trkpt>
      <trkpt lat="43.568615013" lon="104.3937968">
        <ele>1491.972</ele>
        <time>2025-10-15T07:59:07.000Z</time>
      </trkpt>
      <trkpt lat="43.584653334" lon="104.356112917">
        <ele>1487.994</ele>
        <time>2025-10-15T08:13:53.000Z</time>
      </trkpt>
      <trkpt lat="43.570156372" lon="104.068872242">
        <ele>1980.497</ele>
        <time>2025-10-15T08:35:46.000Z</time>
      </trkpt>
      <trkpt lat="43.574893107" lon="104.076521332">
        <ele>1950.523</ele>
        <time>2025-10-15T08:59:50.000Z</time>
      </trkpt>
      <trkpt lat="43.577472472" lon="104.10128415">
        <ele>1886.514</ele>
        <time>2025-10-17T01:51:24.000Z</time>
      </trkpt>
      <trkpt lat="43.599874908" lon="104.145461312">
        <ele>1709.45</ele>
        <time>2025-10-17T02:05:16.000Z</time>
      </trkpt>
      <trkpt lat="43.610901119" lon="104.204591618">
        <ele>1580.756</ele>
        <time>2025-10-17T02:33:48.000Z</time>
      </trkpt>
      <trkpt lat="43.616827279" lon="104.28317339">
        <ele>1491.422</ele>
        <time>2025-10-17T02:42:57.000Z</time>
      </trkpt>
      <trkpt lat="43.577722879" lon="104.373576882">
        <ele>1491.024</ele>
        <time>2025-10-17T02:57:43.000Z</time>
      </trkpt>
      <trkpt lat="43.574995659" lon="104.382450823">
        <ele>1488.016</ele>
        <time>2025-10-17T03:22:22.000Z</time>
      </trkpt>
      <trkpt lat="43.582002511" lon="104.404788762">
        <ele>1468.841</ele>
        <time>2025-10-17T03:27:28.000Z</time>
      </trkpt>
      <trkpt lat="43.586168988" lon="104.424307449">
        <ele>1452.702</ele>
        <time>2025-10-17T03:37:19.000Z</time>
      </trkpt>
      <trkpt lat="43.588813772" lon="104.432335971">
        <ele>1451.32</ele>
        <time>2025-10-17T03:46:10.000Z</time>
      </trkpt>
      <trkpt lat="43.567684389" lon="104.430648913">
        <ele>1472</ele>
        <time>2025-10-17T05:06:39.000Z</time>
      </trkpt>
      <trkpt lat="43.574104427" lon="104.426822178">
        <ele>1469.883</ele>
        <time>2025-10-17T05:22:12.000Z</time>
      </trkpt>
      <trkpt lat="43.572706262" lon="104.416058193">
        <ele>1476</ele>
        <time>2025-10-17T05:32:58.000Z</time>
      </trkpt>
      <trkpt lat="43.588491892" lon="104.433229426">
        <ele>1448.643</ele>
        <time>2025-10-17T05:43:18.000Z</time>
      </trkpt>
      <trkpt lat="43.589043559" lon="104.432118113">
        <ele>1451.834</ele>
        <time>2025-10-17T05:43:21.000Z</time>
      </trkpt>
      <trkpt lat="43.588483184" lon="104.432311693">
        <ele>1449.905</ele>
        <time>2025-10-17T11:34:14.000Z</time>
      </trkpt>
      <trkpt lat="43.577657569" lon="104.44234806">
        <ele>1452.567</ele>
        <time>2025-10-20T03:03:01.000Z</time>
      </trkpt>
      <trkpt lat="43.610159042" lon="104.504263848">
        <ele>1406.15</ele>
        <time>2025-10-20T03:15:31.000Z</time>
      </trkpt>
      <trkpt lat="43.682346094" lon="104.638158835">
        <ele>1437.348</ele>
        <time>2025-10-20T03:25:21.000Z</time>
      </trkpt>
      <trkpt lat="43.806599773" lon="104.830902638">
        <ele>1534.129</ele>
        <time>2025-10-20T03:41:08.000Z</time>
      </trkpt>
      <trkpt lat="43.855979876" lon="104.888313463">
        <ele>1578.476</ele>
        <time>2025-10-20T03:46:29.000Z</time>
      </trkpt>
      <trkpt lat="44.015981541" lon="105.008052439">
        <ele>1517.994</ele>
        <time>2025-10-20T04:01:38.000Z</time>
      </trkpt>
      <trkpt lat="44.143412852" lon="105.063018496">
        <ele>1325.038</ele>
        <time>2025-10-20T04:15:23.000Z</time>
      </trkpt>
      <trkpt lat="44.274455628" lon="105.150873847">
        <ele>1255.034</ele>
        <time>2025-10-20T04:28:26.000Z</time>
      </trkpt>
      <trkpt lat="44.394248124" lon="105.297472319">
        <ele>1247.393</ele>
        <time>2025-10-20T04:41:47.000Z</time>
      </trkpt>
      <trkpt lat="44.577358479" lon="105.362911091">
        <ele>1262.746</ele>
        <time>2025-10-20T05:00:09.000Z</time>
      </trkpt>
      <trkpt lat="44.714425039" lon="105.394823123">
        <ele>1250.312</ele>
        <time>2025-10-20T05:13:55.000Z</time>
      </trkpt>
      <trkpt lat="44.814939145" lon="105.480211582">
        <ele>1214.186</ele>
        <time>2025-10-20T05:27:25.000Z</time>
      </trkpt>
      <trkpt lat="44.96381172" lon="105.560657652">
        <ele>1217.556</ele>
        <time>2025-10-20T05:55:39.000Z</time>
      </trkpt>
      <trkpt lat="45.05221234" lon="105.575202666">
        <ele>1246.306</ele>
        <time>2025-10-20T06:31:40.000Z</time>
      </trkpt>
      <trkpt lat="45.094920616" lon="105.572198078">
        <ele>1278.714</ele>
        <time>2025-10-20T06:46:40.000Z</time>
      </trkpt>
      <trkpt lat="45.158113541" lon="105.566861183">
        <ele>1310.334</ele>
        <time>2025-10-20T07:01:40.000Z</time>
      </trkpt>
      <trkpt lat="45.189131358" lon="105.56365936">
        <ele>1325.919</ele>
        <time>2025-10-20T07:06:41.000Z</time>
      </trkpt>
      <trkpt lat="45.222212963" lon="105.569131949">
        <ele>1320.129</ele>
        <time>2025-10-20T07:12:00.000Z</time>
      </trkpt>
      <trkpt lat="45.272522217" lon="105.608253946">
        <ele>1368</ele>
        <time>2025-10-20T07:23:07.000Z</time>
      </trkpt>
      <trkpt lat="45.342324888" lon="105.652974006">
        <ele>1334.891</ele>
        <time>2025-10-20T07:38:14.000Z</time>
      </trkpt>
      <trkpt lat="45.365961392" lon="105.685563957">
        <ele>1352.034</ele>
        <time>2025-10-20T07:47:04.000Z</time>
      </trkpt>
      <trkpt lat="45.425001574" lon="105.730096992">
        <ele>1445.641</ele>
        <time>2025-10-20T07:53:53.000Z</time>
      </trkpt>
      <trkpt lat="45.535334763" lon="105.826803949">
        <ele>1430.812</ele>
        <time>2025-10-20T08:06:36.000Z</time>
      </trkpt>
      <trkpt lat="45.655468301" lon="105.956201727">
        <ele>1474.822</ele>
        <time>2025-10-20T08:20:07.000Z</time>
      </trkpt>
      <trkpt lat="45.761763131" lon="106.279535103">
        <ele>1416.347</ele>
        <time>2025-10-20T08:48:45.000Z</time>
      </trkpt>
      <trkpt lat="45.783153271" lon="106.286871581">
        <ele>1456.055</ele>
        <time>2025-10-20T08:54:52.000Z</time>
      </trkpt>
      <trkpt lat="45.784735108" lon="106.293865967">
        <ele>1454.836</ele>
        <time>2025-10-20T12:12:41.000Z</time>
      </trkpt>
      <trkpt lat="45.782939534" lon="106.287833405">
        <ele>1453.081</ele>
        <time>2025-10-20T13:19:47.000Z</time>
      </trkpt>
      <trkpt lat="45.779666354" lon="106.283313145">
        <ele>1447.799</ele>
        <time>2025-10-21T03:49:02.000Z</time>
      </trkpt>
      <trkpt lat="45.789789653" lon="106.293423724">
        <ele>1459.939</ele>
        <time>2025-10-21T04:03:02.000Z</time>
      </trkpt>
      <trkpt lat="45.854959963" lon="106.334520356">
        <ele>1416</ele>
        <time>2025-10-21T04:17:37.000Z</time>
      </trkpt>
      <trkpt lat="45.985444556" lon="106.342756022">
        <ele>1474.6</ele>
        <time>2025-10-21T04:31:35.000Z</time>
      </trkpt>
      <trkpt lat="46.124593662" lon="106.381984886">
        <ele>1399.537</ele>
        <time>2025-10-21T04:45:45.000Z</time>
      </trkpt>
      <trkpt lat="46.256611579" lon="106.436112921">
        <ele>1337</ele>
        <time>2025-10-21T04:59:17.000Z</time>
      </trkpt>
      <trkpt lat="46.318793351" lon="106.452109505">
        <ele>1361.688</ele>
        <time>2025-10-21T05:12:04.000Z</time>
      </trkpt>
      <trkpt lat="46.375703728" lon="106.471552432">
        <ele>1351.314</ele>
        <time>2025-10-21T05:26:00.000Z</time>
      </trkpt>
      <trkpt lat="46.400420633" lon="106.486375302">
        <ele>1337.486</ele>
        <time>2025-10-21T05:32:23.000Z</time>
      </trkpt>
      <trkpt lat="46.458847187" lon="106.513082098">
        <ele>1293.15</ele>
        <time>2025-10-21T05:38:36.000Z</time>
      </trkpt>
      <trkpt lat="46.525330532" lon="106.521106277">
        <ele>1344.169</ele>
        <time>2025-10-21T05:44:44.000Z</time>
      </trkpt>
      <trkpt lat="46.595342613" lon="106.54727946">
        <ele>1334.718</ele>
        <time>2025-10-21T05:51:23.000Z</time>
      </trkpt>
      <trkpt lat="46.736067245" lon="106.586313592">
        <ele>1489.729</ele>
        <time>2025-10-21T06:04:10.000Z</time>
      </trkpt>
      <trkpt lat="46.890563091" lon="106.628448804">
        <ele>1387.639</ele>
        <time>2025-10-21T06:18:16.000Z</time>
      </trkpt>
      <trkpt lat="47.040213444" lon="106.590282759">
        <ele>1421.759</ele>
        <time>2025-10-21T06:33:27.000Z</time>
      </trkpt>
      <trkpt lat="47.166436021" lon="106.624502884">
        <ele>1481.041</ele>
        <time>2025-10-21T06:47:54.000Z</time>
      </trkpt>
      <trkpt lat="47.310290351" lon="106.670935275">
        <ele>1586.707</ele>
        <time>2025-10-21T07:00:36.000Z</time>
      </trkpt>
      <trkpt lat="47.466693227" lon="106.792043382">
        <ele>1493.609</ele>
        <time>2025-10-21T07:15:45.000Z</time>
      </trkpt>
      <trkpt lat="47.618539408" lon="106.891447306">
        <ele>1379.468</ele>
        <time>2025-10-21T07:29:16.000Z</time>
      </trkpt>
      <trkpt lat="47.725891747" lon="106.905767828">
        <ele>1554.185</ele>
        <time>2025-10-21T07:40:27.000Z</time>
      </trkpt>
      <trkpt lat="47.777243955" lon="106.741821449">
        <ele>1358.122</ele>
        <time>2025-10-21T07:56:27.000Z</time>
      </trkpt>
      <trkpt lat="47.827771065" lon="106.77991311">
        <ele>1338.736</ele>
        <time>2025-10-21T08:07:00.000Z</time>
      </trkpt>
      <trkpt lat="47.855188801" lon="106.787735403">
        <ele>1308.266</ele>
        <time>2025-10-21T08:11:59.000Z</time>
      </trkpt>
      <trkpt lat="47.868269279" lon="106.821572572">
        <ele>1304.044</ele>
        <time>2025-10-21T08:17:02.000Z</time>
      </trkpt>
      <trkpt lat="47.871982024" lon="106.834294355">
        <ele>1300.127</ele>
        <time>2025-10-21T08:22:07.000Z</time>
      </trkpt>
      <trkpt lat="47.875860985" lon="106.847931231">
        <ele>1293.497</ele>
        <time>2025-10-21T08:27:12.000Z</time>
      </trkpt>
      <trkpt lat="47.882880305" lon="106.861185585">
        <ele>1303.155</ele>
        <time>2025-10-21T08:32:27.000Z</time>
      </trkpt>
      <trkpt lat="47.891945103" lon="106.872844845">
        <ele>1284.481</ele>
        <time>2025-10-21T08:38:41.000Z</time>
      </trkpt>
      <trkpt lat="47.895260816" lon="106.883045286">
        <ele>1286.037</ele>
        <time>2025-10-21T08:45:57.000Z</time>
      </trkpt>
      <trkpt lat="47.895133453" lon="106.884059024">
        <ele>1284.388</ele>
        <time>2025-10-22T09:45:34.000Z</time>
      </trkpt>
      <trkpt lat="47.897678709" lon="106.889482956">
        <ele>1288.96</ele>
        <time>2025-10-25T01:53:39.000Z</time>
      </trkpt>
      <trkpt lat="47.898758124" lon="106.909033293">
        <ele>1289</ele>
        <time>2025-10-25T01:58:46.000Z</time>
      </trkpt>
      <trkpt lat="47.883365103" lon="106.979760694">
        <ele>1303.763</ele>
        <time>2025-10-25T02:11:41.000Z</time>
      </trkpt>
      <trkpt lat="47.88727821" lon="107.076100635">
        <ele>1328.798</ele>
        <time>2025-10-25T02:21:36.000Z</time>
      </trkpt>
      <trkpt lat="47.861288167" lon="107.123939004">
        <ele>1373.39</ele>
        <time>2025-10-25T02:27:05.000Z</time>
      </trkpt>
      <trkpt lat="47.809536452" lon="107.192770857">
        <ele>1479.306</ele>
        <time>2025-10-25T02:35:12.000Z</time>
      </trkpt>
      <trkpt lat="47.694390584" lon="107.223729558">
        <ele>1526.806</ele>
        <time>2025-10-25T02:49:17.000Z</time>
      </trkpt>
      <trkpt lat="47.672081034" lon="107.238807773">
        <ele>1540.932</ele>
        <time>2025-10-25T02:54:24.000Z</time>
      </trkpt>
      <trkpt lat="47.535678051" lon="107.373719802">
        <ele>1613.614</ele>
        <time>2025-10-25T03:14:08.000Z</time>
      </trkpt>
      <trkpt lat="47.38655828" lon="107.454856038">
        <ele>1484.39</ele>
        <time>2025-10-25T03:29:34.000Z</time>
      </trkpt>
      <trkpt lat="47.274508174" lon="107.532017995">
        <ele>1418.831</ele>
        <time>2025-10-25T03:44:34.000Z</time>
      </trkpt>
      <trkpt lat="46.983493692" lon="107.68634392">
        <ele>1338</ele>
        <time>2025-10-25T04:14:42.000Z</time>
      </trkpt>
      <trkpt lat="46.828311179" lon="107.801297112">
        <ele>1311.616</ele>
        <time>2025-10-25T04:30:07.000Z</time>
      </trkpt>
      <trkpt lat="46.735021169" lon="108.006329987">
        <ele>1295</ele>
        <time>2025-10-25T04:45:08.000Z</time>
      </trkpt>
      <trkpt lat="46.631736648" lon="108.205049783">
        <ele>1292.386</ele>
        <time>2025-10-25T05:00:06.000Z</time>
      </trkpt>
      <trkpt lat="46.490249698" lon="108.331262179">
        <ele>1275.342</ele>
        <time>2025-10-25T05:15:07.000Z</time>
      </trkpt>
      <trkpt lat="46.367822721" lon="108.377189297">
        <ele>1295.019</ele>
        <time>2025-10-25T05:28:18.000Z</time>
      </trkpt>
      <trkpt lat="46.351281094" lon="108.387386724">
        <ele>1266.816</ele>
        <time>2025-10-25T05:58:01.000Z</time>
      </trkpt>
      <trkpt lat="46.259128849" lon="108.564410072">
        <ele>1244.621</ele>
        <time>2025-10-25T06:14:14.000Z</time>
      </trkpt>
      <trkpt lat="46.11263054" lon="108.712350601">
        <ele>1240.538</ele>
        <time>2025-10-25T06:29:40.000Z</time>
      </trkpt>
      <trkpt lat="45.999209524" lon="108.882037747">
        <ele>1225.102</ele>
        <time>2025-10-25T06:44:39.000Z</time>
      </trkpt>
      <trkpt lat="45.927696649" lon="109.06346809">
        <ele>1113.657</ele>
        <time>2025-10-25T06:57:53.000Z</time>
      </trkpt>
      <trkpt lat="45.870057721" lon="109.235938626">
        <ele>1049.208</ele>
        <time>2025-10-25T07:10:13.000Z</time>
      </trkpt>
      <trkpt lat="45.776807649" lon="109.386157961">
        <ele>1040.169</ele>
        <time>2025-10-25T07:24:19.000Z</time>
      </trkpt>
      <trkpt lat="45.639908113" lon="109.55605695">
        <ele>1006.2</ele>
        <time>2025-10-25T07:41:16.000Z</time>
      </trkpt>
      <trkpt lat="45.47678909" lon="109.631702614">
        <ele>986.384</ele>
        <time>2025-10-25T07:56:41.000Z</time>
      </trkpt>
      <trkpt lat="45.327943043" lon="109.776729737">
        <ele>1006</ele>
        <time>2025-10-25T08:11:41.000Z</time>
      </trkpt>
      <trkpt lat="45.182354717" lon="109.935756662">
        <ele>914.753</ele>
        <time>2025-10-25T08:26:41.000Z</time>
      </trkpt>
      <trkpt lat="45.038407052" lon="110.083512139">
        <ele>943.735</ele>
        <time>2025-10-25T08:41:41.000Z</time>
      </trkpt>
      <trkpt lat="44.937576698" lon="110.13764089">
        <ele>960.357</ele>
        <time>2025-10-25T08:56:41.000Z</time>
      </trkpt>
      <trkpt lat="45.006539393" lon="110.090326052">
        <ele>913.08</ele>
        <time>2025-10-27T02:18:06.000Z</time>
      </trkpt>
      <trkpt lat="45.129442862" lon="109.994201297">
        <ele>932.994</ele>
        <time>2025-10-27T02:31:00.000Z</time>
      </trkpt>
      <trkpt lat="45.218079225" lon="109.901656117">
        <ele>931.88</ele>
        <time>2025-10-27T02:43:42.000Z</time>
      </trkpt>
      <trkpt lat="45.155404656" lon="109.966884139">
        <ele>932.729</ele>
        <time>2025-10-27T02:52:01.000Z</time>
      </trkpt>
      <trkpt lat="45.103881692" lon="110.027121389">
        <ele>944.035</ele>
        <time>2025-10-27T02:57:33.000Z</time>
      </trkpt>
      <trkpt lat="44.958284861" lon="110.105528059">
        <ele>930.901</ele>
        <time>2025-10-27T03:12:01.000Z</time>
      </trkpt>
      <trkpt lat="44.914546969" lon="110.140437183">
        <ele>976</ele>
        <time>2025-10-27T03:23:23.000Z</time>
      </trkpt>
      <trkpt lat="44.898952059" lon="110.155953994">
        <ele>964.434</ele>
        <time>2025-10-27T03:53:16.000Z</time>
      </trkpt>
      <trkpt lat="44.800241367" lon="110.359943907">
        <ele>995.693</ele>
        <time>2025-10-27T04:10:56.000Z</time>
      </trkpt>
      <trkpt lat="44.697361244" lon="110.536280433">
        <ele>1018</ele>
        <time>2025-10-27T04:25:23.000Z</time>
      </trkpt>
      <trkpt lat="44.537393376" lon="110.699048024">
        <ele>991.542</ele>
        <time>2025-10-27T04:42:54.000Z</time>
      </trkpt>
      <trkpt lat="44.414902663" lon="110.859841872">
        <ele>998.569</ele>
        <time>2025-10-27T04:57:27.000Z</time>
      </trkpt>
      <trkpt lat="44.317228147" lon="110.913986592">
        <ele>1062.936</ele>
        <time>2025-10-27T06:11:41.000Z</time>
      </trkpt>
      <trkpt lat="44.227906019" lon="111.085684262">
        <ele>1117.54</ele>
        <time>2025-10-27T06:28:32.000Z</time>
      </trkpt>
      <trkpt lat="44.086386468" lon="111.185396975">
        <ele>1146.858</ele>
        <time>2025-10-27T06:43:19.000Z</time>
      </trkpt>
      <trkpt lat="44.043980776" lon="111.359261779">
        <ele>1077.669</ele>
        <time>2025-10-27T06:58:04.000Z</time>
      </trkpt>
      <trkpt lat="43.942653844" lon="111.535807131">
        <ele>997</ele>
        <time>2025-10-27T07:12:49.000Z</time>
      </trkpt>
      <trkpt lat="43.849687935" lon="111.731076725">
        <ele>963.861</ele>
        <time>2025-10-27T07:27:32.000Z</time>
      </trkpt>
      <trkpt lat="43.784352756" lon="111.804939616">
        <ele>958.887</ele>
        <time>2025-10-27T07:42:23.000Z</time>
      </trkpt>
      <trkpt lat="43.762701131" lon="111.835218184">
        <ele>962.002</ele>
        <time>2025-10-28T07:09:23.000Z</time>
      </trkpt>
      <trkpt lat="43.728569183" lon="111.860841746">
        <ele>966.703</ele>
        <time>2025-10-28T07:15:00.000Z</time>
      </trkpt>
      <trkpt lat="43.710774067" lon="111.905598845">
        <ele>958</ele>
        <time>2025-10-28T07:20:06.000Z</time>
      </trkpt>
      <trkpt lat="43.710727841" lon="111.909328541">
        <ele>962.38</ele>
        <time>2025-10-28T10:51:34.000Z</time>
      </trkpt>
      <trkpt lat="43.711708003" lon="111.908708143">
        <ele>963.246</ele>
        <time>2025-10-28T23:58:25.000Z</time>
      </trkpt>
      <trkpt lat="43.710733708" lon="111.909353268">
        <ele>962.359</ele>
        <time>2025-10-28T23:58:30.000Z</time>
      </trkpt>
      <trkpt lat="43.696743981" lon="111.933763166">
        <ele>962.673</ele>
        <time>2025-10-29T00:44:18.000Z</time>
      </trkpt>
      <trkpt lat="43.685516543" lon="111.944047725">
        <ele>957.993</ele>
        <time>2025-10-29T01:25:28.000Z</time>
      </trkpt>
      <trkpt lat="43.662449503" lon="111.963691218">
        <ele>963.296</ele>
        <time>2025-10-29T09:30:51.000Z</time>
      </trkpt>
      <trkpt lat="43.6517289" lon="111.972395353">
        <ele>964.516</ele>
        <time>2025-10-29T09:35:55.000Z</time>
      </trkpt>
      <trkpt lat="43.642393034" lon="111.952036098">
        <ele>965.615</ele>
        <time>2025-10-29T10:25:53.000Z</time>
      </trkpt>
      <trkpt lat="43.637055327" lon="111.94559447">
        <ele>968.517</ele>
        <time>2025-10-29T10:32:17.000Z</time>
      </trkpt>
      <trkpt lat="43.633249814" lon="111.946342644">
        <ele>966.467</ele>
        <time>2025-10-30T04:36:14.000Z</time>
      </trkpt>
      <trkpt lat="43.623823509" lon="111.957553809">
        <ele>965.042</ele>
        <time>2025-10-30T04:41:30.000Z</time>
      </trkpt>
      <trkpt lat="43.514385195" lon="112.085259827">
        <ele>981.949</ele>
        <time>2025-10-30T04:55:31.000Z</time>
      </trkpt>
      <trkpt lat="43.433926008" lon="112.121576853">
        <ele>1002.603</ele>
        <time>2025-10-30T05:02:43.000Z</time>
      </trkpt>
      <trkpt lat="43.370906878" lon="112.148331385">
        <ele>1017.261</ele>
        <time>2025-10-30T05:10:47.000Z</time>
      </trkpt>
      <trkpt lat="43.330346343" lon="112.207767839">
        <ele>1028.735</ele>
        <time>2025-10-30T05:15:48.000Z</time>
      </trkpt>
      <trkpt lat="43.288540788" lon="112.272408598">
        <ele>1006.494</ele>
        <time>2025-10-30T05:20:49.000Z</time>
      </trkpt>
      <trkpt lat="43.244852146" lon="112.330579519">
        <ele>1023.538</ele>
        <time>2025-10-30T05:25:50.000Z</time>
      </trkpt>
      <trkpt lat="43.189272536" lon="112.3678026">
        <ele>1048.707</ele>
        <time>2025-10-30T05:30:51.000Z</time>
      </trkpt>
      <trkpt lat="43.135397853" lon="112.41244557">
        <ele>1079</ele>
        <time>2025-10-30T05:35:52.000Z</time>
      </trkpt>
      <trkpt lat="42.910722205" lon="112.546188142">
        <ele>1098.444</ele>
        <time>2025-10-30T05:55:48.000Z</time>
      </trkpt>
      <trkpt lat="42.803278855" lon="112.603636058">
        <ele>1104.982</ele>
        <time>2025-10-30T06:11:13.000Z</time>
      </trkpt>
      <trkpt lat="42.64319499" lon="112.711071074">
        <ele>1122.072</ele>
        <time>2025-10-30T06:26:13.000Z</time>
      </trkpt>
      <trkpt lat="42.642937875" lon="112.711510621">
        <ele>1121.424</ele>
        <time>2025-10-30T06:26:15.000Z</time>
      </trkpt>
      <trkpt lat="42.642727364" lon="112.711915718">
        <ele>1121.448</ele>
        <time>2025-10-30T06:26:17.000Z</time>
      </trkpt>
      <trkpt lat="42.642469914" lon="112.71236172">
        <ele>1122.108</ele>
        <time>2025-10-30T06:26:19.000Z</time>
      </trkpt>
      <trkpt lat="42.642210494" lon="112.712813588">
        <ele>1122.829</ele>
        <time>2025-10-30T06:26:21.000Z</time>
      </trkpt>
      <trkpt lat="42.641947302" lon="112.713261768">
        <ele>1121.003</ele>
        <time>2025-10-30T06:26:23.000Z</time>
      </trkpt>
      <trkpt lat="42.641679986" lon="112.713710046">
        <ele>1121.048</ele>
        <time>2025-10-30T06:26:25.000Z</time>
      </trkpt>
      <trkpt lat="42.641409756" lon="112.714157245">
        <ele>1118.225</ele>
        <time>2025-10-30T06:26:27.000Z</time>
      </trkpt>
      <trkpt lat="42.641135765" lon="112.714604475">
        <ele>1120.152</ele>
        <time>2025-10-30T06:26:29.000Z</time>
      </trkpt>
      <trkpt lat="42.640861528" lon="112.715046961">
        <ele>1121.186</ele>
        <time>2025-10-30T06:26:31.000Z</time>
      </trkpt>
      <trkpt lat="42.640588659" lon="112.715486963">
        <ele>1119.276</ele>
        <time>2025-10-30T06:26:33.000Z</time>
      </trkpt>
      <trkpt lat="42.6403083" lon="112.715922821">
        <ele>1119.177</ele>
        <time>2025-10-30T06:26:35.000Z</time>
      </trkpt>
      <trkpt lat="42.64002497" lon="112.71635843">
        <ele>1120.81</ele>
        <time>2025-10-30T06:26:37.000Z</time>
      </trkpt>
      <trkpt lat="42.639742542" lon="112.716791103">
        <ele>1121</ele>
        <time>2025-10-30T06:26:39.000Z</time>
      </trkpt>
      <trkpt lat="42.639459" lon="112.717222511">
        <ele>1121.999</ele>
        <time>2025-10-30T06:26:41.000Z</time>
      </trkpt>
      <trkpt lat="42.639173101" lon="112.717652745">
        <ele>1122.514</ele>
        <time>2025-10-30T06:26:43.000Z</time>
      </trkpt>
      <trkpt lat="42.638874084" lon="112.718061568">
        <ele>1121.926</ele>
        <time>2025-10-30T06:26:45.000Z</time>
      </trkpt>
      <trkpt lat="42.63858415" lon="112.718487458">
        <ele>1121</ele>
        <time>2025-10-30T06:26:47.000Z</time>
      </trkpt>
      <trkpt lat="42.638294743" lon="112.718911016">
        <ele>1120.85</ele>
        <time>2025-10-30T06:26:49.000Z</time>
      </trkpt>
      <trkpt lat="42.638005968" lon="112.719329022">
        <ele>1119</ele>
        <time>2025-10-30T06:26:51.000Z</time>
      </trkpt>
      <trkpt lat="42.637711216" lon="112.719741099">
        <ele>1120.547</ele>
        <time>2025-10-30T06:26:53.000Z</time>
      </trkpt>
      <trkpt lat="42.546386607" lon="112.786402172">
        <ele>1147.976</ele>
        <time>2025-10-30T06:35:14.000Z</time>
      </trkpt>
      <trkpt lat="42.372679962" lon="112.886194345">
        <ele>1172.947</ele>
        <time>2025-10-30T06:50:49.000Z</time>
      </trkpt>
      <trkpt lat="42.372428714" lon="112.886750233">
        <ele>1172.513</ele>
        <time>2025-10-30T06:50:51.000Z</time>
      </trkpt>
      <trkpt lat="42.372184633" lon="112.887178883">
        <ele>1174.406</ele>
        <time>2025-10-30T06:50:53.000Z</time>
      </trkpt>
      <trkpt lat="42.371921274" lon="112.887649611">
        <ele>1174.416</ele>
        <time>2025-10-30T06:50:54.000Z</time>
      </trkpt>
      <trkpt lat="42.371664578" lon="112.888120758">
        <ele>1173.246</ele>
        <time>2025-10-30T06:50:56.000Z</time>
      </trkpt>
      <trkpt lat="42.371406374" lon="112.888589809">
        <ele>1173.942</ele>
        <time>2025-10-30T06:50:58.000Z</time>
      </trkpt>
      <trkpt lat="42.371151019" lon="112.889060788">
        <ele>1172.237</ele>
        <time>2025-10-30T06:51:00.000Z</time>
      </trkpt>
      <trkpt lat="42.370889131" lon="112.889525473">
        <ele>1176.588</ele>
        <time>2025-10-30T06:51:02.000Z</time>
      </trkpt>
      <trkpt lat="42.37063082" lon="112.889992669">
        <ele>1175.511</ele>
        <time>2025-10-30T06:51:04.000Z</time>
      </trkpt>
      <trkpt lat="42.370377144" lon="112.890455172">
        <ele>1177.333</ele>
        <time>2025-10-30T06:51:06.000Z</time>
      </trkpt>
      <trkpt lat="42.370120866" lon="112.890905568">
        <ele>1181.13</ele>
        <time>2025-10-30T06:51:08.000Z</time>
      </trkpt>
      <trkpt lat="42.190634036" lon="112.967418004">
        <ele>1277</ele>
        <time>2025-10-30T07:06:12.000Z</time>
      </trkpt>
      <trkpt lat="42.027659873" lon="113.010073006">
        <ele>1417.151</ele>
        <time>2025-10-30T07:19:43.000Z</time>
      </trkpt>
      <trkpt lat="42.027157168" lon="113.010051129">
        <ele>1416.616</ele>
        <time>2025-10-30T07:19:45.000Z</time>
      </trkpt>
      <trkpt lat="42.026738869" lon="113.009979967">
        <ele>1419.812</ele>
        <time>2025-10-30T07:19:47.000Z</time>
      </trkpt>
      <trkpt lat="42.02634031" lon="113.009912744">
        <ele>1419.88</ele>
        <time>2025-10-30T07:19:49.000Z</time>
      </trkpt>
      <trkpt lat="42.025932362" lon="113.009844516">
        <ele>1420.563</ele>
        <time>2025-10-30T07:19:51.000Z</time>
      </trkpt>
      <trkpt lat="42.025521356" lon="113.009785256">
        <ele>1423.82</ele>
        <time>2025-10-30T07:19:53.000Z</time>
      </trkpt>
      <trkpt lat="42.025110056" lon="113.009736892">
        <ele>1425.979</ele>
        <time>2025-10-30T07:19:55.000Z</time>
      </trkpt>
      <trkpt lat="42.024694836" lon="113.009697154">
        <ele>1427.09</ele>
        <time>2025-10-30T07:19:57.000Z</time>
      </trkpt>
      <trkpt lat="42.024281371" lon="113.009665542">
        <ele>1427.204</ele>
        <time>2025-10-30T07:19:59.000Z</time>
      </trkpt>
      <trkpt lat="42.02386512" lon="113.009636797">
        <ele>1429.145</ele>
        <time>2025-10-30T07:20:01.000Z</time>
      </trkpt>
      <trkpt lat="42.02344961" lon="113.009617868">
        <ele>1429.317</ele>
        <time>2025-10-30T07:20:03.000Z</time>
      </trkpt>
      <trkpt lat="41.865241849" lon="113.064345159">
        <ele>1447.046</ele>
        <time>2025-10-30T07:33:45.000Z</time>
      </trkpt>
      <trkpt lat="41.710609482" lon="113.131408095">
        <ele>1498.083</ele>
        <time>2025-10-30T07:47:17.000Z</time>
      </trkpt>
      <trkpt lat="41.710272236" lon="113.131332575">
        <ele>1496.777</ele>
        <time>2025-10-30T07:47:19.000Z</time>
      </trkpt>
      <trkpt lat="41.709781014" lon="113.131177593">
        <ele>1495.239</ele>
        <time>2025-10-30T07:47:21.000Z</time>
      </trkpt>
      <trkpt lat="41.709403074" lon="113.131135097">
        <ele>1495.222</ele>
        <time>2025-10-30T07:47:23.000Z</time>
      </trkpt>
      <trkpt lat="41.708963653" lon="113.131083716">
        <ele>1495.171</ele>
        <time>2025-10-30T07:47:25.000Z</time>
      </trkpt>
      <trkpt lat="41.70852528" lon="113.131045411">
        <ele>1494.528</ele>
        <time>2025-10-30T07:47:27.000Z</time>
      </trkpt>
      <trkpt lat="41.708088787" lon="113.13103598">
        <ele>1494.88</ele>
        <time>2025-10-30T07:47:29.000Z</time>
      </trkpt>
      <trkpt lat="41.707660836" lon="113.131045414">
        <ele>1495.421</ele>
        <time>2025-10-30T07:47:31.000Z</time>
      </trkpt>
      <trkpt lat="41.707233483" lon="113.131065241">
        <ele>1496</ele>
        <time>2025-10-30T07:47:33.000Z</time>
      </trkpt>
      <trkpt lat="41.706803492" lon="113.131110717">
        <ele>1494.493</ele>
        <time>2025-10-30T07:47:35.000Z</time>
      </trkpt>
      <trkpt lat="41.70637753" lon="113.131173438">
        <ele>1495.288</ele>
        <time>2025-10-30T07:47:36.000Z</time>
      </trkpt>
      <trkpt lat="41.540897383" lon="113.124021225">
        <ele>1443.074</ele>
        <time>2025-10-30T08:01:17.000Z</time>
      </trkpt>
      <trkpt lat="41.540455413" lon="113.124252535">
        <ele>1444.588</ele>
        <time>2025-10-30T08:01:20.000Z</time>
      </trkpt>
      <trkpt lat="41.540071154" lon="113.124426976">
        <ele>1442.496</ele>
        <time>2025-10-30T08:01:21.000Z</time>
      </trkpt>
      <trkpt lat="41.53968127" lon="113.124621604">
        <ele>1442.563</ele>
        <time>2025-10-30T08:01:23.000Z</time>
      </trkpt>
      <trkpt lat="41.539301905" lon="113.124804665">
        <ele>1443.729</ele>
        <time>2025-10-30T08:01:25.000Z</time>
      </trkpt>
      <trkpt lat="41.538916924" lon="113.124992503">
        <ele>1444.926</ele>
        <time>2025-10-30T08:01:27.000Z</time>
      </trkpt>
      <trkpt lat="41.538530817" lon="113.125177073">
        <ele>1445</ele>
        <time>2025-10-30T08:01:29.000Z</time>
      </trkpt>
      <trkpt lat="41.538145199" lon="113.125360388">
        <ele>1445</ele>
        <time>2025-10-30T08:01:31.000Z</time>
      </trkpt>
      <trkpt lat="41.537761737" lon="113.125547663">
        <ele>1446.945</ele>
        <time>2025-10-30T08:01:33.000Z</time>
      </trkpt>
      <trkpt lat="41.537375377" lon="113.125731679">
        <ele>1445.818</ele>
        <time>2025-10-30T08:01:35.000Z</time>
      </trkpt>
      <trkpt lat="41.536988456" lon="113.125913995">
        <ele>1441.72</ele>
        <time>2025-10-30T08:01:37.000Z</time>
      </trkpt>
      <trkpt lat="41.53660192" lon="113.126099815">
        <ele>1439.959</ele>
        <time>2025-10-30T08:01:39.000Z</time>
      </trkpt>
      <trkpt lat="41.536215942" lon="113.126288017">
        <ele>1440</ele>
        <time>2025-10-30T08:01:41.000Z</time>
      </trkpt>
      <trkpt lat="41.535827298" lon="113.126474429">
        <ele>1437.655</ele>
        <time>2025-10-30T08:01:43.000Z</time>
      </trkpt>
      <trkpt lat="41.535437676" lon="113.126661758">
        <ele>1436.417</ele>
        <time>2025-10-30T08:01:45.000Z</time>
      </trkpt>
      <trkpt lat="41.535048199" lon="113.126846665">
        <ele>1437.291</ele>
        <time>2025-10-30T08:01:47.000Z</time>
      </trkpt>
      <trkpt lat="41.534671628" lon="113.127052362">
        <ele>1435.706</ele>
        <time>2025-10-30T08:01:49.000Z</time>
      </trkpt>
      <trkpt lat="41.534287154" lon="113.12724528">
        <ele>1435.649</ele>
        <time>2025-10-30T08:01:51.000Z</time>
      </trkpt>
      <trkpt lat="41.53389813" lon="113.127434855">
        <ele>1436.765</ele>
        <time>2025-10-30T08:01:53.000Z</time>
      </trkpt>
      <trkpt lat="41.533508637" lon="113.127614333">
        <ele>1435.26</ele>
        <time>2025-10-30T08:01:55.000Z</time>
      </trkpt>
      <trkpt lat="41.533122211" lon="113.127793727">
        <ele>1435.014</ele>
        <time>2025-10-30T08:01:57.000Z</time>
      </trkpt>
      <trkpt lat="41.532737564" lon="113.127977739">
        <ele>1437.29</ele>
        <time>2025-10-30T08:01:59.000Z</time>
      </trkpt>
      <trkpt lat="41.532353419" lon="113.12815958">
        <ele>1439.528</ele>
        <time>2025-10-30T08:02:01.000Z</time>
      </trkpt>
      <trkpt lat="41.531967438" lon="113.128335036">
        <ele>1440.923</ele>
        <time>2025-10-30T08:02:03.000Z</time>
      </trkpt>
      <trkpt lat="41.531582093" lon="113.128509585">
        <ele>1440.087</ele>
        <time>2025-10-30T08:02:05.000Z</time>
      </trkpt>
      <trkpt lat="41.531195539" lon="113.12867819">
        <ele>1435.838</ele>
        <time>2025-10-30T08:02:07.000Z</time>
      </trkpt>
      <trkpt lat="41.530808254" lon="113.128841011">
        <ele>1435</ele>
        <time>2025-10-30T08:02:09.000Z</time>
      </trkpt>
      <trkpt lat="41.530423894" lon="113.12899767">
        <ele>1434.526</ele>
        <time>2025-10-30T08:02:11.000Z</time>
      </trkpt>
      <trkpt lat="41.530037403" lon="113.129153341">
        <ele>1433.093</ele>
        <time>2025-10-30T08:02:13.000Z</time>
      </trkpt>
      <trkpt lat="41.529646313" lon="113.129306696">
        <ele>1433.417</ele>
        <time>2025-10-30T08:02:15.000Z</time>
      </trkpt>
      <trkpt lat="41.392727564" lon="113.160820361">
        <ele>1495.164</ele>
        <time>2025-10-30T08:15:49.000Z</time>
      </trkpt>
      <trkpt lat="41.392378733" lon="113.160654599">
        <ele>1496.023</ele>
        <time>2025-10-30T08:15:51.000Z</time>
      </trkpt>
      <trkpt lat="41.392026452" lon="113.160577917">
        <ele>1497.104</ele>
        <time>2025-10-30T08:15:52.000Z</time>
      </trkpt>
      <trkpt lat="41.391614758" lon="113.16053678">
        <ele>1492.449</ele>
        <time>2025-10-30T08:15:55.000Z</time>
      </trkpt>
      <trkpt lat="41.391203772" lon="113.160499865">
        <ele>1491.466</ele>
        <time>2025-10-30T08:15:57.000Z</time>
      </trkpt>
      <trkpt lat="41.390786459" lon="113.160462951">
        <ele>1492.329</ele>
        <time>2025-10-30T08:15:59.000Z</time>
      </trkpt>
      <trkpt lat="41.390367723" lon="113.160425238">
        <ele>1488.502</ele>
        <time>2025-10-30T08:16:01.000Z</time>
      </trkpt>
      <trkpt lat="41.38994568" lon="113.160391409">
        <ele>1485.28</ele>
        <time>2025-10-30T08:16:03.000Z</time>
      </trkpt>
      <trkpt lat="41.38952387" lon="113.160354619">
        <ele>1481.858</ele>
        <time>2025-10-30T08:16:05.000Z</time>
      </trkpt>
      <trkpt lat="41.389098542" lon="113.160320129">
        <ele>1478.717</ele>
        <time>2025-10-30T08:16:07.000Z</time>
      </trkpt>
      <trkpt lat="41.388674181" lon="113.16028228">
        <ele>1476.438</ele>
        <time>2025-10-30T08:16:08.000Z</time>
      </trkpt>
      <trkpt lat="41.23890739" lon="113.257742665">
        <ele>1490.008</ele>
        <time>2025-10-30T08:29:52.000Z</time>
      </trkpt>
      <trkpt lat="41.216797284" lon="113.266222542">
        <ele>1497.06</ele>
        <time>2025-10-30T08:31:43.000Z</time>
      </trkpt>
      <trkpt lat="41.216363143" lon="113.266305942">
        <ele>1501.093</ele>
        <time>2025-10-30T08:31:45.000Z</time>
      </trkpt>
      <trkpt lat="41.215927787" lon="113.266369477">
        <ele>1501.954</ele>
        <time>2025-10-30T08:31:47.000Z</time>
      </trkpt>
      <trkpt lat="41.215495668" lon="113.266429404">
        <ele>1500.461</ele>
        <time>2025-10-30T08:31:49.000Z</time>
      </trkpt>
      <trkpt lat="41.215069946" lon="113.26648384">
        <ele>1496.238</ele>
        <time>2025-10-30T08:31:51.000Z</time>
      </trkpt>
      <trkpt lat="41.214658619" lon="113.26652281">
        <ele>1486.915</ele>
        <time>2025-10-30T08:31:53.000Z</time>
      </trkpt>
      <trkpt lat="41.214238506" lon="113.266551757">
        <ele>1477.272</ele>
        <time>2025-10-30T08:31:55.000Z</time>
      </trkpt>
      <trkpt lat="41.213824364" lon="113.266577518">
        <ele>1469.564</ele>
        <time>2025-10-30T08:31:57.000Z</time>
      </trkpt>
      <trkpt lat="41.213407206" lon="113.266596172">
        <ele>1464.532</ele>
        <time>2025-10-30T08:31:59.000Z</time>
      </trkpt>
      <trkpt lat="41.212988757" lon="113.266606169">
        <ele>1460.798</ele>
        <time>2025-10-30T08:32:01.000Z</time>
      </trkpt>
      <trkpt lat="41.21256802" lon="113.266601029">
        <ele>1454.913</ele>
        <time>2025-10-30T08:32:03.000Z</time>
      </trkpt>
      <trkpt lat="41.085627164" lon="113.105455331">
        <ele>1400.907</ele>
        <time>2025-10-30T08:47:10.000Z</time>
      </trkpt>
      <trkpt lat="41.041055764" lon="113.103685873">
        <ele>1408.199</ele>
        <time>2025-10-30T09:00:41.000Z</time>
      </trkpt>
      <trkpt lat="41.001932644" lon="113.102136646">
        <ele>1412.256</ele>
        <time>2025-10-30T09:14:09.000Z</time>
      </trkpt>
      <trkpt lat="40.978087597" lon="113.102847599">
        <ele>1388.633</ele>
        <time>2025-10-30T09:27:39.000Z</time>
      </trkpt>
      <trkpt lat="40.976817822" lon="113.101728531">
        <ele>1388</ele>
        <time>2025-10-30T12:11:16.000Z</time>
      </trkpt>
      <trkpt lat="40.978099099" lon="113.102765288">
        <ele>1388.85</ele>
        <time>2025-10-30T12:11:30.000Z</time>
      </trkpt>
      <trkpt lat="40.983041017" lon="113.103897659">
        <ele>1384.032</ele>
        <time>2025-10-31T00:28:17.000Z</time>
      </trkpt>
      <trkpt lat="40.979463333" lon="113.111698716">
        <ele>1373.244</ele>
        <time>2025-10-31T00:33:20.000Z</time>
      </trkpt>
      <trkpt lat="40.964064378" lon="113.14170366">
        <ele>1333.716</ele>
        <time>2025-10-31T00:41:46.000Z</time>
      </trkpt>
      <trkpt lat="40.956003257" lon="113.394682444">
        <ele>1328.66</ele>
        <time>2025-10-31T00:57:56.000Z</time>
      </trkpt>
      <trkpt lat="40.938260639" lon="113.610467138">
        <ele>1380.402</ele>
        <time>2025-10-31T01:11:51.000Z</time>
      </trkpt>
      <trkpt lat="40.864428087" lon="113.807639443">
        <ele>1300.498</ele>
        <time>2025-10-31T01:25:20.000Z</time>
      </trkpt>
      <trkpt lat="40.809836726" lon="113.977209146">
        <ele>1327.284</ele>
        <time>2025-10-31T01:38:52.000Z</time>
      </trkpt>
      <trkpt lat="40.7202191" lon="114.147183867">
        <ele>1122.199</ele>
        <time>2025-10-31T01:52:19.000Z</time>
      </trkpt>
      <trkpt lat="40.719695021" lon="114.147853917">
        <ele>1122.078</ele>
        <time>2025-10-31T01:52:20.000Z</time>
      </trkpt>
      <trkpt lat="40.719440002" lon="114.148126077">
        <ele>1122.451</ele>
        <time>2025-10-31T01:52:22.000Z</time>
      </trkpt>
      <trkpt lat="40.7191406" lon="114.148427406">
        <ele>1123.145</ele>
        <time>2025-10-31T01:52:24.000Z</time>
      </trkpt>
      <trkpt lat="40.718668574" lon="114.148897212">
        <ele>1127.86</ele>
        <time>2025-10-31T01:52:27.000Z</time>
      </trkpt>
      <trkpt lat="40.718361544" lon="114.149221089">
        <ele>1131.487</ele>
        <time>2025-10-31T01:52:29.000Z</time>
      </trkpt>
      <trkpt lat="40.718068091" lon="114.14956463">
        <ele>1130.351</ele>
        <time>2025-10-31T01:52:31.000Z</time>
      </trkpt>
      <trkpt lat="40.717797017" lon="114.149948817">
        <ele>1128.828</ele>
        <time>2025-10-31T01:52:33.000Z</time>
      </trkpt>
      <trkpt lat="40.717541048" lon="114.150356853">
        <ele>1125.224</ele>
        <time>2025-10-31T01:52:35.000Z</time>
      </trkpt>
      <trkpt lat="40.717301042" lon="114.150794477">
        <ele>1121.667</ele>
        <time>2025-10-31T01:52:37.000Z</time>
      </trkpt>
      <trkpt lat="40.717065397" lon="114.15124336">
        <ele>1123.248</ele>
        <time>2025-10-31T01:52:39.000Z</time>
      </trkpt>
      <trkpt lat="40.716829631" lon="114.151694798">
        <ele>1122.098</ele>
        <time>2025-10-31T01:52:41.000Z</time>
      </trkpt>
      <trkpt lat="40.716587138" lon="114.152148529">
        <ele>1120.227</ele>
        <time>2025-10-31T01:52:43.000Z</time>
      </trkpt>
      <trkpt lat="40.71632994" lon="114.152590346">
        <ele>1116.939</ele>
        <time>2025-10-31T01:52:45.000Z</time>
      </trkpt>
      <trkpt lat="40.716070329" lon="114.153028727">
        <ele>1114.352</ele>
        <time>2025-10-31T01:52:47.000Z</time>
      </trkpt>
      <trkpt lat="40.715798425" lon="114.153445683">
        <ele>1116.585</ele>
        <time>2025-10-31T01:52:49.000Z</time>
      </trkpt>
      <trkpt lat="40.715518149" lon="114.15386362">
        <ele>1115.132</ele>
        <time>2025-10-31T01:52:51.000Z</time>
      </trkpt>
      <trkpt lat="40.715214269" lon="114.154258063">
        <ele>1113.49</ele>
        <time>2025-10-31T01:52:53.000Z</time>
      </trkpt>
      <trkpt lat="40.714890528" lon="114.154639715">
        <ele>1110.701</ele>
        <time>2025-10-31T01:52:55.000Z</time>
      </trkpt>
      <trkpt lat="40.714557089" lon="114.155003249">
        <ele>1108.841</ele>
        <time>2025-10-31T01:52:57.000Z</time>
      </trkpt>
      <trkpt lat="40.687096333" lon="114.25423217">
        <ele>935.44</ele>
        <time>2025-10-31T02:06:52.000Z</time>
      </trkpt>
      <trkpt lat="40.691019567" lon="114.296056526">
        <ele>905.67</ele>
        <time>2025-10-31T02:18:33.000Z</time>
      </trkpt>
      <trkpt lat="40.691156904" lon="114.296959173">
        <ele>905.165</ele>
        <time>2025-10-31T02:18:36.000Z</time>
      </trkpt>
      <trkpt lat="40.69122924" lon="114.297408024">
        <ele>905.141</ele>
        <time>2025-10-31T02:18:38.000Z</time>
      </trkpt>
      <trkpt lat="40.691272323" lon="114.297878249">
        <ele>904.848</ele>
        <time>2025-10-31T02:18:40.000Z</time>
      </trkpt>
      <trkpt lat="40.691342186" lon="114.29834445">
        <ele>903.993</ele>
        <time>2025-10-31T02:18:42.000Z</time>
      </trkpt>
      <trkpt lat="40.691408445" lon="114.298814591">
        <ele>904.141</ele>
        <time>2025-10-31T02:18:44.000Z</time>
      </trkpt>
      <trkpt lat="40.691478183" lon="114.29928272">
        <ele>902.942</ele>
        <time>2025-10-31T02:18:47.000Z</time>
      </trkpt>
      <trkpt lat="40.691546738" lon="114.299756844">
        <ele>901.941</ele>
        <time>2025-10-31T02:18:49.000Z</time>
      </trkpt>
      <trkpt lat="40.691623348" lon="114.300256432">
        <ele>899.142</ele>
        <time>2025-10-31T02:18:51.000Z</time>
      </trkpt>
      <trkpt lat="40.691699105" lon="114.300770491">
        <ele>898.234</ele>
        <time>2025-10-31T02:18:53.000Z</time>
      </trkpt>
      <trkpt lat="40.726569845" lon="114.519148902">
        <ele>797.978</ele>
        <time>2025-10-31T02:32:37.000Z</time>
      </trkpt>
      <trkpt lat="40.734551484" lon="114.742755722">
        <ele>703</ele>
        <time>2025-10-31T02:46:32.000Z</time>
      </trkpt>
      <trkpt lat="40.734634087" lon="114.74327297">
        <ele>700.752</ele>
        <time>2025-10-31T02:46:34.000Z</time>
      </trkpt>
      <trkpt lat="40.734536732" lon="114.743798599">
        <ele>700.675</ele>
        <time>2025-10-31T02:46:36.000Z</time>
      </trkpt>
      <trkpt lat="40.734317293" lon="114.744326742">
        <ele>702</ele>
        <time>2025-10-31T02:46:38.000Z</time>
      </trkpt>
      <trkpt lat="40.734241102" lon="114.744939795">
        <ele>701.159</ele>
        <time>2025-10-31T02:46:41.000Z</time>
      </trkpt>
      <trkpt lat="40.734138088" lon="114.745497694">
        <ele>700.813</ele>
        <time>2025-10-31T02:46:43.000Z</time>
      </trkpt>
      <trkpt lat="40.734028825" lon="114.746056339">
        <ele>700.105</ele>
        <time>2025-10-31T02:46:45.000Z</time>
      </trkpt>
      <trkpt lat="40.733920403" lon="114.746611182">
        <ele>699.227</ele>
        <time>2025-10-31T02:46:47.000Z</time>
      </trkpt>
      <trkpt lat="40.733815164" lon="114.747164796">
        <ele>698.735</ele>
        <time>2025-10-31T02:46:49.000Z</time>
      </trkpt>
      <trkpt lat="40.733710583" lon="114.747723762">
        <ele>698.806</ele>
        <time>2025-10-31T02:46:51.000Z</time>
      </trkpt>
      <trkpt lat="40.733611775" lon="114.748279575">
        <ele>699.806</ele>
        <time>2025-10-31T02:46:53.000Z</time>
      </trkpt>
      <trkpt lat="40.669550705" lon="114.942483734">
        <ele>674.589</ele>
        <time>2025-10-31T03:00:34.000Z</time>
      </trkpt>
      <trkpt lat="40.600554178" lon="115.138207291">
        <ele>647.355</ele>
        <time>2025-10-31T03:14:04.000Z</time>
      </trkpt>
      <trkpt lat="40.600155295" lon="115.138415819">
        <ele>645.227</ele>
        <time>2025-10-31T03:14:06.000Z</time>
      </trkpt>
      <trkpt lat="40.599722823" lon="115.13862578">
        <ele>644.947</ele>
        <time>2025-10-31T03:14:08.000Z</time>
      </trkpt>
      <trkpt lat="40.599238523" lon="115.138827805">
        <ele>645.422</ele>
        <time>2025-10-31T03:14:11.000Z</time>
      </trkpt>
      <trkpt lat="40.598823032" lon="115.139025617">
        <ele>644.643</ele>
        <time>2025-10-31T03:14:13.000Z</time>
      </trkpt>
      <trkpt lat="40.598407877" lon="115.139208511">
        <ele>643.268</ele>
        <time>2025-10-31T03:14:15.000Z</time>
      </trkpt>
      <trkpt lat="40.597990026" lon="115.139377337">
        <ele>642.523</ele>
        <time>2025-10-31T03:14:17.000Z</time>
      </trkpt>
      <trkpt lat="40.597569231" lon="115.139524449">
        <ele>640.355</ele>
        <time>2025-10-31T03:14:19.000Z</time>
      </trkpt>
      <trkpt lat="40.597144652" lon="115.139658989">
        <ele>639.493</ele>
        <time>2025-10-31T03:14:21.000Z</time>
      </trkpt>
      <trkpt lat="40.596719212" lon="115.139775879">
        <ele>637.378</ele>
        <time>2025-10-31T03:14:23.000Z</time>
      </trkpt>
      <trkpt lat="40.59629208" lon="115.139881691">
        <ele>636.723</ele>
        <time>2025-10-31T03:14:24.000Z</time>
      </trkpt>
      <trkpt lat="40.519700884" lon="115.277500944">
        <ele>623.993</ele>
        <time>2025-10-31T03:28:05.000Z</time>
      </trkpt>
      <trkpt lat="40.519269132" lon="115.277832532">
        <ele>619.284</ele>
        <time>2025-10-31T03:28:06.000Z</time>
      </trkpt>
      <trkpt lat="40.518894084" lon="115.278099747">
        <ele>615.52</ele>
        <time>2025-10-31T03:28:08.000Z</time>
      </trkpt>
      <trkpt lat="40.518520796" lon="115.278473664">
        <ele>609.163</ele>
        <time>2025-10-31T03:28:10.000Z</time>
      </trkpt>
      <trkpt lat="40.518185478" lon="115.278823357">
        <ele>606.396</ele>
        <time>2025-10-31T03:28:12.000Z</time>
      </trkpt>
      <trkpt lat="40.517855524" lon="115.27917238">
        <ele>606.819</ele>
        <time>2025-10-31T03:28:14.000Z</time>
      </trkpt>
      <trkpt lat="40.517527163" lon="115.279525425">
        <ele>607.18</ele>
        <time>2025-10-31T03:28:16.000Z</time>
      </trkpt>
      <trkpt lat="40.51720175" lon="115.279882565">
        <ele>602.973</ele>
        <time>2025-10-31T03:28:18.000Z</time>
      </trkpt>
      <trkpt lat="40.516881859" lon="115.280248934">
        <ele>603.611</ele>
        <time>2025-10-31T03:28:20.000Z</time>
      </trkpt>
      <trkpt lat="40.516555706" lon="115.280605488">
        <ele>604.094</ele>
        <time>2025-10-31T03:28:22.000Z</time>
      </trkpt>
      <trkpt lat="40.516242465" lon="115.280974956">
        <ele>607.116</ele>
        <time>2025-10-31T03:28:24.000Z</time>
      </trkpt>
      <trkpt lat="40.515931282" lon="115.281346377">
        <ele>610.743</ele>
        <time>2025-10-31T03:28:26.000Z</time>
      </trkpt>
      <trkpt lat="40.515620729" lon="115.281718972">
        <ele>614.871</ele>
        <time>2025-10-31T03:28:28.000Z</time>
      </trkpt>
      <trkpt lat="40.515315229" lon="115.282095979">
        <ele>619.215</ele>
        <time>2025-10-31T03:28:30.000Z</time>
      </trkpt>
      <trkpt lat="40.515007626" lon="115.282466497">
        <ele>623.035</ele>
        <time>2025-10-31T03:28:32.000Z</time>
      </trkpt>
      <trkpt lat="40.514706901" lon="115.282846688">
        <ele>623.807</ele>
        <time>2025-10-31T03:28:34.000Z</time>
      </trkpt>
      <trkpt lat="40.514411978" lon="115.283231731">
        <ele>623.451</ele>
        <time>2025-10-31T03:28:36.000Z</time>
      </trkpt>
      <trkpt lat="40.514126824" lon="115.283623025">
        <ele>622.143</ele>
        <time>2025-10-31T03:28:38.000Z</time>
      </trkpt>
      <trkpt lat="40.513835015" lon="115.284010614">
        <ele>623.024</ele>
        <time>2025-10-31T03:28:40.000Z</time>
      </trkpt>
      <trkpt lat="40.51354602" lon="115.284401537">
        <ele>619.913</ele>
        <time>2025-10-31T03:28:42.000Z</time>
      </trkpt>
      <trkpt lat="40.513262204" lon="115.284792188">
        <ele>616.936</ele>
        <time>2025-10-31T03:28:44.000Z</time>
      </trkpt>
      <trkpt lat="40.51297883" lon="115.285187562">
        <ele>614.406</ele>
        <time>2025-10-31T03:28:46.000Z</time>
      </trkpt>
      <trkpt lat="40.512697705" lon="115.285589433">
        <ele>608.315</ele>
        <time>2025-10-31T03:28:48.000Z</time>
      </trkpt>
      <trkpt lat="40.512423505" lon="115.2859903">
        <ele>602.174</ele>
        <time>2025-10-31T03:28:50.000Z</time>
      </trkpt>
      <trkpt lat="40.512141423" lon="115.286396029">
        <ele>599.753</ele>
        <time>2025-10-31T03:28:52.000Z</time>
      </trkpt>
      <trkpt lat="40.511870105" lon="115.286800234">
        <ele>599.678</ele>
        <time>2025-10-31T03:28:54.000Z</time>
      </trkpt>
      <trkpt lat="40.511598528" lon="115.287217516">
        <ele>598.979</ele>
        <time>2025-10-31T03:28:56.000Z</time>
      </trkpt>
      <trkpt lat="40.511329075" lon="115.287638213">
        <ele>600.888</ele>
        <time>2025-10-31T03:28:58.000Z</time>
      </trkpt>
      <trkpt lat="40.511063362" lon="115.288056273">
        <ele>602.174</ele>
        <time>2025-10-31T03:29:00.000Z</time>
      </trkpt>
      <trkpt lat="40.510785285" lon="115.288459">
        <ele>604</ele>
        <time>2025-10-31T03:29:02.000Z</time>
      </trkpt>
      <trkpt lat="40.510513522" lon="115.288866851">
        <ele>602.916</ele>
        <time>2025-10-31T03:29:04.000Z</time>
      </trkpt>
      <trkpt lat="40.434872797" lon="115.46285416">
        <ele>543.309</ele>
        <time>2025-10-31T03:42:38.000Z</time>
      </trkpt>
      <trkpt lat="40.434859972" lon="115.463521443">
        <ele>543.008</ele>
        <time>2025-10-31T03:42:41.000Z</time>
      </trkpt>
      <trkpt lat="40.434825816" lon="115.464146482">
        <ele>543.281</ele>
        <time>2025-10-31T03:42:44.000Z</time>
      </trkpt>
      <trkpt lat="40.434796102" lon="115.464691138">
        <ele>543.94</ele>
        <time>2025-10-31T03:42:46.000Z</time>
      </trkpt>
      <trkpt lat="40.434769364" lon="115.465228083">
        <ele>547.621</ele>
        <time>2025-10-31T03:42:48.000Z</time>
      </trkpt>
      <trkpt lat="40.434745737" lon="115.465761211">
        <ele>548.762</ele>
        <time>2025-10-31T03:42:50.000Z</time>
      </trkpt>
      <trkpt lat="40.434729679" lon="115.466295449">
        <ele>551.283</ele>
        <time>2025-10-31T03:42:52.000Z</time>
      </trkpt>
      <trkpt lat="40.434711304" lon="115.466827069">
        <ele>553.577</ele>
        <time>2025-10-31T03:42:54.000Z</time>
      </trkpt>
      <trkpt lat="40.434692587" lon="115.467358304">
        <ele>554</ele>
        <time>2025-10-31T03:42:56.000Z</time>
      </trkpt>
      <trkpt lat="40.434656218" lon="115.467892083">
        <ele>553.649</ele>
        <time>2025-10-31T03:42:57.000Z</time>
      </trkpt>
      <trkpt lat="40.417995541" lon="115.55704982">
        <ele>615.189</ele>
        <time>2025-10-31T03:48:35.000Z</time>
      </trkpt>
      <trkpt lat="40.345528792" lon="115.668671709">
        <ele>493.025</ele>
        <time>2025-10-31T04:02:28.000Z</time>
      </trkpt>
      <trkpt lat="40.325251543" lon="115.782897524">
        <ele>511.569</ele>
        <time>2025-10-31T05:11:46.000Z</time>
      </trkpt>
      <trkpt lat="40.35415144" lon="115.870329327">
        <ele>508.045</ele>
        <time>2025-10-31T05:18:33.000Z</time>
      </trkpt>
      <trkpt lat="40.357102775" lon="115.889004031">
        <ele>524.236</ele>
        <time>2025-10-31T05:32:29.000Z</time>
      </trkpt>
      <trkpt lat="40.356929814" lon="115.888655679">
        <ele>524.008</ele>
        <time>2025-10-31T05:32:32.000Z</time>
      </trkpt>
      <trkpt lat="40.169365203" lon="116.040438888">
        <ele>161.42</ele>
        <time>2025-10-31T06:00:00.000Z</time>
      </trkpt>
      <trkpt lat="40.118984096" lon="116.149095576">
        <ele>48.577</ele>
        <time>2025-10-31T06:13:30.000Z</time>
      </trkpt>
      <trkpt lat="40.118504875" lon="116.149083611">
        <ele>47.319</ele>
        <time>2025-10-31T06:13:32.000Z</time>
      </trkpt>
      <trkpt lat="40.118098475" lon="116.149062776">
        <ele>46.413</ele>
        <time>2025-10-31T06:13:34.000Z</time>
      </trkpt>
      <trkpt lat="40.117695706" lon="116.149006662">
        <ele>47.701</ele>
        <time>2025-10-31T06:13:36.000Z</time>
      </trkpt>
      <trkpt lat="40.117291129" lon="116.149006902">
        <ele>47.248</ele>
        <time>2025-10-31T06:13:38.000Z</time>
      </trkpt>
      <trkpt lat="40.116886807" lon="116.149008407">
        <ele>47</ele>
        <time>2025-10-31T06:13:40.000Z</time>
      </trkpt>
      <trkpt lat="40.116483147" lon="116.149014035">
        <ele>47.661</ele>
        <time>2025-10-31T06:13:42.000Z</time>
      </trkpt>
      <trkpt lat="40.116080741" lon="116.149020007">
        <ele>47.833</ele>
        <time>2025-10-31T06:13:44.000Z</time>
      </trkpt>
      <trkpt lat="40.115677242" lon="116.149023004">
        <ele>45.921</ele>
        <time>2025-10-31T06:13:46.000Z</time>
      </trkpt>
      <trkpt lat="40.115273917" lon="116.149023073">
        <ele>46.007</ele>
        <time>2025-10-31T06:13:48.000Z</time>
      </trkpt>
      <trkpt lat="39.978599077" lon="116.089693946">
        <ele>112.043</ele>
        <time>2025-10-31T06:27:34.000Z</time>
      </trkpt>
      <trkpt lat="39.978281638" lon="116.089846122">
        <ele>113.186</ele>
        <time>2025-10-31T06:27:35.000Z</time>
      </trkpt>
      <trkpt lat="39.977997736" lon="116.090043838">
        <ele>114.574</ele>
        <time>2025-10-31T06:27:37.000Z</time>
      </trkpt>
      <trkpt lat="39.977440214" lon="116.090287478">
        <ele>115.985</ele>
        <time>2025-10-31T06:27:41.000Z</time>
      </trkpt>
      <trkpt lat="39.97709671" lon="116.090443768">
        <ele>116.16</ele>
        <time>2025-10-31T06:27:43.000Z</time>
      </trkpt>
      <trkpt lat="39.976748173" lon="116.090579824">
        <ele>118.264</ele>
        <time>2025-10-31T06:27:45.000Z</time>
      </trkpt>
      <trkpt lat="39.976396516" lon="116.090708749">
        <ele>116.924</ele>
        <time>2025-10-31T06:27:47.000Z</time>
      </trkpt>
      <trkpt lat="39.976044619" lon="116.090835533">
        <ele>116</ele>
        <time>2025-10-31T06:27:48.000Z</time>
      </trkpt>
      <trkpt lat="39.975691774" lon="116.090945088">
        <ele>114.981</ele>
        <time>2025-10-31T06:27:51.000Z</time>
      </trkpt>
      <trkpt lat="39.975342679" lon="116.091046315">
        <ele>114</ele>
        <time>2025-10-31T06:27:53.000Z</time>
      </trkpt>
      <trkpt lat="39.975006232" lon="116.091130825">
        <ele>113.022</ele>
        <time>2025-10-31T06:27:54.000Z</time>
      </trkpt>
      <trkpt lat="39.974680746" lon="116.091220976">
        <ele>113.059</ele>
        <time>2025-10-31T06:27:56.000Z</time>
      </trkpt>
      <trkpt lat="39.974351356" lon="116.091299784">
        <ele>114.014</ele>
        <time>2025-10-31T06:27:58.000Z</time>
      </trkpt>
      <trkpt lat="39.97402355" lon="116.091384278">
        <ele>115.49</ele>
        <time>2025-10-31T06:28:00.000Z</time>
      </trkpt>
      <trkpt lat="39.973695337" lon="116.091466627">
        <ele>116.311</ele>
        <time>2025-10-31T06:28:02.000Z</time>
      </trkpt>
      <trkpt lat="39.973378025" lon="116.091544655">
        <ele>117.353</ele>
        <time>2025-10-31T06:28:04.000Z</time>
      </trkpt>
      <trkpt lat="39.972924011" lon="116.09167774">
        <ele>114.64</ele>
        <time>2025-10-31T06:28:07.000Z</time>
      </trkpt>
      <trkpt lat="39.972592722" lon="116.091761855">
        <ele>112.01</ele>
        <time>2025-10-31T06:28:09.000Z</time>
      </trkpt>
      <trkpt lat="39.972259283" lon="116.091847688">
        <ele>110.785</ele>
        <time>2025-10-31T06:28:11.000Z</time>
      </trkpt>
      <trkpt lat="39.971931981" lon="116.091930358">
        <ele>111.994</ele>
        <time>2025-10-31T06:28:13.000Z</time>
      </trkpt>
      <trkpt lat="39.971499135" lon="116.092032986">
        <ele>115.07</ele>
        <time>2025-10-31T06:28:16.000Z</time>
      </trkpt>
      <trkpt lat="39.97109236" lon="116.092150091">
        <ele>117.617</ele>
        <time>2025-10-31T06:28:19.000Z</time>
      </trkpt>
      <trkpt lat="39.970677214" lon="116.092254574">
        <ele>117.56</ele>
        <time>2025-10-31T06:28:22.000Z</time>
      </trkpt>
      <trkpt lat="39.970234362" lon="116.092363088">
        <ele>116.247</ele>
        <time>2025-10-31T06:28:25.000Z</time>
      </trkpt>
      <trkpt lat="39.969922099" lon="116.092442503">
        <ele>111.886</ele>
        <time>2025-10-31T06:28:27.000Z</time>
      </trkpt>
      <trkpt lat="39.969469216" lon="116.092556798">
        <ele>110.783</ele>
        <time>2025-10-31T06:28:30.000Z</time>
      </trkpt>
      <trkpt lat="39.969051377" lon="116.092653035">
        <ele>116.491</ele>
        <time>2025-10-31T06:28:33.000Z</time>
      </trkpt>
      <trkpt lat="39.85230953" lon="116.124694767">
        <ele>126.636</ele>
        <time>2025-10-31T06:42:07.000Z</time>
      </trkpt>
      <trkpt lat="39.851929496" lon="116.124377091">
        <ele>118.976</ele>
        <time>2025-10-31T06:42:10.000Z</time>
      </trkpt>
      <trkpt lat="39.851695142" lon="116.124017063">
        <ele>112.465</ele>
        <time>2025-10-31T06:42:12.000Z</time>
      </trkpt>
      <trkpt lat="39.851402433" lon="116.123712436">
        <ele>108.125</ele>
        <time>2025-10-31T06:42:14.000Z</time>
      </trkpt>
      <trkpt lat="39.851103006" lon="116.123412106">
        <ele>104.842</ele>
        <time>2025-10-31T06:42:16.000Z</time>
      </trkpt>
      <trkpt lat="39.850804649" lon="116.123113932">
        <ele>103.313</ele>
        <time>2025-10-31T06:42:18.000Z</time>
      </trkpt>
      <trkpt lat="39.850505079" lon="116.122822702">
        <ele>102.171</ele>
        <time>2025-10-31T06:42:20.000Z</time>
      </trkpt>
      <trkpt lat="39.850209074" lon="116.122529602">
        <ele>100.107</ele>
        <time>2025-10-31T06:42:22.000Z</time>
      </trkpt>
      <trkpt lat="39.849909815" lon="116.122240844">
        <ele>100.649</ele>
        <time>2025-10-31T06:42:24.000Z</time>
      </trkpt>
      <trkpt lat="39.849614409" lon="116.121949797">
        <ele>101.619</ele>
        <time>2025-10-31T06:42:26.000Z</time>
      </trkpt>
      <trkpt lat="39.722043025" lon="116.089445713">
        <ele>51.01</ele>
        <time>2025-10-31T06:56:09.000Z</time>
      </trkpt>
      <trkpt lat="39.637089764" lon="116.064828793">
        <ele>36.015</ele>
        <time>2025-10-31T07:09:39.000Z</time>
      </trkpt>
      <trkpt lat="39.637324698" lon="116.064539354">
        <ele>34.126</ele>
        <time>2025-10-31T07:09:57.000Z</time>
      </trkpt>
      <trkpt lat="39.653873546" lon="116.071725832">
        <ele>43.787</ele>
        <time>2025-10-31T08:34:52.000Z</time>
      </trkpt>
      <trkpt lat="39.789085913" lon="116.191266945">
        <ele>50.021</ele>
        <time>2025-10-31T08:49:37.000Z</time>
      </trkpt>
      <trkpt lat="39.878488694" lon="116.289647052">
        <ele>49.83</ele>
        <time>2025-10-31T09:02:53.000Z</time>
      </trkpt>
      <trkpt lat="39.878589314" lon="116.290137732">
        <ele>48.504</ele>
        <time>2025-10-31T09:02:55.000Z</time>
      </trkpt>
      <trkpt lat="39.878679949" lon="116.290601484">
        <ele>48.248</ele>
        <time>2025-10-31T09:02:57.000Z</time>
      </trkpt>
      <trkpt lat="39.878779714" lon="116.291118248">
        <ele>48.419</ele>
        <time>2025-10-31T09:03:00.000Z</time>
      </trkpt>
      <trkpt lat="39.878868556" lon="116.291583636">
        <ele>50.475</ele>
        <time>2025-10-31T09:03:02.000Z</time>
      </trkpt>
      <trkpt lat="39.878957311" lon="116.292059976">
        <ele>50.61</ele>
        <time>2025-10-31T09:03:04.000Z</time>
      </trkpt>
      <trkpt lat="39.879043115" lon="116.292520274">
        <ele>49.45</ele>
        <time>2025-10-31T09:03:06.000Z</time>
      </trkpt>
      <trkpt lat="39.879149333" lon="116.292949444">
        <ele>48.837</ele>
        <time>2025-10-31T09:03:08.000Z</time>
      </trkpt>
      <trkpt lat="39.879236503" lon="116.293420431">
        <ele>48.156</ele>
        <time>2025-10-31T09:03:10.000Z</time>
      </trkpt>
      <trkpt lat="39.879328417" lon="116.293909818">
        <ele>48</ele>
        <time>2025-10-31T09:03:12.000Z</time>
      </trkpt>
      <trkpt lat="39.879438127" lon="116.294415948">
        <ele>48</ele>
        <time>2025-10-31T09:03:14.000Z</time>
      </trkpt>
      <trkpt lat="39.896182213" lon="116.328378786">
        <ele>48.214</ele>
        <time>2025-10-31T09:17:53.000Z</time>
      </trkpt>
      <trkpt lat="39.897895526" lon="116.355350957">
        <ele>49.049</ele>
        <time>2025-10-31T09:32:39.000Z</time>
      </trkpt>
      <trkpt lat="39.909377618" lon="116.361211979">
        <ele>52.724</ele>
        <time>2025-10-31T09:46:43.000Z</time>
      </trkpt>
      <trkpt lat="39.909295923" lon="116.366130811">
        <ele>49.962</ele>
        <time>2025-10-31T13:47:54.000Z</time>
      </trkpt>
      <trkpt lat="39.9096917" lon="116.367524">
        <ele>53.184</ele>
        <time>2025-11-01T03:15:42.000Z</time>
      </trkpt>
      <trkpt lat="39.906010491" lon="116.373761923">
        <ele>55.686</ele>
        <time>2025-11-01T04:19:34.000Z</time>
      </trkpt>
      <trkpt lat="39.905571499" lon="116.382540997">
        <ele>42.36</ele>
        <time>2025-11-01T04:39:59.000Z</time>
      </trkpt>
      <trkpt lat="39.905621977" lon="116.369253084">
        <ele>49.691</ele>
        <time>2025-11-01T05:44:05.000Z</time>
      </trkpt>
      <trkpt lat="39.90960409" lon="116.365837039">
        <ele>52.128</ele>
        <time>2025-11-01T07:34:36.000Z</time>
      </trkpt>
      <trkpt lat="39.909404056" lon="116.366237569">
        <ele>49.934</ele>
        <time>2025-11-02T08:42:13.000Z</time>
      </trkpt>
      <trkpt lat="39.914459372" lon="116.371551287">
        <ele>53.638</ele>
        <time>2025-11-03T02:26:14.000Z</time>
      </trkpt>
      <trkpt lat="39.921990889" lon="116.40437779">
        <ele>54.48</ele>
        <time>2025-11-03T02:40:18.000Z</time>
      </trkpt>
      <trkpt lat="39.922015539" lon="116.40500205">
        <ele>60.245</ele>
        <time>2025-11-03T03:44:24.000Z</time>
      </trkpt>
      <trkpt lat="39.922250876" lon="116.404604459">
        <ele>55.724</ele>
        <time>2025-11-04T06:26:22.000Z</time>
      </trkpt>
      <trkpt lat="39.922000266" lon="116.404956122">
        <ele>59.987</ele>
        <time>2025-11-04T14:53:01.000Z</time>
      </trkpt>
      <trkpt lat="39.91305687" lon="116.375370333">
        <ele>52.668</ele>
        <time>2025-11-07T03:18:38.000Z</time>
      </trkpt>
      <trkpt lat="39.892653222" lon="116.303707408">
        <ele>51.951</ele>
        <time>2025-11-07T03:31:22.000Z</time>
      </trkpt>
      <trkpt lat="39.814810487" lon="116.204364672">
        <ele>55.486</ele>
        <time>2025-11-07T03:45:15.000Z</time>
      </trkpt>
      <trkpt lat="39.6561494" lon="116.071114037">
        <ele>37.874</ele>
        <time>2025-11-07T04:00:07.000Z</time>
      </trkpt>
      <trkpt lat="39.635511762" lon="116.062580346">
        <ele>36.65</ele>
        <time>2025-11-07T04:10:04.000Z</time>
      </trkpt>
      <trkpt lat="39.641908757" lon="116.069246182">
        <ele>37.963</ele>
        <time>2025-11-07T05:41:51.000Z</time>
      </trkpt>
      <trkpt lat="39.646499019" lon="116.054035869">
        <ele>38.926</ele>
        <time>2025-11-07T05:46:49.000Z</time>
      </trkpt>
      <trkpt lat="39.710447109" lon="116.008495899">
        <ele>53</ele>
        <time>2025-11-07T06:05:03.000Z</time>
      </trkpt>
      <trkpt lat="39.756051192" lon="116.006810417">
        <ele>68.482</ele>
        <time>2025-11-07T06:20:17.000Z</time>
      </trkpt>
      <trkpt lat="39.756120987" lon="116.006308725">
        <ele>71.107</ele>
        <time>2025-11-07T07:01:59.000Z</time>
      </trkpt>
      <trkpt lat="39.730120325" lon="116.009083931">
        <ele>57.264</ele>
        <time>2025-11-08T01:09:05.000Z</time>
      </trkpt>
      <trkpt lat="39.631428905" lon="115.98284916">
        <ele>37.416</ele>
        <time>2025-11-08T01:23:50.000Z</time>
      </trkpt>
      <trkpt lat="39.62655541" lon="115.914499983">
        <ele>48.401</ele>
        <time>2025-11-08T01:28:54.000Z</time>
      </trkpt>
      <trkpt lat="39.554681266" lon="115.749335205">
        <ele>90.393</ele>
        <time>2025-11-08T01:43:24.000Z</time>
      </trkpt>
      <trkpt lat="39.5466132" lon="115.801289875">
        <ele>65</ele>
        <time>2025-11-08T01:56:43.000Z</time>
      </trkpt>
      <trkpt lat="39.601289677" lon="115.864461232">
        <ele>64.929</ele>
        <time>2025-11-08T02:11:38.000Z</time>
      </trkpt>
      <trkpt lat="39.600417456" lon="115.968643176">
        <ele>36.44</ele>
        <time>2025-11-08T02:26:53.000Z</time>
      </trkpt>
      <trkpt lat="39.630294833" lon="116.055940027">
        <ele>43.223</ele>
        <time>2025-11-08T02:41:38.000Z</time>
      </trkpt>
      <trkpt lat="39.635459511" lon="116.062824167">
        <ele>38.371</ele>
        <time>2025-11-08T02:55:55.000Z</time>
      </trkpt>
      <trkpt lat="39.638865874" lon="116.0672074">
        <ele>41.868</ele>
        <time>2025-11-08T04:54:54.000Z</time>
      </trkpt>
      <trkpt lat="39.639273979" lon="116.067469547">
        <ele>39.983</ele>
        <time>2025-11-08T04:54:58.000Z</time>
      </trkpt>
      <trkpt lat="39.643916729" lon="116.071517625">
        <ele>39.046</ele>
        <time>2025-11-08T04:55:42.000Z</time>
      </trkpt>
      <trkpt lat="39.644236807" lon="116.071807535">
        <ele>38.86</ele>
        <time>2025-11-08T04:55:46.000Z</time>
      </trkpt>
      <trkpt lat="39.644593238" lon="116.071917898">
        <ele>35.553</ele>
        <time>2025-11-08T04:55:48.000Z</time>
      </trkpt>
      <trkpt lat="39.644912998" lon="116.071950335">
        <ele>34.972</ele>
        <time>2025-11-08T04:55:51.000Z</time>
      </trkpt>
      <trkpt lat="39.645273312" lon="116.071963196">
        <ele>37.033</ele>
        <time>2025-11-08T04:55:55.000Z</time>
      </trkpt>
      <trkpt lat="39.645634504" lon="116.071954327">
        <ele>38.33</ele>
        <time>2025-11-08T04:55:59.000Z</time>
      </trkpt>
      <trkpt lat="39.645985898" lon="116.071924598">
        <ele>38.929</ele>
        <time>2025-11-08T04:56:03.000Z</time>
      </trkpt>
      <trkpt lat="39.646373757" lon="116.07188798">
        <ele>37.098</ele>
        <time>2025-11-08T04:56:07.000Z</time>
      </trkpt>
      <trkpt lat="39.646782507" lon="116.071874911">
        <ele>37.167</ele>
        <time>2025-11-08T04:56:11.000Z</time>
      </trkpt>
      <trkpt lat="39.647101101" lon="116.071876819">
        <ele>38.321</ele>
        <time>2025-11-08T04:56:14.000Z</time>
      </trkpt>
      <trkpt lat="39.647480607" lon="116.071871077">
        <ele>40.842</ele>
        <time>2025-11-08T04:56:18.000Z</time>
      </trkpt>
      <trkpt lat="39.784956437" lon="116.187120396">
        <ele>46.256</ele>
        <time>2025-11-08T05:11:00.000Z</time>
      </trkpt>
      <trkpt lat="39.882294154" lon="116.269175392">
        <ele>53.573</ele>
        <time>2025-11-08T05:25:45.000Z</time>
      </trkpt>
      <trkpt lat="39.882659521" lon="116.268978333">
        <ele>54.711</ele>
        <time>2025-11-08T05:25:51.000Z</time>
      </trkpt>
      <trkpt lat="39.883018895" lon="116.268865597">
        <ele>55.879</ele>
        <time>2025-11-08T05:25:56.000Z</time>
      </trkpt>
      <trkpt lat="39.883391692" lon="116.268755393">
        <ele>53.79</ele>
        <time>2025-11-08T05:26:00.000Z</time>
      </trkpt>
      <trkpt lat="39.883711778" lon="116.268653812">
        <ele>53.307</ele>
        <time>2025-11-08T05:26:03.000Z</time>
      </trkpt>
      <trkpt lat="39.94523772" lon="116.278733611">
        <ele>54.596</ele>
        <time>2025-11-08T05:40:30.000Z</time>
      </trkpt>
      <trkpt lat="39.966054512" lon="116.327044889">
        <ele>51.198</ele>
        <time>2025-11-08T05:55:16.000Z</time>
      </trkpt>
      <trkpt lat="39.966021146" lon="116.327462923">
        <ele>52.938</ele>
        <time>2025-11-08T05:55:37.000Z</time>
      </trkpt>
      <trkpt lat="39.97076625" lon="116.330881971">
        <ele>57.384</ele>
        <time>2025-11-08T07:43:47.000Z</time>
      </trkpt>
      <trkpt lat="39.965902632" lon="116.315347022">
        <ele>55.561</ele>
        <time>2025-11-12T00:45:46.000Z</time>
      </trkpt>
      <trkpt lat="39.942672078" lon="116.303934732">
        <ele>56.454</ele>
        <time>2025-11-12T00:50:59.000Z</time>
      </trkpt>
      <trkpt lat="39.89026085" lon="116.304198876">
        <ele>46.291</ele>
        <time>2025-11-12T00:56:56.000Z</time>
      </trkpt>
      <trkpt lat="39.782702853" lon="116.176700872">
        <ele>45.237</ele>
        <time>2025-11-12T01:13:18.000Z</time>
      </trkpt>
      <trkpt lat="39.635634962" lon="116.062585448">
        <ele>35.362</ele>
        <time>2025-11-12T01:31:27.000Z</time>
      </trkpt>
      <trkpt lat="39.615353295" lon="116.0304463">
        <ele>34</ele>
        <time>2025-11-12T02:22:25.000Z</time>
      </trkpt>
      <trkpt lat="39.567003124" lon="116.032052189">
        <ele>34</ele>
        <time>2025-11-12T02:32:43.000Z</time>
      </trkpt>
      <trkpt lat="39.387457226" lon="115.977513408">
        <ele>30.106</ele>
        <time>2025-11-12T02:48:18.000Z</time>
      </trkpt>
      <trkpt lat="39.241689141" lon="115.863184752">
        <ele>21.876</ele>
        <time>2025-11-12T03:02:11.000Z</time>
      </trkpt>
      <trkpt lat="39.096937026" lon="115.726327971">
        <ele>20</ele>
        <time>2025-11-12T03:17:11.000Z</time>
      </trkpt>
      <trkpt lat="38.981709542" lon="115.668355192">
        <ele>13.846</ele>
        <time>2025-11-12T03:32:11.000Z</time>
      </trkpt>
      <trkpt lat="38.903274088" lon="115.593473265">
        <ele>13.502</ele>
        <time>2025-11-12T04:17:59.000Z</time>
      </trkpt>
      <trkpt lat="38.761757291" lon="115.50028489">
        <ele>15.674</ele>
        <time>2025-11-12T04:32:18.000Z</time>
      </trkpt>
      <trkpt lat="38.755822317" lon="115.493664192">
        <ele>12.231</ele>
        <time>2025-11-12T04:47:01.000Z</time>
      </trkpt>
      <trkpt lat="38.738033068" lon="115.396420201">
        <ele>22.815</ele>
        <time>2025-11-12T05:15:56.000Z</time>
      </trkpt>
      <trkpt lat="38.65175793" lon="115.204072623">
        <ele>41.671</ele>
        <time>2025-11-12T05:29:57.000Z</time>
      </trkpt>
      <trkpt lat="38.527337546" lon="115.03876498">
        <ele>50.77</ele>
        <time>2025-11-12T05:44:27.000Z</time>
      </trkpt>
      <trkpt lat="38.432369409" lon="114.858280644">
        <ele>63.899</ele>
        <time>2025-11-12T05:59:11.000Z</time>
      </trkpt>
      <trkpt lat="38.284913334" lon="114.754737821">
        <ele>62.445</ele>
        <time>2025-11-12T06:13:54.000Z</time>
      </trkpt>
      <trkpt lat="38.108132458" lon="114.778849455">
        <ele>54.723</ele>
        <time>2025-11-12T06:28:39.000Z</time>
      </trkpt>
      <trkpt lat="37.936377791" lon="114.742425894">
        <ele>51.715</ele>
        <time>2025-11-12T06:43:23.000Z</time>
      </trkpt>
      <trkpt lat="37.786047561" lon="114.676898103">
        <ele>45.481</ele>
        <time>2025-11-12T06:58:06.000Z</time>
      </trkpt>
      <trkpt lat="37.734696243" lon="114.659069822">
        <ele>47.651</ele>
        <time>2025-11-12T07:12:51.000Z</time>
      </trkpt>
      <trkpt lat="37.723160656" lon="114.65579004">
        <ele>43.844</ele>
        <time>2025-11-13T01:31:15.000Z</time>
      </trkpt>
      <trkpt lat="37.653553728" lon="114.638357191">
        <ele>48.793</ele>
        <time>2025-11-13T01:37:14.000Z</time>
      </trkpt>
      <trkpt lat="37.6383293" lon="114.55659315">
        <ele>57.011</ele>
        <time>2025-11-13T01:44:28.000Z</time>
      </trkpt>
      <trkpt lat="37.641508975" lon="114.438195583">
        <ele>108.623</ele>
        <time>2025-11-13T01:52:45.000Z</time>
      </trkpt>
      <trkpt lat="37.654474438" lon="114.313139264">
        <ele>206.086</ele>
        <time>2025-11-13T02:03:48.000Z</time>
      </trkpt>
      <trkpt lat="37.855856745" lon="114.251089376">
        <ele>293.604</ele>
        <time>2025-11-13T02:23:11.000Z</time>
      </trkpt>
      <trkpt lat="37.973161773" lon="114.144750852">
        <ele>348.157</ele>
        <time>2025-11-13T02:38:11.000Z</time>
      </trkpt>
      <trkpt lat="37.954580225" lon="113.953607753">
        <ele>484.418</ele>
        <time>2025-11-13T02:53:13.000Z</time>
      </trkpt>
      <trkpt lat="37.84016936" lon="113.835741985">
        <ele>880.28</ele>
        <time>2025-11-13T03:08:12.000Z</time>
      </trkpt>
      <trkpt lat="37.785674902" lon="113.752244599">
        <ele>739.129</ele>
        <time>2025-11-13T03:18:49.000Z</time>
      </trkpt>
      <trkpt lat="37.781317192" lon="113.723397094">
        <ele>679.742</ele>
        <time>2025-11-13T03:38:13.000Z</time>
      </trkpt>
      <trkpt lat="37.779202452" lon="113.713912493">
        <ele>668.465</ele>
        <time>2025-11-13T03:53:57.000Z</time>
      </trkpt>
      <trkpt lat="37.781073991" lon="113.654388478">
        <ele>682.799</ele>
        <time>2025-11-13T03:59:06.000Z</time>
      </trkpt>
      <trkpt lat="37.860019156" lon="113.342671618">
        <ele>962.833</ele>
        <time>2025-11-13T04:28:24.000Z</time>
      </trkpt>
      <trkpt lat="37.88765362" lon="113.153306907">
        <ele>1040.021</ele>
        <time>2025-11-13T04:43:33.000Z</time>
      </trkpt>
      <trkpt lat="37.890368644" lon="112.952347677">
        <ele>1158.34</ele>
        <time>2025-11-13T04:58:30.000Z</time>
      </trkpt>
      <trkpt lat="37.834927466" lon="112.877491478">
        <ele>1224.424</ele>
        <time>2025-11-13T05:13:40.000Z</time>
      </trkpt>
      <trkpt lat="37.82830773" lon="112.873643016">
        <ele>1199.804</ele>
        <time>2025-11-13T06:15:56.000Z</time>
      </trkpt>
      <trkpt lat="37.768516811" lon="112.803507121">
        <ele>993.339</ele>
        <time>2025-11-13T06:24:45.000Z</time>
      </trkpt>
      <trkpt lat="37.602788731" lon="112.768646032">
        <ele>864.966</ele>
        <time>2025-11-13T06:39:54.000Z</time>
      </trkpt>
      <trkpt lat="37.524299741" lon="112.655135522">
        <ele>796.554</ele>
        <time>2025-11-13T06:50:17.000Z</time>
      </trkpt>
      <trkpt lat="37.497192132" lon="112.581501268">
        <ele>777.874</ele>
        <time>2025-11-13T06:55:37.000Z</time>
      </trkpt>
      <trkpt lat="37.478564903" lon="112.502771644">
        <ele>765.708</ele>
        <time>2025-11-13T07:10:59.000Z</time>
      </trkpt>
      <trkpt lat="37.458865712" lon="112.452016706">
        <ele>764.26</ele>
        <time>2025-11-13T07:27:57.000Z</time>
      </trkpt>
      <trkpt lat="37.386619323" lon="112.281761225">
        <ele>751.623</ele>
        <time>2025-11-13T07:42:51.000Z</time>
      </trkpt>
      <trkpt lat="37.213558332" lon="112.239130569">
        <ele>764.895</ele>
        <time>2025-11-13T07:57:53.000Z</time>
      </trkpt>
      <trkpt lat="37.172224428" lon="112.18015754">
        <ele>778.575</ele>
        <time>2025-11-13T08:05:30.000Z</time>
      </trkpt>
      <trkpt lat="37.234458737" lon="112.25082513">
        <ele>764</ele>
        <time>2025-11-13T08:30:16.000Z</time>
      </trkpt>
      <trkpt lat="37.410317981" lon="112.289635772">
        <ele>753.734</ele>
        <time>2025-11-13T08:45:23.000Z</time>
      </trkpt>
      <trkpt lat="37.477411344" lon="112.502708193">
        <ele>765.49</ele>
        <time>2025-11-13T09:00:32.000Z</time>
      </trkpt>
      <trkpt lat="37.497740225" lon="112.564080153">
        <ele>777.512</ele>
        <time>2025-11-13T09:13:44.000Z</time>
      </trkpt>
      <trkpt lat="37.479529744" lon="112.502132692">
        <ele>766</ele>
        <time>2025-11-14T02:17:45.000Z</time>
      </trkpt>
      <trkpt lat="37.413274949" lon="112.305449993">
        <ele>756.46</ele>
        <time>2025-11-14T03:05:22.000Z</time>
      </trkpt>
      <trkpt lat="37.256211877" lon="112.253975636">
        <ele>761.088</ele>
        <time>2025-11-14T03:20:49.000Z</time>
      </trkpt>
      <trkpt lat="37.180841882" lon="112.177601494">
        <ele>773.623</ele>
        <time>2025-11-14T03:35:47.000Z</time>
      </trkpt>
      <trkpt lat="37.193135544" lon="112.175588926">
        <ele>762</ele>
        <time>2025-11-14T03:40:49.000Z</time>
      </trkpt>
      <trkpt lat="37.194031519" lon="112.176301293">
        <ele>763.18</ele>
        <time>2025-11-14T06:31:01.000Z</time>
      </trkpt>
      <trkpt lat="37.193844633" lon="112.175954972">
        <ele>762.841</ele>
        <time>2025-11-14T13:47:19.000Z</time>
      </trkpt>
      <trkpt lat="37.175127509" lon="112.178742083">
        <ele>777.173</ele>
        <time>2025-11-16T01:10:55.000Z</time>
      </trkpt>
      <trkpt lat="37.145277131" lon="112.139838087">
        <ele>781.998</ele>
        <time>2025-11-16T01:22:49.000Z</time>
      </trkpt>
      <trkpt lat="37.106444403" lon="112.183929831">
        <ele>878.482</ele>
        <time>2025-11-16T01:31:11.000Z</time>
      </trkpt>
      <trkpt lat="37.108170272" lon="112.551349817">
        <ele>1267.828</ele>
        <time>2025-11-16T02:01:37.000Z</time>
      </trkpt>
      <trkpt lat="37.077265483" lon="112.728170623">
        <ele>1057.107</ele>
        <time>2025-11-16T02:16:36.000Z</time>
      </trkpt>
      <trkpt lat="37.085660552" lon="112.752149189">
        <ele>1046.493</ele>
        <time>2025-11-16T02:29:38.000Z</time>
      </trkpt>
      <trkpt lat="37.096462082" lon="112.921483719">
        <ele>1010.605</ele>
        <time>2025-11-16T02:57:41.000Z</time>
      </trkpt>
      <trkpt lat="36.95216286" lon="112.924299063">
        <ele>968.359</ele>
        <time>2025-11-16T03:12:42.000Z</time>
      </trkpt>
      <trkpt lat="36.799741429" lon="112.881941199">
        <ele>1032.564</ele>
        <time>2025-11-16T03:27:41.000Z</time>
      </trkpt>
      <trkpt lat="36.745827394" lon="112.891695807">
        <ele>1160.726</ele>
        <time>2025-11-16T03:32:44.000Z</time>
      </trkpt>
      <trkpt lat="36.58204831" lon="112.928116756">
        <ele>1046.221</ele>
        <time>2025-11-16T03:48:10.000Z</time>
      </trkpt>
      <trkpt lat="36.438258996" lon="112.943114709">
        <ele>943.966</ele>
        <time>2025-11-16T04:03:09.000Z</time>
      </trkpt>
      <trkpt lat="36.26448611" lon="112.98681827">
        <ele>907.454</ele>
        <time>2025-11-16T04:18:09.000Z</time>
      </trkpt>
      <trkpt lat="36.148273591" lon="113.037166571">
        <ele>937.2</ele>
        <time>2025-11-16T04:29:21.000Z</time>
      </trkpt>
      <trkpt lat="35.976766912" lon="113.035078918">
        <ele>1009.29</ele>
        <time>2025-11-16T04:44:56.000Z</time>
      </trkpt>
      <trkpt lat="35.811503227" lon="112.953310004">
        <ele>874.243</ele>
        <time>2025-11-16T05:00:18.000Z</time>
      </trkpt>
      <trkpt lat="35.742474818" lon="112.96753292">
        <ele>839.181</ele>
        <time>2025-11-16T05:13:48.000Z</time>
      </trkpt>
      <trkpt lat="35.7085384" lon="112.991210521">
        <ele>873.832</ele>
        <time>2025-11-16T06:01:14.000Z</time>
      </trkpt>
      <trkpt lat="35.751962923" lon="113.177336985">
        <ele>1092.414</ele>
        <time>2025-11-16T06:15:09.000Z</time>
      </trkpt>
      <trkpt lat="35.737455535" lon="113.360350126">
        <ele>1310.405</ele>
        <time>2025-11-16T06:28:38.000Z</time>
      </trkpt>
      <trkpt lat="35.689145166" lon="113.524151962">
        <ele>1210.666</ele>
        <time>2025-11-16T06:42:09.000Z</time>
      </trkpt>
      <trkpt lat="35.717572072" lon="113.630018065">
        <ele>1050.984</ele>
        <time>2025-11-16T06:55:39.000Z</time>
      </trkpt>
      <trkpt lat="35.700468581" lon="113.699646102">
        <ele>513.133</ele>
        <time>2025-11-16T07:22:38.000Z</time>
      </trkpt>
      <trkpt lat="35.726462771" lon="113.73573393">
        <ele>409.358</ele>
        <time>2025-11-16T07:36:09.000Z</time>
      </trkpt>
      <trkpt lat="35.768136136" lon="113.705017269">
        <ele>450.648</ele>
        <time>2025-11-16T07:49:39.000Z</time>
      </trkpt>
      <trkpt lat="35.736963935" lon="113.637584883">
        <ele>569.364</ele>
        <time>2025-11-16T08:03:07.000Z</time>
      </trkpt>
      <trkpt lat="35.736226125" lon="113.639118309">
        <ele>559.756</ele>
        <time>2025-11-16T09:14:04.000Z</time>
      </trkpt>
      <trkpt lat="35.756153413" lon="113.682462406">
        <ele>479.842</ele>
        <time>2025-11-18T01:52:11.000Z</time>
      </trkpt>
      <trkpt lat="35.772207147" lon="113.704230543">
        <ele>449.716</ele>
        <time>2025-11-18T01:57:39.000Z</time>
      </trkpt>
      <trkpt lat="35.723411143" lon="113.714571716">
        <ele>414.67</ele>
        <time>2025-11-18T02:11:36.000Z</time>
      </trkpt>
      <trkpt lat="35.609909445" lon="113.688575579">
        <ele>282.157</ele>
        <time>2025-11-18T02:24:38.000Z</time>
      </trkpt>
      <trkpt lat="35.498065352" lon="113.711935273">
        <ele>94.999</ele>
        <time>2025-11-18T02:37:39.000Z</time>
      </trkpt>
      <trkpt lat="35.42152944" lon="113.757634917">
        <ele>80.232</ele>
        <time>2025-11-18T02:51:39.000Z</time>
      </trkpt>
      <trkpt lat="35.318190632" lon="113.657274703">
        <ele>75.908</ele>
        <time>2025-11-18T03:05:39.000Z</time>
      </trkpt>
      <trkpt lat="35.216333284" lon="113.495343961">
        <ele>82.609</ele>
        <time>2025-11-18T03:19:39.000Z</time>
      </trkpt>
      <trkpt lat="35.16051326" lon="113.334911494">
        <ele>91.049</ele>
        <time>2025-11-18T03:32:40.000Z</time>
      </trkpt>
      <trkpt lat="35.141334781" lon="113.26210116">
        <ele>94.454</ele>
        <time>2025-11-18T04:29:07.000Z</time>
      </trkpt>
      <trkpt lat="35.102026714" lon="113.044051062">
        <ele>115.704</ele>
        <time>2025-11-18T04:44:15.000Z</time>
      </trkpt>
      <trkpt lat="35.056043468" lon="112.862956189">
        <ele>117.156</ele>
        <time>2025-11-18T04:57:45.000Z</time>
      </trkpt>
      <trkpt lat="35.056529073" lon="112.677873205">
        <ele>134.827</ele>
        <time>2025-11-18T05:12:28.000Z</time>
      </trkpt>
      <trkpt lat="34.890971272" lon="112.628667913">
        <ele>122.497</ele>
        <time>2025-11-18T05:27:12.000Z</time>
      </trkpt>
      <trkpt lat="34.758003443" lon="112.571632415">
        <ele>175.779</ele>
        <time>2025-11-18T05:40:58.000Z</time>
      </trkpt>
      <trkpt lat="34.614024223" lon="112.524880758">
        <ele>132.22</ele>
        <time>2025-11-18T05:54:07.000Z</time>
      </trkpt>
      <trkpt lat="34.570033983" lon="112.482555583">
        <ele>147.502</ele>
        <time>2025-11-18T06:06:47.000Z</time>
      </trkpt>
      <trkpt lat="34.568073184" lon="112.483477443">
        <ele>148.934</ele>
        <time>2025-11-18T12:17:33.000Z</time>
      </trkpt>
      <trkpt lat="34.621041259" lon="112.432302637">
        <ele>145</ele>
        <time>2025-11-20T01:23:50.000Z</time>
      </trkpt>
      <trkpt lat="34.740630691" lon="112.423331738">
        <ele>234.007</ele>
        <time>2025-11-20T01:38:32.000Z</time>
      </trkpt>
      <trkpt lat="34.752919401" lon="112.395657311">
        <ele>247.941</ele>
        <time>2025-11-20T01:47:07.000Z</time>
      </trkpt>
      <trkpt lat="34.753229991" lon="112.231916394">
        <ele>293.202</ele>
        <time>2025-11-20T01:58:38.000Z</time>
      </trkpt>
      <trkpt lat="34.759076973" lon="112.033710781">
        <ele>375.39</ele>
        <time>2025-11-20T02:12:55.000Z</time>
      </trkpt>
      <trkpt lat="34.751413691" lon="111.944276265">
        <ele>442.592</ele>
        <time>2025-11-20T02:27:40.000Z</time>
      </trkpt>
      <trkpt lat="34.759677728" lon="111.907688202">
        <ele>502.847</ele>
        <time>2025-11-20T02:42:22.000Z</time>
      </trkpt>
      <trkpt lat="34.775513029" lon="111.72330997">
        <ele>530.704</ele>
        <time>2025-11-20T02:56:28.000Z</time>
      </trkpt>
      <trkpt lat="34.701566496" lon="111.579964087">
        <ele>682.376</ele>
        <time>2025-11-20T03:09:59.000Z</time>
      </trkpt>
      <trkpt lat="34.716526307" lon="111.408903357">
        <ele>728.979</ele>
        <time>2025-11-20T03:22:44.000Z</time>
      </trkpt>
      <trkpt lat="34.750150443" lon="111.200396449">
        <ele>468.537</ele>
        <time>2025-11-20T03:37:45.000Z</time>
      </trkpt>
      <trkpt lat="34.713455816" lon="111.017523968">
        <ele>346.537</ele>
        <time>2025-11-20T03:51:16.000Z</time>
      </trkpt>
      <trkpt lat="34.620744627" lon="110.865389399">
        <ele>455.585</ele>
        <time>2025-11-20T04:05:42.000Z</time>
      </trkpt>
      <trkpt lat="34.573758551" lon="110.756489092">
        <ele>358.638</ele>
        <time>2025-11-20T04:20:50.000Z</time>
      </trkpt>
      <trkpt lat="34.577931125" lon="110.546937601">
        <ele>426.656</ele>
        <time>2025-11-20T05:16:41.000Z</time>
      </trkpt>
      <trkpt lat="34.57907579" lon="110.48694689">
        <ele>350.357</ele>
        <time>2025-11-20T05:30:41.000Z</time>
      </trkpt>
      <trkpt lat="34.603982912" lon="110.309134545">
        <ele>383.815</ele>
        <time>2025-11-20T05:45:27.000Z</time>
      </trkpt>
      <trkpt lat="34.5808256" lon="110.125438096">
        <ele>371.672</ele>
        <time>2025-11-20T05:58:55.000Z</time>
      </trkpt>
      <trkpt lat="34.543659319" lon="109.944954598">
        <ele>339.972</ele>
        <time>2025-11-20T06:12:05.000Z</time>
      </trkpt>
      <trkpt lat="34.499906627" lon="109.728962219">
        <ele>356.336</ele>
        <time>2025-11-20T06:27:10.000Z</time>
      </trkpt>
      <trkpt lat="34.493751295" lon="109.551688723">
        <ele>388.119</ele>
        <time>2025-11-20T06:41:53.000Z</time>
      </trkpt>
      <trkpt lat="34.479510854" lon="109.356071586">
        <ele>388.034</ele>
        <time>2025-11-20T06:56:38.000Z</time>
      </trkpt>
      <trkpt lat="34.409156422" lon="109.247955464">
        <ele>401.256</ele>
        <time>2025-11-20T07:11:23.000Z</time>
      </trkpt>
      <trkpt lat="34.394196407" lon="109.280191055">
        <ele>460.893</ele>
        <time>2025-11-20T07:24:18.000Z</time>
      </trkpt>
      <trkpt lat="34.393876625" lon="109.280245303">
        <ele>462.888</ele>
        <time>2025-11-20T12:11:42.000Z</time>
      </trkpt>
      <trkpt lat="34.398684324" lon="109.281712708">
        <ele>456.068</ele>
        <time>2025-11-21T06:19:18.000Z</time>
      </trkpt>
      <trkpt lat="34.357522815" lon="109.158719843">
        <ele>451.359</ele>
        <time>2025-11-21T06:32:46.000Z</time>
      </trkpt>
      <trkpt lat="34.301126269" lon="109.044446172">
        <ele>395.054</ele>
        <time>2025-11-21T06:46:16.000Z</time>
      </trkpt>
      <trkpt lat="34.31157955" lon="108.958076108">
        <ele>395.678</ele>
        <time>2025-11-21T06:59:48.000Z</time>
      </trkpt>
      <trkpt lat="34.301326219" lon="108.904100927">
        <ele>397.495</ele>
        <time>2025-11-21T07:13:16.000Z</time>
      </trkpt>
      <trkpt lat="34.297670898" lon="108.900863294">
        <ele>400.549</ele>
        <time>2025-11-25T01:20:45.000Z</time>
      </trkpt>
      <trkpt lat="34.289644219" lon="108.862159525">
        <ele>395.838</ele>
        <time>2025-11-25T01:25:46.000Z</time>
      </trkpt>
      <trkpt lat="34.309180608" lon="108.842163575">
        <ele>387.889</ele>
        <time>2025-11-25T01:30:46.000Z</time>
      </trkpt>
      <trkpt lat="34.337010529" lon="108.840943648">
        <ele>384.033</ele>
        <time>2025-11-25T01:35:47.000Z</time>
      </trkpt>
      <trkpt lat="34.343347247" lon="108.82940344">
        <ele>380.767</ele>
        <time>2025-11-25T01:40:48.000Z</time>
      </trkpt>
      <trkpt lat="34.306744018" lon="108.782970625">
        <ele>382.083</ele>
        <time>2025-11-25T01:45:48.000Z</time>
      </trkpt>
      <trkpt lat="34.253223173" lon="108.791018659">
        <ele>392.068</ele>
        <time>2025-11-25T01:50:49.000Z</time>
      </trkpt>
      <trkpt lat="34.199638513" lon="108.814690429">
        <ele>403.08</ele>
        <time>2025-11-25T01:55:49.000Z</time>
      </trkpt>
      <trkpt lat="34.167915977" lon="108.769901287">
        <ele>410.502</ele>
        <time>2025-11-25T02:00:50.000Z</time>
      </trkpt>
      <trkpt lat="34.142858775" lon="108.705578212">
        <ele>407.139</ele>
        <time>2025-11-25T02:05:50.000Z</time>
      </trkpt>
      <trkpt lat="34.098158131" lon="108.659038592">
        <ele>411.738</ele>
        <time>2025-11-25T02:10:51.000Z</time>
      </trkpt>
      <trkpt lat="34.083944619" lon="108.590574918">
        <ele>412.986</ele>
        <time>2025-11-25T02:15:51.000Z</time>
      </trkpt>
      <trkpt lat="34.039179168" lon="108.543599174">
        <ele>489</ele>
        <time>2025-11-25T02:20:51.000Z</time>
      </trkpt>
      <trkpt lat="33.992218253" lon="108.528280967">
        <ele>593.823</ele>
        <time>2025-11-25T02:25:52.000Z</time>
      </trkpt>
      <trkpt lat="33.946418737" lon="108.525128805">
        <ele>725.885</ele>
        <time>2025-11-25T02:30:52.000Z</time>
      </trkpt>
      <trkpt lat="33.909946451" lon="108.511503155">
        <ele>863.405</ele>
        <time>2025-11-25T02:35:53.000Z</time>
      </trkpt>
      <trkpt lat="33.875817624" lon="108.500865961">
        <ele>1007.1</ele>
        <time>2025-11-25T02:40:53.000Z</time>
      </trkpt>
      <trkpt lat="33.834325305" lon="108.51092494">
        <ele>1174.1</ele>
        <time>2025-11-25T02:45:53.000Z</time>
      </trkpt>
      <trkpt lat="33.778176673" lon="108.486087677">
        <ele>1408.028</ele>
        <time>2025-11-25T02:54:17.000Z</time>
      </trkpt>
      <trkpt lat="33.612145437" lon="108.433059845">
        <ele>1374.836</ele>
        <time>2025-11-25T04:06:56.000Z</time>
      </trkpt>
      <trkpt lat="33.503469285" lon="108.31543576">
        <ele>983.466</ele>
        <time>2025-11-25T04:21:54.000Z</time>
      </trkpt>
      <trkpt lat="33.41128675" lon="108.230717552">
        <ele>697.793</ele>
        <time>2025-11-25T04:36:55.000Z</time>
      </trkpt>
      <trkpt lat="33.401287428" lon="108.227026682">
        <ele>706.934</ele>
        <time>2025-11-25T04:50:24.000Z</time>
      </trkpt>
      <trkpt lat="33.378138919" lon="108.187434711">
        <ele>678.237</ele>
        <time>2025-11-25T05:21:12.000Z</time>
      </trkpt>
      <trkpt lat="33.308398497" lon="108.050655911">
        <ele>554.728</ele>
        <time>2025-11-25T05:36:13.000Z</time>
      </trkpt>
      <trkpt lat="33.284569429" lon="107.904336434">
        <ele>688.299</ele>
        <time>2025-11-25T05:51:11.000Z</time>
      </trkpt>
      <trkpt lat="33.257876079" lon="107.728746932">
        <ele>609.993</ele>
        <time>2025-11-25T06:06:12.000Z</time>
      </trkpt>
      <trkpt lat="33.203648105" lon="107.560427198">
        <ele>461.538</ele>
        <time>2025-11-25T06:21:12.000Z</time>
      </trkpt>
      <trkpt lat="33.160459553" lon="107.426425796">
        <ele>473.457</ele>
        <time>2025-11-25T06:34:41.000Z</time>
      </trkpt>
      <trkpt lat="33.093268122" lon="107.25643334">
        <ele>482.197</ele>
        <time>2025-11-25T06:48:11.000Z</time>
      </trkpt>
      <trkpt lat="33.025200698" lon="107.056816388">
        <ele>500.389</ele>
        <time>2025-11-25T07:03:11.000Z</time>
      </trkpt>
      <trkpt lat="33.054996938" lon="106.846742509">
        <ele>560.989</ele>
        <time>2025-11-25T07:18:11.000Z</time>
      </trkpt>
      <trkpt lat="33.057967275" lon="106.648900677">
        <ele>582</ele>
        <time>2025-11-25T07:33:11.000Z</time>
      </trkpt>
      <trkpt lat="33.057863507" lon="106.648511086">
        <ele>581</ele>
        <time>2025-11-25T07:33:13.000Z</time>
      </trkpt>
      <trkpt lat="33.057753244" lon="106.648109006">
        <ele>580.175</ele>
        <time>2025-11-25T07:33:18.000Z</time>
      </trkpt>
      <trkpt lat="33.057794066" lon="106.647736209">
        <ele>580</ele>
        <time>2025-11-25T07:33:32.000Z</time>
      </trkpt>
      <trkpt lat="33.058039032" lon="106.64746765">
        <ele>580</ele>
        <time>2025-11-25T07:33:46.000Z</time>
      </trkpt>
      <trkpt lat="32.973664063" lon="106.506056031">
        <ele>757.93</ele>
        <time>2025-11-25T07:48:43.000Z</time>
      </trkpt>
      <trkpt lat="32.866846933" lon="106.405145042">
        <ele>749.008</ele>
        <time>2025-11-25T08:03:44.000Z</time>
      </trkpt>
      <trkpt lat="32.806503852" lon="106.230499875">
        <ele>829.985</ele>
        <time>2025-11-25T08:18:44.000Z</time>
      </trkpt>
      <trkpt lat="32.806330895" lon="106.230107986">
        <ele>827.853</ele>
        <time>2025-11-25T08:18:45.000Z</time>
      </trkpt>
      <trkpt lat="32.806094545" lon="106.229573406">
        <ele>831.715</ele>
        <time>2025-11-25T08:18:47.000Z</time>
      </trkpt>
      <trkpt lat="32.805930921" lon="106.229117875">
        <ele>834.008</ele>
        <time>2025-11-25T08:18:49.000Z</time>
      </trkpt>
      <trkpt lat="32.805749775" lon="106.228541074">
        <ele>836.352</ele>
        <time>2025-11-25T08:18:52.000Z</time>
      </trkpt>
      <trkpt lat="32.805579397" lon="106.228088556">
        <ele>836.131</ele>
        <time>2025-11-25T08:18:54.000Z</time>
      </trkpt>
      <trkpt lat="32.805403518" lon="106.227640808">
        <ele>832.021</ele>
        <time>2025-11-25T08:18:56.000Z</time>
      </trkpt>
      <trkpt lat="32.805220977" lon="106.227196956">
        <ele>827.223</ele>
        <time>2025-11-25T08:18:58.000Z</time>
      </trkpt>
      <trkpt lat="32.805020598" lon="106.226760866">
        <ele>831.446</ele>
        <time>2025-11-25T08:19:00.000Z</time>
      </trkpt>
      <trkpt lat="32.804812098" lon="106.226330025">
        <ele>838.562</ele>
        <time>2025-11-25T08:19:02.000Z</time>
      </trkpt>
      <trkpt lat="32.804589093" lon="106.225903621">
        <ele>838.107</ele>
        <time>2025-11-25T08:19:04.000Z</time>
      </trkpt>
      <trkpt lat="32.722779013" lon="106.089722389">
        <ele>691.947</ele>
        <time>2025-11-25T08:34:16.000Z</time>
      </trkpt>
      <trkpt lat="32.722829589" lon="106.08911769">
        <ele>683.145</ele>
        <time>2025-11-25T08:34:19.000Z</time>
      </trkpt>
      <trkpt lat="32.722989419" lon="106.088596433">
        <ele>675.325</ele>
        <time>2025-11-25T08:34:21.000Z</time>
      </trkpt>
      <trkpt lat="32.723106514" lon="106.08815454">
        <ele>672.16</ele>
        <time>2025-11-25T08:34:23.000Z</time>
      </trkpt>
      <trkpt lat="32.723216359" lon="106.087719351">
        <ele>674.7</ele>
        <time>2025-11-25T08:34:25.000Z</time>
      </trkpt>
      <trkpt lat="32.723323605" lon="106.087283325">
        <ele>680.235</ele>
        <time>2025-11-25T08:34:27.000Z</time>
      </trkpt>
      <trkpt lat="32.723423328" lon="106.086837622">
        <ele>679.124</ele>
        <time>2025-11-25T08:34:29.000Z</time>
      </trkpt>
      <trkpt lat="32.723502718" lon="106.086393341">
        <ele>670.1</ele>
        <time>2025-11-25T08:34:31.000Z</time>
      </trkpt>
      <trkpt lat="32.723558148" lon="106.085959944">
        <ele>671.029</ele>
        <time>2025-11-25T08:34:33.000Z</time>
      </trkpt>
      <trkpt lat="32.723592322" lon="106.085513725">
        <ele>674.597</ele>
        <time>2025-11-25T08:34:35.000Z</time>
      </trkpt>
      <trkpt lat="32.723596412" lon="106.085064959">
        <ele>678.732</ele>
        <time>2025-11-25T08:34:37.000Z</time>
      </trkpt>
      <trkpt lat="32.723579972" lon="106.08461477">
        <ele>683.378</ele>
        <time>2025-11-25T08:34:39.000Z</time>
      </trkpt>
      <trkpt lat="32.723532482" lon="106.084175885">
        <ele>686.519</ele>
        <time>2025-11-25T08:34:41.000Z</time>
      </trkpt>
      <trkpt lat="32.723465055" lon="106.083757611">
        <ele>691.278</ele>
        <time>2025-11-25T08:34:43.000Z</time>
      </trkpt>
      <trkpt lat="32.723374033" lon="106.083341062">
        <ele>699.747</ele>
        <time>2025-11-25T08:34:45.000Z</time>
      </trkpt>
      <trkpt lat="32.723257298" lon="106.082921174">
        <ele>704.677</ele>
        <time>2025-11-25T08:34:47.000Z</time>
      </trkpt>
      <trkpt lat="32.723129818" lon="106.082503651">
        <ele>699.445</ele>
        <time>2025-11-25T08:34:49.000Z</time>
      </trkpt>
      <trkpt lat="32.722962465" lon="106.08210109">
        <ele>695.022</ele>
        <time>2025-11-25T08:34:51.000Z</time>
      </trkpt>
      <trkpt lat="32.722793503" lon="106.081706055">
        <ele>693.961</ele>
        <time>2025-11-25T08:34:53.000Z</time>
      </trkpt>
      <trkpt lat="32.722609319" lon="106.081316356">
        <ele>696.989</ele>
        <time>2025-11-25T08:34:55.000Z</time>
      </trkpt>
      <trkpt lat="32.722413296" lon="106.080941029">
        <ele>696.932</ele>
        <time>2025-11-25T08:34:57.000Z</time>
      </trkpt>
      <trkpt lat="32.722199503" lon="106.08057424">
        <ele>695.929</ele>
        <time>2025-11-25T08:34:59.000Z</time>
      </trkpt>
      <trkpt lat="32.721968299" lon="106.080216146">
        <ele>695.237</ele>
        <time>2025-11-25T08:35:01.000Z</time>
      </trkpt>
      <trkpt lat="32.721723827" lon="106.079861987">
        <ele>688.104</ele>
        <time>2025-11-25T08:35:03.000Z</time>
      </trkpt>
      <trkpt lat="32.721471815" lon="106.079527547">
        <ele>687.227</ele>
        <time>2025-11-25T08:35:05.000Z</time>
      </trkpt>
      <trkpt lat="32.72121115" lon="106.079216768">
        <ele>691.86</ele>
        <time>2025-11-25T08:35:07.000Z</time>
      </trkpt>
      <trkpt lat="32.720947407" lon="106.078924978">
        <ele>701.668</ele>
        <time>2025-11-25T08:35:09.000Z</time>
      </trkpt>
      <trkpt lat="32.720673776" lon="106.078640184">
        <ele>707.737</ele>
        <time>2025-11-25T08:35:11.000Z</time>
      </trkpt>
      <trkpt lat="32.720381753" lon="106.078367218">
        <ele>703.558</ele>
        <time>2025-11-25T08:35:13.000Z</time>
      </trkpt>
      <trkpt lat="32.720085592" lon="106.078119235">
        <ele>687.757</ele>
        <time>2025-11-25T08:35:15.000Z</time>
      </trkpt>
      <trkpt lat="32.705704977" lon="106.043987605">
        <ele>676.325</ele>
        <time>2025-11-25T08:50:18.000Z</time>
      </trkpt>
      <trkpt lat="32.677283125" lon="105.98125036">
        <ele>665.816</ele>
        <time>2025-11-26T01:03:00.000Z</time>
      </trkpt>
      <trkpt lat="32.603535228" lon="105.871751063">
        <ele>496.722</ele>
        <time>2025-11-26T01:17:19.000Z</time>
      </trkpt>
      <trkpt lat="32.46954348" lon="105.81929472">
        <ele>509.738</ele>
        <time>2025-11-26T01:32:18.000Z</time>
      </trkpt>
      <trkpt lat="32.358018401" lon="105.693343326">
        <ele>465.196</ele>
        <time>2025-11-26T01:47:19.000Z</time>
      </trkpt>
      <trkpt lat="32.295110361" lon="105.539818229">
        <ele>574.583</ele>
        <time>2025-11-26T02:02:20.000Z</time>
      </trkpt>
      <trkpt lat="32.272748773" lon="105.468499901">
        <ele>588.741</ele>
        <time>2025-11-26T02:17:21.000Z</time>
      </trkpt>
      <trkpt lat="32.27269944" lon="105.468111112">
        <ele>588.702</ele>
        <time>2025-11-26T02:17:23.000Z</time>
      </trkpt>
      <trkpt lat="32.27256379" lon="105.46761367">
        <ele>597.322</ele>
        <time>2025-11-26T02:17:25.000Z</time>
      </trkpt>
      <trkpt lat="32.272382786" lon="105.467232442">
        <ele>600.232</ele>
        <time>2025-11-26T02:17:27.000Z</time>
      </trkpt>
      <trkpt lat="32.272169435" lon="105.466866041">
        <ele>600.686</ele>
        <time>2025-11-26T02:17:29.000Z</time>
      </trkpt>
      <trkpt lat="32.271917844" lon="105.466522509">
        <ele>598.299</ele>
        <time>2025-11-26T02:17:31.000Z</time>
      </trkpt>
      <trkpt lat="32.271644833" lon="105.466210773">
        <ele>599.241</ele>
        <time>2025-11-26T02:17:33.000Z</time>
      </trkpt>
      <trkpt lat="32.271342271" lon="105.465937581">
        <ele>604.051</ele>
        <time>2025-11-26T02:17:35.000Z</time>
      </trkpt>
      <trkpt lat="32.271018378" lon="105.465701118">
        <ele>606.864</ele>
        <time>2025-11-26T02:17:37.000Z</time>
      </trkpt>
      <trkpt lat="32.270672821" lon="105.465509517">
        <ele>613.755</ele>
        <time>2025-11-26T02:17:39.000Z</time>
      </trkpt>
      <trkpt lat="32.27031548" lon="105.465359852">
        <ele>613.382</ele>
        <time>2025-11-26T02:17:41.000Z</time>
      </trkpt>
      <trkpt lat="32.269964038" lon="105.465238373">
        <ele>606.755</ele>
        <time>2025-11-26T02:17:43.000Z</time>
      </trkpt>
      <trkpt lat="32.269612054" lon="105.465164543">
        <ele>600.438</ele>
        <time>2025-11-26T02:17:45.000Z</time>
      </trkpt>
      <trkpt lat="32.269264322" lon="105.465077462">
        <ele>595.296</ele>
        <time>2025-11-26T02:17:47.000Z</time>
      </trkpt>
      <trkpt lat="32.26892076" lon="105.464981352">
        <ele>591.471</ele>
        <time>2025-11-26T02:17:49.000Z</time>
      </trkpt>
      <trkpt lat="32.268574746" lon="105.46485354">
        <ele>589.185</ele>
        <time>2025-11-26T02:17:51.000Z</time>
      </trkpt>
      <trkpt lat="32.26823725" lon="105.464731307">
        <ele>586.901</ele>
        <time>2025-11-26T02:17:53.000Z</time>
      </trkpt>
      <trkpt lat="32.267916067" lon="105.464521597">
        <ele>586.397</ele>
        <time>2025-11-26T02:17:55.000Z</time>
      </trkpt>
      <trkpt lat="32.267618321" lon="105.464274962">
        <ele>588.076</ele>
        <time>2025-11-26T02:17:57.000Z</time>
      </trkpt>
      <trkpt lat="32.267327267" lon="105.463999154">
        <ele>590.713</ele>
        <time>2025-11-26T02:17:59.000Z</time>
      </trkpt>
      <trkpt lat="32.172788177" lon="105.310363378">
        <ele>725.922</ele>
        <time>2025-11-26T02:33:24.000Z</time>
      </trkpt>
      <trkpt lat="32.172596357" lon="105.310036484">
        <ele>721.747</ele>
        <time>2025-11-26T02:33:26.000Z</time>
      </trkpt>
      <trkpt lat="32.172326376" lon="105.309597524">
        <ele>720.283</ele>
        <time>2025-11-26T02:33:28.000Z</time>
      </trkpt>
      <trkpt lat="31.927260105" lon="105.03975112">
        <ele>581.086</ele>
        <time>2025-11-26T03:03:26.000Z</time>
      </trkpt>
      <trkpt lat="31.800102862" lon="104.887947394">
        <ele>624.909</ele>
        <time>2025-11-26T03:18:55.000Z</time>
      </trkpt>
      <trkpt lat="31.644884809" lon="104.782117233">
        <ele>563.967</ele>
        <time>2025-11-26T03:33:53.000Z</time>
      </trkpt>
      <trkpt lat="31.520024668" lon="104.659496276">
        <ele>569.821</ele>
        <time>2025-11-26T03:48:53.000Z</time>
      </trkpt>
      <trkpt lat="31.38163161" lon="104.551348686">
        <ele>529.332</ele>
        <time>2025-11-26T04:03:55.000Z</time>
      </trkpt>
      <trkpt lat="31.356199907" lon="104.527395973">
        <ele>524.175</ele>
        <time>2025-11-26T04:17:24.000Z</time>
      </trkpt>
      <trkpt lat="31.305409009" lon="104.465347163">
        <ele>535.612</ele>
        <time>2025-11-26T05:01:37.000Z</time>
      </trkpt>
      <trkpt lat="31.14513705" lon="104.421856832">
        <ele>503.209</ele>
        <time>2025-11-26T05:16:37.000Z</time>
      </trkpt>
      <trkpt lat="31.003802729" lon="104.340348902">
        <ele>465.231</ele>
        <time>2025-11-26T05:31:37.000Z</time>
      </trkpt>
      <trkpt lat="30.888300994" lon="104.221905191">
        <ele>479.258</ele>
        <time>2025-11-26T05:46:36.000Z</time>
      </trkpt>
      <trkpt lat="30.887965006" lon="104.221880129">
        <ele>480.883</ele>
        <time>2025-11-26T05:46:37.000Z</time>
      </trkpt>
      <trkpt lat="30.887618414" lon="104.2218119">
        <ele>484.198</ele>
        <time>2025-11-26T05:46:39.000Z</time>
      </trkpt>
      <trkpt lat="30.887279785" lon="104.22172037">
        <ele>486.599</ele>
        <time>2025-11-26T05:46:40.000Z</time>
      </trkpt>
      <trkpt lat="30.886942833" lon="104.221641328">
        <ele>485.182</ele>
        <time>2025-11-26T05:46:42.000Z</time>
      </trkpt>
      <trkpt lat="30.886593685" lon="104.221557509">
        <ele>485.523</ele>
        <time>2025-11-26T05:46:44.000Z</time>
      </trkpt>
      <trkpt lat="30.886240471" lon="104.221481988">
        <ele>484.44</ele>
        <time>2025-11-26T05:46:46.000Z</time>
      </trkpt>
      <trkpt lat="30.88588622" lon="104.221404352">
        <ele>483.899</ele>
        <time>2025-11-26T05:46:48.000Z</time>
      </trkpt>
      <trkpt lat="30.885526785" lon="104.221320964">
        <ele>483.768</ele>
        <time>2025-11-26T05:46:50.000Z</time>
      </trkpt>
      <trkpt lat="30.885167074" lon="104.221240487">
        <ele>481.28</ele>
        <time>2025-11-26T05:46:52.000Z</time>
      </trkpt>
      <trkpt lat="30.884805119" lon="104.221158234">
        <ele>480.881</ele>
        <time>2025-11-26T05:46:54.000Z</time>
      </trkpt>
      <trkpt lat="30.884442855" lon="104.22107531">
        <ele>481.123</ele>
        <time>2025-11-26T05:46:56.000Z</time>
      </trkpt>
      <trkpt lat="30.884079057" lon="104.220990806">
        <ele>480.118</ele>
        <time>2025-11-26T05:46:58.000Z</time>
      </trkpt>
      <trkpt lat="30.883713908" lon="104.220910369">
        <ele>480.633</ele>
        <time>2025-11-26T05:47:00.000Z</time>
      </trkpt>
      <trkpt lat="30.883352453" lon="104.220831816">
        <ele>483.863</ele>
        <time>2025-11-26T05:47:02.000Z</time>
      </trkpt>
      <trkpt lat="30.882990459" lon="104.220751021">
        <ele>483.157</ele>
        <time>2025-11-26T05:47:04.000Z</time>
      </trkpt>
      <trkpt lat="30.882634438" lon="104.220671235">
        <ele>482.202</ele>
        <time>2025-11-26T05:47:06.000Z</time>
      </trkpt>
      <trkpt lat="30.882324147" lon="104.220583739">
        <ele>481.303</ele>
        <time>2025-11-26T05:47:08.000Z</time>
      </trkpt>
      <trkpt lat="30.881994281" lon="104.220506001">
        <ele>481.821</ele>
        <time>2025-11-26T05:47:10.000Z</time>
      </trkpt>
      <trkpt lat="30.881662621" lon="104.220428931">
        <ele>481.499</ele>
        <time>2025-11-26T05:47:12.000Z</time>
      </trkpt>
      <trkpt lat="30.881323716" lon="104.220354214">
        <ele>478.49</ele>
        <time>2025-11-26T05:47:14.000Z</time>
      </trkpt>
      <trkpt lat="30.789455012" lon="104.183762334">
        <ele>482</ele>
        <time>2025-11-26T06:02:39.000Z</time>
      </trkpt>
      <trkpt lat="30.716481742" lon="104.134988192">
        <ele>509.986</ele>
        <time>2025-11-26T06:17:40.000Z</time>
      </trkpt>
      <trkpt lat="30.730342216" lon="104.141207522">
        <ele>519.347</ele>
        <time>2025-11-26T06:32:39.000Z</time>
      </trkpt>
      <trkpt lat="30.72965948" lon="104.140148871">
        <ele>514.536</ele>
        <time>2025-11-26T07:02:12.000Z</time>
      </trkpt>
      <trkpt lat="30.728237687" lon="104.145907861">
        <ele>504.52</ele>
        <time>2025-11-29T02:16:16.000Z</time>
      </trkpt>
      <trkpt lat="30.671288801" lon="104.160328543">
        <ele>499.462</ele>
        <time>2025-11-29T02:31:27.000Z</time>
      </trkpt>
      <trkpt lat="30.602882985" lon="104.126095658">
        <ele>518.013</ele>
        <time>2025-11-29T02:46:27.000Z</time>
      </trkpt>
      <trkpt lat="30.603331612" lon="104.143118485">
        <ele>519.317</ele>
        <time>2025-11-29T02:59:59.000Z</time>
      </trkpt>
      <trkpt lat="30.630029383" lon="104.13854357">
        <ele>511.843</ele>
        <time>2025-12-02T00:34:41.000Z</time>
      </trkpt>
      <trkpt lat="29.561242555" lon="106.5791229">
        <ele>291.991</ele>
        <time>2025-12-02T04:02:37.000Z</time>
      </trkpt>
      <trkpt lat="29.557273295" lon="106.49438859">
        <ele>193.837</ele>
        <time>2025-12-04T04:25:45.000Z</time>
      </trkpt>
      <trkpt lat="29.55669966" lon="106.456084583">
        <ele>252.809</ele>
        <time>2025-12-04T04:53:50.000Z</time>
      </trkpt>
      <trkpt lat="30.629912494" lon="104.13799589">
        <ele>508.356</ele>
        <time>2025-12-04T07:32:45.000Z</time>
      </trkpt>
      <trkpt lat="30.60371669" lon="104.144193297">
        <ele>511.24</ele>
        <time>2025-12-04T08:00:14.000Z</time>
      </trkpt>
      <trkpt lat="30.603310377" lon="104.14333038">
        <ele>517.113</ele>
        <time>2025-12-04T10:04:20.000Z</time>
      </trkpt>
      <trkpt lat="30.580747132" lon="104.10810669">
        <ele>487.494</ele>
        <time>2025-12-05T02:58:23.000Z</time>
      </trkpt>
      <trkpt lat="30.522318729" lon="104.109217627">
        <ele>495.058</ele>
        <time>2025-12-05T03:13:23.000Z</time>
      </trkpt>
      <trkpt lat="30.372515637" lon="104.115575552">
        <ele>518.759</ele>
        <time>2025-12-05T03:28:23.000Z</time>
      </trkpt>
      <trkpt lat="30.36781456" lon="104.034462839">
        <ele>463.801</ele>
        <time>2025-12-05T03:43:24.000Z</time>
      </trkpt>
      <trkpt lat="30.380428576" lon="103.86789859">
        <ele>449.108</ele>
        <time>2025-12-05T03:58:23.000Z</time>
      </trkpt>
      <trkpt lat="30.240989579" lon="103.844565824">
        <ele>434.438</ele>
        <time>2025-12-05T04:11:51.000Z</time>
      </trkpt>
      <trkpt lat="30.103155468" lon="103.809874384">
        <ele>418.742</ele>
        <time>2025-12-05T04:25:38.000Z</time>
      </trkpt>
      <trkpt lat="30.024068817" lon="103.777515292">
        <ele>421</ele>
        <time>2025-12-05T05:11:17.000Z</time>
      </trkpt>
      <trkpt lat="29.859592994" lon="103.724373691">
        <ele>443.373</ele>
        <time>2025-12-05T05:26:16.000Z</time>
      </trkpt>
      <trkpt lat="29.782155016" lon="103.672236236">
        <ele>464.254</ele>
        <time>2025-12-05T05:41:17.000Z</time>
      </trkpt>
      <trkpt lat="29.782137893" lon="103.671603611">
        <ele>463.842</ele>
        <time>2025-12-05T05:56:20.000Z</time>
      </trkpt>
      <trkpt lat="29.769551109" lon="103.676995651">
        <ele>457</ele>
        <time>2025-12-05T06:27:36.000Z</time>
      </trkpt>
      <trkpt lat="29.66756288" lon="103.668574439">
        <ele>401.286</ele>
        <time>2025-12-05T06:42:38.000Z</time>
      </trkpt>
      <trkpt lat="29.667248349" lon="103.668745346">
        <ele>404.836</ele>
        <time>2025-12-05T06:42:40.000Z</time>
      </trkpt>
      <trkpt lat="29.666769952" lon="103.669060841">
        <ele>407.026</ele>
        <time>2025-12-05T06:42:43.000Z</time>
      </trkpt>
      <trkpt lat="29.666424701" lon="103.669259744">
        <ele>408.513</ele>
        <time>2025-12-05T06:42:45.000Z</time>
      </trkpt>
      <trkpt lat="29.666076014" lon="103.669461412">
        <ele>409.473</ele>
        <time>2025-12-05T06:42:47.000Z</time>
      </trkpt>
      <trkpt lat="29.665725468" lon="103.669657892">
        <ele>413.222</ele>
        <time>2025-12-05T06:42:49.000Z</time>
      </trkpt>
      <trkpt lat="29.665369027" lon="103.669845981">
        <ele>416.441</ele>
        <time>2025-12-05T06:42:50.000Z</time>
      </trkpt>
      <trkpt lat="29.665007473" lon="103.670024051">
        <ele>415.143</ele>
        <time>2025-12-05T06:42:53.000Z</time>
      </trkpt>
      <trkpt lat="29.664642286" lon="103.670197679">
        <ele>415.316</ele>
        <time>2025-12-05T06:42:54.000Z</time>
      </trkpt>
      <trkpt lat="29.664272275" lon="103.670365281">
        <ele>413.25</ele>
        <time>2025-12-05T06:42:56.000Z</time>
      </trkpt>
      <trkpt lat="29.663901223" lon="103.670525843">
        <ele>414.844</ele>
        <time>2025-12-05T06:42:58.000Z</time>
      </trkpt>
      <trkpt lat="29.621525863" lon="103.80683586">
        <ele>385.193</ele>
        <time>2025-12-05T06:56:40.000Z</time>
      </trkpt>
      <trkpt lat="29.558499609" lon="103.78770601">
        <ele>398.753</ele>
        <time>2025-12-05T07:11:39.000Z</time>
      </trkpt>
      <trkpt lat="29.558029527" lon="103.787617844">
        <ele>397.443</ele>
        <time>2025-12-05T07:11:41.000Z</time>
      </trkpt>
      <trkpt lat="29.557580574" lon="103.787620703">
        <ele>406.265</ele>
        <time>2025-12-05T07:11:44.000Z</time>
      </trkpt>
      <trkpt lat="29.557131654" lon="103.787619155">
        <ele>403.622</ele>
        <time>2025-12-05T07:11:47.000Z</time>
      </trkpt>
      <trkpt lat="29.556701649" lon="103.787622023">
        <ele>394.14</ele>
        <time>2025-12-05T07:11:50.000Z</time>
      </trkpt>
      <trkpt lat="29.556273075" lon="103.787674663">
        <ele>401.008</ele>
        <time>2025-12-05T07:11:53.000Z</time>
      </trkpt>
      <trkpt lat="29.555847447" lon="103.787748549">
        <ele>417.361</ele>
        <time>2025-12-05T07:11:56.000Z</time>
      </trkpt>
      <trkpt lat="29.543907973" lon="103.779493086">
        <ele>360.395</ele>
        <time>2025-12-05T07:27:13.000Z</time>
      </trkpt>
      <trkpt lat="29.518816414" lon="103.771118084">
        <ele>348</ele>
        <time>2025-12-06T02:48:37.000Z</time>
      </trkpt>
      <trkpt lat="29.582903511" lon="103.599323824">
        <ele>413.067</ele>
        <time>2025-12-06T03:06:11.000Z</time>
      </trkpt>
      <trkpt lat="29.563250723" lon="103.501999118">
        <ele>438.595</ele>
        <time>2025-12-06T03:21:12.000Z</time>
      </trkpt>
      <trkpt lat="29.589135273" lon="103.444709347">
        <ele>507.435</ele>
        <time>2025-12-06T03:36:11.000Z</time>
      </trkpt>
      <trkpt lat="29.581060498" lon="103.439134346">
        <ele>487</ele>
        <time>2025-12-06T03:51:10.000Z</time>
      </trkpt>
      <trkpt lat="29.580078442" lon="103.438197579">
        <ele>488.817</ele>
        <time>2025-12-08T01:46:42.000Z</time>
      </trkpt>
      <trkpt lat="29.588248591" lon="103.468950835">
        <ele>466.54</ele>
        <time>2025-12-08T06:13:47.000Z</time>
      </trkpt>
      <trkpt lat="29.604621199" lon="103.520170832">
        <ele>409.609</ele>
        <time>2025-12-08T06:26:56.000Z</time>
      </trkpt>
      <trkpt lat="29.602685859" lon="103.555878578">
        <ele>399.506</ele>
        <time>2025-12-08T06:55:35.000Z</time>
      </trkpt>
      <trkpt lat="29.581373362" lon="103.606186677">
        <ele>393.384</ele>
        <time>2025-12-08T07:07:37.000Z</time>
      </trkpt>
      <trkpt lat="29.565119272" lon="103.717643929">
        <ele>371.068</ele>
        <time>2025-12-08T07:22:45.000Z</time>
      </trkpt>
      <trkpt lat="29.535148371" lon="103.754950416">
        <ele>359.095</ele>
        <time>2025-12-08T07:37:31.000Z</time>
      </trkpt>
      <trkpt lat="29.531903034" lon="103.763510808">
        <ele>359.871</ele>
        <time>2025-12-08T07:50:33.000Z</time>
      </trkpt>
      <trkpt lat="29.532931982" lon="103.763419795">
        <ele>358.995</ele>
        <time>2025-12-08T13:45:02.000Z</time>
      </trkpt>
      <trkpt lat="29.533220275" lon="103.763162057">
        <ele>360.257</ele>
        <time>2025-12-08T14:35:29.000Z</time>
      </trkpt>
      <trkpt lat="29.532978968" lon="103.763445364">
        <ele>358.761</ele>
        <time>2025-12-09T08:53:27.000Z</time>
      </trkpt>
      <trkpt lat="29.52239961" lon="103.746715537">
        <ele>375.764</ele>
        <time>2025-12-11T03:25:36.000Z</time>
      </trkpt>
      <trkpt lat="29.418805554" lon="103.768332163">
        <ele>366.014</ele>
        <time>2025-12-11T03:40:35.000Z</time>
      </trkpt>
      <trkpt lat="29.372944389" lon="103.786459034">
        <ele>378.495</ele>
        <time>2025-12-11T03:55:18.000Z</time>
      </trkpt>
      <trkpt lat="29.282375453" lon="103.861399368">
        <ele>379.568</ele>
        <time>2025-12-11T04:10:17.000Z</time>
      </trkpt>
      <trkpt lat="29.145705313" lon="103.958664789">
        <ele>336.706</ele>
        <time>2025-12-11T04:25:04.000Z</time>
      </trkpt>
      <trkpt lat="29.145601677" lon="103.959113573">
        <ele>336.466</ele>
        <time>2025-12-11T04:25:06.000Z</time>
      </trkpt>
      <trkpt lat="29.145470953" lon="103.959507782">
        <ele>335.537</ele>
        <time>2025-12-11T04:25:08.000Z</time>
      </trkpt>
      <trkpt lat="29.145319042" lon="103.959934439">
        <ele>335.65</ele>
        <time>2025-12-11T04:25:10.000Z</time>
      </trkpt>
      <trkpt lat="29.145154674" lon="103.96046069">
        <ele>334.24</ele>
        <time>2025-12-11T04:25:12.000Z</time>
      </trkpt>
      <trkpt lat="29.14500055" lon="103.960869623">
        <ele>330.741</ele>
        <time>2025-12-11T04:25:14.000Z</time>
      </trkpt>
      <trkpt lat="29.144859718" lon="103.961346867">
        <ele>325.367</ele>
        <time>2025-12-11T04:25:16.000Z</time>
      </trkpt>
      <trkpt lat="29.144733285" lon="103.961788515">
        <ele>321.128</ele>
        <time>2025-12-11T04:25:18.000Z</time>
      </trkpt>
      <trkpt lat="29.14459554" lon="103.962234623">
        <ele>318.041</ele>
        <time>2025-12-11T04:25:20.000Z</time>
      </trkpt>
      <trkpt lat="29.14445537" lon="103.962682392">
        <ele>321.286</ele>
        <time>2025-12-11T04:25:22.000Z</time>
      </trkpt>
      <trkpt lat="29.144315243" lon="103.963124579">
        <ele>322.014</ele>
        <time>2025-12-11T04:25:24.000Z</time>
      </trkpt>
      <trkpt lat="29.144181213" lon="103.963566338">
        <ele>323.585</ele>
        <time>2025-12-11T04:25:26.000Z</time>
      </trkpt>
      <trkpt lat="29.14404426" lon="103.964000105">
        <ele>325.098</ele>
        <time>2025-12-11T04:25:28.000Z</time>
      </trkpt>
      <trkpt lat="29.143907158" lon="103.96443257">
        <ele>325.654</ele>
        <time>2025-12-11T04:25:30.000Z</time>
      </trkpt>
      <trkpt lat="29.143776818" lon="103.96486419">
        <ele>324.098</ele>
        <time>2025-12-11T04:25:32.000Z</time>
      </trkpt>
      <trkpt lat="29.143642524" lon="103.965292119">
        <ele>325.044</ele>
        <time>2025-12-11T04:25:34.000Z</time>
      </trkpt>
      <trkpt lat="29.143495199" lon="103.965717169">
        <ele>329.008</ele>
        <time>2025-12-11T04:25:36.000Z</time>
      </trkpt>
      <trkpt lat="29.143359677" lon="103.966147974">
        <ele>330.786</ele>
        <time>2025-12-11T04:25:38.000Z</time>
      </trkpt>
      <trkpt lat="29.143226268" lon="103.966582023">
        <ele>333.206</ele>
        <time>2025-12-11T04:25:40.000Z</time>
      </trkpt>
      <trkpt lat="29.14309489" lon="103.967012271">
        <ele>341.779</ele>
        <time>2025-12-11T04:25:42.000Z</time>
      </trkpt>
      <trkpt lat="29.142958133" lon="103.967440183">
        <ele>347.682</ele>
        <time>2025-12-11T04:25:44.000Z</time>
      </trkpt>
      <trkpt lat="29.081574205" lon="104.132949451">
        <ele>390.308</ele>
        <time>2025-12-11T04:39:50.000Z</time>
      </trkpt>
      <trkpt lat="28.995763483" lon="104.293601308">
        <ele>310.243</ele>
        <time>2025-12-11T04:54:12.000Z</time>
      </trkpt>
      <trkpt lat="28.995277858" lon="104.294086051">
        <ele>307.87</ele>
        <time>2025-12-11T04:54:15.000Z</time>
      </trkpt>
      <trkpt lat="28.994969626" lon="104.294410557">
        <ele>311.411</ele>
        <time>2025-12-11T04:54:17.000Z</time>
      </trkpt>
      <trkpt lat="28.994691223" lon="104.294762632">
        <ele>318.06</ele>
        <time>2025-12-11T04:54:19.000Z</time>
      </trkpt>
      <trkpt lat="28.994407586" lon="104.295118014">
        <ele>318.121</ele>
        <time>2025-12-11T04:54:21.000Z</time>
      </trkpt>
      <trkpt lat="28.994136248" lon="104.295475062">
        <ele>316.58</ele>
        <time>2025-12-11T04:54:23.000Z</time>
      </trkpt>
      <trkpt lat="28.993872693" lon="104.295837935">
        <ele>316.988</ele>
        <time>2025-12-11T04:54:25.000Z</time>
      </trkpt>
      <trkpt lat="28.993619154" lon="104.296210085">
        <ele>316.157</ele>
        <time>2025-12-11T04:54:27.000Z</time>
      </trkpt>
      <trkpt lat="28.993371356" lon="104.296583085">
        <ele>310.657</ele>
        <time>2025-12-11T04:54:29.000Z</time>
      </trkpt>
      <trkpt lat="28.993132777" lon="104.296961158">
        <ele>312.996</ele>
        <time>2025-12-11T04:54:31.000Z</time>
      </trkpt>
      <trkpt lat="28.992900086" lon="104.297338352">
        <ele>322.073</ele>
        <time>2025-12-11T04:54:33.000Z</time>
      </trkpt>
      <trkpt lat="28.953069253" lon="104.345580004">
        <ele>347.803</ele>
        <time>2025-12-11T04:59:28.000Z</time>
      </trkpt>
      <trkpt lat="28.924478909" lon="104.413784306">
        <ele>445.671</ele>
        <time>2025-12-11T05:14:36.000Z</time>
      </trkpt>
      <trkpt lat="28.818543901" lon="104.478287501">
        <ele>396.383</ele>
        <time>2025-12-11T05:29:21.000Z</time>
      </trkpt>
      <trkpt lat="28.700089669" lon="104.519342808">
        <ele>307.052</ele>
        <time>2025-12-11T05:44:05.000Z</time>
      </trkpt>
      <trkpt lat="28.699753054" lon="104.519517651">
        <ele>310.094</ele>
        <time>2025-12-11T05:44:07.000Z</time>
      </trkpt>
      <trkpt lat="28.699358625" lon="104.519726483">
        <ele>310.67</ele>
        <time>2025-12-11T05:44:09.000Z</time>
      </trkpt>
      <trkpt lat="28.698988684" lon="104.519851211">
        <ele>310.641</ele>
        <time>2025-12-11T05:44:11.000Z</time>
      </trkpt>
      <trkpt lat="28.698612555" lon="104.51997169">
        <ele>311.101</ele>
        <time>2025-12-11T05:44:13.000Z</time>
      </trkpt>
      <trkpt lat="28.698236577" lon="104.52009262">
        <ele>310.464</ele>
        <time>2025-12-11T05:44:15.000Z</time>
      </trkpt>
      <trkpt lat="28.697860429" lon="104.520215901">
        <ele>311.85</ele>
        <time>2025-12-11T05:44:17.000Z</time>
      </trkpt>
      <trkpt lat="28.697488219" lon="104.520340758">
        <ele>314.16</ele>
        <time>2025-12-11T05:44:19.000Z</time>
      </trkpt>
      <trkpt lat="28.697117321" lon="104.520436252">
        <ele>319.264</ele>
        <time>2025-12-11T05:44:21.000Z</time>
      </trkpt>
      <trkpt lat="28.696748747" lon="104.520568287">
        <ele>324.366</ele>
        <time>2025-12-11T05:44:23.000Z</time>
      </trkpt>
      <trkpt lat="28.696383058" lon="104.520684855">
        <ele>326.214</ele>
        <time>2025-12-11T05:44:25.000Z</time>
      </trkpt>
      <trkpt lat="28.615920274" lon="104.573635748">
        <ele>384.809</ele>
        <time>2025-12-11T05:58:50.000Z</time>
      </trkpt>
      <trkpt lat="28.615515092" lon="104.573767679">
        <ele>388.692</ele>
        <time>2025-12-11T05:58:52.000Z</time>
      </trkpt>
      <trkpt lat="28.61515115" lon="104.573892402">
        <ele>394.372</ele>
        <time>2025-12-11T05:58:54.000Z</time>
      </trkpt>
      <trkpt lat="28.614804349" lon="104.574025422">
        <ele>402.248</ele>
        <time>2025-12-11T05:58:56.000Z</time>
      </trkpt>
      <trkpt lat="28.614422134" lon="104.574161377">
        <ele>417.309</ele>
        <time>2025-12-11T05:58:58.000Z</time>
      </trkpt>
      <trkpt lat="28.606919054" lon="104.579400128">
        <ele>363.403</ele>
        <time>2025-12-11T05:59:43.000Z</time>
      </trkpt>
      <trkpt lat="28.606583536" lon="104.579612555">
        <ele>358.072</ele>
        <time>2025-12-11T05:59:45.000Z</time>
      </trkpt>
      <trkpt lat="28.606235409" lon="104.579832465">
        <ele>359.401</ele>
        <time>2025-12-11T05:59:47.000Z</time>
      </trkpt>
      <trkpt lat="28.605887649" lon="104.580052624">
        <ele>360.171</ele>
        <time>2025-12-11T05:59:49.000Z</time>
      </trkpt>
      <trkpt lat="28.524969558" lon="104.684999979">
        <ele>421.795</ele>
        <time>2025-12-11T06:13:34.000Z</time>
      </trkpt>
      <trkpt lat="28.487561512" lon="104.799186795">
        <ele>406.301</ele>
        <time>2025-12-11T06:28:19.000Z</time>
      </trkpt>
      <trkpt lat="28.408319239" lon="104.877812874">
        <ele>315.013</ele>
        <time>2025-12-11T06:43:03.000Z</time>
      </trkpt>
      <trkpt lat="28.345050523" lon="105.036462648">
        <ele>396.51</ele>
        <time>2025-12-11T06:57:31.000Z</time>
      </trkpt>
      <trkpt lat="28.344965405" lon="105.036839498">
        <ele>398.137</ele>
        <time>2025-12-11T06:57:32.000Z</time>
      </trkpt>
      <trkpt lat="28.3449372" lon="105.037325733">
        <ele>399.796</ele>
        <time>2025-12-11T06:57:34.000Z</time>
      </trkpt>
      <trkpt lat="28.344927896" lon="105.037736446">
        <ele>404.144</ele>
        <time>2025-12-11T06:57:36.000Z</time>
      </trkpt>
      <trkpt lat="28.344914946" lon="105.038204491">
        <ele>401.841</ele>
        <time>2025-12-11T06:57:38.000Z</time>
      </trkpt>
      <trkpt lat="28.34489835" lon="105.038661137">
        <ele>399.336</ele>
        <time>2025-12-11T06:57:41.000Z</time>
      </trkpt>
      <trkpt lat="28.344873581" lon="105.039108563">
        <ele>404.103</ele>
        <time>2025-12-11T06:57:43.000Z</time>
      </trkpt>
      <trkpt lat="28.301893706" lon="105.201744015">
        <ele>382.429</ele>
        <time>2025-12-11T07:12:17.000Z</time>
      </trkpt>
      <trkpt lat="28.295347681" lon="105.221155873">
        <ele>346.742</ele>
        <time>2025-12-11T07:27:01.000Z</time>
      </trkpt>
      <trkpt lat="28.295787376" lon="105.220300299">
        <ele>337.081</ele>
        <time>2025-12-11T08:11:55.000Z</time>
      </trkpt>
      <trkpt lat="28.279706086" lon="105.269414848">
        <ele>376.868</ele>
        <time>2025-12-12T02:29:02.000Z</time>
      </trkpt>
      <trkpt lat="28.212234154" lon="105.424801838">
        <ele>374.621</ele>
        <time>2025-12-12T02:43:44.000Z</time>
      </trkpt>
      <trkpt lat="28.09622325" lon="105.511495192">
        <ele>650.521</ele>
        <time>2025-12-12T02:56:35.000Z</time>
      </trkpt>
      <trkpt lat="27.968061682" lon="105.567037654">
        <ele>1138.679</ele>
        <time>2025-12-12T03:11:54.000Z</time>
      </trkpt>
      <trkpt lat="27.949196831" lon="105.596202538">
        <ele>1307.731</ele>
        <time>2025-12-12T03:23:20.000Z</time>
      </trkpt>
      <trkpt lat="27.865611445" lon="105.581644094">
        <ele>1326.484</ele>
        <time>2025-12-12T03:39:43.000Z</time>
      </trkpt>
      <trkpt lat="27.774956485" lon="105.492628065">
        <ele>714.642</ele>
        <time>2025-12-12T03:53:14.000Z</time>
      </trkpt>
      <trkpt lat="27.703403262" lon="105.366258016">
        <ele>1192.044</ele>
        <time>2025-12-12T04:05:55.000Z</time>
      </trkpt>
      <trkpt lat="27.609825935" lon="105.375468303">
        <ele>1361.645</ele>
        <time>2025-12-12T04:18:55.000Z</time>
      </trkpt>
      <trkpt lat="27.470112825" lon="105.401159899">
        <ele>1686.508</ele>
        <time>2025-12-12T04:32:08.000Z</time>
      </trkpt>
      <trkpt lat="27.33592642" lon="105.398296332">
        <ele>1495.339</ele>
        <time>2025-12-12T04:44:04.000Z</time>
      </trkpt>
      <trkpt lat="27.271268712" lon="105.339889974">
        <ele>1465.677</ele>
        <time>2025-12-12T04:59:01.000Z</time>
      </trkpt>
      <trkpt lat="27.280993222" lon="105.288535556">
        <ele>1476.514</ele>
        <time>2025-12-12T05:12:56.000Z</time>
      </trkpt>
      <trkpt lat="27.269881759" lon="105.341289513">
        <ele>1513.343</ele>
        <time>2025-12-12T05:25:51.000Z</time>
      </trkpt>
      <trkpt lat="27.262509372" lon="105.363374306">
        <ele>1466.65</ele>
        <time>2025-12-12T05:41:00.000Z</time>
      </trkpt>
      <trkpt lat="27.206409462" lon="105.315290094">
        <ele>1603.159</ele>
        <time>2025-12-12T06:07:10.000Z</time>
      </trkpt>
      <trkpt lat="27.016944839" lon="105.23766554">
        <ele>1467.002</ele>
        <time>2025-12-12T06:24:35.000Z</time>
      </trkpt>
      <trkpt lat="26.995845116" lon="105.234431885">
        <ele>1531.32</ele>
        <time>2025-12-12T06:39:18.000Z</time>
      </trkpt>
      <trkpt lat="26.993525216" lon="105.23403658">
        <ele>1517.438</ele>
        <time>2025-12-12T14:22:08.000Z</time>
      </trkpt>
      <trkpt lat="26.988998146" lon="105.235342384">
        <ele>1513.564</ele>
        <time>2025-12-13T02:43:56.000Z</time>
      </trkpt>
      <trkpt lat="26.849267548" lon="105.255714627">
        <ele>1639.029</ele>
        <time>2025-12-13T02:57:38.000Z</time>
      </trkpt>
      <trkpt lat="26.75165467" lon="105.154127972">
        <ele>1902.712</ele>
        <time>2025-12-13T03:10:53.000Z</time>
      </trkpt>
      <trkpt lat="26.632035272" lon="105.053361738">
        <ele>1848.785</ele>
        <time>2025-12-13T03:24:00.000Z</time>
      </trkpt>
      <trkpt lat="26.542169116" lon="105.003249021">
        <ele>1870.749</ele>
        <time>2025-12-13T03:39:18.000Z</time>
      </trkpt>
      <trkpt lat="26.481672688" lon="105.132189598">
        <ele>1795.218</ele>
        <time>2025-12-13T03:52:04.000Z</time>
      </trkpt>
      <trkpt lat="26.366750593" lon="105.258825822">
        <ele>1524.41</ele>
        <time>2025-12-13T04:06:52.000Z</time>
      </trkpt>
      <trkpt lat="26.307084728" lon="105.41879897">
        <ele>1241.521</ele>
        <time>2025-12-13T04:21:58.000Z</time>
      </trkpt>
      <trkpt lat="26.200921438" lon="105.510356288">
        <ele>1391.2</ele>
        <time>2025-12-13T04:34:54.000Z</time>
      </trkpt>
      <trkpt lat="26.143120914" lon="105.571306525">
        <ele>1241.811</ele>
        <time>2025-12-13T04:48:41.000Z</time>
      </trkpt>
      <trkpt lat="26.10186833" lon="105.723756831">
        <ele>1292.799</ele>
        <time>2025-12-13T05:01:50.000Z</time>
      </trkpt>
      <trkpt lat="26.02313573" lon="105.684344787">
        <ele>1084.647</ele>
        <time>2025-12-13T05:16:37.000Z</time>
      </trkpt>
      <trkpt lat="25.998763795" lon="105.68219455">
        <ele>1038.306</ele>
        <time>2025-12-13T05:30:55.000Z</time>
      </trkpt>
      <trkpt lat="25.998648847" lon="105.681570302">
        <ele>1036.735</ele>
        <time>2025-12-13T13:12:59.000Z</time>
      </trkpt>
      <trkpt lat="26.004705472" lon="105.656380216">
        <ele>1077.945</ele>
        <time>2025-12-15T02:00:32.000Z</time>
      </trkpt>
      <trkpt lat="25.933909533" lon="105.532201175">
        <ele>1251.126</ele>
        <time>2025-12-15T02:15:52.000Z</time>
      </trkpt>
      <trkpt lat="25.842676791" lon="105.596539993">
        <ele>1009.99</ele>
        <time>2025-12-15T02:28:49.000Z</time>
      </trkpt>
      <trkpt lat="25.761640929" lon="105.595844127">
        <ele>1190.693</ele>
        <time>2025-12-15T02:44:19.000Z</time>
      </trkpt>
      <trkpt lat="25.699525997" lon="105.573453214">
        <ele>1142.042</ele>
        <time>2025-12-15T02:59:29.000Z</time>
      </trkpt>
      <trkpt lat="25.700398377" lon="105.573765886">
        <ele>1126.918</ele>
        <time>2025-12-15T03:31:28.000Z</time>
      </trkpt>
      <trkpt lat="25.571033726" lon="105.611707633">
        <ele>1226.96</ele>
        <time>2025-12-16T01:40:37.000Z</time>
      </trkpt>
      <trkpt lat="25.513439213" lon="105.615902387">
        <ele>1181.303</ele>
        <time>2025-12-16T01:45:58.000Z</time>
      </trkpt>
      <trkpt lat="25.453343005" lon="105.605507204">
        <ele>1167.37</ele>
        <time>2025-12-16T02:01:18.000Z</time>
      </trkpt>
      <trkpt lat="25.32966509" lon="105.598347886">
        <ele>1019.077</ele>
        <time>2025-12-16T03:01:55.000Z</time>
      </trkpt>
      <trkpt lat="25.235009138" lon="105.458550481">
        <ele>1185.632</ele>
        <time>2025-12-16T03:16:15.000Z</time>
      </trkpt>
      <trkpt lat="25.11691181" lon="105.367827276">
        <ele>1297.539</ele>
        <time>2025-12-16T03:29:38.000Z</time>
      </trkpt>
      <trkpt lat="25.111431847" lon="105.213510823">
        <ele>1221.845</ele>
        <time>2025-12-16T03:44:48.000Z</time>
      </trkpt>
      <trkpt lat="25.189706795" lon="105.033993758">
        <ele>1394.056</ele>
        <time>2025-12-16T04:00:36.000Z</time>
      </trkpt>
      <trkpt lat="25.124509921" lon="104.888339331">
        <ele>1273.507</ele>
        <time>2025-12-16T04:14:06.000Z</time>
      </trkpt>
      <trkpt lat="25.097302632" lon="104.858588415">
        <ele>1368.011</ele>
        <time>2025-12-16T04:27:36.000Z</time>
      </trkpt>
      <trkpt lat="25.070873717" lon="104.873788605">
        <ele>1274.67</ele>
        <time>2025-12-16T04:42:44.000Z</time>
      </trkpt>
      <trkpt lat="25.069603963" lon="104.873907154">
        <ele>1276.775</ele>
        <time>2025-12-16T14:30:41.000Z</time>
      </trkpt>
      <trkpt lat="25.08652586" lon="104.866261231">
        <ele>1338.391</ele>
        <time>2025-12-17T02:27:06.000Z</time>
      </trkpt>
      <trkpt lat="25.124349324" lon="104.842692409">
        <ele>1336.967</ele>
        <time>2025-12-17T02:40:34.000Z</time>
      </trkpt>
      <trkpt lat="25.140235387" lon="104.753615835">
        <ele>1456.83</ele>
        <time>2025-12-17T02:52:32.000Z</time>
      </trkpt>
      <trkpt lat="25.061390037" lon="104.645058029">
        <ele>1229.631</ele>
        <time>2025-12-17T03:27:07.000Z</time>
      </trkpt>
      <trkpt lat="25.020667906" lon="104.46429776">
        <ele>1287.899</ele>
        <time>2025-12-17T03:41:51.000Z</time>
      </trkpt>
      <trkpt lat="24.947788934" lon="104.383860575">
        <ele>1502.103</ele>
        <time>2025-12-17T03:56:19.000Z</time>
      </trkpt>
      <trkpt lat="24.864656797" lon="104.233140352">
        <ele>1593.695</ele>
        <time>2025-12-17T04:11:19.000Z</time>
      </trkpt>
      <trkpt lat="24.864346419" lon="104.232889866">
        <ele>1604.34</ele>
        <time>2025-12-17T04:11:21.000Z</time>
      </trkpt>
      <trkpt lat="24.863974764" lon="104.232565714">
        <ele>1598.042</ele>
        <time>2025-12-17T04:11:23.000Z</time>
      </trkpt>
      <trkpt lat="24.863640997" lon="104.232296487">
        <ele>1594.977</ele>
        <time>2025-12-17T04:11:25.000Z</time>
      </trkpt>
      <trkpt lat="24.863295537" lon="104.232040085">
        <ele>1599.599</ele>
        <time>2025-12-17T04:11:27.000Z</time>
      </trkpt>
      <trkpt lat="24.862944838" lon="104.231792986">
        <ele>1594.161</ele>
        <time>2025-12-17T04:11:29.000Z</time>
      </trkpt>
      <trkpt lat="24.862589076" lon="104.231560137">
        <ele>1582.51</ele>
        <time>2025-12-17T04:11:31.000Z</time>
      </trkpt>
      <trkpt lat="24.862225042" lon="104.231345343">
        <ele>1584.941</ele>
        <time>2025-12-17T04:11:33.000Z</time>
      </trkpt>
      <trkpt lat="24.861850982" lon="104.231144729">
        <ele>1568.879</ele>
        <time>2025-12-17T04:11:35.000Z</time>
      </trkpt>
      <trkpt lat="24.861470081" lon="104.230956987">
        <ele>1561.602</ele>
        <time>2025-12-17T04:11:37.000Z</time>
      </trkpt>
      <trkpt lat="24.861086914" lon="104.230773821">
        <ele>1561.095</ele>
        <time>2025-12-17T04:11:39.000Z</time>
      </trkpt>
      <trkpt lat="24.86069606" lon="104.230611056">
        <ele>1567.74</ele>
        <time>2025-12-17T04:11:41.000Z</time>
      </trkpt>
      <trkpt lat="24.860307043" lon="104.230438679">
        <ele>1574.835</ele>
        <time>2025-12-17T04:11:43.000Z</time>
      </trkpt>
      <trkpt lat="24.859919691" lon="104.230265307">
        <ele>1582.485</ele>
        <time>2025-12-17T04:11:45.000Z</time>
      </trkpt>
      <trkpt lat="24.859539114" lon="104.23008103">
        <ele>1584.307</ele>
        <time>2025-12-17T04:11:47.000Z</time>
      </trkpt>
      <trkpt lat="24.859166893" lon="104.229869105">
        <ele>1590.863</ele>
        <time>2025-12-17T04:11:49.000Z</time>
      </trkpt>
      <trkpt lat="24.858808861" lon="104.229640336">
        <ele>1598.252</ele>
        <time>2025-12-17T04:11:51.000Z</time>
      </trkpt>
      <trkpt lat="24.858456495" lon="104.229388724">
        <ele>1584.482</ele>
        <time>2025-12-17T04:11:53.000Z</time>
      </trkpt>
      <trkpt lat="24.858126375" lon="104.229100805">
        <ele>1569.092</ele>
        <time>2025-12-17T04:11:55.000Z</time>
      </trkpt>
      <trkpt lat="24.857814433" lon="104.228793928">
        <ele>1556.995</ele>
        <time>2025-12-17T04:11:57.000Z</time>
      </trkpt>
      <trkpt lat="24.857528532" lon="104.228469899">
        <ele>1547.268</ele>
        <time>2025-12-17T04:11:59.000Z</time>
      </trkpt>
      <trkpt lat="24.790994036" lon="104.089545217">
        <ele>1859.667</ele>
        <time>2025-12-17T04:27:05.000Z</time>
      </trkpt>
      <trkpt lat="24.749910541" lon="104.017887089">
        <ele>1908.925</ele>
        <time>2025-12-17T04:39:57.000Z</time>
      </trkpt>
      <trkpt lat="24.673992852" lon="103.966573728">
        <ele>1911.846</ele>
        <time>2025-12-17T05:38:09.000Z</time>
      </trkpt>
      <trkpt lat="24.646092839" lon="103.869360063">
        <ele>1849.218</ele>
        <time>2025-12-17T05:55:07.000Z</time>
      </trkpt>
      <trkpt lat="24.627014566" lon="103.816354798">
        <ele>1792.877</ele>
        <time>2025-12-17T06:10:05.000Z</time>
      </trkpt>
      <trkpt lat="24.498225474" lon="103.781746393">
        <ele>1728.173</ele>
        <time>2025-12-17T06:25:06.000Z</time>
      </trkpt>
      <trkpt lat="24.415696235" lon="103.624063642">
        <ele>1890.933</ele>
        <time>2025-12-17T06:40:07.000Z</time>
      </trkpt>
      <trkpt lat="24.348623171" lon="103.48177786">
        <ele>1529.469</ele>
        <time>2025-12-17T06:53:35.000Z</time>
      </trkpt>
      <trkpt lat="24.226012356" lon="103.44078281">
        <ele>1383.891</ele>
        <time>2025-12-17T07:08:36.000Z</time>
      </trkpt>
      <trkpt lat="24.051230606" lon="103.397338232">
        <ele>1165.881</ele>
        <time>2025-12-17T07:25:07.000Z</time>
      </trkpt>
      <trkpt lat="23.989095977" lon="103.378546173">
        <ele>1159.059</ele>
        <time>2025-12-17T07:31:55.000Z</time>
      </trkpt>
      <trkpt lat="23.847012282" lon="103.279755134">
        <ele>1194.022</ele>
        <time>2025-12-17T07:47:28.000Z</time>
      </trkpt>
      <trkpt lat="23.712810176" lon="103.288059756">
        <ele>1132.435</ele>
        <time>2025-12-17T08:02:53.000Z</time>
      </trkpt>
      <trkpt lat="23.690054932" lon="103.273240704">
        <ele>1107.462</ele>
        <time>2025-12-17T08:14:33.000Z</time>
      </trkpt>
      <trkpt lat="23.651725212" lon="103.284170805">
        <ele>1075.964</ele>
        <time>2025-12-17T08:30:08.000Z</time>
      </trkpt>
      <trkpt lat="23.658472267" lon="103.272712408">
        <ele>1067.118</ele>
        <time>2025-12-17T08:43:20.000Z</time>
      </trkpt>
      <trkpt lat="23.677142956" lon="103.261769833">
        <ele>1060.98</ele>
        <time>2025-12-19T01:33:34.000Z</time>
      </trkpt>
      <trkpt lat="23.703157451" lon="103.278587793">
        <ele>1109.221</ele>
        <time>2025-12-19T01:39:41.000Z</time>
      </trkpt>
      <trkpt lat="23.625552384" lon="103.32191552">
        <ele>1400.832</ele>
        <time>2025-12-19T01:55:06.000Z</time>
      </trkpt>
      <trkpt lat="23.512226036" lon="103.28745408">
        <ele>1391.011</ele>
        <time>2025-12-19T02:10:05.000Z</time>
      </trkpt>
      <trkpt lat="23.493665317" lon="103.257736126">
        <ele>1325.166</ele>
        <time>2025-12-19T02:25:04.000Z</time>
      </trkpt>
      <trkpt lat="23.436666322" lon="103.138924996">
        <ele>1545.782</ele>
        <time>2025-12-19T02:56:32.000Z</time>
      </trkpt>
      <trkpt lat="23.436123133" lon="103.138490897">
        <ele>1558.649</ele>
        <time>2025-12-19T02:56:35.000Z</time>
      </trkpt>
      <trkpt lat="23.432956785" lon="103.135308456">
        <ele>1634.752</ele>
        <time>2025-12-19T02:56:58.000Z</time>
      </trkpt>
      <trkpt lat="23.340572119" lon="103.092531748">
        <ele>1518.003</ele>
        <time>2025-12-19T03:06:10.000Z</time>
      </trkpt>
      <trkpt lat="23.288409943" lon="103.046123497">
        <ele>1128.896</ele>
        <time>2025-12-19T03:21:45.000Z</time>
      </trkpt>
      <trkpt lat="23.288230696" lon="103.046407141">
        <ele>1101.968</ele>
        <time>2025-12-19T03:21:46.000Z</time>
      </trkpt>
      <trkpt lat="23.287881296" lon="103.046109835">
        <ele>1090.384</ele>
        <time>2025-12-19T03:21:51.000Z</time>
      </trkpt>
      <trkpt lat="23.287670617" lon="103.045842787">
        <ele>1087.493</ele>
        <time>2025-12-19T03:21:54.000Z</time>
      </trkpt>
      <trkpt lat="23.28739768" lon="103.045546122">
        <ele>1085.63</ele>
        <time>2025-12-19T03:21:58.000Z</time>
      </trkpt>
      <trkpt lat="23.287090676" lon="103.045274673">
        <ele>1078.824</ele>
        <time>2025-12-19T03:22:02.000Z</time>
      </trkpt>
      <trkpt lat="23.222367139" lon="102.978061099">
        <ele>439.991</ele>
        <time>2025-12-19T03:37:11.000Z</time>
      </trkpt>
      <trkpt lat="23.194633587" lon="102.908613095">
        <ele>267.049</ele>
        <time>2025-12-19T03:52:10.000Z</time>
      </trkpt>
      <trkpt lat="23.19470454" lon="102.908154102">
        <ele>249.745</ele>
        <time>2025-12-19T03:52:12.000Z</time>
      </trkpt>
      <trkpt lat="23.194736182" lon="102.907742467">
        <ele>242.393</ele>
        <time>2025-12-19T03:52:14.000Z</time>
      </trkpt>
      <trkpt lat="23.194789742" lon="102.907249108">
        <ele>236.653</ele>
        <time>2025-12-19T03:52:17.000Z</time>
      </trkpt>
      <trkpt lat="23.19481581" lon="102.906844681">
        <ele>242.087</ele>
        <time>2025-12-19T03:52:19.000Z</time>
      </trkpt>
      <trkpt lat="23.194844308" lon="102.906435157">
        <ele>243.202</ele>
        <time>2025-12-19T03:52:21.000Z</time>
      </trkpt>
      <trkpt lat="23.194879516" lon="102.906017026">
        <ele>241.685</ele>
        <time>2025-12-19T03:52:23.000Z</time>
      </trkpt>
      <trkpt lat="23.19490887" lon="102.905594559">
        <ele>251.099</ele>
        <time>2025-12-19T03:52:25.000Z</time>
      </trkpt>
      <trkpt lat="23.19493714" lon="102.905170655">
        <ele>266.478</ele>
        <time>2025-12-19T03:52:27.000Z</time>
      </trkpt>
      <trkpt lat="23.194970662" lon="102.904754459">
        <ele>270.409</ele>
        <time>2025-12-19T03:52:29.000Z</time>
      </trkpt>
      <trkpt lat="23.195000587" lon="102.904338924">
        <ele>279.162</ele>
        <time>2025-12-19T03:52:31.000Z</time>
      </trkpt>
      <trkpt lat="23.215051484" lon="102.847803058">
        <ele>236.678</ele>
        <time>2025-12-19T04:07:42.000Z</time>
      </trkpt>
      <trkpt lat="23.229623633" lon="102.825097907">
        <ele>237.775</ele>
        <time>2025-12-19T04:22:44.000Z</time>
      </trkpt>
      <trkpt lat="23.229643498" lon="102.824749388">
        <ele>236.99</ele>
        <time>2025-12-19T04:22:48.000Z</time>
      </trkpt>
      <trkpt lat="23.229725263" lon="102.824335992">
        <ele>233.96</ele>
        <time>2025-12-19T04:22:55.000Z</time>
      </trkpt>
      <trkpt lat="23.229833904" lon="102.823948956">
        <ele>234.046</ele>
        <time>2025-12-19T04:22:59.000Z</time>
      </trkpt>
      <trkpt lat="23.229984234" lon="102.823636996">
        <ele>234.999</ele>
        <time>2025-12-19T04:23:03.000Z</time>
      </trkpt>
      <trkpt lat="23.210910713" lon="102.761065926">
        <ele>534.336</ele>
        <time>2025-12-19T04:38:15.000Z</time>
      </trkpt>
      <trkpt lat="23.210680537" lon="102.760819645">
        <ele>534.959</ele>
        <time>2025-12-19T04:38:18.000Z</time>
      </trkpt>
      <trkpt lat="23.210406478" lon="102.76063247">
        <ele>535.918</ele>
        <time>2025-12-19T04:38:21.000Z</time>
      </trkpt>
      <trkpt lat="23.210098696" lon="102.760461063">
        <ele>535.962</ele>
        <time>2025-12-19T04:38:25.000Z</time>
      </trkpt>
      <trkpt lat="23.209765656" lon="102.760304093">
        <ele>539.65</ele>
        <time>2025-12-19T04:38:30.000Z</time>
      </trkpt>
      <trkpt lat="23.209436144" lon="102.760172968">
        <ele>544.663</ele>
        <time>2025-12-19T04:38:34.000Z</time>
      </trkpt>
      <trkpt lat="23.209083606" lon="102.760027776">
        <ele>547.223</ele>
        <time>2025-12-19T04:38:38.000Z</time>
      </trkpt>
      <trkpt lat="23.208714713" lon="102.759872263">
        <ele>547.713</ele>
        <time>2025-12-19T04:38:42.000Z</time>
      </trkpt>
      <trkpt lat="23.208411461" lon="102.759728189">
        <ele>550.24</ele>
        <time>2025-12-19T04:38:45.000Z</time>
      </trkpt>
      <trkpt lat="23.208107827" lon="102.759532258">
        <ele>556.657</ele>
        <time>2025-12-19T04:38:48.000Z</time>
      </trkpt>
      <trkpt lat="23.207834652" lon="102.759310686">
        <ele>562.851</ele>
        <time>2025-12-19T04:38:51.000Z</time>
      </trkpt>
      <trkpt lat="23.207563506" lon="102.759088015">
        <ele>566.407</ele>
        <time>2025-12-19T04:38:54.000Z</time>
      </trkpt>
      <trkpt lat="23.207284894" lon="102.758895738">
        <ele>569.645</ele>
        <time>2025-12-19T04:38:57.000Z</time>
      </trkpt>
      <trkpt lat="23.206989144" lon="102.758753962">
        <ele>573.953</ele>
        <time>2025-12-19T04:39:00.000Z</time>
      </trkpt>
      <trkpt lat="23.206675877" lon="102.758654271">
        <ele>574.131</ele>
        <time>2025-12-19T04:39:03.000Z</time>
      </trkpt>
      <trkpt lat="23.206349332" lon="102.758569827">
        <ele>573.211</ele>
        <time>2025-12-19T04:39:06.000Z</time>
      </trkpt>
      <trkpt lat="23.206058617" lon="102.75843515">
        <ele>578.312</ele>
        <time>2025-12-19T04:39:09.000Z</time>
      </trkpt>
      <trkpt lat="23.205789496" lon="102.758219445">
        <ele>586.264</ele>
        <time>2025-12-19T04:39:12.000Z</time>
      </trkpt>
      <trkpt lat="23.205562833" lon="102.757972284">
        <ele>586.43</ele>
        <time>2025-12-19T04:39:15.000Z</time>
      </trkpt>
      <trkpt lat="23.15259331" lon="102.703483676">
        <ele>979.743</ele>
        <time>2025-12-19T04:54:11.000Z</time>
      </trkpt>
      <trkpt lat="23.12992351" lon="102.66074588">
        <ele>1166.377</ele>
        <time>2025-12-19T05:09:21.000Z</time>
      </trkpt>
      <trkpt lat="23.113274552" lon="102.681023102">
        <ele>1401.344</ele>
        <time>2025-12-19T05:24:20.000Z</time>
      </trkpt>
      <trkpt lat="23.112104783" lon="102.680353936">
        <ele>1425.004</ele>
        <time>2025-12-19T05:39:23.000Z</time>
      </trkpt>
      <trkpt lat="23.113386045" lon="102.681093032">
        <ele>1396.807</ele>
        <time>2025-12-19T05:39:41.000Z</time>
      </trkpt>
      <trkpt lat="23.116736705" lon="102.713977425">
        <ele>1607.072</ele>
        <time>2025-12-19T06:43:03.000Z</time>
      </trkpt>
      <trkpt lat="23.114156009" lon="102.739699986">
        <ele>1796.829</ele>
        <time>2025-12-19T06:56:12.000Z</time>
      </trkpt>
      <trkpt lat="23.105803309" lon="102.769718757">
        <ele>1881.805</ele>
        <time>2025-12-19T07:09:33.000Z</time>
      </trkpt>
      <trkpt lat="23.113006717" lon="102.768564066">
        <ele>1905.45</ele>
        <time>2025-12-19T07:24:20.000Z</time>
      </trkpt>
      <trkpt lat="23.100136598" lon="102.800629959">
        <ele>1929.655</ele>
        <time>2025-12-19T07:39:28.000Z</time>
      </trkpt>
      <trkpt lat="23.091757041" lon="102.794487365">
        <ele>1937.319</ele>
        <time>2025-12-19T07:54:11.000Z</time>
      </trkpt>
      <trkpt lat="23.089895549" lon="102.792668451">
        <ele>1947.557</ele>
        <time>2025-12-19T13:28:05.000Z</time>
      </trkpt>
      <trkpt lat="23.122502995" lon="102.79213029">
        <ele>1893.594</ele>
        <time>2025-12-20T03:59:25.000Z</time>
      </trkpt>
      <trkpt lat="23.11561126" lon="102.768935707">
        <ele>1906.645</ele>
        <time>2025-12-20T04:14:39.000Z</time>
      </trkpt>
      <trkpt lat="23.100899938" lon="102.761100317">
        <ele>1854.743</ele>
        <time>2025-12-21T02:29:49.000Z</time>
      </trkpt>
      <trkpt lat="23.094020826" lon="102.729143305">
        <ele>1810.434</ele>
        <time>2025-12-21T02:43:50.000Z</time>
      </trkpt>
      <trkpt lat="23.076182596" lon="102.746842964">
        <ele>1575.477</ele>
        <time>2025-12-21T02:57:38.000Z</time>
      </trkpt>
      <trkpt lat="23.085944632" lon="102.728350754">
        <ele>1747.948</ele>
        <time>2025-12-22T02:18:15.000Z</time>
      </trkpt>
      <trkpt lat="23.122174304" lon="102.737581265">
        <ele>1766.78</ele>
        <time>2025-12-22T02:32:18.000Z</time>
      </trkpt>
      <trkpt lat="23.107190556" lon="102.689572424">
        <ele>1443.231</ele>
        <time>2025-12-22T02:45:10.000Z</time>
      </trkpt>
      <trkpt lat="23.15562597" lon="102.713298574">
        <ele>903.196</ele>
        <time>2025-12-22T03:00:17.000Z</time>
      </trkpt>
      <trkpt lat="23.221708476" lon="102.76758749">
        <ele>499.916</ele>
        <time>2025-12-22T03:13:02.000Z</time>
      </trkpt>
      <trkpt lat="23.262489745" lon="102.755131815">
        <ele>346.833</ele>
        <time>2025-12-22T03:28:12.000Z</time>
      </trkpt>
      <trkpt lat="23.29692407" lon="102.633915078">
        <ele>382.014</ele>
        <time>2025-12-22T03:42:34.000Z</time>
      </trkpt>
      <trkpt lat="23.32533604" lon="102.521601599">
        <ele>348.839</ele>
        <time>2025-12-22T03:57:43.000Z</time>
      </trkpt>
      <trkpt lat="23.354141103" lon="102.363410929">
        <ele>659.625</ele>
        <time>2025-12-22T04:11:23.000Z</time>
      </trkpt>
      <trkpt lat="23.44002258" lon="102.202775361">
        <ele>610.83</ele>
        <time>2025-12-22T04:26:08.000Z</time>
      </trkpt>
      <trkpt lat="23.440125359" lon="102.20244798">
        <ele>605.156</ele>
        <time>2025-12-22T04:26:10.000Z</time>
      </trkpt>
      <trkpt lat="23.440304116" lon="102.202066518">
        <ele>599.846</ele>
        <time>2025-12-22T04:26:12.000Z</time>
      </trkpt>
      <trkpt lat="23.440468143" lon="102.201707936">
        <ele>597.911</ele>
        <time>2025-12-22T04:26:14.000Z</time>
      </trkpt>
      <trkpt lat="23.440694533" lon="102.201320482">
        <ele>595.163</ele>
        <time>2025-12-22T04:26:16.000Z</time>
      </trkpt>
      <trkpt lat="23.440903078" lon="102.200932544">
        <ele>588.811</ele>
        <time>2025-12-22T04:26:18.000Z</time>
      </trkpt>
      <trkpt lat="23.441113175" lon="102.200549938">
        <ele>586.823</ele>
        <time>2025-12-22T04:26:20.000Z</time>
      </trkpt>
      <trkpt lat="23.441315998" lon="102.200161115">
        <ele>580.008</ele>
        <time>2025-12-22T04:26:22.000Z</time>
      </trkpt>
      <trkpt lat="23.441523248" lon="102.199775125">
        <ele>579.566</ele>
        <time>2025-12-22T04:26:24.000Z</time>
      </trkpt>
      <trkpt lat="23.441731422" lon="102.199386909">
        <ele>581.411</ele>
        <time>2025-12-22T04:26:26.000Z</time>
      </trkpt>
      <trkpt lat="23.441938309" lon="102.198999385">
        <ele>577.425</ele>
        <time>2025-12-22T04:26:28.000Z</time>
      </trkpt>
      <trkpt lat="23.442149107" lon="102.198612813">
        <ele>571.721</ele>
        <time>2025-12-22T04:26:30.000Z</time>
      </trkpt>
      <trkpt lat="23.442357864" lon="102.198223867">
        <ele>568.984</ele>
        <time>2025-12-22T04:26:32.000Z</time>
      </trkpt>
      <trkpt lat="23.442567485" lon="102.197844655">
        <ele>563.089</ele>
        <time>2025-12-22T04:26:34.000Z</time>
      </trkpt>
      <trkpt lat="23.442766367" lon="102.197491339">
        <ele>562.157</ele>
        <time>2025-12-22T04:26:36.000Z</time>
      </trkpt>
      <trkpt lat="23.44297972" lon="102.197133683">
        <ele>556.996</ele>
        <time>2025-12-22T04:26:38.000Z</time>
      </trkpt>
      <trkpt lat="23.443204129" lon="102.196774653">
        <ele>555.674</ele>
        <time>2025-12-22T04:26:40.000Z</time>
      </trkpt>
      <trkpt lat="23.443424139" lon="102.196417555">
        <ele>557.835</ele>
        <time>2025-12-22T04:26:42.000Z</time>
      </trkpt>
      <trkpt lat="23.443654709" lon="102.196072984">
        <ele>561.67</ele>
        <time>2025-12-22T04:26:44.000Z</time>
      </trkpt>
      <trkpt lat="23.443888767" lon="102.195729568">
        <ele>562.379</ele>
        <time>2025-12-22T04:26:46.000Z</time>
      </trkpt>
      <trkpt lat="23.444123929" lon="102.195387957">
        <ele>564.091</ele>
        <time>2025-12-22T04:26:48.000Z</time>
      </trkpt>
      <trkpt lat="23.535505305" lon="102.052032547">
        <ele>594.741</ele>
        <time>2025-12-22T04:40:52.000Z</time>
      </trkpt>
      <trkpt lat="23.576844823" lon="101.98461367">
        <ele>436.216</ele>
        <time>2025-12-22T04:54:41.000Z</time>
      </trkpt>
      <trkpt lat="23.652604419" lon="101.883544851">
        <ele>657.588</ele>
        <time>2025-12-23T03:39:58.000Z</time>
      </trkpt>
      <trkpt lat="23.587046307" lon="101.783424675">
        <ele>1444.78</ele>
        <time>2025-12-23T03:54:56.000Z</time>
      </trkpt>
      <trkpt lat="23.492826698" lon="101.693690096">
        <ele>1374.058</ele>
        <time>2025-12-23T04:09:58.000Z</time>
      </trkpt>
      <trkpt lat="23.431967491" lon="101.677660988">
        <ele>1301.503</ele>
        <time>2025-12-23T04:23:13.000Z</time>
      </trkpt>
      <trkpt lat="23.391747392" lon="101.585235964">
        <ele>1448.37</ele>
        <time>2025-12-23T04:38:29.000Z</time>
      </trkpt>
      <trkpt lat="23.359840883" lon="101.540515347">
        <ele>1100.551</ele>
        <time>2025-12-23T04:45:00.000Z</time>
      </trkpt>
      <trkpt lat="23.31053969" lon="101.492975022">
        <ele>930.284</ele>
        <time>2025-12-23T05:00:22.000Z</time>
      </trkpt>
      <trkpt lat="23.298674757" lon="101.384957023">
        <ele>1491.456</ele>
        <time>2025-12-23T05:15:22.000Z</time>
      </trkpt>
      <trkpt lat="23.236927253" lon="101.318449709">
        <ele>881.38</ele>
        <time>2025-12-23T05:30:22.000Z</time>
      </trkpt>
      <trkpt lat="23.258278091" lon="101.158411866">
        <ele>1017.316</ele>
        <time>2025-12-23T05:45:20.000Z</time>
      </trkpt>
      <trkpt lat="23.112565781" lon="101.170679243">
        <ele>1427.573</ele>
        <time>2025-12-23T06:00:28.000Z</time>
      </trkpt>
      <trkpt lat="23.095130883" lon="101.152016558">
        <ele>1533.038</ele>
        <time>2025-12-23T06:09:57.000Z</time>
      </trkpt>
      <trkpt lat="22.989262375" lon="101.077432539">
        <ele>1268.335</ele>
        <time>2025-12-23T06:40:22.000Z</time>
      </trkpt>
      <trkpt lat="22.885386055" lon="101.01868963">
        <ele>1505.693</ele>
        <time>2025-12-23T06:53:53.000Z</time>
      </trkpt>
      <trkpt lat="22.821569355" lon="100.97190537">
        <ele>1303.578</ele>
        <time>2025-12-23T07:08:53.000Z</time>
      </trkpt>
      <trkpt lat="22.82495563" lon="100.967428198">
        <ele>1301.783</ele>
        <time>2025-12-23T07:23:40.000Z</time>
      </trkpt>
      <trkpt lat="22.793918906" lon="100.948341923">
        <ele>1337.037</ele>
        <time>2025-12-24T01:56:02.000Z</time>
      </trkpt>
      <trkpt lat="22.739945306" lon="100.934942197">
        <ele>1232.409</ele>
        <time>2025-12-24T02:01:19.000Z</time>
      </trkpt>
      <trkpt lat="22.44790213" lon="101.059985598">
        <ele>881.022</ele>
        <time>2025-12-24T02:31:44.000Z</time>
      </trkpt>
      <trkpt lat="22.355463216" lon="100.996204186">
        <ele>1265.003</ele>
        <time>2025-12-24T02:45:13.000Z</time>
      </trkpt>
      <trkpt lat="22.21420757" lon="100.885696253">
        <ele>856.222</ele>
        <time>2025-12-24T03:00:12.000Z</time>
      </trkpt>
      <trkpt lat="22.082992051" lon="100.903152922">
        <ele>770.779</ele>
        <time>2025-12-24T03:15:13.000Z</time>
      </trkpt>
      <trkpt lat="22.014543056" lon="100.821195268">
        <ele>557.602</ele>
        <time>2025-12-24T03:30:13.000Z</time>
      </trkpt>
      <trkpt lat="21.99512017" lon="100.831570868">
        <ele>548.742</ele>
        <time>2025-12-24T03:45:13.000Z</time>
      </trkpt>
      <trkpt lat="21.994678024" lon="100.831466764">
        <ele>545.759</ele>
        <time>2025-12-24T03:45:16.000Z</time>
      </trkpt>
      <trkpt lat="21.994106798" lon="100.831344556">
        <ele>539.146</ele>
        <time>2025-12-24T03:45:21.000Z</time>
      </trkpt>
      <trkpt lat="21.993704215" lon="100.831301054">
        <ele>539.099</ele>
        <time>2025-12-24T03:45:24.000Z</time>
      </trkpt>
      <trkpt lat="21.993362603" lon="100.831284234">
        <ele>541.489</ele>
        <time>2025-12-24T03:45:27.000Z</time>
      </trkpt>
      <trkpt lat="21.993042703" lon="100.831269674">
        <ele>546.161</ele>
        <time>2025-12-24T03:45:31.000Z</time>
      </trkpt>
      <trkpt lat="21.992718942" lon="100.831254836">
        <ele>549.132</ele>
        <time>2025-12-24T03:45:50.000Z</time>
      </trkpt>
      <trkpt lat="21.993500862" lon="100.831868532">
        <ele>550.891</ele>
        <time>2025-12-24T04:58:31.000Z</time>
      </trkpt>
      <trkpt lat="22.011835864" lon="100.824407861">
        <ele>550.944</ele>
        <time>2025-12-24T09:09:12.000Z</time>
      </trkpt>
      <trkpt lat="22.005947375" lon="100.828054906">
        <ele>538.004</ele>
        <time>2025-12-24T09:23:51.000Z</time>
      </trkpt>
      <trkpt lat="22.01357319" lon="100.828115171">
        <ele>576.66</ele>
        <time>2025-12-25T03:00:33.000Z</time>
      </trkpt>
      <trkpt lat="22.042553946" lon="100.905780215">
        <ele>932.616</ele>
        <time>2025-12-25T03:16:09.000Z</time>
      </trkpt>
      <trkpt lat="21.985646747" lon="101.00572159">
        <ele>974.034</ele>
        <time>2025-12-25T03:30:59.000Z</time>
      </trkpt>
      <trkpt lat="21.908514363" lon="101.17174822">
        <ele>651.107</ele>
        <time>2025-12-25T03:46:30.000Z</time>
      </trkpt>
      <trkpt lat="21.923388513" lon="101.230441835">
        <ele>560.591</ele>
        <time>2025-12-25T03:51:37.000Z</time>
      </trkpt>
      <trkpt lat="21.922837026" lon="101.23915804">
        <ele>559.122</ele>
        <time>2025-12-25T04:41:33.000Z</time>
      </trkpt>
      <trkpt lat="21.877228408" lon="101.274170643">
        <ele>548.046</ele>
        <time>2025-12-25T04:46:45.000Z</time>
      </trkpt>
      <trkpt lat="21.774468916" lon="101.366853034">
        <ele>915.187</ele>
        <time>2025-12-25T05:02:18.000Z</time>
      </trkpt>
      <trkpt lat="21.656383596" lon="101.373905593">
        <ele>652.194</ele>
        <time>2025-12-25T05:12:28.000Z</time>
      </trkpt>
      <trkpt lat="21.562063526" lon="101.477156533">
        <ele>865.558</ele>
        <time>2025-12-25T05:27:19.000Z</time>
      </trkpt>
      <trkpt lat="21.478935715" lon="101.546296072">
        <ele>664.579</ele>
        <time>2025-12-25T05:42:26.000Z</time>
      </trkpt>
      <trkpt lat="21.466452288" lon="101.5668693">
        <ele>634.228</ele>
        <time>2025-12-25T05:47:58.000Z</time>
      </trkpt>
      <trkpt lat="21.496663544" lon="101.586094629">
        <ele>633.941</ele>
        <time>2025-12-25T05:56:48.000Z</time>
      </trkpt>
      <trkpt lat="21.547754209" lon="101.587969931">
        <ele>662.223</ele>
        <time>2025-12-25T06:07:54.000Z</time>
      </trkpt>
      <trkpt lat="21.580885073" lon="101.58228896">
        <ele>728.985</ele>
        <time>2025-12-25T06:13:57.000Z</time>
      </trkpt>
      <trkpt lat="21.600716212" lon="101.586002335">
        <ele>685.578</ele>
        <time>2025-12-25T06:20:08.000Z</time>
      </trkpt>
      <trkpt lat="21.594640446" lon="101.585778212">
        <ele>684.55</ele>
        <time>2025-12-25T06:56:28.000Z</time>
      </trkpt>
      <trkpt lat="21.561772529" lon="101.579803565">
        <ele>710.143</ele>
        <time>2025-12-25T07:02:23.000Z</time>
      </trkpt>
      <trkpt lat="21.537239294" lon="101.579275273">
        <ele>654.575</ele>
        <time>2025-12-25T07:07:27.000Z</time>
      </trkpt>
      <trkpt lat="21.503283226" lon="101.571875806">
        <ele>636.503</ele>
        <time>2025-12-25T07:13:57.000Z</time>
      </trkpt>
      <trkpt lat="21.483226936" lon="101.565552355">
        <ele>641.472</ele>
        <time>2025-12-25T07:20:07.000Z</time>
      </trkpt>
      <trkpt lat="21.470205454" lon="101.56652401">
        <ele>652.308</ele>
        <time>2025-12-25T07:25:07.000Z</time>
      </trkpt>
      <trkpt lat="21.445889552" lon="101.574262809">
        <ele>667.966</ele>
        <time>2025-12-25T07:31:46.000Z</time>
      </trkpt>
      <trkpt lat="21.426970717" lon="101.57806023">
        <ele>629.11</ele>
        <time>2025-12-25T07:37:50.000Z</time>
      </trkpt>
      <trkpt lat="21.410036297" lon="101.651827097">
        <ele>665.845</ele>
        <time>2025-12-25T07:47:11.000Z</time>
      </trkpt>
      <trkpt lat="21.357278" lon="101.685549338">
        <ele>697.196</ele>
        <time>2025-12-25T07:54:07.000Z</time>
      </trkpt>
      <trkpt lat="21.354985172" lon="101.685953681">
        <ele>700.38</ele>
        <time>2025-12-25T15:24:19.000Z</time>
      </trkpt>
      <trkpt lat="21.255785096" lon="101.711413795">
        <ele>748.811</ele>
        <time>2025-12-26T00:39:31.000Z</time>
      </trkpt>
      <trkpt lat="21.190973207" lon="101.687610759">
        <ele>863.207</ele>
        <time>2025-12-26T00:54:47.000Z</time>
      </trkpt>
      <trkpt lat="21.185905359" lon="101.683230563">
        <ele>883.974</ele>
        <time>2025-12-26T01:09:55.000Z</time>
      </trkpt>
      <trkpt lat="21.186910591" lon="101.680034394">
        <ele>895.071</ele>
        <time>2025-12-26T01:55:38.000Z</time>
      </trkpt>
      <trkpt lat="21.154222623" lon="101.672887048">
        <ele>802.122</ele>
        <time>2025-12-26T04:35:19.000Z</time>
      </trkpt>
      <trkpt lat="21.14023164" lon="101.664588521">
        <ele>791.274</ele>
        <time>2025-12-26T04:44:34.000Z</time>
      </trkpt>
      <trkpt lat="21.123944232" lon="101.65451297">
        <ele>754.988</ele>
        <time>2025-12-26T04:52:37.000Z</time>
      </trkpt>
      <trkpt lat="21.113054885" lon="101.648007365">
        <ele>754.469</ele>
        <time>2025-12-26T04:57:47.000Z</time>
      </trkpt>
      <trkpt lat="21.079661568" lon="101.636308924">
        <ele>713.132</ele>
        <time>2025-12-26T05:13:18.000Z</time>
      </trkpt>
      <trkpt lat="21.06640541" lon="101.642349829">
        <ele>698.346</ele>
        <time>2025-12-26T05:18:34.000Z</time>
      </trkpt>
      <trkpt lat="21.044575692" lon="101.648836825">
        <ele>685.813</ele>
        <time>2025-12-26T05:27:25.000Z</time>
      </trkpt>
      <trkpt lat="21.026700261" lon="101.65371855">
        <ele>701.765</ele>
        <time>2025-12-26T05:32:53.000Z</time>
      </trkpt>
      <trkpt lat="21.011511695" lon="101.662896379">
        <ele>728.801</ele>
        <time>2025-12-26T05:39:52.000Z</time>
      </trkpt>
      <trkpt lat="20.968529144" lon="101.681110533">
        <ele>715.601</ele>
        <time>2025-12-26T05:55:23.000Z</time>
      </trkpt>
      <trkpt lat="20.947922488" lon="101.719670381">
        <ele>672.483</ele>
        <time>2025-12-26T06:08:34.000Z</time>
      </trkpt>
      <trkpt lat="20.944637284" lon="101.728844382">
        <ele>671.612</ele>
        <time>2025-12-26T06:24:06.000Z</time>
      </trkpt>
      <trkpt lat="20.924852377" lon="101.755062138">
        <ele>654.818</ele>
        <time>2025-12-27T02:25:49.000Z</time>
      </trkpt>
      <trkpt lat="20.892767362" lon="101.769433827">
        <ele>639.851</ele>
        <time>2025-12-27T02:36:34.000Z</time>
      </trkpt>
      <trkpt lat="20.868843673" lon="101.799085653">
        <ele>773.489</ele>
        <time>2025-12-27T02:50:11.000Z</time>
      </trkpt>
      <trkpt lat="20.852557509" lon="101.816539602">
        <ele>842.664</ele>
        <time>2025-12-27T03:03:09.000Z</time>
      </trkpt>
      <trkpt lat="20.845933124" lon="101.843728004">
        <ele>1101.299</ele>
        <time>2025-12-27T03:16:10.000Z</time>
      </trkpt>
      <trkpt lat="20.821838709" lon="101.852734429">
        <ele>1033.307</ele>
        <time>2025-12-27T03:26:06.000Z</time>
      </trkpt>
      <trkpt lat="20.803761665" lon="101.860829159">
        <ele>993.573</ele>
        <time>2025-12-27T03:37:51.000Z</time>
      </trkpt>
      <trkpt lat="20.794104673" lon="101.870154133">
        <ele>947.155</ele>
        <time>2025-12-27T03:50:28.000Z</time>
      </trkpt>
      <trkpt lat="20.796900876" lon="101.906267228">
        <ele>838.366</ele>
        <time>2025-12-27T04:46:50.000Z</time>
      </trkpt>
      <trkpt lat="20.766353907" lon="101.934871206">
        <ele>686.09</ele>
        <time>2025-12-27T05:00:24.000Z</time>
      </trkpt>
      <trkpt lat="20.735268787" lon="101.954050074">
        <ele>655.599</ele>
        <time>2025-12-27T05:11:57.000Z</time>
      </trkpt>
      <trkpt lat="20.706205698" lon="101.964794265">
        <ele>672.398</ele>
        <time>2025-12-27T05:23:09.000Z</time>
      </trkpt>
      <trkpt lat="20.669378247" lon="101.960130194">
        <ele>657.205</ele>
        <time>2025-12-27T05:33:54.000Z</time>
      </trkpt>
      <trkpt lat="20.647724541" lon="101.974814935">
        <ele>666.118</ele>
        <time>2025-12-27T05:44:38.000Z</time>
      </trkpt>
      <trkpt lat="20.617705763" lon="101.997633957">
        <ele>858.632</ele>
        <time>2025-12-27T05:58:00.000Z</time>
      </trkpt>
      <trkpt lat="20.608383059" lon="102.049513605">
        <ele>1049.572</ele>
        <time>2025-12-27T06:13:10.000Z</time>
      </trkpt>
      <trkpt lat="20.586238705" lon="102.085346798">
        <ele>1092.398</ele>
        <time>2025-12-27T06:26:29.000Z</time>
      </trkpt>
      <trkpt lat="20.576635734" lon="102.12415346">
        <ele>862.719</ele>
        <time>2025-12-27T06:38:50.000Z</time>
      </trkpt>
      <trkpt lat="20.564206629" lon="102.176657533">
        <ele>972.734</ele>
        <time>2025-12-27T06:53:55.000Z</time>
      </trkpt>
      <trkpt lat="20.565462519" lon="102.210974876">
        <ele>1211.096</ele>
        <time>2025-12-27T07:09:04.000Z</time>
      </trkpt>
      <trkpt lat="20.562813557" lon="102.230169028">
        <ele>1291.38</ele>
        <time>2025-12-27T07:22:57.000Z</time>
      </trkpt>
      <trkpt lat="20.563180894" lon="102.230575131">
        <ele>1293.881</ele>
        <time>2025-12-27T07:30:02.000Z</time>
      </trkpt>
      <trkpt lat="20.563467174" lon="102.230431283">
        <ele>1290.203</ele>
        <time>2025-12-27T15:37:18.000Z</time>
      </trkpt>
      <trkpt lat="20.564080238" lon="102.237108402">
        <ele>1283.563</ele>
        <time>2025-12-28T02:50:29.000Z</time>
      </trkpt>
      <trkpt lat="20.580688762" lon="102.279719655">
        <ele>1120.768</ele>
        <time>2025-12-28T03:06:29.000Z</time>
      </trkpt>
      <trkpt lat="20.578465126" lon="102.28809326">
        <ele>1039.004</ele>
        <time>2025-12-28T03:20:08.000Z</time>
      </trkpt>
      <trkpt lat="20.573730821" lon="102.304363407">
        <ele>833.743</ele>
        <time>2025-12-28T03:34:01.000Z</time>
      </trkpt>
      <trkpt lat="20.57210302" lon="102.347159922">
        <ele>466.597</ele>
        <time>2025-12-28T03:49:03.000Z</time>
      </trkpt>
      <trkpt lat="20.577059224" lon="102.414360096">
        <ele>369.945</ele>
        <time>2025-12-28T04:04:03.000Z</time>
      </trkpt>
      <trkpt lat="20.608367985" lon="102.452746545">
        <ele>350.777</ele>
        <time>2025-12-28T04:18:54.000Z</time>
      </trkpt>
      <trkpt lat="20.571636977" lon="102.410143241">
        <ele>376.136</ele>
        <time>2025-12-28T04:49:30.000Z</time>
      </trkpt>
      <trkpt lat="20.535242081" lon="102.371866563">
        <ele>390.892</ele>
        <time>2025-12-28T04:59:52.000Z</time>
      </trkpt>
      <trkpt lat="20.5085449" lon="102.363842491">
        <ele>386.612</ele>
        <time>2025-12-28T05:05:24.000Z</time>
      </trkpt>
      <trkpt lat="20.494911969" lon="102.357162489">
        <ele>388.626</ele>
        <time>2025-12-28T05:10:36.000Z</time>
      </trkpt>
      <trkpt lat="20.484765968" lon="102.345984299">
        <ele>398.457</ele>
        <time>2025-12-28T05:18:46.000Z</time>
      </trkpt>
      <trkpt lat="20.482259512" lon="102.342133724">
        <ele>389.044</ele>
        <time>2025-12-28T06:04:50.000Z</time>
      </trkpt>
      <trkpt lat="20.459306964" lon="102.338021225">
        <ele>376.082</ele>
        <time>2025-12-28T06:09:59.000Z</time>
      </trkpt>
      <trkpt lat="20.433945564" lon="102.327487663">
        <ele>348.462</ele>
        <time>2025-12-28T06:18:52.000Z</time>
      </trkpt>
      <trkpt lat="20.382976515" lon="102.316119628">
        <ele>348.861</ele>
        <time>2025-12-28T06:34:27.000Z</time>
      </trkpt>
      <trkpt lat="20.372522085" lon="102.324065398">
        <ele>345.06</ele>
        <time>2025-12-28T06:39:48.000Z</time>
      </trkpt>
      <trkpt lat="20.367420757" lon="102.379807711">
        <ele>324.361</ele>
        <time>2025-12-28T06:53:32.000Z</time>
      </trkpt>
      <trkpt lat="20.347922225" lon="102.418052267">
        <ele>372.862</ele>
        <time>2025-12-28T07:05:32.000Z</time>
      </trkpt>
      <trkpt lat="20.309415726" lon="102.422983713">
        <ele>338.307</ele>
        <time>2025-12-28T07:21:04.000Z</time>
      </trkpt>
      <trkpt lat="20.290597606" lon="102.416092121">
        <ele>322.599</ele>
        <time>2025-12-28T07:27:48.000Z</time>
      </trkpt>
      <trkpt lat="20.279942922" lon="102.399913529">
        <ele>317.448</ele>
        <time>2025-12-28T07:32:53.000Z</time>
      </trkpt>
      <trkpt lat="20.273263645" lon="102.384978924">
        <ele>322.175</ele>
        <time>2025-12-28T07:37:58.000Z</time>
      </trkpt>
      <trkpt lat="20.254953227" lon="102.360459056">
        <ele>336.776</ele>
        <time>2025-12-28T07:49:52.000Z</time>
      </trkpt>
      <trkpt lat="20.242057719" lon="102.343343301">
        <ele>335.582</ele>
        <time>2025-12-28T07:54:57.000Z</time>
      </trkpt>
      <trkpt lat="20.197899026" lon="102.328894911">
        <ele>316.82</ele>
        <time>2025-12-28T08:05:11.000Z</time>
      </trkpt>
      <trkpt lat="20.144467968" lon="102.313960606">
        <ele>332.312</ele>
        <time>2025-12-28T08:20:46.000Z</time>
      </trkpt>
      <trkpt lat="20.118189891" lon="102.290005156">
        <ele>312.283</ele>
        <time>2025-12-28T08:30:54.000Z</time>
      </trkpt>
      <trkpt lat="20.095502764" lon="102.271975698">
        <ele>306.509</ele>
        <time>2025-12-28T08:41:13.000Z</time>
      </trkpt>
      <trkpt lat="20.083624439" lon="102.265224469">
        <ele>300.066</ele>
        <time>2025-12-28T08:46:11.000Z</time>
      </trkpt>
      <trkpt lat="20.067743212" lon="102.265289285">
        <ele>347.954</ele>
        <time>2025-12-28T08:51:17.000Z</time>
      </trkpt>
      <trkpt lat="20.031422687" lon="102.264533672">
        <ele>334.404</ele>
        <time>2025-12-28T09:01:55.000Z</time>
      </trkpt>
      <trkpt lat="20.015205137" lon="102.253215632">
        <ele>314.519</ele>
        <time>2025-12-28T09:07:09.000Z</time>
      </trkpt>
      <trkpt lat="19.994495961" lon="102.245937101">
        <ele>292.438</ele>
        <time>2025-12-28T09:12:47.000Z</time>
      </trkpt>
      <trkpt lat="19.97438168" lon="102.249258018">
        <ele>297.583</ele>
        <time>2025-12-28T09:17:51.000Z</time>
      </trkpt>
      <trkpt lat="19.957114524" lon="102.2699342">
        <ele>292.52</ele>
        <time>2025-12-28T09:32:03.000Z</time>
      </trkpt>
      <trkpt lat="19.964456018" lon="102.276329342">
        <ele>292.289</ele>
        <time>2025-12-28T09:42:48.000Z</time>
      </trkpt>
      <trkpt lat="19.959607674" lon="102.272223299">
        <ele>298.29</ele>
        <time>2025-12-30T04:52:02.000Z</time>
      </trkpt>
      <trkpt lat="19.970639072" lon="102.259678514">
        <ele>296.589</ele>
        <time>2025-12-30T05:04:26.000Z</time>
      </trkpt>
      <trkpt lat="19.97147206" lon="102.247025927">
        <ele>306.335</ele>
        <time>2025-12-30T05:09:26.000Z</time>
      </trkpt>
      <trkpt lat="19.941427779" lon="102.231381687">
        <ele>312.147</ele>
        <time>2025-12-30T05:19:37.000Z</time>
      </trkpt>
      <trkpt lat="19.930695422" lon="102.208073192">
        <ele>292.12</ele>
        <time>2025-12-30T05:25:48.000Z</time>
      </trkpt>
      <trkpt lat="19.918410303" lon="102.18015779">
        <ele>291.997</ele>
        <time>2025-12-30T05:32:06.000Z</time>
      </trkpt>
      <trkpt lat="19.910217937" lon="102.168786124">
        <ele>294.581</ele>
        <time>2025-12-30T05:42:07.000Z</time>
      </trkpt>
      <trkpt lat="19.913581532" lon="102.167350919">
        <ele>291.554</ele>
        <time>2025-12-30T06:15:59.000Z</time>
      </trkpt>
      <trkpt lat="19.91366539" lon="102.167024231">
        <ele>286.814</ele>
        <time>2025-12-30T15:13:48.000Z</time>
      </trkpt>
      <trkpt lat="19.91366539" lon="102.167024231">
        <ele>286.814</ele>
        <time>2025-12-30T15:13:49.000Z</time>
      </trkpt>
      <trkpt lat="19.913535424" lon="102.167333847">
        <ele>291.641</ele>
        <time>2025-12-31T07:35:32.000Z</time>
      </trkpt>
      <trkpt lat="19.918199122" lon="102.179784655">
        <ele>294.176</ele>
        <time>2026-01-04T03:08:43.000Z</time>
      </trkpt>
      <trkpt lat="19.928399905" lon="102.203205893">
        <ele>299.76</ele>
        <time>2026-01-04T03:18:03.000Z</time>
      </trkpt>
      <trkpt lat="19.925395343" lon="102.194449967">
        <ele>296.238</ele>
        <time>2026-01-04T03:40:07.000Z</time>
      </trkpt>
      <trkpt lat="19.905385097" lon="102.164236122">
        <ele>293</ele>
        <time>2026-01-04T03:51:22.000Z</time>
      </trkpt>
      <trkpt lat="19.894446342" lon="102.15055257">
        <ele>286.996</ele>
        <time>2026-01-04T03:56:27.000Z</time>
      </trkpt>
      <trkpt lat="19.884989248" lon="102.149167908">
        <ele>293.155</ele>
        <time>2026-01-04T04:07:50.000Z</time>
      </trkpt>
      <trkpt lat="19.870241774" lon="102.128654001">
        <ele>299.502</ele>
        <time>2026-01-04T04:20:20.000Z</time>
      </trkpt>
      <trkpt lat="19.876872799" lon="102.121412829">
        <ele>295.494</ele>
        <time>2026-01-04T04:31:35.000Z</time>
      </trkpt>
      <trkpt lat="19.867343456" lon="102.110198932">
        <ele>298.309</ele>
        <time>2026-01-04T04:46:23.000Z</time>
      </trkpt>
      <trkpt lat="19.860530544" lon="102.102091776">
        <ele>297.668</ele>
        <time>2026-01-04T05:05:00.000Z</time>
      </trkpt>
      <trkpt lat="19.827682804" lon="102.060628021">
        <ele>345.556</ele>
        <time>2026-01-04T05:19:50.000Z</time>
      </trkpt>
      <trkpt lat="19.825195971" lon="102.055289715">
        <ele>338.307</ele>
        <time>2026-01-04T06:00:32.000Z</time>
      </trkpt>
      <trkpt lat="19.812542438" lon="102.006702549">
        <ele>294.278</ele>
        <time>2026-01-04T06:12:33.000Z</time>
      </trkpt>
      <trkpt lat="19.791882252" lon="101.982967696">
        <ele>291.847</ele>
        <time>2026-01-04T06:25:27.000Z</time>
      </trkpt>
      <trkpt lat="19.758739485" lon="101.992558205">
        <ele>357.903</ele>
        <time>2026-01-04T06:39:43.000Z</time>
      </trkpt>
      <trkpt lat="19.762462779" lon="101.984950289">
        <ele>334.064</ele>
        <time>2026-01-05T08:44:25.000Z</time>
      </trkpt>
      <trkpt lat="19.811254455" lon="102.00636683">
        <ele>291.071</ele>
        <time>2026-01-05T08:59:30.000Z</time>
      </trkpt>
      <trkpt lat="19.830733938" lon="102.023863355">
        <ele>299.366</ele>
        <time>2026-01-05T09:04:42.000Z</time>
      </trkpt>
      <trkpt lat="19.823256804" lon="102.044059642">
        <ele>323.067</ele>
        <time>2026-01-05T09:09:53.000Z</time>
      </trkpt>
      <trkpt lat="19.859284909" lon="102.099256547">
        <ele>295.869</ele>
        <time>2026-01-05T09:22:16.000Z</time>
      </trkpt>
      <trkpt lat="19.86760819" lon="102.110119726">
        <ele>300</ele>
        <time>2026-01-05T09:27:27.000Z</time>
      </trkpt>
      <trkpt lat="19.870901542" lon="102.114860446">
        <ele>288.254</ele>
        <time>2026-01-05T09:42:39.000Z</time>
      </trkpt>
      <trkpt lat="19.883242627" lon="102.128063534">
        <ele>287.375</ele>
        <time>2026-01-05T09:49:24.000Z</time>
      </trkpt>
      <trkpt lat="19.883546458" lon="102.129280326">
        <ele>292.517</ele>
        <time>2026-01-05T10:03:43.000Z</time>
      </trkpt>
      <trkpt lat="19.87846599" lon="102.133183787">
        <ele>297.422</ele>
        <time>2026-01-06T02:28:47.000Z</time>
      </trkpt>
      <trkpt lat="19.870217502" lon="102.128975904">
        <ele>299.24</ele>
        <time>2026-01-06T02:35:55.000Z</time>
      </trkpt>
      <trkpt lat="19.84962324" lon="102.137656049">
        <ele>352.186</ele>
        <time>2026-01-06T04:15:37.000Z</time>
      </trkpt>
      <trkpt lat="19.844393129" lon="102.192299903">
        <ele>336.712</ele>
        <time>2026-01-06T04:47:12.000Z</time>
      </trkpt>
      <trkpt lat="19.816408343" lon="102.198186396">
        <ele>318.6</ele>
        <time>2026-01-06T04:59:36.000Z</time>
      </trkpt>
      <trkpt lat="19.794825702" lon="102.192209819">
        <ele>303.109</ele>
        <time>2026-01-06T05:09:02.000Z</time>
      </trkpt>
      <trkpt lat="19.773862227" lon="102.179851541">
        <ele>311.045</ele>
        <time>2026-01-06T05:19:55.000Z</time>
      </trkpt>
      <trkpt lat="19.764986747" lon="102.177494102">
        <ele>323.015</ele>
        <time>2026-01-06T05:27:16.000Z</time>
      </trkpt>
      <trkpt lat="19.719015202" lon="102.146886857">
        <ele>351.415</ele>
        <time>2026-01-06T05:42:09.000Z</time>
      </trkpt>
      <trkpt lat="19.674330859" lon="102.111017295">
        <ele>396.285</ele>
        <time>2026-01-06T05:55:58.000Z</time>
      </trkpt>
      <trkpt lat="19.657067093" lon="102.096573886">
        <ele>417.285</ele>
        <time>2026-01-06T06:01:11.000Z</time>
      </trkpt>
      <trkpt lat="19.640378099" lon="102.078553062">
        <ele>447.705</ele>
        <time>2026-01-06T06:12:20.000Z</time>
      </trkpt>
      <trkpt lat="19.61895604" lon="102.053313767">
        <ele>586.335</ele>
        <time>2026-01-06T06:25:31.000Z</time>
      </trkpt>
      <trkpt lat="19.596379576" lon="102.028251328">
        <ele>596.293</ele>
        <time>2026-01-06T06:38:13.000Z</time>
      </trkpt>
      <trkpt lat="19.577050908" lon="102.007422885">
        <ele>544.573</ele>
        <time>2026-01-06T06:48:38.000Z</time>
      </trkpt>
      <trkpt lat="19.570121538" lon="102.003710711">
        <ele>589.32</ele>
        <time>2026-01-06T06:54:26.000Z</time>
      </trkpt>
      <trkpt lat="19.555576527" lon="101.997609086">
        <ele>651.439</ele>
        <time>2026-01-06T07:54:16.000Z</time>
      </trkpt>
      <trkpt lat="19.519768267" lon="101.98423293">
        <ele>583.394</ele>
        <time>2026-01-06T08:09:51.000Z</time>
      </trkpt>
      <trkpt lat="19.496556212" lon="102.045115957">
        <ele>727.55</ele>
        <time>2026-01-06T08:25:18.000Z</time>
      </trkpt>
      <trkpt lat="19.470671042" lon="102.058405079">
        <ele>1153.071</ele>
        <time>2026-01-06T08:40:16.000Z</time>
      </trkpt>
      <trkpt lat="19.463265745" lon="102.097878519">
        <ele>1591.147</ele>
        <time>2026-01-06T08:55:17.000Z</time>
      </trkpt>
      <trkpt lat="19.424183895" lon="102.140206648">
        <ele>1556.208</ele>
        <time>2026-01-06T09:10:15.000Z</time>
      </trkpt>
      <trkpt lat="19.3900585" lon="102.143845467">
        <ele>1856.901</ele>
        <time>2026-01-06T09:25:17.000Z</time>
      </trkpt>
      <trkpt lat="19.390174214" lon="102.139135185">
        <ele>1837.149</ele>
        <time>2026-01-06T09:40:17.000Z</time>
      </trkpt>
      <trkpt lat="19.383640168" lon="102.15258521">
        <ele>1420.332</ele>
        <time>2026-01-07T05:04:39.000Z</time>
      </trkpt>
      <trkpt lat="19.366138838" lon="102.1576887">
        <ele>963.297</ele>
        <time>2026-01-07T05:19:49.000Z</time>
      </trkpt>
      <trkpt lat="19.317082522" lon="102.177916216">
        <ele>527.748</ele>
        <time>2026-01-07T05:34:33.000Z</time>
      </trkpt>
      <trkpt lat="19.270942917" lon="102.189471638">
        <ele>486.397</ele>
        <time>2026-01-07T05:49:18.000Z</time>
      </trkpt>
      <trkpt lat="19.272619895" lon="102.224821275">
        <ele>435.145</ele>
        <time>2026-01-07T06:00:27.000Z</time>
      </trkpt>
      <trkpt lat="19.23054048" lon="102.252727857">
        <ele>409.18</ele>
        <time>2026-01-07T06:14:03.000Z</time>
      </trkpt>
      <trkpt lat="19.2111788" lon="102.244775369">
        <ele>400.047</ele>
        <time>2026-01-07T06:27:19.000Z</time>
      </trkpt>
      <trkpt lat="19.204872068" lon="102.239703864">
        <ele>402.771</ele>
        <time>2026-01-07T06:57:21.000Z</time>
      </trkpt>
      <trkpt lat="19.146283362" lon="102.214383138">
        <ele>408.514</ele>
        <time>2026-01-07T07:23:42.000Z</time>
      </trkpt>
      <trkpt lat="19.128272737" lon="102.238818954">
        <ele>450.237</ele>
        <time>2026-01-07T07:34:48.000Z</time>
      </trkpt>
      <trkpt lat="19.13310533" lon="102.284487797">
        <ele>536.409</ele>
        <time>2026-01-07T07:50:03.000Z</time>
      </trkpt>
      <trkpt lat="19.138329787" lon="102.322046565">
        <ele>613.453</ele>
        <time>2026-01-07T08:04:38.000Z</time>
      </trkpt>
      <trkpt lat="19.13031989" lon="102.336465406">
        <ele>531.822</ele>
        <time>2026-01-07T08:09:39.000Z</time>
      </trkpt>
      <trkpt lat="19.115487621" lon="102.370077409">
        <ele>367.443</ele>
        <time>2026-01-07T08:19:54.000Z</time>
      </trkpt>
      <trkpt lat="19.080655365" lon="102.422922459">
        <ele>279.254</ele>
        <time>2026-01-07T08:39:37.000Z</time>
      </trkpt>
      <trkpt lat="19.046080758" lon="102.434143892">
        <ele>268.699</ele>
        <time>2026-01-07T08:54:06.000Z</time>
      </trkpt>
      <trkpt lat="19.006861007" lon="102.447563393">
        <ele>260.08</ele>
        <time>2026-01-07T09:05:58.000Z</time>
      </trkpt>
      <trkpt lat="18.949902459" lon="102.448548396">
        <ele>242.875</ele>
        <time>2026-01-07T09:19:33.000Z</time>
      </trkpt>
      <trkpt lat="18.942772652" lon="102.443972737">
        <ele>241.685</ele>
        <time>2026-01-07T09:27:42.000Z</time>
      </trkpt>
      <trkpt lat="18.930926286" lon="102.449957365">
        <ele>240.54</ele>
        <time>2026-01-07T09:40:33.000Z</time>
      </trkpt>
      <trkpt lat="18.917736313" lon="102.448225161">
        <ele>236.539</ele>
        <time>2026-01-07T09:45:49.000Z</time>
      </trkpt>
      <trkpt lat="18.916157939" lon="102.442455516">
        <ele>230.68</ele>
        <time>2026-01-08T05:50:03.000Z</time>
      </trkpt>
      <trkpt lat="18.920029057" lon="102.438786132">
        <ele>229.806</ele>
        <time>2026-01-08T05:56:47.000Z</time>
      </trkpt>
      <trkpt lat="18.912026977" lon="102.409304023">
        <ele>242.058</ele>
        <time>2026-01-09T02:25:25.000Z</time>
      </trkpt>
      <trkpt lat="18.915329241" lon="102.402113029">
        <ele>242.134</ele>
        <time>2026-01-09T02:46:01.000Z</time>
      </trkpt>
      <trkpt lat="18.945952417" lon="102.344284095">
        <ele>310.248</ele>
        <time>2026-01-09T03:00:35.000Z</time>
      </trkpt>
      <trkpt lat="18.944921955" lon="102.334077172">
        <ele>297.438</ele>
        <time>2026-01-09T03:15:47.000Z</time>
      </trkpt>
      <trkpt lat="18.942665812" lon="102.336318623">
        <ele>290.169</ele>
        <time>2026-01-10T02:18:03.000Z</time>
      </trkpt>
      <trkpt lat="18.944908132" lon="102.334243792">
        <ele>297.247</ele>
        <time>2026-01-10T03:18:22.000Z</time>
      </trkpt>
      <trkpt lat="18.944580307" lon="102.334534781">
        <ele>293.487</ele>
        <time>2026-01-10T03:25:13.000Z</time>
      </trkpt>
      <trkpt lat="18.944895486" lon="102.334320985">
        <ele>297.038</ele>
        <time>2026-01-10T03:29:59.000Z</time>
      </trkpt>
      <trkpt lat="18.942726801" lon="102.336372683">
        <ele>288.98</ele>
        <time>2026-01-10T03:31:51.000Z</time>
      </trkpt>
      <trkpt lat="18.948663229" lon="102.348658212">
        <ele>295.461</ele>
        <time>2026-01-10T07:46:14.000Z</time>
      </trkpt>
      <trkpt lat="18.921949193" lon="102.389230024">
        <ele>275.845</ele>
        <time>2026-01-10T08:01:17.000Z</time>
      </trkpt>
      <trkpt lat="18.921892137" lon="102.388316795">
        <ele>264.741</ele>
        <time>2026-01-10T08:13:19.000Z</time>
      </trkpt>
      <trkpt lat="18.919335552" lon="102.397925595">
        <ele>247.183</ele>
        <time>2026-01-11T02:43:22.000Z</time>
      </trkpt>
      <trkpt lat="18.911950379" lon="102.408547304">
        <ele>241.979</ele>
        <time>2026-01-11T02:48:49.000Z</time>
      </trkpt>
      <trkpt lat="18.919559461" lon="102.432604563">
        <ele>239.075</ele>
        <time>2026-01-11T02:53:55.000Z</time>
      </trkpt>
      <trkpt lat="18.917118208" lon="102.45110614">
        <ele>235.357</ele>
        <time>2026-01-11T03:02:00.000Z</time>
      </trkpt>
      <trkpt lat="18.798834533" lon="102.4087267">
        <ele>238.438</ele>
        <time>2026-01-11T03:18:04.000Z</time>
      </trkpt>
      <trkpt lat="18.722500167" lon="102.364885463">
        <ele>233.004</ele>
        <time>2026-01-11T03:31:58.000Z</time>
      </trkpt>
      <trkpt lat="18.634739901" lon="102.321479956">
        <ele>201.703</ele>
        <time>2026-01-11T03:40:27.000Z</time>
      </trkpt>
      <trkpt lat="18.496545212" lon="102.394497046">
        <ele>197.413</ele>
        <time>2026-01-11T03:54:25.000Z</time>
      </trkpt>
      <trkpt lat="18.352358081" lon="102.415454923">
        <ele>185.05</ele>
        <time>2026-01-11T04:07:12.000Z</time>
      </trkpt>
      <trkpt lat="18.289845474" lon="102.459409805">
        <ele>173.957</ele>
        <time>2026-01-11T04:14:01.000Z</time>
      </trkpt>
      <trkpt lat="18.213802879" lon="102.480063988">
        <ele>199</ele>
        <time>2026-01-11T04:22:27.000Z</time>
      </trkpt>
      <trkpt lat="18.162854319" lon="102.492480436">
        <ele>192.724</ele>
        <time>2026-01-11T04:43:33.000Z</time>
      </trkpt>
      <trkpt lat="18.041009819" lon="102.528580288">
        <ele>175.04</ele>
        <time>2026-01-11T04:58:18.000Z</time>
      </trkpt>
      <trkpt lat="18.019545618" lon="102.546778076">
        <ele>166.599</ele>
        <time>2026-01-11T05:03:25.000Z</time>
      </trkpt>
      <trkpt lat="17.97993368" lon="102.554651567">
        <ele>170.939</ele>
        <time>2026-01-11T05:14:38.000Z</time>
      </trkpt>
      <trkpt lat="17.969487426" lon="102.577430632">
        <ele>173.807</ele>
        <time>2026-01-11T05:19:53.000Z</time>
      </trkpt>
      <trkpt lat="17.958202293" lon="102.610545147">
        <ele>167.508</ele>
        <time>2026-01-11T05:30:12.000Z</time>
      </trkpt>
      <trkpt lat="17.955973496" lon="102.614690949">
        <ele>167.178</ele>
        <time>2026-01-11T05:46:19.000Z</time>
      </trkpt>
      <trkpt lat="17.964642786" lon="102.60047172">
        <ele>171.126</ele>
        <time>2026-01-12T04:56:48.000Z</time>
      </trkpt>
      <trkpt lat="17.969198367" lon="102.586781457">
        <ele>171.067</ele>
        <time>2026-01-12T05:02:05.000Z</time>
      </trkpt>
      <trkpt lat="17.972566215" lon="102.564356094">
        <ele>172.675</ele>
        <time>2026-01-12T05:07:16.000Z</time>
      </trkpt>
      <trkpt lat="17.977630552" lon="102.53844361">
        <ele>172.133</ele>
        <time>2026-01-12T05:13:17.000Z</time>
      </trkpt>
      <trkpt lat="17.974977815" lon="102.513470734">
        <ele>171.425</ele>
        <time>2026-01-12T05:18:36.000Z</time>
      </trkpt>
      <trkpt lat="17.987095163" lon="102.43681215">
        <ele>181.066</ele>
        <time>2026-01-12T05:28:45.000Z</time>
      </trkpt>
      <trkpt lat="18.015074544" lon="102.397489327">
        <ele>174.962</ele>
        <time>2026-01-12T05:33:53.000Z</time>
      </trkpt>
      <trkpt lat="18.055522162" lon="102.318495261">
        <ele>176.347</ele>
        <time>2026-01-12T05:44:05.000Z</time>
      </trkpt>
      <trkpt lat="18.110572114" lon="102.243048241">
        <ele>184.111</ele>
        <time>2026-01-12T05:58:08.000Z</time>
      </trkpt>
      <trkpt lat="18.152532248" lon="102.201817596">
        <ele>180.126</ele>
        <time>2026-01-12T06:05:52.000Z</time>
      </trkpt>
      <trkpt lat="18.193817211" lon="102.179494305">
        <ele>187.452</ele>
        <time>2026-01-12T06:11:15.000Z</time>
      </trkpt>
      <trkpt lat="18.22083766" lon="102.079197197">
        <ele>190.074</ele>
        <time>2026-01-12T06:26:28.000Z</time>
      </trkpt>
      <trkpt lat="18.147428348" lon="102.013141019">
        <ele>221.528</ele>
        <time>2026-01-12T06:41:47.000Z</time>
      </trkpt>
      <trkpt lat="18.117782478" lon="101.976193171">
        <ele>195.165</ele>
        <time>2026-01-12T06:57:11.000Z</time>
      </trkpt>
      <trkpt lat="18.118198137" lon="101.976081021">
        <ele>201.214</ele>
        <time>2026-01-12T08:47:21.000Z</time>
      </trkpt>
      <trkpt lat="18.117924604" lon="101.976283151">
        <ele>195.728</ele>
        <time>2026-01-12T08:58:03.000Z</time>
      </trkpt>
      <trkpt lat="18.11030136" lon="101.980824489">
        <ele>202.461</ele>
        <time>2026-01-12T09:08:26.000Z</time>
      </trkpt>
      <trkpt lat="18.117850288" lon="101.976320408">
        <ele>194.523</ele>
        <time>2026-01-12T09:20:45.000Z</time>
      </trkpt>
      <trkpt lat="18.11079597" lon="101.98389434">
        <ele>198.171</ele>
        <time>2026-01-12T09:49:35.000Z</time>
      </trkpt>
      <trkpt lat="18.117931586" lon="101.976271364">
        <ele>195.93</ele>
        <time>2026-01-12T10:03:56.000Z</time>
      </trkpt>
      <trkpt lat="18.11020088" lon="101.98044586">
        <ele>202.367</ele>
        <time>2026-01-12T10:49:29.000Z</time>
      </trkpt>
      <trkpt lat="18.117916924" lon="101.976277577">
        <ele>195.705</ele>
        <time>2026-01-12T11:04:14.000Z</time>
      </trkpt>
      <trkpt lat="18.110124281" lon="101.984325412">
        <ele>202.165</ele>
        <time>2026-01-12T13:14:07.000Z</time>
      </trkpt>
      <trkpt lat="18.117866365" lon="101.976047999">
        <ele>197.411</ele>
        <time>2026-01-12T13:19:16.000Z</time>
      </trkpt>
      <trkpt lat="18.11020088" lon="101.98044586">
        <ele>202.367</ele>
        <time>2026-01-12T13:32:11.000Z</time>
      </trkpt>
      <trkpt lat="18.117837715" lon="101.976238433">
        <ele>195.272</ele>
        <time>2026-01-12T13:47:36.000Z</time>
      </trkpt>
      <trkpt lat="18.11086845" lon="101.98393249">
        <ele>198.148</ele>
        <time>2026-01-12T15:26:24.000Z</time>
      </trkpt>
      <trkpt lat="18.118001707" lon="101.976326024">
        <ele>196.097</ele>
        <time>2026-01-12T15:33:58.000Z</time>
      </trkpt>
      <trkpt lat="18.11086845" lon="101.98393249">
        <ele>198.148</ele>
        <time>2026-01-13T01:38:52.000Z</time>
      </trkpt>
      <trkpt lat="18.117835554" lon="101.976250481">
        <ele>195.119</ele>
        <time>2026-01-13T02:12:12.000Z</time>
      </trkpt>
      <trkpt lat="18.080789842" lon="101.929767148">
        <ele>198.162</ele>
        <time>2026-01-13T02:27:17.000Z</time>
      </trkpt>
      <trkpt lat="18.059714665" lon="101.836712854">
        <ele>205.822</ele>
        <time>2026-01-13T02:42:04.000Z</time>
      </trkpt>
      <trkpt lat="18.063032213" lon="101.752407185">
        <ele>412.256</ele>
        <time>2026-01-13T02:55:29.000Z</time>
      </trkpt>
      <trkpt lat="18.063150155" lon="101.707044477">
        <ele>241.502</ele>
        <time>2026-01-13T03:06:12.000Z</time>
      </trkpt>
      <trkpt lat="18.069342873" lon="101.690597506">
        <ele>228.946</ele>
        <time>2026-01-13T03:14:56.000Z</time>
      </trkpt>
      <trkpt lat="18.134557139" lon="101.632506894">
        <ele>351.926</ele>
        <time>2026-01-13T03:28:10.000Z</time>
      </trkpt>
      <trkpt lat="18.122003982" lon="101.566918334">
        <ele>673.505</ele>
        <time>2026-01-13T03:42:04.000Z</time>
      </trkpt>
      <trkpt lat="18.133277141" lon="101.493816144">
        <ele>365.374</ele>
        <time>2026-01-13T03:56:49.000Z</time>
      </trkpt>
      <trkpt lat="18.157653156" lon="101.449985701">
        <ele>260.374</ele>
        <time>2026-01-13T04:10:08.000Z</time>
      </trkpt>
      <trkpt lat="18.161640619" lon="101.403576331">
        <ele>232.781</ele>
        <time>2026-01-13T04:54:36.000Z</time>
      </trkpt>
      <trkpt lat="18.096941797" lon="101.366982382">
        <ele>238.146</ele>
        <time>2026-01-13T05:13:20.000Z</time>
      </trkpt>
      <trkpt lat="18.041383023" lon="101.361622643">
        <ele>293.184</ele>
        <time>2026-01-13T05:28:22.000Z</time>
      </trkpt>
      <trkpt lat="17.951272743" lon="101.35390103">
        <ele>302.062</ele>
        <time>2026-01-13T05:43:22.000Z</time>
      </trkpt>
      <trkpt lat="17.886143472" lon="101.344296585">
        <ele>279.884</ele>
        <time>2026-01-13T05:56:52.000Z</time>
      </trkpt>
      <trkpt lat="17.80359906" lon="101.349109752">
        <ele>339.453</ele>
        <time>2026-01-13T06:11:50.000Z</time>
      </trkpt>
      <trkpt lat="17.76895032" lon="101.366371067">
        <ele>276</ele>
        <time>2026-01-13T06:26:53.000Z</time>
      </trkpt>
      <trkpt lat="17.764369784" lon="101.370015964">
        <ele>274.365</ele>
        <time>2026-01-15T07:36:25.000Z</time>
      </trkpt>
      <trkpt lat="17.737027102" lon="101.387478563">
        <ele>247.054</ele>
        <time>2026-01-15T07:41:59.000Z</time>
      </trkpt>
      <trkpt lat="17.719588976" lon="101.384519014">
        <ele>263.772</ele>
        <time>2026-01-15T07:48:03.000Z</time>
      </trkpt>
      <trkpt lat="17.695272018" lon="101.397158945">
        <ele>242.793</ele>
        <time>2026-01-15T07:56:59.000Z</time>
      </trkpt>
      <trkpt lat="17.701378746" lon="101.393099789">
        <ele>249.067</ele>
        <time>2026-01-15T10:01:47.000Z</time>
      </trkpt>
      <trkpt lat="17.716960429" lon="101.384789099">
        <ele>266.241</ele>
        <time>2026-01-15T10:08:20.000Z</time>
      </trkpt>
      <trkpt lat="17.731560854" lon="101.392241541">
        <ele>242.242</ele>
        <time>2026-01-15T10:20:22.000Z</time>
      </trkpt>
      <trkpt lat="17.757787012" lon="101.373507164">
        <ele>264.395</ele>
        <time>2026-01-15T11:10:38.000Z</time>
      </trkpt>
      <trkpt lat="17.769060479" lon="101.366385659">
        <ele>276</ele>
        <time>2026-01-15T11:21:26.000Z</time>
      </trkpt>
      <trkpt lat="17.759119" lon="101.372619844">
        <ele>270.04</ele>
        <time>2026-01-16T04:04:11.000Z</time>
      </trkpt>
      <trkpt lat="17.705910528" lon="101.383411339">
        <ele>245.719</ele>
        <time>2026-01-16T04:15:49.000Z</time>
      </trkpt>
      <trkpt lat="17.695508664" lon="101.397250376">
        <ele>242.27</ele>
        <time>2026-01-16T04:25:48.000Z</time>
      </trkpt>
      <trkpt lat="17.691141386" lon="101.395049254">
        <ele>246.258</ele>
        <time>2026-01-16T05:43:08.000Z</time>
      </trkpt>
      <trkpt lat="17.659458169" lon="101.405734923">
        <ele>272.225</ele>
        <time>2026-01-16T07:19:12.000Z</time>
      </trkpt>
      <trkpt lat="17.627131892" lon="101.422846578">
        <ele>260</ele>
        <time>2026-01-16T07:29:56.000Z</time>
      </trkpt>
      <trkpt lat="17.62219118" lon="101.419400023">
        <ele>264.952</ele>
        <time>2026-01-16T09:25:02.000Z</time>
      </trkpt>
      <trkpt lat="17.573099254" lon="101.416562806">
        <ele>288.158</ele>
        <time>2026-01-16T09:32:04.000Z</time>
      </trkpt>
      <trkpt lat="17.531254236" lon="101.442196285">
        <ele>491.61</ele>
        <time>2026-01-16T09:44:11.000Z</time>
      </trkpt>
      <trkpt lat="17.481375835" lon="101.462824484">
        <ele>801.195</ele>
        <time>2026-01-16T09:59:19.000Z</time>
      </trkpt>
      <trkpt lat="17.454126854" lon="101.418338455">
        <ele>723.87</ele>
        <time>2026-01-16T10:12:49.000Z</time>
      </trkpt>
      <trkpt lat="17.457151087" lon="101.373996092">
        <ele>620.645</ele>
        <time>2026-01-16T10:17:58.000Z</time>
      </trkpt>
      <trkpt lat="17.464621207" lon="101.355091045">
        <ele>693.237</ele>
        <time>2026-01-16T10:27:11.000Z</time>
      </trkpt>
      <trkpt lat="17.481521596" lon="101.351969982">
        <ele>893.727</ele>
        <time>2026-01-16T10:32:28.000Z</time>
      </trkpt>
      <trkpt lat="17.481222907" lon="101.351847164">
        <ele>891.049</ele>
        <time>2026-01-16T10:32:32.000Z</time>
      </trkpt>
      <trkpt lat="17.462298908" lon="101.355612924">
        <ele>667.254</ele>
        <time>2026-01-18T03:57:37.000Z</time>
      </trkpt>
      <trkpt lat="17.449260901" lon="101.354008304">
        <ele>616.268</ele>
        <time>2026-01-18T04:03:38.000Z</time>
      </trkpt>
      <trkpt lat="17.438303905" lon="101.325150907">
        <ele>611.846</ele>
        <time>2026-01-18T04:08:36.000Z</time>
      </trkpt>
      <trkpt lat="17.407677993" lon="101.295858985">
        <ele>635.766</ele>
        <time>2026-01-18T04:14:26.000Z</time>
      </trkpt>
      <trkpt lat="17.366717966" lon="101.259642394">
        <ele>622.788</ele>
        <time>2026-01-18T04:20:23.000Z</time>
      </trkpt>
      <trkpt lat="17.320529184" lon="101.243371598">
        <ele>623.501</ele>
        <time>2026-01-18T04:26:25.000Z</time>
      </trkpt>
      <trkpt lat="17.270489995" lon="101.237901834">
        <ele>676.448</ele>
        <time>2026-01-18T04:32:28.000Z</time>
      </trkpt>
      <trkpt lat="17.219423631" lon="101.180377281">
        <ele>708.872</ele>
        <time>2026-01-18T04:45:29.000Z</time>
      </trkpt>
      <trkpt lat="17.141702855" lon="101.172220465">
        <ele>545.099</ele>
        <time>2026-01-18T04:59:24.000Z</time>
      </trkpt>
      <trkpt lat="17.062488757" lon="101.169892307">
        <ele>340.898</ele>
        <time>2026-01-18T05:13:35.000Z</time>
      </trkpt>
      <trkpt lat="16.981646349" lon="101.203236859">
        <ele>184.621</ele>
        <time>2026-01-18T05:27:03.000Z</time>
      </trkpt>
      <trkpt lat="16.98120479" lon="101.203411885">
        <ele>182.622</ele>
        <time>2026-01-18T05:27:05.000Z</time>
      </trkpt>
      <trkpt lat="16.980844323" lon="101.203563669">
        <ele>181.21</ele>
        <time>2026-01-18T05:27:07.000Z</time>
      </trkpt>
      <trkpt lat="16.980485787" lon="101.203707983">
        <ele>182.164</ele>
        <time>2026-01-18T05:27:10.000Z</time>
      </trkpt>
      <trkpt lat="16.98017063" lon="101.203847779">
        <ele>181.819</ele>
        <time>2026-01-18T05:27:12.000Z</time>
      </trkpt>
      <trkpt lat="16.979860532" lon="101.203984149">
        <ele>180.656</ele>
        <time>2026-01-18T05:27:14.000Z</time>
      </trkpt>
      <trkpt lat="16.979555347" lon="101.2041168">
        <ele>179.96</ele>
        <time>2026-01-18T05:27:16.000Z</time>
      </trkpt>
      <trkpt lat="16.979260166" lon="101.204246926">
        <ele>180.192</ele>
        <time>2026-01-18T05:27:18.000Z</time>
      </trkpt>
      <trkpt lat="16.978967948" lon="101.204381012">
        <ele>180.772</ele>
        <time>2026-01-18T05:27:20.000Z</time>
      </trkpt>
      <trkpt lat="16.978673727" lon="101.204513088">
        <ele>181</ele>
        <time>2026-01-18T05:27:22.000Z</time>
      </trkpt>
      <trkpt lat="16.97837722" lon="101.20464256">
        <ele>181</ele>
        <time>2026-01-18T05:27:24.000Z</time>
      </trkpt>
      <trkpt lat="16.978084224" lon="101.204770486">
        <ele>180.826</ele>
        <time>2026-01-18T05:27:26.000Z</time>
      </trkpt>
      <trkpt lat="16.977793032" lon="101.204899999">
        <ele>181.305</ele>
        <time>2026-01-18T05:27:28.000Z</time>
      </trkpt>
      <trkpt lat="16.977361809" lon="101.205091419">
        <ele>182.666</ele>
        <time>2026-01-18T05:27:31.000Z</time>
      </trkpt>
      <trkpt lat="16.976940924" lon="101.20528091">
        <ele>182.987</ele>
        <time>2026-01-18T05:27:34.000Z</time>
      </trkpt>
      <trkpt lat="16.976521312" lon="101.205473071">
        <ele>183.226</ele>
        <time>2026-01-18T05:27:37.000Z</time>
      </trkpt>
      <trkpt lat="16.976126579" lon="101.205646644">
        <ele>184.981</ele>
        <time>2026-01-18T05:27:40.000Z</time>
      </trkpt>
      <trkpt lat="16.975741017" lon="101.205820012">
        <ele>183.367</ele>
        <time>2026-01-18T05:27:43.000Z</time>
      </trkpt>
      <trkpt lat="16.85519594" lon="101.247411013">
        <ele>157</ele>
        <time>2026-01-18T05:42:57.000Z</time>
      </trkpt>
      <trkpt lat="16.798364181" lon="101.217399978">
        <ele>145.071</ele>
        <time>2026-01-18T05:56:26.000Z</time>
      </trkpt>
      <trkpt lat="16.767321394" lon="101.181272738">
        <ele>172.313</ele>
        <time>2026-01-18T06:11:27.000Z</time>
      </trkpt>
      <trkpt lat="16.767546614" lon="101.181014528">
        <ele>171.652</ele>
        <time>2026-01-18T06:11:29.000Z</time>
      </trkpt>
      <trkpt lat="16.767692104" lon="101.180638907">
        <ele>171.7</ele>
        <time>2026-01-18T06:11:32.000Z</time>
      </trkpt>
      <trkpt lat="16.767875373" lon="101.180224176">
        <ele>172.317</ele>
        <time>2026-01-18T06:11:35.000Z</time>
      </trkpt>
      <trkpt lat="16.768018936" lon="101.179816732">
        <ele>169.757</ele>
        <time>2026-01-18T06:11:38.000Z</time>
      </trkpt>
      <trkpt lat="16.768155839" lon="101.179418967">
        <ele>168.05</ele>
        <time>2026-01-18T06:11:41.000Z</time>
      </trkpt>
      <trkpt lat="16.768268732" lon="101.179032996">
        <ele>168.054</ele>
        <time>2026-01-18T06:11:44.000Z</time>
      </trkpt>
      <trkpt lat="16.750605223" lon="101.164922929">
        <ele>169</ele>
        <time>2026-01-18T06:24:33.000Z</time>
      </trkpt>
      <trkpt lat="16.772273951" lon="101.133170435">
        <ele>268.002</ele>
        <time>2026-01-18T07:34:21.000Z</time>
      </trkpt>
      <trkpt lat="16.770134135" lon="101.055782251">
        <ele>740.728</ele>
        <time>2026-01-18T07:47:23.000Z</time>
      </trkpt>
      <trkpt lat="16.769910213" lon="101.055544624">
        <ele>740.755</ele>
        <time>2026-01-18T07:47:30.000Z</time>
      </trkpt>
      <trkpt lat="16.770238006" lon="101.055644808">
        <ele>742.346</ele>
        <time>2026-01-18T07:47:43.000Z</time>
      </trkpt>
      <trkpt lat="16.792717287" lon="101.046531815">
        <ele>828.896</ele>
        <time>2026-01-18T08:00:31.000Z</time>
      </trkpt>
      <trkpt lat="16.792520855" lon="101.046960928">
        <ele>820.465</ele>
        <time>2026-01-18T08:29:18.000Z</time>
      </trkpt>
      <trkpt lat="16.790348615" lon="101.050525184">
        <ele>800.757</ele>
        <time>2026-01-18T09:26:56.000Z</time>
      </trkpt>
      <trkpt lat="16.79268179" lon="101.046869438">
        <ele>821.113</ele>
        <time>2026-01-18T11:42:56.000Z</time>
      </trkpt>
      <trkpt lat="16.785546024" lon="101.04825723">
        <ele>748.37</ele>
        <time>2026-01-19T03:44:24.000Z</time>
      </trkpt>
      <trkpt lat="16.76905902" lon="101.031494611">
        <ele>730.478</ele>
        <time>2026-01-19T03:51:12.000Z</time>
      </trkpt>
      <trkpt lat="16.836756127" lon="100.888717755">
        <ele>560.114</ele>
        <time>2026-01-19T04:10:26.000Z</time>
      </trkpt>
      <trkpt lat="16.860085286" lon="100.867600472">
        <ele>541.029</ele>
        <time>2026-01-19T04:15:45.000Z</time>
      </trkpt>
      <trkpt lat="16.857094753" lon="100.735778513">
        <ele>218.656</ele>
        <time>2026-01-19T04:31:10.000Z</time>
      </trkpt>
      <trkpt lat="16.857094594" lon="100.735426553">
        <ele>220.137</ele>
        <time>2026-01-19T04:31:12.000Z</time>
      </trkpt>
      <trkpt lat="16.857138856" lon="100.735087741">
        <ele>221.284</ele>
        <time>2026-01-19T04:31:14.000Z</time>
      </trkpt>
      <trkpt lat="16.85717221" lon="100.734664278">
        <ele>222.56</ele>
        <time>2026-01-19T04:31:16.000Z</time>
      </trkpt>
      <trkpt lat="16.857245518" lon="100.734313561">
        <ele>225.414</ele>
        <time>2026-01-19T04:31:18.000Z</time>
      </trkpt>
      <trkpt lat="16.857324098" lon="100.733962184">
        <ele>227.736</ele>
        <time>2026-01-19T04:31:20.000Z</time>
      </trkpt>
      <trkpt lat="16.85740168" lon="100.733613111">
        <ele>228.993</ele>
        <time>2026-01-19T04:31:22.000Z</time>
      </trkpt>
      <trkpt lat="16.857485294" lon="100.733260767">
        <ele>228.806</ele>
        <time>2026-01-19T04:31:24.000Z</time>
      </trkpt>
      <trkpt lat="16.857575249" lon="100.732914976">
        <ele>227.357</ele>
        <time>2026-01-19T04:31:26.000Z</time>
      </trkpt>
      <trkpt lat="16.857656209" lon="100.732584825">
        <ele>225.048</ele>
        <time>2026-01-19T04:31:28.000Z</time>
      </trkpt>
      <trkpt lat="16.857737378" lon="100.732259123">
        <ele>223.893</ele>
        <time>2026-01-19T04:31:30.000Z</time>
      </trkpt>
      <trkpt lat="16.857811973" lon="100.731926892">
        <ele>224.257</ele>
        <time>2026-01-19T04:31:32.000Z</time>
      </trkpt>
      <trkpt lat="16.857896969" lon="100.731574187">
        <ele>227.381</ele>
        <time>2026-01-19T04:31:34.000Z</time>
      </trkpt>
      <trkpt lat="16.857987" lon="100.731214276">
        <ele>227.496</ele>
        <time>2026-01-19T04:31:36.000Z</time>
      </trkpt>
      <trkpt lat="16.858087657" lon="100.730846184">
        <ele>225.203</ele>
        <time>2026-01-19T04:31:38.000Z</time>
      </trkpt>
      <trkpt lat="16.858199571" lon="100.730482733">
        <ele>225.808</ele>
        <time>2026-01-19T04:31:40.000Z</time>
      </trkpt>
      <trkpt lat="16.858299224" lon="100.730118189">
        <ele>226.877</ele>
        <time>2026-01-19T04:31:42.000Z</time>
      </trkpt>
      <trkpt lat="16.858413316" lon="100.72976341">
        <ele>226.148</ele>
        <time>2026-01-19T04:31:44.000Z</time>
      </trkpt>
      <trkpt lat="16.858538446" lon="100.729416859">
        <ele>225.665</ele>
        <time>2026-01-19T04:31:46.000Z</time>
      </trkpt>
      <trkpt lat="16.858664396" lon="100.729073545">
        <ele>224.345</ele>
        <time>2026-01-19T04:31:48.000Z</time>
      </trkpt>
      <trkpt lat="16.858796946" lon="100.728742231">
        <ele>222.45</ele>
        <time>2026-01-19T04:31:50.000Z</time>
      </trkpt>
      <trkpt lat="16.85556551" lon="100.621011173">
        <ele>93.014</ele>
        <time>2026-01-19T04:47:12.000Z</time>
      </trkpt>
      <trkpt lat="16.863346676" lon="100.48329249">
        <ele>54.424</ele>
        <time>2026-01-19T05:02:12.000Z</time>
      </trkpt>
      <trkpt lat="16.863104544" lon="100.482811774">
        <ele>56.932</ele>
        <time>2026-01-19T05:02:14.000Z</time>
      </trkpt>
      <trkpt lat="16.862728164" lon="100.482425714">
        <ele>60.576</ele>
        <time>2026-01-19T05:02:17.000Z</time>
      </trkpt>
      <trkpt lat="16.862490243" lon="100.48217579">
        <ele>61.49</ele>
        <time>2026-01-19T05:02:19.000Z</time>
      </trkpt>
      <trkpt lat="16.862253561" lon="100.48192759">
        <ele>62.333</ele>
        <time>2026-01-19T05:02:21.000Z</time>
      </trkpt>
      <trkpt lat="16.862012576" lon="100.481680138">
        <ele>60.957</ele>
        <time>2026-01-19T05:02:23.000Z</time>
      </trkpt>
      <trkpt lat="16.861762877" lon="100.481427592">
        <ele>59.198</ele>
        <time>2026-01-19T05:02:25.000Z</time>
      </trkpt>
      <trkpt lat="16.861512905" lon="100.481191263">
        <ele>59.663</ele>
        <time>2026-01-19T05:02:27.000Z</time>
      </trkpt>
      <trkpt lat="16.861273342" lon="100.480955095">
        <ele>59.714</ele>
        <time>2026-01-19T05:02:29.000Z</time>
      </trkpt>
      <trkpt lat="16.861026924" lon="100.480725145">
        <ele>57.394</ele>
        <time>2026-01-19T05:02:31.000Z</time>
      </trkpt>
      <trkpt lat="16.860747717" lon="100.480537009">
        <ele>55.933</ele>
        <time>2026-01-19T05:02:33.000Z</time>
      </trkpt>
      <trkpt lat="16.747297479" lon="100.432016151">
        <ele>47.598</ele>
        <time>2026-01-19T05:17:45.000Z</time>
      </trkpt>
      <trkpt lat="16.692652665" lon="100.549503862">
        <ele>49.354</ele>
        <time>2026-01-19T05:32:45.000Z</time>
      </trkpt>
      <trkpt lat="16.692788585" lon="100.549837323">
        <ele>49.437</ele>
        <time>2026-01-19T05:32:47.000Z</time>
      </trkpt>
      <trkpt lat="16.692898472" lon="100.550170425">
        <ele>50.614</ele>
        <time>2026-01-19T05:32:49.000Z</time>
      </trkpt>
      <trkpt lat="16.693049157" lon="100.55054183">
        <ele>51.951</ele>
        <time>2026-01-19T05:32:51.000Z</time>
      </trkpt>
      <trkpt lat="16.693158924" lon="100.550872329">
        <ele>51.771</ele>
        <time>2026-01-19T05:32:53.000Z</time>
      </trkpt>
      <trkpt lat="16.693262275" lon="100.551202828">
        <ele>50.168</ele>
        <time>2026-01-19T05:32:55.000Z</time>
      </trkpt>
      <trkpt lat="16.693370164" lon="100.55153227">
        <ele>48.548</ele>
        <time>2026-01-19T05:32:57.000Z</time>
      </trkpt>
      <trkpt lat="16.693477201" lon="100.551863186">
        <ele>48.341</ele>
        <time>2026-01-19T05:32:59.000Z</time>
      </trkpt>
      <trkpt lat="16.693588287" lon="100.552195154">
        <ele>50.716</ele>
        <time>2026-01-19T05:33:01.000Z</time>
      </trkpt>
      <trkpt lat="16.69368751" lon="100.552530514">
        <ele>54.41</ele>
        <time>2026-01-19T05:33:03.000Z</time>
      </trkpt>
      <trkpt lat="16.693797762" lon="100.55285902">
        <ele>53.082</ele>
        <time>2026-01-19T05:33:05.000Z</time>
      </trkpt>
      <trkpt lat="16.674132009" lon="100.614085043">
        <ele>57.47</ele>
        <time>2026-01-19T05:48:16.000Z</time>
      </trkpt>
      <trkpt lat="16.598057712" lon="100.623856814">
        <ele>65.131</ele>
        <time>2026-01-19T06:16:46.000Z</time>
      </trkpt>
      <trkpt lat="16.597737958" lon="100.623977112">
        <ele>65.318</ele>
        <time>2026-01-19T06:16:48.000Z</time>
      </trkpt>
      <trkpt lat="16.565928675" lon="100.69238921">
        <ele>89.206</ele>
        <time>2026-01-19T07:49:12.000Z</time>
      </trkpt>
      <trkpt lat="16.569884155" lon="100.690853842">
        <ele>73.866</ele>
        <time>2026-01-19T14:01:45.000Z</time>
      </trkpt>
      <trkpt lat="16.569814612" lon="100.691428464">
        <ele>73.426</ele>
        <time>2026-01-19T14:28:25.000Z</time>
      </trkpt>
      <trkpt lat="16.569402314" lon="100.689021302">
        <ele>68.523</ele>
        <time>2026-01-20T13:20:39.000Z</time>
      </trkpt>
      <trkpt lat="16.570511033" lon="100.690721203">
        <ele>74.045</ele>
        <time>2026-01-22T03:09:50.000Z</time>
      </trkpt>
      <trkpt lat="16.570222117" lon="100.690585488">
        <ele>73.209</ele>
        <time>2026-01-22T03:10:04.000Z</time>
      </trkpt>
      <trkpt lat="16.562592737" lon="100.692232951">
        <ele>75.334</ele>
        <time>2026-01-22T03:14:37.000Z</time>
      </trkpt>
      <trkpt lat="16.576213399" lon="100.63177295">
        <ele>62.986</ele>
        <time>2026-01-22T03:24:42.000Z</time>
      </trkpt>
      <trkpt lat="16.638562311" lon="100.617335625">
        <ele>62.255</ele>
        <time>2026-01-22T03:31:43.000Z</time>
      </trkpt>
      <trkpt lat="16.67856899" lon="100.608968179">
        <ele>58.957</ele>
        <time>2026-01-22T03:36:40.000Z</time>
      </trkpt>
      <trkpt lat="16.704556723" lon="100.571463145">
        <ele>57.22</ele>
        <time>2026-01-22T03:42:43.000Z</time>
      </trkpt>
      <trkpt lat="16.696467726" lon="100.519093182">
        <ele>54.981</ele>
        <time>2026-01-22T03:49:12.000Z</time>
      </trkpt>
      <trkpt lat="16.714678584" lon="100.469376175">
        <ele>57.364</ele>
        <time>2026-01-22T03:54:53.000Z</time>
      </trkpt>
      <trkpt lat="16.735053817" lon="100.431792894">
        <ele>44.827</ele>
        <time>2026-01-22T04:00:28.000Z</time>
      </trkpt>
      <trkpt lat="16.77400121" lon="100.433208933">
        <ele>56.148</ele>
        <time>2026-01-22T04:06:02.000Z</time>
      </trkpt>
      <trkpt lat="16.817953631" lon="100.435946139">
        <ele>48.821</ele>
        <time>2026-01-22T04:10:59.000Z</time>
      </trkpt>
      <trkpt lat="16.838925378" lon="100.392976804">
        <ele>45.848</ele>
        <time>2026-01-22T04:17:29.000Z</time>
      </trkpt>
      <trkpt lat="16.822208217" lon="100.350502348">
        <ele>42.808</ele>
        <time>2026-01-22T04:23:52.000Z</time>
      </trkpt>
      <trkpt lat="16.817431628" lon="100.298792283">
        <ele>44.914</ele>
        <time>2026-01-22T04:30:25.000Z</time>
      </trkpt>
      <trkpt lat="16.818621357" lon="100.271144739">
        <ele>44.883</ele>
        <time>2026-01-22T04:36:25.000Z</time>
      </trkpt>
      <trkpt lat="16.819065674" lon="100.270841662">
        <ele>46.323</ele>
        <time>2026-01-22T04:36:29.000Z</time>
      </trkpt>
      <trkpt lat="16.8193476" lon="100.270632869">
        <ele>48.276</ele>
        <time>2026-01-22T04:36:32.000Z</time>
      </trkpt>
      <trkpt lat="16.819617371" lon="100.270417873">
        <ele>48.691</ele>
        <time>2026-01-22T04:36:35.000Z</time>
      </trkpt>
      <trkpt lat="16.819848879" lon="100.270171696">
        <ele>48.456</ele>
        <time>2026-01-22T04:36:38.000Z</time>
      </trkpt>
      <trkpt lat="16.820119915" lon="100.269849647">
        <ele>49.506</ele>
        <time>2026-01-22T04:36:42.000Z</time>
      </trkpt>
      <trkpt lat="16.82028448" lon="100.269525412">
        <ele>48.976</ele>
        <time>2026-01-22T04:36:46.000Z</time>
      </trkpt>
      <trkpt lat="16.820389397" lon="100.269165655">
        <ele>49</ele>
        <time>2026-01-22T04:36:50.000Z</time>
      </trkpt>
      <trkpt lat="16.82042515" lon="100.268784081">
        <ele>48.245</ele>
        <time>2026-01-22T04:36:55.000Z</time>
      </trkpt>
      <trkpt lat="16.820421484" lon="100.268453642">
        <ele>46.726</ele>
        <time>2026-01-22T04:37:03.000Z</time>
      </trkpt>
      <trkpt lat="16.824867942" lon="100.265013925">
        <ele>49.522</ele>
        <time>2026-01-22T04:42:42.000Z</time>
      </trkpt>
      <trkpt lat="16.832395641" lon="100.265596642">
        <ele>46.852</ele>
        <time>2026-01-22T06:27:27.000Z</time>
      </trkpt>
      <trkpt lat="16.851538981" lon="100.259122463">
        <ele>47.387</ele>
        <time>2026-01-22T06:32:48.000Z</time>
      </trkpt>
      <trkpt lat="16.8512855" lon="100.258479528">
        <ele>47.196</ele>
        <time>2026-01-22T06:32:52.000Z</time>
      </trkpt>
      <trkpt lat="16.851095776" lon="100.25819689">
        <ele>47.491</ele>
        <time>2026-01-22T06:32:55.000Z</time>
      </trkpt>
      <trkpt lat="16.850973736" lon="100.257873684">
        <ele>47.669</ele>
        <time>2026-01-22T06:32:58.000Z</time>
      </trkpt>
      <trkpt lat="16.850872901" lon="100.257498259">
        <ele>46</ele>
        <time>2026-01-22T06:33:02.000Z</time>
      </trkpt>
      <trkpt lat="16.850785075" lon="100.257128052">
        <ele>46.221</ele>
        <time>2026-01-22T06:33:06.000Z</time>
      </trkpt>
      <trkpt lat="16.850685842" lon="100.256742616">
        <ele>46.71</ele>
        <time>2026-01-22T06:33:10.000Z</time>
      </trkpt>
      <trkpt lat="16.865199502" lon="100.225592125">
        <ele>41.037</ele>
        <time>2026-01-22T06:39:33.000Z</time>
      </trkpt>
      <trkpt lat="16.865087352" lon="100.225214018">
        <ele>41.23</ele>
        <time>2026-01-22T06:39:35.000Z</time>
      </trkpt>
      <trkpt lat="16.86508534" lon="100.224791821">
        <ele>42.749</ele>
        <time>2026-01-22T06:39:37.000Z</time>
      </trkpt>
      <trkpt lat="16.865094057" lon="100.224378677">
        <ele>43.258</ele>
        <time>2026-01-22T06:39:38.000Z</time>
      </trkpt>
      <trkpt lat="16.865101224" lon="100.223973328">
        <ele>41.608</ele>
        <time>2026-01-22T06:39:40.000Z</time>
      </trkpt>
      <trkpt lat="16.86511979" lon="100.223573092">
        <ele>41.706</ele>
        <time>2026-01-22T06:39:42.000Z</time>
      </trkpt>
      <trkpt lat="16.865143074" lon="100.223175252">
        <ele>41.623</ele>
        <time>2026-01-22T06:39:44.000Z</time>
      </trkpt>
      <trkpt lat="16.865145541" lon="100.222794078">
        <ele>40.997</ele>
        <time>2026-01-22T06:39:46.000Z</time>
      </trkpt>
      <trkpt lat="16.865155156" lon="100.222416332">
        <ele>40.566</ele>
        <time>2026-01-22T06:39:48.000Z</time>
      </trkpt>
      <trkpt lat="16.86515667" lon="100.2220444">
        <ele>39.843</ele>
        <time>2026-01-22T06:39:50.000Z</time>
      </trkpt>
      <trkpt lat="16.865154174" lon="100.221677785">
        <ele>40.427</ele>
        <time>2026-01-22T06:39:52.000Z</time>
      </trkpt>
      <trkpt lat="16.865140445" lon="100.221310624">
        <ele>40</ele>
        <time>2026-01-22T06:39:54.000Z</time>
      </trkpt>
      <trkpt lat="16.865122467" lon="100.220948977">
        <ele>40</ele>
        <time>2026-01-22T06:39:56.000Z</time>
      </trkpt>
      <trkpt lat="16.865100143" lon="100.220606607">
        <ele>39.772</ele>
        <time>2026-01-22T06:39:58.000Z</time>
      </trkpt>
      <trkpt lat="16.865051957" lon="100.220263076">
        <ele>40.47</ele>
        <time>2026-01-22T06:40:00.000Z</time>
      </trkpt>
      <trkpt lat="16.864981945" lon="100.219918963">
        <ele>42.311</ele>
        <time>2026-01-22T06:40:02.000Z</time>
      </trkpt>
      <trkpt lat="16.86491536" lon="100.219561522">
        <ele>42.324</ele>
        <time>2026-01-22T06:40:04.000Z</time>
      </trkpt>
      <trkpt lat="16.864827347" lon="100.219224244">
        <ele>40.658</ele>
        <time>2026-01-22T06:40:06.000Z</time>
      </trkpt>
      <trkpt lat="16.864722513" lon="100.218875124">
        <ele>40</ele>
        <time>2026-01-22T06:40:08.000Z</time>
      </trkpt>
      <trkpt lat="16.864615764" lon="100.218520243">
        <ele>40.787</ele>
        <time>2026-01-22T06:40:10.000Z</time>
      </trkpt>
      <trkpt lat="16.864498012" lon="100.218193159">
        <ele>41.29</ele>
        <time>2026-01-22T06:40:12.000Z</time>
      </trkpt>
      <trkpt lat="16.864372954" lon="100.217886054">
        <ele>41.353</ele>
        <time>2026-01-22T06:40:14.000Z</time>
      </trkpt>
      <trkpt lat="16.900560614" lon="100.193399834">
        <ele>47.254</ele>
        <time>2026-01-22T06:53:18.000Z</time>
      </trkpt>
      <trkpt lat="16.902487713" lon="100.19239066">
        <ele>43.58</ele>
        <time>2026-01-22T06:53:35.000Z</time>
      </trkpt>
      <trkpt lat="16.904090233" lon="100.191498064">
        <ele>42.275</ele>
        <time>2026-01-22T06:53:41.000Z</time>
      </trkpt>
      <trkpt lat="16.904426934" lon="100.191335119">
        <ele>42.181</ele>
        <time>2026-01-22T06:53:43.000Z</time>
      </trkpt>
      <trkpt lat="16.904709572" lon="100.19112641">
        <ele>42.84</ele>
        <time>2026-01-22T06:53:45.000Z</time>
      </trkpt>
      <trkpt lat="16.905050338" lon="100.190941086">
        <ele>43.431</ele>
        <time>2026-01-22T06:53:46.000Z</time>
      </trkpt>
      <trkpt lat="16.90537388" lon="100.19076406">
        <ele>42.837</ele>
        <time>2026-01-22T06:53:48.000Z</time>
      </trkpt>
      <trkpt lat="16.905698385" lon="100.19058913">
        <ele>43.452</ele>
        <time>2026-01-22T06:53:50.000Z</time>
      </trkpt>
      <trkpt lat="16.906021088" lon="100.190410847">
        <ele>44.507</ele>
        <time>2026-01-22T06:53:52.000Z</time>
      </trkpt>
      <trkpt lat="16.906342845" lon="100.190231708">
        <ele>46.503</ele>
        <time>2026-01-22T06:53:54.000Z</time>
      </trkpt>
      <trkpt lat="16.90666472" lon="100.190052292">
        <ele>47.181</ele>
        <time>2026-01-22T06:53:56.000Z</time>
      </trkpt>
      <trkpt lat="16.906986735" lon="100.189874994">
        <ele>45.405</ele>
        <time>2026-01-22T06:53:58.000Z</time>
      </trkpt>
      <trkpt lat="16.90730732" lon="100.189700303">
        <ele>46.4</ele>
        <time>2026-01-22T06:54:00.000Z</time>
      </trkpt>
      <trkpt lat="16.90761504" lon="100.189527626">
        <ele>47.593</ele>
        <time>2026-01-22T06:54:02.000Z</time>
      </trkpt>
      <trkpt lat="16.907919994" lon="100.189363571">
        <ele>49.733</ele>
        <time>2026-01-22T06:54:04.000Z</time>
      </trkpt>
      <trkpt lat="16.908221787" lon="100.189196147">
        <ele>49.444</ele>
        <time>2026-01-22T06:54:06.000Z</time>
      </trkpt>
      <trkpt lat="16.908522027" lon="100.189030164">
        <ele>48.988</ele>
        <time>2026-01-22T06:54:08.000Z</time>
      </trkpt>
      <trkpt lat="16.908821273" lon="100.188862929">
        <ele>50</ele>
        <time>2026-01-22T06:54:10.000Z</time>
      </trkpt>
      <trkpt lat="16.909122294" lon="100.18869851">
        <ele>48.895</ele>
        <time>2026-01-22T06:54:12.000Z</time>
      </trkpt>
      <trkpt lat="16.9094272" lon="100.18853101">
        <ele>48.333</ele>
        <time>2026-01-22T06:54:14.000Z</time>
      </trkpt>
      <trkpt lat="16.909727499" lon="100.188366596">
        <ele>49.916</ele>
        <time>2026-01-22T06:54:16.000Z</time>
      </trkpt>
      <trkpt lat="16.910030261" lon="100.188198913">
        <ele>52.431</ele>
        <time>2026-01-22T06:54:18.000Z</time>
      </trkpt>
      <trkpt lat="16.964976839" lon="100.068049226">
        <ele>45.917</ele>
        <time>2026-01-22T07:06:25.000Z</time>
      </trkpt>
      <trkpt lat="16.965086851" lon="100.067621917">
        <ele>47.049</ele>
        <time>2026-01-22T07:06:27.000Z</time>
      </trkpt>
      <trkpt lat="16.965104747" lon="100.067221681">
        <ele>48.753</ele>
        <time>2026-01-22T07:06:29.000Z</time>
      </trkpt>
      <trkpt lat="16.965170461" lon="100.066834353">
        <ele>48.217</ele>
        <time>2026-01-22T07:06:30.000Z</time>
      </trkpt>
      <trkpt lat="16.965213879" lon="100.066457">
        <ele>47.189</ele>
        <time>2026-01-22T07:06:32.000Z</time>
      </trkpt>
      <trkpt lat="16.965261656" lon="100.066069672">
        <ele>47.719</ele>
        <time>2026-01-22T07:06:34.000Z</time>
      </trkpt>
      <trkpt lat="16.965313539" lon="100.065676725">
        <ele>45.453</ele>
        <time>2026-01-22T07:06:36.000Z</time>
      </trkpt>
      <trkpt lat="16.965362495" lon="100.065279578">
        <ele>46.299</ele>
        <time>2026-01-22T07:06:38.000Z</time>
      </trkpt>
      <trkpt lat="16.965413253" lon="100.064882818">
        <ele>46.91</ele>
        <time>2026-01-22T07:06:40.000Z</time>
      </trkpt>
      <trkpt lat="16.965461155" lon="100.064485193">
        <ele>49.93</ele>
        <time>2026-01-22T07:06:42.000Z</time>
      </trkpt>
      <trkpt lat="16.965508617" lon="100.064108187">
        <ele>50.585</ele>
        <time>2026-01-22T07:06:44.000Z</time>
      </trkpt>
      <trkpt lat="16.969340919" lon="99.953562403">
        <ele>49.693</ele>
        <time>2026-01-22T07:21:04.000Z</time>
      </trkpt>
      <trkpt lat="16.971095139" lon="99.952390134">
        <ele>47.408</ele>
        <time>2026-01-22T07:21:23.000Z</time>
      </trkpt>
      <trkpt lat="16.972436816" lon="99.951548232">
        <ele>47.102</ele>
        <time>2026-01-22T07:21:26.000Z</time>
      </trkpt>
      <trkpt lat="16.972822216" lon="99.9512609">
        <ele>46.453</ele>
        <time>2026-01-22T07:21:28.000Z</time>
      </trkpt>
      <trkpt lat="16.973217465" lon="99.951102315">
        <ele>45.955</ele>
        <time>2026-01-22T07:21:30.000Z</time>
      </trkpt>
      <trkpt lat="16.973555046" lon="99.950879775">
        <ele>45.167</ele>
        <time>2026-01-22T07:21:32.000Z</time>
      </trkpt>
      <trkpt lat="16.973914504" lon="99.950704426">
        <ele>44.579</ele>
        <time>2026-01-22T07:21:34.000Z</time>
      </trkpt>
      <trkpt lat="16.974254726" lon="99.950497225">
        <ele>45</ele>
        <time>2026-01-22T07:21:36.000Z</time>
      </trkpt>
      <trkpt lat="16.974589792" lon="99.950296981">
        <ele>45.487</ele>
        <time>2026-01-22T07:21:38.000Z</time>
      </trkpt>
      <trkpt lat="16.974921552" lon="99.950102289">
        <ele>46.086</ele>
        <time>2026-01-22T07:21:40.000Z</time>
      </trkpt>
      <trkpt lat="16.97524515" lon="99.949899524">
        <ele>46.521</ele>
        <time>2026-01-22T07:21:42.000Z</time>
      </trkpt>
      <trkpt lat="16.975562343" lon="99.949695043">
        <ele>46.831</ele>
        <time>2026-01-22T07:21:44.000Z</time>
      </trkpt>
      <trkpt lat="16.975872563" lon="99.949478893">
        <ele>47.124</ele>
        <time>2026-01-22T07:21:46.000Z</time>
      </trkpt>
      <trkpt lat="17.066496899" lon="99.866152816">
        <ele>48.058</ele>
        <time>2026-01-22T07:34:16.000Z</time>
      </trkpt>
      <trkpt lat="17.066961342" lon="99.863836938">
        <ele>49.752</ele>
        <time>2026-01-22T07:34:37.000Z</time>
      </trkpt>
      <trkpt lat="17.067537848" lon="99.862506101">
        <ele>45.196</ele>
        <time>2026-01-22T07:34:38.000Z</time>
      </trkpt>
      <trkpt lat="17.067563958" lon="99.861945855">
        <ele>46.221</ele>
        <time>2026-01-22T07:34:40.000Z</time>
      </trkpt>
      <trkpt lat="17.0677655" lon="99.861619799">
        <ele>47.846</ele>
        <time>2026-01-22T07:34:42.000Z</time>
      </trkpt>
      <trkpt lat="17.067826185" lon="99.861264322">
        <ele>46.377</ele>
        <time>2026-01-22T07:34:43.000Z</time>
      </trkpt>
      <trkpt lat="17.428845568" lon="99.809450079">
        <ele>63.705</ele>
        <time>2026-01-22T08:40:31.000Z</time>
      </trkpt>
      <trkpt lat="17.430665728" lon="99.809547699">
        <ele>64.908</ele>
        <time>2026-01-22T10:52:21.000Z</time>
      </trkpt>
      <trkpt lat="17.428855333" lon="99.809574634">
        <ele>64.17</ele>
        <time>2026-01-22T10:52:33.000Z</time>
      </trkpt>
      <trkpt lat="17.430795111" lon="99.810759008">
        <ele>63.521</ele>
        <time>2026-01-22T14:06:45.000Z</time>
      </trkpt>
      <trkpt lat="17.430232804" lon="99.802022974">
        <ele>71.162</ele>
        <time>2026-01-23T00:40:30.000Z</time>
      </trkpt>
      <trkpt lat="17.425049571" lon="99.789219182">
        <ele>70.777</ele>
        <time>2026-01-23T00:45:53.000Z</time>
      </trkpt>
      <trkpt lat="17.419633018" lon="99.787415899">
        <ele>84.527</ele>
        <time>2026-01-23T09:24:47.000Z</time>
      </trkpt>
      <trkpt lat="17.429083446" lon="99.780161446">
        <ele>76.881</ele>
        <time>2026-01-23T09:33:48.000Z</time>
      </trkpt>
      <trkpt lat="17.427763975" lon="99.77791667">
        <ele>77.5</ele>
        <time>2026-01-24T02:24:43.000Z</time>
      </trkpt>
      <trkpt lat="17.41913414" lon="99.789154053">
        <ele>77.091</ele>
        <time>2026-01-24T02:29:14.000Z</time>
      </trkpt>
      <trkpt lat="17.43290463" lon="99.801545106">
        <ele>73.2</ele>
        <time>2026-01-24T02:34:23.000Z</time>
      </trkpt>
      <trkpt lat="17.478099475" lon="99.76420817">
        <ele>70.126</ele>
        <time>2026-01-24T02:40:25.000Z</time>
      </trkpt>
      <trkpt lat="17.516693822" lon="99.762585182">
        <ele>79.209</ele>
        <time>2026-01-24T02:45:38.000Z</time>
      </trkpt>
      <trkpt lat="17.551515391" lon="99.77196889">
        <ele>82.216</ele>
        <time>2026-01-24T02:51:33.000Z</time>
      </trkpt>
      <trkpt lat="17.583880518" lon="99.731678171">
        <ele>77.96</ele>
        <time>2026-01-24T02:56:48.000Z</time>
      </trkpt>
      <trkpt lat="17.686757818" lon="99.756616177">
        <ele>158.696</ele>
        <time>2026-01-24T03:12:29.000Z</time>
      </trkpt>
      <trkpt lat="17.735775878" lon="99.774397188">
        <ele>204.524</ele>
        <time>2026-01-24T03:27:35.000Z</time>
      </trkpt>
      <trkpt lat="17.754689916" lon="99.79803971">
        <ele>140.456</ele>
        <time>2026-01-24T04:13:01.000Z</time>
      </trkpt>
      <trkpt lat="17.856647302" lon="99.874156946">
        <ele>464.928</ele>
        <time>2026-01-24T04:28:29.000Z</time>
      </trkpt>
      <trkpt lat="17.947044997" lon="99.958865466">
        <ele>201.33</ele>
        <time>2026-01-24T04:43:27.000Z</time>
      </trkpt>
      <trkpt lat="17.973887203" lon="100.079200007">
        <ele>170.762</ele>
        <time>2026-01-24T04:58:27.000Z</time>
      </trkpt>
      <trkpt lat="18.103847355" lon="100.134485448">
        <ele>157.572</ele>
        <time>2026-01-24T05:13:27.000Z</time>
      </trkpt>
      <trkpt lat="18.186485712" lon="100.185491592">
        <ele>167.77</ele>
        <time>2026-01-24T05:28:27.000Z</time>
      </trkpt>
      <trkpt lat="18.302809137" lon="100.286970011">
        <ele>196.082</ele>
        <time>2026-01-24T06:16:22.000Z</time>
      </trkpt>
      <trkpt lat="18.402958956" lon="100.185497775">
        <ele>184.932</ele>
        <time>2026-01-24T06:31:27.000Z</time>
      </trkpt>
      <trkpt lat="18.48944562" lon="100.134790382">
        <ele>213.996</ele>
        <time>2026-01-24T06:46:27.000Z</time>
      </trkpt>
      <trkpt lat="18.569957488" lon="100.089937393">
        <ele>418.899</ele>
        <time>2026-01-24T07:34:43.000Z</time>
      </trkpt>
      <trkpt lat="18.647009181" lon="100.01771749">
        <ele>275.852</ele>
        <time>2026-01-24T07:49:45.000Z</time>
      </trkpt>
      <trkpt lat="18.717732662" lon="99.963276275">
        <ele>282.135</ele>
        <time>2026-01-24T07:59:47.000Z</time>
      </trkpt>
      <trkpt lat="18.680835483" lon="99.934893809">
        <ele>290.62</ele>
        <time>2026-01-24T08:04:45.000Z</time>
      </trkpt>
      <trkpt lat="18.556153122" lon="99.855357511">
        <ele>447.79</ele>
        <time>2026-01-24T08:21:54.000Z</time>
      </trkpt>
      <trkpt lat="18.451321456" lon="99.787890567">
        <ele>402.503</ele>
        <time>2026-01-24T08:36:56.000Z</time>
      </trkpt>
      <trkpt lat="18.432334475" lon="99.753667843">
        <ele>371.8</ele>
        <time>2026-01-24T08:51:56.000Z</time>
      </trkpt>
      <trkpt lat="18.438955861" lon="99.758036111">
        <ele>383.664</ele>
        <time>2026-01-24T08:59:46.000Z</time>
      </trkpt>
      <trkpt lat="18.441328962" lon="99.760109648">
        <ele>378.824</ele>
        <time>2026-01-24T09:24:26.000Z</time>
      </trkpt>
      <trkpt lat="18.441643878" lon="99.76003615">
        <ele>380.597</ele>
        <time>2026-01-27T01:54:53.000Z</time>
      </trkpt>
      <trkpt lat="18.431199063" lon="99.753330052">
        <ele>365.309</ele>
        <time>2026-01-27T03:00:41.000Z</time>
      </trkpt>
      <trkpt lat="18.506607525" lon="99.814491375">
        <ele>543.596</ele>
        <time>2026-01-27T03:15:24.000Z</time>
      </trkpt>
      <trkpt lat="18.546797299" lon="99.843995231">
        <ele>459.565</ele>
        <time>2026-01-27T03:20:23.000Z</time>
      </trkpt>
      <trkpt lat="18.579465793" lon="99.888262767">
        <ele>357.036</ele>
        <time>2026-01-27T03:25:51.000Z</time>
      </trkpt>
      <trkpt lat="18.666882045" lon="99.925660724">
        <ele>297.018</ele>
        <time>2026-01-27T03:35:13.000Z</time>
      </trkpt>
      <trkpt lat="18.723333115" lon="99.966782006">
        <ele>283.584</ele>
        <time>2026-01-27T03:42:10.000Z</time>
      </trkpt>
      <trkpt lat="18.767302483" lon="99.972407268">
        <ele>278.095</ele>
        <time>2026-01-27T03:47:57.000Z</time>
      </trkpt>
      <trkpt lat="18.95386043" lon="99.922464453">
        <ele>434.705</ele>
        <time>2026-01-27T04:05:26.000Z</time>
      </trkpt>
      <trkpt lat="19.06568185" lon="99.928533286">
        <ele>417.56</ele>
        <time>2026-01-27T04:20:46.000Z</time>
      </trkpt>
      <trkpt lat="19.063985394" lon="99.929278018">
        <ele>415.653</ele>
        <time>2026-01-27T04:36:01.000Z</time>
      </trkpt>
      <trkpt lat="19.062267871" lon="99.929902776">
        <ele>419.836</ele>
        <time>2026-01-27T04:36:07.000Z</time>
      </trkpt>
      <trkpt lat="19.081111006" lon="99.923129222">
        <ele>417.469</ele>
        <time>2026-01-27T04:46:10.000Z</time>
      </trkpt>
      <trkpt lat="19.133328376" lon="99.910367858">
        <ele>396.982</ele>
        <time>2026-01-27T05:17:08.000Z</time>
      </trkpt>
      <trkpt lat="19.17630625" lon="99.902299941">
        <ele>400.595</ele>
        <time>2026-01-27T05:28:21.000Z</time>
      </trkpt>
      <trkpt lat="19.245331306" lon="99.8591349">
        <ele>396.807</ele>
        <time>2026-01-27T05:43:42.000Z</time>
      </trkpt>
      <trkpt lat="19.371341444" lon="99.791036882">
        <ele>414.392</ele>
        <time>2026-01-27T05:58:46.000Z</time>
      </trkpt>
      <trkpt lat="19.479480316" lon="99.751437502">
        <ele>407.802</ele>
        <time>2026-01-27T06:08:42.000Z</time>
      </trkpt>
      <trkpt lat="19.581766818" lon="99.744936917">
        <ele>416.824</ele>
        <time>2026-01-27T06:24:03.000Z</time>
      </trkpt>
      <trkpt lat="19.669197737" lon="99.732645191">
        <ele>427.112</ele>
        <time>2026-01-27T06:39:07.000Z</time>
      </trkpt>
      <trkpt lat="19.697122928" lon="99.720587907">
        <ele>425.981</ele>
        <time>2026-01-27T07:24:50.000Z</time>
      </trkpt>
      <trkpt lat="19.822139349" lon="99.76362898">
        <ele>410.974</ele>
        <time>2026-01-27T07:39:49.000Z</time>
      </trkpt>
      <trkpt lat="19.822165919" lon="99.763519848">
        <ele>410.671</ele>
        <time>2026-01-27T07:39:50.000Z</time>
      </trkpt>
      <trkpt lat="19.82352295" lon="99.761267235">
        <ele>402.982</ele>
        <time>2026-01-27T08:10:18.000Z</time>
      </trkpt>
      <trkpt lat="19.825516289" lon="99.761888486">
        <ele>407.314</ele>
        <time>2026-01-27T10:06:44.000Z</time>
      </trkpt>
      <trkpt lat="19.83065223" lon="99.76390838">
        <ele>412.024</ele>
        <time>2026-01-27T16:22:22.000Z</time>
      </trkpt>
      <trkpt lat="19.825558117" lon="99.761899521">
        <ele>407.171</ele>
        <time>2026-01-27T16:29:00.000Z</time>
      </trkpt>
      <trkpt lat="19.829851062" lon="99.763611266">
        <ele>408.074</ele>
        <time>2026-01-27T16:40:27.000Z</time>
      </trkpt>
      <trkpt lat="19.825543848" lon="99.761893253">
        <ele>407.219</ele>
        <time>2026-01-27T16:50:18.000Z</time>
      </trkpt>
      <trkpt lat="19.829833482" lon="99.764124441">
        <ele>411.848</ele>
        <time>2026-01-27T17:22:18.000Z</time>
      </trkpt>
      <trkpt lat="19.825560736" lon="99.761858722">
        <ele>407.327</ele>
        <time>2026-01-27T17:38:49.000Z</time>
      </trkpt>
      <trkpt lat="19.83065223" lon="99.76390838">
        <ele>412.024</ele>
        <time>2026-01-27T20:39:55.000Z</time>
      </trkpt>
      <trkpt lat="19.82554201" lon="99.761930792">
        <ele>407.096</ele>
        <time>2026-01-27T20:46:27.000Z</time>
      </trkpt>
      <trkpt lat="19.830748058" lon="99.764477197">
        <ele>412.575</ele>
        <time>2026-01-28T13:54:34.000Z</time>
      </trkpt>
      <trkpt lat="19.825591885" lon="99.761912924">
        <ele>407.244</ele>
        <time>2026-01-28T14:00:11.000Z</time>
      </trkpt>
      <trkpt lat="19.830064937" lon="99.764154239">
        <ele>411.955</ele>
        <time>2026-01-28T16:06:48.000Z</time>
      </trkpt>
      <trkpt lat="19.825484948" lon="99.762055927">
        <ele>407.656</ele>
        <time>2026-01-28T16:12:48.000Z</time>
      </trkpt>
      <trkpt lat="19.830895395" lon="99.762732254">
        <ele>410.576</ele>
        <time>2026-01-29T01:48:01.000Z</time>
      </trkpt>
      <trkpt lat="19.825492877" lon="99.761944388">
        <ele>407.226</ele>
        <time>2026-01-29T01:53:51.000Z</time>
      </trkpt>
      <trkpt lat="19.83937162" lon="99.734170279">
        <ele>421.764</ele>
        <time>2026-01-29T09:53:16.000Z</time>
      </trkpt>
      <trkpt lat="19.85085248" lon="99.739516508">
        <ele>426.033</ele>
        <time>2026-01-29T10:00:29.000Z</time>
      </trkpt>
      <trkpt lat="19.857114746" lon="99.728476412">
        <ele>432.673</ele>
        <time>2026-01-29T10:08:51.000Z</time>
      </trkpt>
      <trkpt lat="19.857179392" lon="99.729764918">
        <ele>428</ele>
        <time>2026-01-29T10:08:55.000Z</time>
      </trkpt>
      <trkpt lat="19.856249169" lon="99.739010576">
        <ele>428.78</ele>
        <time>2026-01-30T04:09:41.000Z</time>
      </trkpt>
      <trkpt lat="19.850458697" lon="99.738635449">
        <ele>426</ele>
        <time>2026-01-30T04:15:35.000Z</time>
      </trkpt>
      <trkpt lat="19.807661413" lon="99.676514771">
        <ele>458.791</ele>
        <time>2026-01-30T04:25:43.000Z</time>
      </trkpt>
      <trkpt lat="19.744330519" lon="99.666053988">
        <ele>473.711</ele>
        <time>2026-01-30T04:43:32.000Z</time>
      </trkpt>
      <trkpt lat="19.714136189" lon="99.592379782">
        <ele>458.354</ele>
        <time>2026-01-30T04:56:29.000Z</time>
      </trkpt>
      <trkpt lat="19.655659958" lon="99.540261319">
        <ele>459.941</ele>
        <time>2026-01-30T05:09:21.000Z</time>
      </trkpt>
      <trkpt lat="19.649152206" lon="99.464189513">
        <ele>479.048</ele>
        <time>2026-01-30T05:22:13.000Z</time>
      </trkpt>
      <trkpt lat="19.698033747" lon="99.406474661">
        <ele>854.258</ele>
        <time>2026-01-30T05:35:06.000Z</time>
      </trkpt>
      <trkpt lat="19.738070956" lon="99.364432795">
        <ele>1030.129</ele>
        <time>2026-01-30T05:49:56.000Z</time>
      </trkpt>
      <trkpt lat="19.750477848" lon="99.362440003">
        <ele>887.503</ele>
        <time>2026-01-30T06:02:41.000Z</time>
      </trkpt>
      <trkpt lat="19.770916449" lon="99.339483976">
        <ele>684.007</ele>
        <time>2026-01-31T03:34:34.000Z</time>
      </trkpt>
      <trkpt lat="19.785958361" lon="99.317736626">
        <ele>600.335</ele>
        <time>2026-01-31T03:39:56.000Z</time>
      </trkpt>
      <trkpt lat="19.799836655" lon="99.285243172">
        <ele>559.617</ele>
        <time>2026-01-31T03:45:25.000Z</time>
      </trkpt>
      <trkpt lat="19.817239372" lon="99.2179038">
        <ele>504.513</ele>
        <time>2026-01-31T03:54:23.000Z</time>
      </trkpt>
      <trkpt lat="19.852324049" lon="99.204499545">
        <ele>479.874</ele>
        <time>2026-01-31T03:59:26.000Z</time>
      </trkpt>
      <trkpt lat="19.773437474" lon="99.161250349">
        <ele>491.25</ele>
        <time>2026-01-31T04:15:46.000Z</time>
      </trkpt>
      <trkpt lat="19.648281536" lon="99.145409726">
        <ele>545.906</ele>
        <time>2026-01-31T04:30:45.000Z</time>
      </trkpt>
      <trkpt lat="19.601436127" lon="99.117297828">
        <ele>681.855</ele>
        <time>2026-01-31T04:39:26.000Z</time>
      </trkpt>
      <trkpt lat="19.587477953" lon="99.101178423">
        <ele>709.502</ele>
        <time>2026-01-31T04:45:45.000Z</time>
      </trkpt>
      <trkpt lat="19.521567486" lon="99.055668293">
        <ele>561.145</ele>
        <time>2026-01-31T05:00:44.000Z</time>
      </trkpt>
      <trkpt lat="19.441553168" lon="98.981853062">
        <ele>421.013</ele>
        <time>2026-01-31T05:15:44.000Z</time>
      </trkpt>
      <trkpt lat="19.400531086" lon="98.962161206">
        <ele>422.585</ele>
        <time>2026-01-31T05:30:01.000Z</time>
      </trkpt>
      <trkpt lat="19.394244282" lon="98.957872605">
        <ele>410.634</ele>
        <time>2026-01-31T05:43:22.000Z</time>
      </trkpt>
      <trkpt lat="19.36392413" lon="98.924364606">
        <ele>497.323</ele>
        <time>2026-01-31T06:52:59.000Z</time>
      </trkpt>
      <trkpt lat="19.362872997" lon="98.931277832">
        <ele>475.439</ele>
        <time>2026-01-31T07:05:59.000Z</time>
      </trkpt>
      <trkpt lat="19.366443604" lon="98.941210052">
        <ele>455.25</ele>
        <time>2026-01-31T07:19:25.000Z</time>
      </trkpt>
      <trkpt lat="19.367132851" lon="98.942625019">
        <ele>454.855</ele>
        <time>2026-01-31T13:45:07.000Z</time>
      </trkpt>
      <trkpt lat="19.318717634" lon="98.956265627">
        <ele>393.827</ele>
        <time>2026-02-01T03:32:15.000Z</time>
      </trkpt>
      <trkpt lat="19.284446184" lon="98.968155848">
        <ele>376.004</ele>
        <time>2026-02-01T03:37:15.000Z</time>
      </trkpt>
      <trkpt lat="19.215074563" lon="98.970174976">
        <ele>355.729</ele>
        <time>2026-02-01T03:48:37.000Z</time>
      </trkpt>
      <trkpt lat="19.181091922" lon="98.952862069">
        <ele>408.718</ele>
        <time>2026-02-01T03:53:35.000Z</time>
      </trkpt>
      <trkpt lat="19.14464348" lon="98.997893063">
        <ele>341.283</ele>
        <time>2026-02-01T04:05:47.000Z</time>
      </trkpt>
      <trkpt lat="19.174278122" lon="99.030774208">
        <ele>397.616</ele>
        <time>2026-02-01T04:19:39.000Z</time>
      </trkpt>
      <trkpt lat="19.166776511" lon="99.031152506">
        <ele>393.762</ele>
        <time>2026-02-03T03:02:24.000Z</time>
      </trkpt>
      <trkpt lat="19.156620254" lon="99.036966965">
        <ele>356.914</ele>
        <time>2026-02-03T03:07:24.000Z</time>
      </trkpt>
      <trkpt lat="19.145317473" lon="99.01239261">
        <ele>346.331</ele>
        <time>2026-02-03T03:12:27.000Z</time>
      </trkpt>
      <trkpt lat="19.143964509" lon="98.985311687">
        <ele>343.639</ele>
        <time>2026-02-03T03:17:33.000Z</time>
      </trkpt>
      <trkpt lat="19.131587204" lon="98.949607127">
        <ele>347.832</ele>
        <time>2026-02-03T03:22:38.000Z</time>
      </trkpt>
      <trkpt lat="19.09520417" lon="98.936343687">
        <ele>335.043</ele>
        <time>2026-02-03T03:28:38.000Z</time>
      </trkpt>
      <trkpt lat="19.064500462" lon="98.93997523">
        <ele>327.982</ele>
        <time>2026-02-03T03:34:23.000Z</time>
      </trkpt>
      <trkpt lat="19.016009602" lon="98.944351833">
        <ele>328.821</ele>
        <time>2026-02-03T03:39:23.000Z</time>
      </trkpt>
      <trkpt lat="19.000824862" lon="98.94505349">
        <ele>326.819</ele>
        <time>2026-02-03T03:49:19.000Z</time>
      </trkpt>
      <trkpt lat="18.949231935" lon="98.944168148">
        <ele>323.769</ele>
        <time>2026-02-03T03:55:33.000Z</time>
      </trkpt>
      <trkpt lat="18.894542581" lon="98.952620421">
        <ele>323.353</ele>
        <time>2026-02-03T04:06:44.000Z</time>
      </trkpt>
      <trkpt lat="18.812342389" lon="98.983717365">
        <ele>316.617</ele>
        <time>2026-02-03T04:21:37.000Z</time>
      </trkpt>
      <trkpt lat="18.791113459" lon="98.9901949">
        <ele>312.304</ele>
        <time>2026-02-03T04:37:33.000Z</time>
      </trkpt>
      <trkpt lat="18.794224486" lon="98.981022919">
        <ele>316.251</ele>
        <time>2026-02-03T05:08:11.000Z</time>
      </trkpt>
      <trkpt lat="18.794349054" lon="98.981378404">
        <ele>316</ele>
        <time>2026-02-03T11:05:52.000Z</time>
      </trkpt>
      <trkpt lat="18.794236242" lon="98.981054773">
        <ele>316.152</ele>
        <time>2026-02-03T11:30:02.000Z</time>
      </trkpt>
      <trkpt lat="18.79358432" lon="98.980594528">
        <ele>315.956</ele>
        <time>2026-02-03T15:43:49.000Z</time>
      </trkpt>
      <trkpt lat="18.794189526" lon="98.9810162">
        <ele>316.314</ele>
        <time>2026-02-03T16:01:53.000Z</time>
      </trkpt>
      <trkpt lat="18.793933753" lon="98.980795371">
        <ele>315.574</ele>
        <time>2026-02-03T16:42:34.000Z</time>
      </trkpt>
      <trkpt lat="18.794420021" lon="98.981313694">
        <ele>316</ele>
        <time>2026-02-04T00:26:25.000Z</time>
      </trkpt>
      <trkpt lat="18.789071886" lon="98.978166252">
        <ele>316.718</ele>
        <time>2026-02-05T03:12:31.000Z</time>
      </trkpt>
      <trkpt lat="18.784157421" lon="98.977945209">
        <ele>313.212</ele>
        <time>2026-02-05T03:17:29.000Z</time>
      </trkpt>
      <trkpt lat="18.778904798" lon="98.977038665">
        <ele>309.415</ele>
        <time>2026-02-05T03:25:53.000Z</time>
      </trkpt>
      <trkpt lat="18.758385144" lon="99.008725863">
        <ele>303.554</ele>
        <time>2026-02-05T03:31:56.000Z</time>
      </trkpt>
      <trkpt lat="18.759554462" lon="99.015037268">
        <ele>302.604</ele>
        <time>2026-02-05T03:37:13.000Z</time>
      </trkpt>
      <trkpt lat="18.76231883" lon="99.023328392">
        <ele>301.678</ele>
        <time>2026-02-05T03:47:59.000Z</time>
      </trkpt>
      <trkpt lat="18.751084943" lon="99.03276867">
        <ele>298.912</ele>
        <time>2026-02-05T03:57:13.000Z</time>
      </trkpt>
      <trkpt lat="18.638246398" lon="99.052138344">
        <ele>290.928</ele>
        <time>2026-02-05T04:08:24.000Z</time>
      </trkpt>
      <trkpt lat="18.556194525" lon="99.046509052">
        <ele>300.529</ele>
        <time>2026-02-05T04:17:13.000Z</time>
      </trkpt>
      <trkpt lat="18.536244929" lon="99.025130002">
        <ele>297.95</ele>
        <time>2026-02-05T04:24:23.000Z</time>
      </trkpt>
      <trkpt lat="18.488504794" lon="98.985924823">
        <ele>306.981</ele>
        <time>2026-02-05T04:32:12.000Z</time>
      </trkpt>
      <trkpt lat="18.488218132" lon="98.985668253">
        <ele>310.255</ele>
        <time>2026-02-05T04:32:15.000Z</time>
      </trkpt>
      <trkpt lat="18.487940985" lon="98.985468261">
        <ele>310.99</ele>
        <time>2026-02-05T04:32:17.000Z</time>
      </trkpt>
      <trkpt lat="18.487670627" lon="98.985262066">
        <ele>309.636</ele>
        <time>2026-02-05T04:32:19.000Z</time>
      </trkpt>
      <trkpt lat="18.487320682" lon="98.984983703">
        <ele>310.059</ele>
        <time>2026-02-05T04:32:21.000Z</time>
      </trkpt>
      <trkpt lat="18.487070063" lon="98.984779185">
        <ele>310.359</ele>
        <time>2026-02-05T04:32:23.000Z</time>
      </trkpt>
      <trkpt lat="18.486821754" lon="98.9845736">
        <ele>309.26</ele>
        <time>2026-02-05T04:32:25.000Z</time>
      </trkpt>
      <trkpt lat="18.486455057" lon="98.984275007">
        <ele>307.774</ele>
        <time>2026-02-05T04:32:28.000Z</time>
      </trkpt>
      <trkpt lat="18.48609437" lon="98.983981062">
        <ele>306.432</ele>
        <time>2026-02-05T04:32:31.000Z</time>
      </trkpt>
      <trkpt lat="18.485736117" lon="98.983691655">
        <ele>307.888</ele>
        <time>2026-02-05T04:32:34.000Z</time>
      </trkpt>
      <trkpt lat="18.485369278" lon="98.983391522">
        <ele>308.35</ele>
        <time>2026-02-05T04:32:37.000Z</time>
      </trkpt>
      <trkpt lat="18.485109584" lon="98.983190305">
        <ele>307.282</ele>
        <time>2026-02-05T04:32:39.000Z</time>
      </trkpt>
      <trkpt lat="18.484853322" lon="98.982976715">
        <ele>308.868</ele>
        <time>2026-02-05T04:32:41.000Z</time>
      </trkpt>
      <trkpt lat="18.484580894" lon="98.982763056">
        <ele>311.508</ele>
        <time>2026-02-05T04:32:43.000Z</time>
      </trkpt>
      <trkpt lat="18.484308222" lon="98.982532241">
        <ele>310.192</ele>
        <time>2026-02-05T04:32:45.000Z</time>
      </trkpt>
      <trkpt lat="18.484043525" lon="98.982309456">
        <ele>307.793</ele>
        <time>2026-02-05T04:32:47.000Z</time>
      </trkpt>
      <trkpt lat="18.483790006" lon="98.982101325">
        <ele>308.076</ele>
        <time>2026-02-05T04:32:49.000Z</time>
      </trkpt>
      <trkpt lat="18.483422237" lon="98.981803542">
        <ele>309.345</ele>
        <time>2026-02-05T04:32:52.000Z</time>
      </trkpt>
      <trkpt lat="18.450343916" lon="98.89094227">
        <ele>312.463</ele>
        <time>2026-02-05T04:48:01.000Z</time>
      </trkpt>
      <trkpt lat="18.333547208" lon="98.817667756">
        <ele>313.117</ele>
        <time>2026-02-05T05:03:08.000Z</time>
      </trkpt>
      <trkpt lat="18.277666808" lon="98.819939651">
        <ele>325.964</ele>
        <time>2026-02-05T05:18:06.000Z</time>
      </trkpt>
      <trkpt lat="18.24636058" lon="98.825266874">
        <ele>338.079</ele>
        <time>2026-02-05T05:59:02.000Z</time>
      </trkpt>
      <trkpt lat="18.123798631" lon="98.885635687">
        <ele>379.769</ele>
        <time>2026-02-05T06:14:26.000Z</time>
      </trkpt>
      <trkpt lat="17.984134583" lon="98.875574051">
        <ele>419.067</ele>
        <time>2026-02-05T06:30:06.000Z</time>
      </trkpt>
      <trkpt lat="17.983743693" lon="98.875627611">
        <ele>418.601</ele>
        <time>2026-02-05T06:30:09.000Z</time>
      </trkpt>
      <trkpt lat="17.98340586" lon="98.875678741">
        <ele>418</ele>
        <time>2026-02-05T06:30:10.000Z</time>
      </trkpt>
      <trkpt lat="17.983067818" lon="98.875730792">
        <ele>419.309</ele>
        <time>2026-02-05T06:30:12.000Z</time>
      </trkpt>
      <trkpt lat="17.982726255" lon="98.875781754">
        <ele>421.371</ele>
        <time>2026-02-05T06:30:14.000Z</time>
      </trkpt>
      <trkpt lat="17.982382916" lon="98.875828228">
        <ele>422.44</ele>
        <time>2026-02-05T06:30:16.000Z</time>
      </trkpt>
      <trkpt lat="17.982034466" lon="98.875875122">
        <ele>423.627</ele>
        <time>2026-02-05T06:30:18.000Z</time>
      </trkpt>
      <trkpt lat="17.981689902" lon="98.875922118">
        <ele>424.623</ele>
        <time>2026-02-05T06:30:20.000Z</time>
      </trkpt>
      <trkpt lat="17.981340774" lon="98.875970585">
        <ele>422.074</ele>
        <time>2026-02-05T06:30:22.000Z</time>
      </trkpt>
      <trkpt lat="17.980988266" lon="98.876022936">
        <ele>419.193</ele>
        <time>2026-02-05T06:30:24.000Z</time>
      </trkpt>
      <trkpt lat="17.980623412" lon="98.876073783">
        <ele>418.923</ele>
        <time>2026-02-05T06:30:26.000Z</time>
      </trkpt>
      <trkpt lat="17.876200397" lon="98.923600847">
        <ele>440.012</ele>
        <time>2026-02-05T06:43:51.000Z</time>
      </trkpt>
      <trkpt lat="17.814881301" lon="98.935421855">
        <ele>465.297</ele>
        <time>2026-02-05T07:15:32.000Z</time>
      </trkpt>
      <trkpt lat="17.810669127" lon="98.939731568">
        <ele>454.067</ele>
        <time>2026-02-05T07:24:29.000Z</time>
      </trkpt>
      <trkpt lat="17.75714661" lon="98.937312383">
        <ele>503.57</ele>
        <time>2026-02-05T08:26:04.000Z</time>
      </trkpt>
      <trkpt lat="17.756593446" lon="98.937526289">
        <ele>498.279</ele>
        <time>2026-02-05T08:26:07.000Z</time>
      </trkpt>
      <trkpt lat="17.75471239" lon="98.938563807">
        <ele>484.182</ele>
        <time>2026-02-05T08:26:24.000Z</time>
      </trkpt>
      <trkpt lat="17.753463937" lon="98.938182676">
        <ele>485.164</ele>
        <time>2026-02-05T08:26:25.000Z</time>
      </trkpt>
      <trkpt lat="17.753532627" lon="98.938676706">
        <ele>482.848</ele>
        <time>2026-02-05T08:26:27.000Z</time>
      </trkpt>
      <trkpt lat="17.753173127" lon="98.938650806">
        <ele>486.071</ele>
        <time>2026-02-05T08:26:29.000Z</time>
      </trkpt>
      <trkpt lat="17.752796863" lon="98.938535806">
        <ele>488.455</ele>
        <time>2026-02-05T08:26:32.000Z</time>
      </trkpt>
      <trkpt lat="17.752424204" lon="98.938542763">
        <ele>488.054</ele>
        <time>2026-02-05T08:26:34.000Z</time>
      </trkpt>
      <trkpt lat="17.752136803" lon="98.938727848">
        <ele>483.561</ele>
        <time>2026-02-05T08:26:37.000Z</time>
      </trkpt>
      <trkpt lat="17.751958102" lon="98.93907731">
        <ele>482.678</ele>
        <time>2026-02-05T08:26:40.000Z</time>
      </trkpt>
      <trkpt lat="17.751845288" lon="98.939441917">
        <ele>483</ele>
        <time>2026-02-05T08:26:43.000Z</time>
      </trkpt>
      <trkpt lat="17.751730006" lon="98.939818672">
        <ele>483.189</ele>
        <time>2026-02-05T08:26:46.000Z</time>
      </trkpt>
      <trkpt lat="17.751670536" lon="98.940230984">
        <ele>485.635</ele>
        <time>2026-02-05T08:26:49.000Z</time>
      </trkpt>
      <trkpt lat="17.751615582" lon="98.940666702">
        <ele>488.184</ele>
        <time>2026-02-05T08:26:52.000Z</time>
      </trkpt>
      <trkpt lat="17.751533739" lon="98.94107612">
        <ele>488.934</ele>
        <time>2026-02-05T08:26:55.000Z</time>
      </trkpt>
      <trkpt lat="17.751377917" lon="98.941454477">
        <ele>488.276</ele>
        <time>2026-02-05T08:26:58.000Z</time>
      </trkpt>
      <trkpt lat="17.751150143" lon="98.941854367">
        <ele>491.116</ele>
        <time>2026-02-05T08:27:01.000Z</time>
      </trkpt>
      <trkpt lat="17.677443302" lon="98.865538398">
        <ele>594.266</ele>
        <time>2026-02-05T08:42:16.000Z</time>
      </trkpt>
      <trkpt lat="17.645096658" lon="98.878676947">
        <ele>693.387</ele>
        <time>2026-02-05T08:54:38.000Z</time>
      </trkpt>
      <trkpt lat="17.644886146" lon="98.878978528">
        <ele>693.81</ele>
        <time>2026-02-05T08:54:43.000Z</time>
      </trkpt>
      <trkpt lat="17.644683598" lon="98.879339034">
        <ele>693.379</ele>
        <time>2026-02-05T08:54:46.000Z</time>
      </trkpt>
      <trkpt lat="17.64449358" lon="98.879612032">
        <ele>691.297</ele>
        <time>2026-02-05T08:54:49.000Z</time>
      </trkpt>
      <trkpt lat="17.644234" lon="98.879925757">
        <ele>690.025</ele>
        <time>2026-02-05T08:54:53.000Z</time>
      </trkpt>
      <trkpt lat="17.644015146" lon="98.880218581">
        <ele>690.304</ele>
        <time>2026-02-05T08:54:57.000Z</time>
      </trkpt>
      <trkpt lat="17.594479686" lon="98.879765589">
        <ele>651.103</ele>
        <time>2026-02-05T09:09:57.000Z</time>
      </trkpt>
      <trkpt lat="17.560956725" lon="98.875396438">
        <ele>550.729</ele>
        <time>2026-02-05T09:25:03.000Z</time>
      </trkpt>
      <trkpt lat="17.560956725" lon="98.875396438">
        <ele>550.729</ele>
        <time>2026-02-05T09:25:03.000Z</time>
      </trkpt>
      <trkpt lat="17.560741733" lon="98.875029398">
        <ele>550.73</ele>
        <time>2026-02-05T09:53:09.000Z</time>
      </trkpt>
      <trkpt lat="17.561080641" lon="98.877004613">
        <ele>554.259</ele>
        <time>2026-02-08T03:56:54.000Z</time>
      </trkpt>
      <trkpt lat="17.565738685" lon="98.88110552">
        <ele>570.033</ele>
        <time>2026-02-08T04:11:51.000Z</time>
      </trkpt>
      <trkpt lat="17.634366187" lon="98.877748484">
        <ele>681.105</ele>
        <time>2026-02-08T04:26:46.000Z</time>
      </trkpt>
      <trkpt lat="17.701954795" lon="98.867303711">
        <ele>546.077</ele>
        <time>2026-02-08T04:41:11.000Z</time>
      </trkpt>
      <trkpt lat="17.772388095" lon="98.953151833">
        <ele>498.013</ele>
        <time>2026-02-08T04:55:58.000Z</time>
      </trkpt>
      <trkpt lat="17.741068485" lon="99.026274048">
        <ele>493.107</ele>
        <time>2026-02-08T05:05:47.000Z</time>
      </trkpt>
      <trkpt lat="17.682937263" lon="99.077238282">
        <ele>518.658</ele>
        <time>2026-02-08T05:20:50.000Z</time>
      </trkpt>
      <trkpt lat="17.660832088" lon="99.115973488">
        <ele>336.952</ele>
        <time>2026-02-08T05:35:40.000Z</time>
      </trkpt>
      <trkpt lat="17.643827721" lon="99.225224303">
        <ele>172.587</ele>
        <time>2026-02-08T05:48:47.000Z</time>
      </trkpt>
      <trkpt lat="17.622469417" lon="99.237505049">
        <ele>173</ele>
        <time>2026-02-08T05:58:52.000Z</time>
      </trkpt>
      <trkpt lat="17.618288565" lon="99.233469162">
        <ele>165.59</ele>
        <time>2026-02-08T06:42:57.000Z</time>
      </trkpt>
      <trkpt lat="17.475167736" lon="99.162969226">
        <ele>169.727</ele>
        <time>2026-02-08T06:58:01.000Z</time>
      </trkpt>
      <trkpt lat="17.303902153" lon="99.147489611">
        <ele>162.952</ele>
        <time>2026-02-08T07:12:51.000Z</time>
      </trkpt>
      <trkpt lat="17.159280083" lon="99.132292802">
        <ele>142.178</ele>
        <time>2026-02-08T07:25:42.000Z</time>
      </trkpt>
      <trkpt lat="17.050749776" lon="99.076597151">
        <ele>133.449</ele>
        <time>2026-02-08T07:37:57.000Z</time>
      </trkpt>
      <trkpt lat="17.02963199" lon="99.092176007">
        <ele>130.23</ele>
        <time>2026-02-08T07:55:43.000Z</time>
      </trkpt>
      <trkpt lat="16.914914162" lon="99.117926471">
        <ele>127.856</ele>
        <time>2026-02-08T08:06:39.000Z</time>
      </trkpt>
      <trkpt lat="16.854639519" lon="99.120906824">
        <ele>113.657</ele>
        <time>2026-02-08T08:18:37.000Z</time>
      </trkpt>
      <trkpt lat="16.821906553" lon="99.129475895">
        <ele>111.136</ele>
        <time>2026-02-08T08:23:53.000Z</time>
      </trkpt>
      <trkpt lat="16.725542997" lon="99.226448648">
        <ele>107.126</ele>
        <time>2026-02-08T08:35:35.000Z</time>
      </trkpt>
      <trkpt lat="16.619166378" lon="99.362915503">
        <ele>104.496</ele>
        <time>2026-02-08T09:02:17.000Z</time>
      </trkpt>
      <trkpt lat="16.613061964" lon="99.445817722">
        <ele>87.078</ele>
        <time>2026-02-08T09:16:41.000Z</time>
      </trkpt>
      <trkpt lat="16.559490371" lon="99.48520462">
        <ele>83.098</ele>
        <time>2026-02-08T09:25:12.000Z</time>
      </trkpt>
      <trkpt lat="16.557458849" lon="99.482602207">
        <ele>81.797</ele>
        <time>2026-02-08T11:39:38.000Z</time>
      </trkpt>
      <trkpt lat="16.553205525" lon="99.478158268">
        <ele>91</ele>
        <time>2026-02-08T13:02:48.000Z</time>
      </trkpt>
      <trkpt lat="16.558855438" lon="99.48541565">
        <ele>86.06</ele>
        <time>2026-02-08T13:08:05.000Z</time>
      </trkpt>
      <trkpt lat="16.558855438" lon="99.48541565">
        <ele>86.06</ele>
        <time>2026-02-08T13:08:05.000Z</time>
      </trkpt>
      <trkpt lat="16.558855438" lon="99.48541565">
        <ele>86.06</ele>
        <time>2026-02-08T13:08:05.000Z</time>
      </trkpt>
      <trkpt lat="16.557469078" lon="99.482523384">
        <ele>81.879</ele>
        <time>2026-02-08T13:08:08.000Z</time>
      </trkpt>
      <trkpt lat="16.55298614" lon="99.47793579">
        <ele>90.069</ele>
        <time>2026-02-09T01:07:56.000Z</time>
      </trkpt>
      <trkpt lat="16.55745377" lon="99.482570061">
        <ele>81.792</ele>
        <time>2026-02-09T01:17:47.000Z</time>
      </trkpt>
      <trkpt lat="16.536728852" lon="99.494101592">
        <ele>79.692</ele>
        <time>2026-02-09T05:31:48.000Z</time>
      </trkpt>
      <trkpt lat="16.503670332" lon="99.508204227">
        <ele>89.863</ele>
        <time>2026-02-09T05:42:24.000Z</time>
      </trkpt>
      <trkpt lat="16.486047925" lon="99.521126188">
        <ele>83.234</ele>
        <time>2026-02-09T05:53:27.000Z</time>
      </trkpt>
      <trkpt lat="16.489747781" lon="99.515936365">
        <ele>83.102</ele>
        <time>2026-02-09T07:01:46.000Z</time>
      </trkpt>
      <trkpt lat="16.524991379" lon="99.511703085">
        <ele>93.873</ele>
        <time>2026-02-09T07:07:46.000Z</time>
      </trkpt>
      <trkpt lat="16.531073581" lon="99.495520312">
        <ele>79.127</ele>
        <time>2026-02-09T07:22:21.000Z</time>
      </trkpt>
      <trkpt lat="16.557772802" lon="99.48606888">
        <ele>83.982</ele>
        <time>2026-02-09T07:25:41.000Z</time>
      </trkpt>
      <trkpt lat="16.559008874" lon="99.485313055">
        <ele>85.136</ele>
        <time>2026-02-09T07:33:16.000Z</time>
      </trkpt>
      <trkpt lat="16.557541997" lon="99.482492991">
        <ele>81.845</ele>
        <time>2026-02-09T07:33:24.000Z</time>
      </trkpt>
      <trkpt lat="16.55885314" lon="99.48539733">
        <ele>86.055</ele>
        <time>2026-02-09T07:47:05.000Z</time>
      </trkpt>
      <trkpt lat="16.557338694" lon="99.482467007">
        <ele>81.419</ele>
        <time>2026-02-09T07:54:36.000Z</time>
      </trkpt>
      <trkpt lat="16.540077673" lon="99.494228326">
        <ele>82.218</ele>
        <time>2026-02-11T02:54:24.000Z</time>
      </trkpt>
      <trkpt lat="16.521272454" lon="99.512717631">
        <ele>92</ele>
        <time>2026-02-11T02:59:47.000Z</time>
      </trkpt>
      <trkpt lat="16.492245882" lon="99.541201098">
        <ele>78.324</ele>
        <time>2026-02-11T03:05:18.000Z</time>
      </trkpt>
      <trkpt lat="16.477519381" lon="99.550096644">
        <ele>74.607</ele>
        <time>2026-02-11T03:11:06.000Z</time>
      </trkpt>
      <trkpt lat="16.457436006" lon="99.533206271">
        <ele>76.352</ele>
        <time>2026-02-11T04:19:14.000Z</time>
      </trkpt>
      <trkpt lat="16.451101718" lon="99.514826685">
        <ele>79.966</ele>
        <time>2026-02-11T04:24:24.000Z</time>
      </trkpt>
      <trkpt lat="16.401766632" lon="99.521539249">
        <ele>70.624</ele>
        <time>2026-02-11T04:30:59.000Z</time>
      </trkpt>
      <trkpt lat="16.305064405" lon="99.664333267">
        <ele>63.861</ele>
        <time>2026-02-11T04:46:14.000Z</time>
      </trkpt>
      <trkpt lat="16.141878013" lon="99.72079603">
        <ele>61.968</ele>
        <time>2026-02-11T05:01:20.000Z</time>
      </trkpt>
      <trkpt lat="15.99992143" lon="99.804409118">
        <ele>47.036</ele>
        <time>2026-02-11T05:16:19.000Z</time>
      </trkpt>
      <trkpt lat="15.883642556" lon="99.904323835">
        <ele>42.132</ele>
        <time>2026-02-11T05:31:21.000Z</time>
      </trkpt>
      <trkpt lat="15.792296827" lon="99.964799853">
        <ele>33.677</ele>
        <time>2026-02-11T05:41:11.000Z</time>
      </trkpt>
      <trkpt lat="15.764280525" lon="99.990857598">
        <ele>35.087</ele>
        <time>2026-02-11T05:46:19.000Z</time>
      </trkpt>
      <trkpt lat="15.766630144" lon="99.985848469">
        <ele>39.333</ele>
        <time>2026-02-11T06:58:27.000Z</time>
      </trkpt>
      <trkpt lat="15.712971501" lon="99.94797511">
        <ele>47.299</ele>
        <time>2026-02-11T07:13:54.000Z</time>
      </trkpt>
      <trkpt lat="15.730445632" lon="99.953103578">
        <ele>40.223</ele>
        <time>2026-02-12T04:01:21.000Z</time>
      </trkpt>
      <trkpt lat="15.766608808" lon="99.985445822">
        <ele>38.544</ele>
        <time>2026-02-12T04:12:09.000Z</time>
      </trkpt>
      <trkpt lat="15.728839324" lon="100.037730457">
        <ele>30.503</ele>
        <time>2026-02-12T04:19:12.000Z</time>
      </trkpt>
      <trkpt lat="15.629264913" lon="100.106111616">
        <ele>25.707</ele>
        <time>2026-02-12T04:35:00.000Z</time>
      </trkpt>
      <trkpt lat="15.577670611" lon="100.125465011">
        <ele>28.162</ele>
        <time>2026-02-12T04:50:05.000Z</time>
      </trkpt>
      <trkpt lat="15.492473594" lon="100.130181927">
        <ele>21.217</ele>
        <time>2026-02-12T05:05:41.000Z</time>
      </trkpt>
      <trkpt lat="15.345873521" lon="100.165355578">
        <ele>20.855</ele>
        <time>2026-02-12T05:20:43.000Z</time>
      </trkpt>
      <trkpt lat="15.21438757" lon="100.213859137">
        <ele>14.783</ele>
        <time>2026-02-12T05:35:41.000Z</time>
      </trkpt>
      <trkpt lat="15.213949196" lon="100.213992158">
        <ele>11.806</ele>
        <time>2026-02-12T05:35:43.000Z</time>
      </trkpt>
      <trkpt lat="15.21356103" lon="100.214213692">
        <ele>11.488</ele>
        <time>2026-02-12T05:35:45.000Z</time>
      </trkpt>
      <trkpt lat="15.213169805" lon="100.214412343">
        <ele>14.198</ele>
        <time>2026-02-12T05:35:47.000Z</time>
      </trkpt>
      <trkpt lat="15.212794086" lon="100.21457864">
        <ele>17.341</ele>
        <time>2026-02-12T05:35:49.000Z</time>
      </trkpt>
      <trkpt lat="15.212419289" lon="100.214748876">
        <ele>17.545</ele>
        <time>2026-02-12T05:35:51.000Z</time>
      </trkpt>
      <trkpt lat="15.212050821" lon="100.214920202">
        <ele>16.287</ele>
        <time>2026-02-12T05:35:53.000Z</time>
      </trkpt>
      <trkpt lat="15.211683845" lon="100.215086721">
        <ele>15.688</ele>
        <time>2026-02-12T05:35:55.000Z</time>
      </trkpt>
      <trkpt lat="15.211323072" lon="100.215259597">
        <ele>15.221</ele>
        <time>2026-02-12T05:35:57.000Z</time>
      </trkpt>
      <trkpt lat="15.21095875" lon="100.215435984">
        <ele>15.709</ele>
        <time>2026-02-12T05:35:59.000Z</time>
      </trkpt>
      <trkpt lat="15.210592615" lon="100.215615633">
        <ele>14.35</ele>
        <time>2026-02-12T05:36:01.000Z</time>
      </trkpt>
      <trkpt lat="15.21022772" lon="100.215800088">
        <ele>13.863</ele>
        <time>2026-02-12T05:36:03.000Z</time>
      </trkpt>
      <trkpt lat="15.209864304" lon="100.215981466">
        <ele>14.022</ele>
        <time>2026-02-12T05:36:05.000Z</time>
      </trkpt>
      <trkpt lat="15.209502965" lon="100.216167193">
        <ele>15.789</ele>
        <time>2026-02-12T05:36:07.000Z</time>
      </trkpt>
      <trkpt lat="15.209142739" lon="100.216355258">
        <ele>17</ele>
        <time>2026-02-12T05:36:09.000Z</time>
      </trkpt>
      <trkpt lat="15.208782195" lon="100.216544564">
        <ele>16.055</ele>
        <time>2026-02-12T05:36:11.000Z</time>
      </trkpt>
      <trkpt lat="15.208426091" lon="100.216740532">
        <ele>15.312</ele>
        <time>2026-02-12T05:36:13.000Z</time>
      </trkpt>
      <trkpt lat="15.208077115" lon="100.216917281">
        <ele>14.105</ele>
        <time>2026-02-12T05:36:15.000Z</time>
      </trkpt>
      <trkpt lat="15.207720496" lon="100.217107026">
        <ele>13.62</ele>
        <time>2026-02-12T05:36:17.000Z</time>
      </trkpt>
      <trkpt lat="15.207367647" lon="100.217307964">
        <ele>14.979</ele>
        <time>2026-02-12T05:36:19.000Z</time>
      </trkpt>
      <trkpt lat="15.207012197" lon="100.217512161">
        <ele>16.088</ele>
        <time>2026-02-12T05:36:21.000Z</time>
      </trkpt>
      <trkpt lat="15.051865946" lon="100.328579564">
        <ele>15.251</ele>
        <time>2026-02-12T05:51:44.000Z</time>
      </trkpt>
      <trkpt lat="14.898659466" lon="100.419838373">
        <ele>13.763</ele>
        <time>2026-02-12T06:06:45.000Z</time>
      </trkpt>
      <trkpt lat="14.732478135" lon="100.454900796">
        <ele>8.671</ele>
        <time>2026-02-12T06:21:45.000Z</time>
      </trkpt>
      <trkpt lat="14.731989596" lon="100.454900377">
        <ele>8.463</ele>
        <time>2026-02-12T06:21:47.000Z</time>
      </trkpt>
      <trkpt lat="14.73154611" lon="100.454930468">
        <ele>9.434</ele>
        <time>2026-02-12T06:21:49.000Z</time>
      </trkpt>
      <trkpt lat="14.731105641" lon="100.454946812">
        <ele>8.961</ele>
        <time>2026-02-12T06:21:50.000Z</time>
      </trkpt>
      <trkpt lat="14.730661986" lon="100.454960391">
        <ele>7.617</ele>
        <time>2026-02-12T06:21:52.000Z</time>
      </trkpt>
      <trkpt lat="14.73022223" lon="100.454980508">
        <ele>10.2</ele>
        <time>2026-02-12T06:21:54.000Z</time>
      </trkpt>
      <trkpt lat="14.729784359" lon="100.45500624">
        <ele>9.425</ele>
        <time>2026-02-12T06:21:56.000Z</time>
      </trkpt>
      <trkpt lat="14.729348018" lon="100.455031621">
        <ele>8.506</ele>
        <time>2026-02-12T06:21:58.000Z</time>
      </trkpt>
      <trkpt lat="14.728911225" lon="100.455055554">
        <ele>10.72</ele>
        <time>2026-02-12T06:22:00.000Z</time>
      </trkpt>
      <trkpt lat="14.728475522" lon="100.455076928">
        <ele>9.958</ele>
        <time>2026-02-12T06:22:02.000Z</time>
      </trkpt>
      <trkpt lat="14.728039338" lon="100.455102626">
        <ele>8.631</ele>
        <time>2026-02-12T06:22:04.000Z</time>
      </trkpt>
      <trkpt lat="14.727623142" lon="100.455128229">
        <ele>8.538</ele>
        <time>2026-02-12T06:22:06.000Z</time>
      </trkpt>
      <trkpt lat="14.727218797" lon="100.455154641">
        <ele>8.445</ele>
        <time>2026-02-12T06:22:08.000Z</time>
      </trkpt>
      <trkpt lat="14.726826263" lon="100.4551785">
        <ele>8.643</ele>
        <time>2026-02-12T06:22:10.000Z</time>
      </trkpt>
      <trkpt lat="14.726441548" lon="100.455199404">
        <ele>8.718</ele>
        <time>2026-02-12T06:22:12.000Z</time>
      </trkpt>
      <trkpt lat="14.726051437" lon="100.45522355">
        <ele>8.632</ele>
        <time>2026-02-12T06:22:14.000Z</time>
      </trkpt>
      <trkpt lat="14.725660921" lon="100.45526794">
        <ele>8.643</ele>
        <time>2026-02-12T06:22:16.000Z</time>
      </trkpt>
      <trkpt lat="14.725277039" lon="100.455295405">
        <ele>9.937</ele>
        <time>2026-02-12T06:22:18.000Z</time>
      </trkpt>
      <trkpt lat="14.724889954" lon="100.455313009">
        <ele>9.923</ele>
        <time>2026-02-12T06:22:20.000Z</time>
      </trkpt>
      <trkpt lat="14.724498068" lon="100.455321994">
        <ele>10</ele>
        <time>2026-02-12T06:22:22.000Z</time>
      </trkpt>
      <trkpt lat="14.724101449" lon="100.455327008">
        <ele>10.958</ele>
        <time>2026-02-12T06:22:24.000Z</time>
      </trkpt>
      <trkpt lat="14.558334039" lon="100.496930424">
        <ele>4.954</ele>
        <time>2026-02-12T06:36:16.000Z</time>
      </trkpt>
      <trkpt lat="14.510491919" lon="100.51865868">
        <ele>6.151</ele>
        <time>2026-02-12T06:51:16.000Z</time>
      </trkpt>
      <trkpt lat="14.435361251" lon="100.54589306">
        <ele>9.464</ele>
        <time>2026-02-12T07:22:03.000Z</time>
      </trkpt>
      <trkpt lat="14.434215032" lon="100.547310893">
        <ele>5.95</ele>
        <time>2026-02-12T07:22:27.000Z</time>
      </trkpt>
      <trkpt lat="14.432650901" lon="100.549484014">
        <ele>9.074</ele>
        <time>2026-02-12T07:22:28.000Z</time>
      </trkpt>
      <trkpt lat="14.430458025" lon="100.552464865">
        <ele>5.658</ele>
        <time>2026-02-12T07:22:43.000Z</time>
      </trkpt>
      <trkpt lat="14.430233976" lon="100.55276811">
        <ele>7.158</ele>
        <time>2026-02-12T07:22:45.000Z</time>
      </trkpt>
      <trkpt lat="14.328229842" lon="100.613125982">
        <ele>-3.524</ele>
        <time>2026-02-12T07:38:00.000Z</time>
      </trkpt>
      <trkpt lat="14.315876425" lon="100.613386659">
        <ele>1.118</ele>
        <time>2026-02-12T07:53:03.000Z</time>
      </trkpt>
      <trkpt lat="14.316011164" lon="100.61281384">
        <ele>2.12</ele>
        <time>2026-02-12T07:53:04.000Z</time>
      </trkpt>
      <trkpt lat="14.316372005" lon="100.61275349">
        <ele>1.918</ele>
        <time>2026-02-12T07:53:06.000Z</time>
      </trkpt>
      <trkpt lat="14.316744874" lon="100.61271661">
        <ele>1.722</ele>
        <time>2026-02-12T07:53:09.000Z</time>
      </trkpt>
      <trkpt lat="14.31711548" lon="100.612718035">
        <ele>3.046</ele>
        <time>2026-02-12T07:53:12.000Z</time>
      </trkpt>
      <trkpt lat="14.317494264" lon="100.61272378">
        <ele>3.987</ele>
        <time>2026-02-12T07:53:15.000Z</time>
      </trkpt>
      <trkpt lat="14.317905427" lon="100.612771648">
        <ele>3.471</ele>
        <time>2026-02-12T07:53:18.000Z</time>
      </trkpt>
      <trkpt lat="14.318325456" lon="100.612871838">
        <ele>4.962</ele>
        <time>2026-02-12T07:53:21.000Z</time>
      </trkpt>
      <trkpt lat="14.318749998" lon="100.612979687">
        <ele>5.863</ele>
        <time>2026-02-12T07:53:24.000Z</time>
      </trkpt>
      <trkpt lat="14.319201204" lon="100.613011901">
        <ele>3.928</ele>
        <time>2026-02-12T07:53:27.000Z</time>
      </trkpt>
      <trkpt lat="14.319517092" lon="100.613025609">
        <ele>4.182</ele>
        <time>2026-02-12T07:53:29.000Z</time>
      </trkpt>
      <trkpt lat="14.319835593" lon="100.613038173">
        <ele>2.467</ele>
        <time>2026-02-12T07:53:31.000Z</time>
      </trkpt>
      <trkpt lat="14.320158408" lon="100.613045354">
        <ele>1.927</ele>
        <time>2026-02-12T07:53:33.000Z</time>
      </trkpt>
      <trkpt lat="14.320634086" lon="100.613053974">
        <ele>3.56</ele>
        <time>2026-02-12T07:53:36.000Z</time>
      </trkpt>
      <trkpt lat="14.320985553" lon="100.613039565">
        <ele>3.846</ele>
        <time>2026-02-12T07:53:38.000Z</time>
      </trkpt>
      <trkpt lat="14.321337255" lon="100.613042411">
        <ele>1.363</ele>
        <time>2026-02-12T07:53:40.000Z</time>
      </trkpt>
      <trkpt lat="14.321696886" lon="100.613043145">
        <ele>2.812</ele>
        <time>2026-02-12T07:53:42.000Z</time>
      </trkpt>
      <trkpt lat="14.341802936" lon="100.610822194">
        <ele>6.491</ele>
        <time>2026-02-12T08:09:02.000Z</time>
      </trkpt>
      <trkpt lat="14.349837173" lon="100.569428019">
        <ele>5.941</ele>
        <time>2026-02-12T08:54:42.000Z</time>
      </trkpt>
      <trkpt lat="14.343571407" lon="100.555063114">
        <ele>3.838</ele>
        <time>2026-02-12T09:10:20.000Z</time>
      </trkpt>
      <trkpt lat="14.343468488" lon="100.554744328">
        <ele>4.448</ele>
        <time>2026-02-12T09:38:15.000Z</time>
      </trkpt>
      <trkpt lat="14.351509195" lon="100.555840032">
        <ele>7.567</ele>
        <time>2026-02-13T01:04:30.000Z</time>
      </trkpt>
      <trkpt lat="14.355981988" lon="100.568423784">
        <ele>8.164</ele>
        <time>2026-02-13T01:09:47.000Z</time>
      </trkpt>
      <trkpt lat="14.354464235" lon="100.594416568">
        <ele>7.871</ele>
        <time>2026-02-13T02:12:35.000Z</time>
      </trkpt>
      <trkpt lat="14.33312085" lon="100.613496294">
        <ele>8.254</ele>
        <time>2026-02-13T02:18:34.000Z</time>
      </trkpt>
      <trkpt lat="14.304275662" lon="100.614564149">
        <ele>4.646</ele>
        <time>2026-02-13T02:23:50.000Z</time>
      </trkpt>
      <trkpt lat="14.161227755" lon="100.618436253">
        <ele>3.995</ele>
        <time>2026-02-13T03:15:30.000Z</time>
      </trkpt>
      <trkpt lat="14.152119789" lon="100.619153256">
        <ele>6.018</ele>
        <time>2026-02-13T03:30:34.000Z</time>
      </trkpt>
      <trkpt lat="14.165624063" lon="100.61809008">
        <ele>3.434</ele>
        <time>2026-02-13T05:29:58.000Z</time>
      </trkpt>
      <trkpt lat="14.084872742" lon="100.694261701">
        <ele>2.727</ele>
        <time>2026-02-13T05:44:56.000Z</time>
      </trkpt>
      <trkpt lat="13.946267772" lon="100.711799255">
        <ele>6.045</ele>
        <time>2026-02-13T05:59:56.000Z</time>
      </trkpt>
      <trkpt lat="13.792563113" lon="100.682929214">
        <ele>4.186</ele>
        <time>2026-02-13T06:14:56.000Z</time>
      </trkpt>
      <trkpt lat="13.7921322" lon="100.683031976">
        <ele>3.998</ele>
        <time>2026-02-13T06:14:58.000Z</time>
      </trkpt>
      <trkpt lat="13.791700657" lon="100.683137756">
        <ele>0.79</ele>
        <time>2026-02-13T06:15:01.000Z</time>
      </trkpt>
      <trkpt lat="13.791381223" lon="100.683246134">
        <ele>4.122</ele>
        <time>2026-02-13T06:15:03.000Z</time>
      </trkpt>
      <trkpt lat="13.790949471" lon="100.683357697">
        <ele>6.898</ele>
        <time>2026-02-13T06:15:06.000Z</time>
      </trkpt>
      <trkpt lat="13.790516371" lon="100.683476682">
        <ele>2.968</ele>
        <time>2026-02-13T06:15:09.000Z</time>
      </trkpt>
      <trkpt lat="13.790100023" lon="100.683586864">
        <ele>1.591</ele>
        <time>2026-02-13T06:15:12.000Z</time>
      </trkpt>
      <trkpt lat="13.789681844" lon="100.683699787">
        <ele>-0.319</ele>
        <time>2026-02-13T06:15:15.000Z</time>
      </trkpt>
      <trkpt lat="13.789255141" lon="100.683809842">
        <ele>0.16</ele>
        <time>2026-02-13T06:15:18.000Z</time>
      </trkpt>
      <trkpt lat="13.788835972" lon="100.683919824">
        <ele>0.449</ele>
        <time>2026-02-13T06:15:21.000Z</time>
      </trkpt>
      <trkpt lat="13.788405943" lon="100.684037489">
        <ele>0.052</ele>
        <time>2026-02-13T06:15:24.000Z</time>
      </trkpt>
      <trkpt lat="13.788096053" lon="100.684115985">
        <ele>-4.178</ele>
        <time>2026-02-13T06:15:26.000Z</time>
      </trkpt>
      <trkpt lat="13.787787654" lon="100.684199762">
        <ele>-3.665</ele>
        <time>2026-02-13T06:15:28.000Z</time>
      </trkpt>
      <trkpt lat="13.787346401" lon="100.684309491">
        <ele>0.972</ele>
        <time>2026-02-13T06:15:31.000Z</time>
      </trkpt>
      <trkpt lat="13.78689931" lon="100.684421713">
        <ele>-0.863</ele>
        <time>2026-02-13T06:15:34.000Z</time>
      </trkpt>
      <trkpt lat="13.730709027" lon="100.745178005">
        <ele>0.967</ele>
        <time>2026-02-13T06:30:57.000Z</time>
      </trkpt>
      <trkpt lat="13.721905472" lon="100.782846026">
        <ele>7.719</ele>
        <time>2026-02-13T06:44:28.000Z</time>
      </trkpt>
      <trkpt lat="13.692934345" lon="100.793252327">
        <ele>1.309</ele>
        <time>2026-02-13T06:59:30.000Z</time>
      </trkpt>
      <trkpt lat="13.693118982" lon="100.793530463">
        <ele>2.257</ele>
        <time>2026-02-13T06:59:41.000Z</time>
      </trkpt>
      <trkpt lat="13.69422078" lon="100.793159056">
        <ele>0.327</ele>
        <time>2026-02-13T07:15:05.000Z</time>
      </trkpt>
      <trkpt lat="13.693415024" lon="100.793792642">
        <ele>2.334</ele>
        <time>2026-02-13T14:20:04.000Z</time>
      </trkpt>
      <trkpt lat="12.264488412" lon="99.974373693">
        <ele>1.286</ele>
        <time>2026-02-19T13:35:33.000Z</time>
      </trkpt>
      <trkpt lat="12.263226319" lon="99.972073365">
        <ele>9.351</ele>
        <time>2026-02-19T14:01:17.000Z</time>
      </trkpt>
      <trkpt lat="12.288722908" lon="99.965761341">
        <ele>21.559</ele>
        <time>2026-02-20T00:47:47.000Z</time>
      </trkpt>
      <trkpt lat="12.355813966" lon="99.938105419">
        <ele>3.192</ele>
        <time>2026-02-20T00:55:21.000Z</time>
      </trkpt>
      <trkpt lat="12.3863295" lon="99.902419048">
        <ele>11.078</ele>
        <time>2026-02-20T01:03:08.000Z</time>
      </trkpt>
      <trkpt lat="12.369940742" lon="99.887124086">
        <ele>11.22</ele>
        <time>2026-02-20T01:11:41.000Z</time>
      </trkpt>
      <trkpt lat="12.353018438" lon="99.883718579">
        <ele>10.689</ele>
        <time>2026-02-20T01:40:33.000Z</time>
      </trkpt>
      <trkpt lat="12.265423355" lon="99.869851498">
        <ele>17.258</ele>
        <time>2026-02-20T01:48:37.000Z</time>
      </trkpt>
      <trkpt lat="12.184268218" lon="99.849481126">
        <ele>15.312</ele>
        <time>2026-02-20T01:56:38.000Z</time>
      </trkpt>
      <trkpt lat="12.099862997" lon="99.853718514">
        <ele>12.076</ele>
        <time>2026-02-20T02:04:44.000Z</time>
      </trkpt>
      <trkpt lat="11.966434121" lon="99.831221486">
        <ele>14.594</ele>
        <time>2026-02-20T02:20:00.000Z</time>
      </trkpt>
      <trkpt lat="11.83585614" lon="99.781532306">
        <ele>13.402</ele>
        <time>2026-02-20T02:35:05.000Z</time>
      </trkpt>
      <trkpt lat="11.824518993" lon="99.782033442">
        <ele>15.325</ele>
        <time>2026-02-20T02:50:03.000Z</time>
      </trkpt>
      <trkpt lat="11.778343879" lon="99.771730593">
        <ele>10.489</ele>
        <time>2026-02-20T03:05:40.000Z</time>
      </trkpt>
      <trkpt lat="11.645629602" lon="99.676562045">
        <ele>28.12</ele>
        <time>2026-02-20T03:20:40.000Z</time>
      </trkpt>
      <trkpt lat="11.495658578" lon="99.601942739">
        <ele>14.623</ele>
        <time>2026-02-20T03:35:41.000Z</time>
      </trkpt>
      <trkpt lat="11.49530746" lon="99.601764707">
        <ele>14.616</ele>
        <time>2026-02-20T03:35:43.000Z</time>
      </trkpt>
      <trkpt lat="11.494797589" lon="99.601478297">
        <ele>16.591</ele>
        <time>2026-02-20T03:35:46.000Z</time>
      </trkpt>
      <trkpt lat="11.494484064" lon="99.601316443">
        <ele>16.776</ele>
        <time>2026-02-20T03:35:48.000Z</time>
      </trkpt>
      <trkpt lat="11.49416354" lon="99.601177638">
        <ele>15.239</ele>
        <time>2026-02-20T03:35:50.000Z</time>
      </trkpt>
      <trkpt lat="11.493831001" lon="99.601064502">
        <ele>15.098</ele>
        <time>2026-02-20T03:35:52.000Z</time>
      </trkpt>
      <trkpt lat="11.49347728" lon="99.600988906">
        <ele>14.83</ele>
        <time>2026-02-20T03:35:54.000Z</time>
      </trkpt>
      <trkpt lat="11.493123179" lon="99.600949989">
        <ele>14.84</ele>
        <time>2026-02-20T03:35:56.000Z</time>
      </trkpt>
      <trkpt lat="11.492768451" lon="99.600947304">
        <ele>14.84</ele>
        <time>2026-02-20T03:35:58.000Z</time>
      </trkpt>
      <trkpt lat="11.492412601" lon="99.600970813">
        <ele>15.495</ele>
        <time>2026-02-20T03:36:00.000Z</time>
      </trkpt>
      <trkpt lat="11.492041176" lon="99.6010195">
        <ele>15.018</ele>
        <time>2026-02-20T03:36:02.000Z</time>
      </trkpt>
      <trkpt lat="11.491667433" lon="99.601050716">
        <ele>14.999</ele>
        <time>2026-02-20T03:36:04.000Z</time>
      </trkpt>
      <trkpt lat="11.491287839" lon="99.601096668">
        <ele>17.124</ele>
        <time>2026-02-20T03:36:06.000Z</time>
      </trkpt>
      <trkpt lat="11.490910623" lon="99.601139562">
        <ele>20.546</ele>
        <time>2026-02-20T03:36:08.000Z</time>
      </trkpt>
      <trkpt lat="11.490528375" lon="99.601172045">
        <ele>22.198</ele>
        <time>2026-02-20T03:36:10.000Z</time>
      </trkpt>
      <trkpt lat="11.490143768" lon="99.601188322">
        <ele>22</ele>
        <time>2026-02-20T03:36:12.000Z</time>
      </trkpt>
      <trkpt lat="11.48976601" lon="99.601220057">
        <ele>23.173</ele>
        <time>2026-02-20T03:36:14.000Z</time>
      </trkpt>
      <trkpt lat="11.489387751" lon="99.601254508">
        <ele>27.023</ele>
        <time>2026-02-20T03:36:16.000Z</time>
      </trkpt>
      <trkpt lat="11.489010249" lon="99.601297566">
        <ele>29.563</ele>
        <time>2026-02-20T03:36:18.000Z</time>
      </trkpt>
      <trkpt lat="11.488630602" lon="99.601337684">
        <ele>30</ele>
        <time>2026-02-20T03:36:20.000Z</time>
      </trkpt>
      <trkpt lat="11.488260856" lon="99.601378126">
        <ele>31.261</ele>
        <time>2026-02-20T03:36:22.000Z</time>
      </trkpt>
      <trkpt lat="11.387505499" lon="99.508566745">
        <ele>52.12</ele>
        <time>2026-02-20T03:50:11.000Z</time>
      </trkpt>
      <trkpt lat="11.254360895" lon="99.439143716">
        <ele>25.301</ele>
        <time>2026-02-20T04:05:12.000Z</time>
      </trkpt>
      <trkpt lat="11.254029474" lon="99.439110356">
        <ele>26.394</ele>
        <time>2026-02-20T04:05:14.000Z</time>
      </trkpt>
      <trkpt lat="11.25363607" lon="99.439174393">
        <ele>25.18</ele>
        <time>2026-02-20T04:05:16.000Z</time>
      </trkpt>
      <trkpt lat="11.253276109" lon="99.439222757">
        <ele>24.366</ele>
        <time>2026-02-20T04:05:18.000Z</time>
      </trkpt>
      <trkpt lat="11.252902569" lon="99.439271875">
        <ele>25.342</ele>
        <time>2026-02-20T04:05:20.000Z</time>
      </trkpt>
      <trkpt lat="11.252525928" lon="99.439322418">
        <ele>25.549</ele>
        <time>2026-02-20T04:05:22.000Z</time>
      </trkpt>
      <trkpt lat="11.252158416" lon="99.439376774">
        <ele>25.826</ele>
        <time>2026-02-20T04:05:24.000Z</time>
      </trkpt>
      <trkpt lat="11.251800768" lon="99.439424019">
        <ele>25.035</ele>
        <time>2026-02-20T04:05:26.000Z</time>
      </trkpt>
      <trkpt lat="11.25145538" lon="99.439467296">
        <ele>25.082</ele>
        <time>2026-02-20T04:05:28.000Z</time>
      </trkpt>
      <trkpt lat="11.251109442" lon="99.439514301">
        <ele>24</ele>
        <time>2026-02-20T04:05:30.000Z</time>
      </trkpt>
      <trkpt lat="11.250780485" lon="99.439559359">
        <ele>24</ele>
        <time>2026-02-20T04:05:32.000Z</time>
      </trkpt>
      <trkpt lat="11.115998891" lon="99.369025324">
        <ele>93.877</ele>
        <time>2026-02-20T04:20:42.000Z</time>
      </trkpt>
      <trkpt lat="11.115642115" lon="99.368934548">
        <ele>93.267</ele>
        <time>2026-02-20T04:20:43.000Z</time>
      </trkpt>
      <trkpt lat="11.115296194" lon="99.368817033">
        <ele>91.307</ele>
        <time>2026-02-20T04:20:45.000Z</time>
      </trkpt>
      <trkpt lat="11.11477132" lon="99.368651239">
        <ele>89.868</ele>
        <time>2026-02-20T04:20:48.000Z</time>
      </trkpt>
      <trkpt lat="11.114421878" lon="99.36855183">
        <ele>89.495</ele>
        <time>2026-02-20T04:20:50.000Z</time>
      </trkpt>
      <trkpt lat="11.114075328" lon="99.368454851">
        <ele>89.25</ele>
        <time>2026-02-20T04:20:52.000Z</time>
      </trkpt>
      <trkpt lat="11.113725146" lon="99.368357547">
        <ele>90.267</ele>
        <time>2026-02-20T04:20:54.000Z</time>
      </trkpt>
      <trkpt lat="11.113376654" lon="99.368257143">
        <ele>90.36</ele>
        <time>2026-02-20T04:20:56.000Z</time>
      </trkpt>
      <trkpt lat="11.113030078" lon="99.368162818">
        <ele>88.852</ele>
        <time>2026-02-20T04:20:58.000Z</time>
      </trkpt>
      <trkpt lat="11.112677533" lon="99.368056446">
        <ele>87.003</ele>
        <time>2026-02-20T04:21:00.000Z</time>
      </trkpt>
      <trkpt lat="10.976874805" lon="99.330887916">
        <ele>102.15</ele>
        <time>2026-02-20T04:36:13.000Z</time>
      </trkpt>
      <trkpt lat="10.935948167" lon="99.29370547">
        <ele>80.048</ele>
        <time>2026-02-20T04:51:13.000Z</time>
      </trkpt>
      <trkpt lat="10.867521563" lon="99.248500262">
        <ele>49.171</ele>
        <time>2026-02-20T05:37:00.000Z</time>
      </trkpt>
      <trkpt lat="10.867021373" lon="99.248250397">
        <ele>47.187</ele>
        <time>2026-02-20T05:37:02.000Z</time>
      </trkpt>
      <trkpt lat="10.865037526" lon="99.247317498">
        <ele>46.254</ele>
        <time>2026-02-20T05:37:20.000Z</time>
      </trkpt>
      <trkpt lat="10.863571255" lon="99.247688055">
        <ele>48.127</ele>
        <time>2026-02-20T05:37:21.000Z</time>
      </trkpt>
      <trkpt lat="10.863140761" lon="99.247693168">
        <ele>55.912</ele>
        <time>2026-02-20T05:37:23.000Z</time>
      </trkpt>
      <trkpt lat="10.862765755" lon="99.247612031">
        <ele>57.526</ele>
        <time>2026-02-20T05:37:25.000Z</time>
      </trkpt>
      <trkpt lat="10.862356927" lon="99.247606248">
        <ele>53.954</ele>
        <time>2026-02-20T05:37:27.000Z</time>
      </trkpt>
      <trkpt lat="10.861981208" lon="99.247558555">
        <ele>49.451</ele>
        <time>2026-02-20T05:37:29.000Z</time>
      </trkpt>
      <trkpt lat="10.861595809" lon="99.247509353">
        <ele>47.628</ele>
        <time>2026-02-20T05:37:31.000Z</time>
      </trkpt>
      <trkpt lat="10.86121574" lon="99.247454491">
        <ele>49.857</ele>
        <time>2026-02-20T05:37:33.000Z</time>
      </trkpt>
      <trkpt lat="10.860836326" lon="99.247396828">
        <ele>53.592</ele>
        <time>2026-02-20T05:37:35.000Z</time>
      </trkpt>
      <trkpt lat="10.860456501" lon="99.247340245">
        <ele>58.826</ele>
        <time>2026-02-20T05:37:37.000Z</time>
      </trkpt>
      <trkpt lat="10.860079331" lon="99.247283617">
        <ele>59.514</ele>
        <time>2026-02-20T05:37:39.000Z</time>
      </trkpt>
      <trkpt lat="10.731145777" lon="99.206095375">
        <ele>57.057</ele>
        <time>2026-02-20T05:52:53.000Z</time>
      </trkpt>
      <trkpt lat="10.695794146" lon="99.205237585">
        <ele>31.286</ele>
        <time>2026-02-20T06:07:53.000Z</time>
      </trkpt>
      <trkpt lat="10.594614339" lon="99.138630694">
        <ele>16.847</ele>
        <time>2026-02-20T07:09:15.000Z</time>
      </trkpt>
      <trkpt lat="10.594755993" lon="99.138341267">
        <ele>15.268</ele>
        <time>2026-02-20T07:09:16.000Z</time>
      </trkpt>
      <trkpt lat="10.5947658" lon="99.137876323">
        <ele>15.655</ele>
        <time>2026-02-20T07:09:18.000Z</time>
      </trkpt>
      <trkpt lat="10.594794131" lon="99.137250194">
        <ele>14.482</ele>
        <time>2026-02-20T07:09:21.000Z</time>
      </trkpt>
      <trkpt lat="10.594816469" lon="99.13686689">
        <ele>13.476</ele>
        <time>2026-02-20T07:09:23.000Z</time>
      </trkpt>
      <trkpt lat="10.594842578" lon="99.136480736">
        <ele>13.29</ele>
        <time>2026-02-20T07:09:25.000Z</time>
      </trkpt>
      <trkpt lat="10.594872619" lon="99.136092853">
        <ele>13.476</ele>
        <time>2026-02-20T07:09:27.000Z</time>
      </trkpt>
      <trkpt lat="10.594897596" lon="99.135701389">
        <ele>11.856</ele>
        <time>2026-02-20T07:09:29.000Z</time>
      </trkpt>
      <trkpt lat="10.594923623" lon="99.135309277">
        <ele>10.113</ele>
        <time>2026-02-20T07:09:31.000Z</time>
      </trkpt>
      <trkpt lat="10.594952852" lon="99.134918171">
        <ele>11.295</ele>
        <time>2026-02-20T07:09:33.000Z</time>
      </trkpt>
      <trkpt lat="10.594981694" lon="99.134528036">
        <ele>12</ele>
        <time>2026-02-20T07:09:35.000Z</time>
      </trkpt>
      <trkpt lat="10.507311034" lon="99.09415531">
        <ele>17.307</ele>
        <time>2026-02-20T07:24:46.000Z</time>
      </trkpt>
      <trkpt lat="10.50262379" lon="98.960758243">
        <ele>46.975</ele>
        <time>2026-02-20T07:39:48.000Z</time>
      </trkpt>
      <trkpt lat="10.502526434" lon="98.960405113">
        <ele>49.351</ele>
        <time>2026-02-20T07:39:50.000Z</time>
      </trkpt>
      <trkpt lat="10.50239509" lon="98.96002776">
        <ele>51.133</ele>
        <time>2026-02-20T07:39:53.000Z</time>
      </trkpt>
      <trkpt lat="10.50228361" lon="98.959683599">
        <ele>51.229</ele>
        <time>2026-02-20T07:39:54.000Z</time>
      </trkpt>
      <trkpt lat="10.502171796" lon="98.959337175">
        <ele>50.614</ele>
        <time>2026-02-20T07:39:56.000Z</time>
      </trkpt>
      <trkpt lat="10.502064927" lon="98.958996786">
        <ele>49.735</ele>
        <time>2026-02-20T07:39:58.000Z</time>
      </trkpt>
      <trkpt lat="10.501958503" lon="98.958660695">
        <ele>49.949</ele>
        <time>2026-02-20T07:40:00.000Z</time>
      </trkpt>
      <trkpt lat="10.501805499" lon="98.958223458">
        <ele>49.802</ele>
        <time>2026-02-20T07:40:03.000Z</time>
      </trkpt>
      <trkpt lat="10.501539749" lon="98.957881573">
        <ele>48.256</ele>
        <time>2026-02-20T07:40:06.000Z</time>
      </trkpt>
      <trkpt lat="10.501171283" lon="98.957622741">
        <ele>46.112</ele>
        <time>2026-02-20T07:40:09.000Z</time>
      </trkpt>
      <trkpt lat="10.500731764" lon="98.957490699">
        <ele>46.466</ele>
        <time>2026-02-20T07:40:12.000Z</time>
      </trkpt>
      <trkpt lat="10.500279605" lon="98.957410415">
        <ele>50.307</ele>
        <time>2026-02-20T07:40:15.000Z</time>
      </trkpt>
      <trkpt lat="10.499901261" lon="98.957204763">
        <ele>54.333</ele>
        <time>2026-02-20T07:40:18.000Z</time>
      </trkpt>
      <trkpt lat="10.499579748" lon="98.956912223">
        <ele>54.966</ele>
        <time>2026-02-20T07:40:21.000Z</time>
      </trkpt>
      <trkpt lat="10.499329646" lon="98.956491106">
        <ele>55.195</ele>
        <time>2026-02-20T07:40:24.000Z</time>
      </trkpt>
      <trkpt lat="10.499146539" lon="98.956218515">
        <ele>56.117</ele>
        <time>2026-02-20T07:40:26.000Z</time>
      </trkpt>
      <trkpt lat="10.498965407" lon="98.955936078">
        <ele>57.166</ele>
        <time>2026-02-20T07:40:28.000Z</time>
      </trkpt>
      <trkpt lat="10.522923167" lon="98.839556594">
        <ele>16.303</ele>
        <time>2026-02-20T07:55:51.000Z</time>
      </trkpt>
      <trkpt lat="10.504617686" lon="98.822974293">
        <ele>12.019</ele>
        <time>2026-02-20T08:10:51.000Z</time>
      </trkpt>
      <trkpt lat="10.377917332" lon="98.779107733">
        <ele>32.111</ele>
        <time>2026-02-20T08:25:51.000Z</time>
      </trkpt>
      <trkpt lat="10.377507876" lon="98.779163137">
        <ele>30.016</ele>
        <time>2026-02-20T08:25:52.000Z</time>
      </trkpt>
      <trkpt lat="10.377113591" lon="98.779198928">
        <ele>30.045</ele>
        <time>2026-02-20T08:25:54.000Z</time>
      </trkpt>
      <trkpt lat="10.376748936" lon="98.779242346">
        <ele>29.76</ele>
        <time>2026-02-20T08:25:56.000Z</time>
      </trkpt>
      <trkpt lat="10.376341953" lon="98.779350054">
        <ele>28.474</ele>
        <time>2026-02-20T08:25:58.000Z</time>
      </trkpt>
      <trkpt lat="10.375994942" lon="98.779514339">
        <ele>26.5</ele>
        <time>2026-02-20T08:26:00.000Z</time>
      </trkpt>
      <trkpt lat="10.375666036" lon="98.77971299">
        <ele>26.86</ele>
        <time>2026-02-20T08:26:02.000Z</time>
      </trkpt>
      <trkpt lat="10.375362945" lon="98.779939867">
        <ele>31.608</ele>
        <time>2026-02-20T08:26:04.000Z</time>
      </trkpt>
      <trkpt lat="10.375099887" lon="98.780210019">
        <ele>33.512</ele>
        <time>2026-02-20T08:26:06.000Z</time>
      </trkpt>
      <trkpt lat="10.374832376" lon="98.78046493">
        <ele>33.327</ele>
        <time>2026-02-20T08:26:08.000Z</time>
      </trkpt>
      <trkpt lat="10.374562289" lon="98.78071401">
        <ele>31.747</ele>
        <time>2026-02-20T08:26:10.000Z</time>
      </trkpt>
      <trkpt lat="10.231950302" lon="98.738319967">
        <ele>8.892</ele>
        <time>2026-02-20T08:41:22.000Z</time>
      </trkpt>
      <trkpt lat="10.099441465" lon="98.675450496">
        <ele>39.19</ele>
        <time>2026-02-20T08:56:23.000Z</time>
      </trkpt>
      <trkpt lat="10.099113104" lon="98.675573543">
        <ele>34.926</ele>
        <time>2026-02-20T08:56:25.000Z</time>
      </trkpt>
      <trkpt lat="10.098784994" lon="98.675580332">
        <ele>34.445</ele>
        <time>2026-02-20T08:56:27.000Z</time>
      </trkpt>
      <trkpt lat="10.098463758" lon="98.675518138">
        <ele>38.446</ele>
        <time>2026-02-20T08:56:29.000Z</time>
      </trkpt>
      <trkpt lat="10.098163476" lon="98.675381681">
        <ele>39.137</ele>
        <time>2026-02-20T08:56:31.000Z</time>
      </trkpt>
      <trkpt lat="10.097899237" lon="98.675173391">
        <ele>36.686</ele>
        <time>2026-02-20T08:56:33.000Z</time>
      </trkpt>
      <trkpt lat="10.097675167" lon="98.674917262">
        <ele>35.072</ele>
        <time>2026-02-20T08:56:35.000Z</time>
      </trkpt>
      <trkpt lat="10.097513011" lon="98.674606138">
        <ele>35.391</ele>
        <time>2026-02-20T08:56:37.000Z</time>
      </trkpt>
      <trkpt lat="10.097349763" lon="98.674283124">
        <ele>36.768</ele>
        <time>2026-02-20T08:56:39.000Z</time>
      </trkpt>
      <trkpt lat="10.097147414" lon="98.673957898">
        <ele>36.102</ele>
        <time>2026-02-20T08:56:41.000Z</time>
      </trkpt>
      <trkpt lat="10.096944627" lon="98.67363049">
        <ele>34.209</ele>
        <time>2026-02-20T08:56:43.000Z</time>
      </trkpt>
      <trkpt lat="9.990170491" lon="98.650137233">
        <ele>18.007</ele>
        <time>2026-02-20T09:11:53.000Z</time>
      </trkpt>
      <trkpt lat="9.932273878" lon="98.634191416">
        <ele>21.661</ele>
        <time>2026-02-20T09:26:53.000Z</time>
      </trkpt>
      <trkpt lat="9.888212015" lon="98.628007164">
        <ele>8.902</ele>
        <time>2026-02-20T09:42:26.000Z</time>
      </trkpt>
      <trkpt lat="9.757346995" lon="98.592317943">
        <ele>20.483</ele>
        <time>2026-02-20T09:55:59.000Z</time>
      </trkpt>
      <trkpt lat="9.656359102" lon="98.561354019">
        <ele>15.112</ele>
        <time>2026-02-20T10:11:00.000Z</time>
      </trkpt>
      <trkpt lat="9.656072566" lon="98.561183028">
        <ele>14.861</ele>
        <time>2026-02-20T10:11:03.000Z</time>
      </trkpt>
      <trkpt lat="9.655630128" lon="98.56105051">
        <ele>12.537</ele>
        <time>2026-02-20T10:11:05.000Z</time>
      </trkpt>
      <trkpt lat="9.655308933" lon="98.561005667">
        <ele>9.336</ele>
        <time>2026-02-20T10:11:07.000Z</time>
      </trkpt>
      <trkpt lat="9.654987403" lon="98.560968535">
        <ele>9</ele>
        <time>2026-02-20T10:11:09.000Z</time>
      </trkpt>
      <trkpt lat="9.654666544" lon="98.560937695">
        <ele>8.925</ele>
        <time>2026-02-20T10:11:11.000Z</time>
      </trkpt>
      <trkpt lat="9.654338096" lon="98.560901873">
        <ele>9.425</ele>
        <time>2026-02-20T10:11:13.000Z</time>
      </trkpt>
      <trkpt lat="9.654011611" lon="98.560858423">
        <ele>11.378</ele>
        <time>2026-02-20T10:11:15.000Z</time>
      </trkpt>
      <trkpt lat="9.653693548" lon="98.560817757">
        <ele>11.504</ele>
        <time>2026-02-20T10:11:17.000Z</time>
      </trkpt>
      <trkpt lat="9.653240835" lon="98.560698682">
        <ele>11.293</ele>
        <time>2026-02-20T10:11:20.000Z</time>
      </trkpt>
      <trkpt lat="9.569314211" lon="98.598989435">
        <ele>7.401</ele>
        <time>2026-02-20T10:26:30.000Z</time>
      </trkpt>
      <trkpt lat="9.491430698" lon="98.515217425">
        <ele>20.569</ele>
        <time>2026-02-20T10:41:31.000Z</time>
      </trkpt>
      <trkpt lat="9.491063906" lon="98.514971417">
        <ele>17.983</ele>
        <time>2026-02-20T10:41:34.000Z</time>
      </trkpt>
      <trkpt lat="9.490740951" lon="98.514664807">
        <ele>18.4</ele>
        <time>2026-02-20T10:41:37.000Z</time>
      </trkpt>
      <trkpt lat="9.490463552" lon="98.514310252">
        <ele>20.362</ele>
        <time>2026-02-20T10:41:40.000Z</time>
      </trkpt>
      <trkpt lat="9.490167794" lon="98.51394191">
        <ele>19.948</ele>
        <time>2026-02-20T10:41:43.000Z</time>
      </trkpt>
      <trkpt lat="9.489977701" lon="98.513677871">
        <ele>21.061</ele>
        <time>2026-02-20T10:41:45.000Z</time>
      </trkpt>
      <trkpt lat="9.489768286" lon="98.513428856">
        <ele>20.821</ele>
        <time>2026-02-20T10:41:47.000Z</time>
      </trkpt>
      <trkpt lat="9.489565078" lon="98.513157409">
        <ele>20.363</ele>
        <time>2026-02-20T10:41:49.000Z</time>
      </trkpt>
      <trkpt lat="9.489349323" lon="98.512878823">
        <ele>20.63</ele>
        <time>2026-02-20T10:41:51.000Z</time>
      </trkpt>
      <trkpt lat="9.456019001" lon="98.445544951">
        <ele>107.01</ele>
        <time>2026-02-20T10:57:02.000Z</time>
      </trkpt>
      <trkpt lat="9.456343171" lon="98.445541598">
        <ele>109.944</ele>
        <time>2026-02-20T10:57:09.000Z</time>
      </trkpt>
      <trkpt lat="9.456699483" lon="98.445455593">
        <ele>101.082</ele>
        <time>2026-02-20T10:57:14.000Z</time>
      </trkpt>
      <trkpt lat="9.457035096" lon="98.445376454">
        <ele>84.613</ele>
        <time>2026-02-20T10:57:19.000Z</time>
      </trkpt>
      <trkpt lat="9.45740151" lon="98.445211668">
        <ele>75.249</ele>
        <time>2026-02-20T10:57:22.000Z</time>
      </trkpt>
      <trkpt lat="9.457730393" lon="98.445002254">
        <ele>73.325</ele>
        <time>2026-02-20T10:57:26.000Z</time>
      </trkpt>
      <trkpt lat="9.4580965" lon="98.444891754">
        <ele>76.518</ele>
        <time>2026-02-20T10:57:30.000Z</time>
      </trkpt>
      <trkpt lat="9.45847996" lon="98.444892632">
        <ele>75.195</ele>
        <time>2026-02-20T10:57:35.000Z</time>
      </trkpt>
      <trkpt lat="9.458704057" lon="98.44515808">
        <ele>63.349</ele>
        <time>2026-02-20T10:57:39.000Z</time>
      </trkpt>
      <trkpt lat="9.459029319" lon="98.445400613">
        <ele>51.99</ele>
        <time>2026-02-20T10:57:43.000Z</time>
      </trkpt>
      <trkpt lat="9.459389725" lon="98.445467774">
        <ele>47.446</ele>
        <time>2026-02-20T10:57:46.000Z</time>
      </trkpt>
      <trkpt lat="9.459743594" lon="98.445554011">
        <ele>46.847</ele>
        <time>2026-02-20T10:57:49.000Z</time>
      </trkpt>
      <trkpt lat="9.460071323" lon="98.445585159">
        <ele>44.839</ele>
        <time>2026-02-20T10:57:52.000Z</time>
      </trkpt>
      <trkpt lat="9.460395904" lon="98.445435197">
        <ele>45</ele>
        <time>2026-02-20T10:57:55.000Z</time>
      </trkpt>
      <trkpt lat="9.460695529" lon="98.445234555">
        <ele>43.758</ele>
        <time>2026-02-20T10:57:58.000Z</time>
      </trkpt>
      <trkpt lat="9.461076633" lon="98.445177166">
        <ele>38.772</ele>
        <time>2026-02-20T10:58:02.000Z</time>
      </trkpt>
      <trkpt lat="9.46402506" lon="98.433980774">
        <ele>5.838</ele>
        <time>2026-02-20T11:07:25.000Z</time>
      </trkpt>
      <trkpt lat="9.451134237" lon="98.449521661">
        <ele>41.506</ele>
        <time>2026-02-21T04:30:13.000Z</time>
      </trkpt>
      <trkpt lat="9.449904979" lon="98.450227872">
        <ele>26.514</ele>
        <time>2026-02-21T04:30:34.000Z</time>
      </trkpt>
      <trkpt lat="9.448298346" lon="98.451263085">
        <ele>17.736</ele>
        <time>2026-02-21T04:30:39.000Z</time>
      </trkpt>
      <trkpt lat="9.448086452" lon="98.451570114">
        <ele>15.406</ele>
        <time>2026-02-21T04:30:42.000Z</time>
      </trkpt>
      <trkpt lat="9.44783424" lon="98.451903965">
        <ele>15.347</ele>
        <time>2026-02-21T04:30:45.000Z</time>
      </trkpt>
      <trkpt lat="9.447631356" lon="98.452214347">
        <ele>13.501</ele>
        <time>2026-02-21T04:30:49.000Z</time>
      </trkpt>
      <trkpt lat="9.416735368" lon="98.442747826">
        <ele>23.564</ele>
        <time>2026-02-21T04:45:06.000Z</time>
      </trkpt>
      <trkpt lat="9.321676916" lon="98.40240866">
        <ele>23.509</ele>
        <time>2026-02-21T04:57:42.000Z</time>
      </trkpt>
      <trkpt lat="9.321184144" lon="98.402577974">
        <ele>24.512</ele>
        <time>2026-02-21T04:57:44.000Z</time>
      </trkpt>
      <trkpt lat="9.320657551" lon="98.402674282">
        <ele>21.343</ele>
        <time>2026-02-21T04:57:47.000Z</time>
      </trkpt>
      <trkpt lat="9.320322694" lon="98.402741421">
        <ele>21.429</ele>
        <time>2026-02-21T04:57:49.000Z</time>
      </trkpt>
      <trkpt lat="9.31998767" lon="98.402812248">
        <ele>21.879</ele>
        <time>2026-02-21T04:57:51.000Z</time>
      </trkpt>
      <trkpt lat="9.31964946" lon="98.402883997">
        <ele>24.176</ele>
        <time>2026-02-21T04:57:53.000Z</time>
      </trkpt>
      <trkpt lat="9.319307074" lon="98.402944602">
        <ele>23.997</ele>
        <time>2026-02-21T04:57:55.000Z</time>
      </trkpt>
      <trkpt lat="9.318958747" lon="98.402982914">
        <ele>22.916</ele>
        <time>2026-02-21T04:57:57.000Z</time>
      </trkpt>
      <trkpt lat="9.31861419" lon="98.402987525">
        <ele>22.735</ele>
        <time>2026-02-21T04:57:59.000Z</time>
      </trkpt>
      <trkpt lat="9.318269042" lon="98.402961243">
        <ele>21.63</ele>
        <time>2026-02-21T04:58:01.000Z</time>
      </trkpt>
      <trkpt lat="8.04795411" lon="98.814186333">
        <ele>11.001</ele>
        <time>2026-02-26T08:58:41.000Z</time>
      </trkpt>
      <trkpt lat="8.048276957" lon="98.814097479">
        <ele>10.654</ele>
        <time>2026-02-28T01:22:03.000Z</time>
      </trkpt>
      <trkpt lat="8.044248258" lon="98.811142116">
        <ele>5</ele>
        <time>2026-02-28T04:34:37.000Z</time>
      </trkpt>
      <trkpt lat="8.04572467" lon="98.803387705">
        <ele>7.294</ele>
        <time>2026-02-28T04:49:30.000Z</time>
      </trkpt>
      <trkpt lat="8.046424121" lon="98.80015936">
        <ele>17.692</ele>
        <time>2026-02-28T05:53:24.000Z</time>
      </trkpt>
      <trkpt lat="8.045361255" lon="98.80445358">
        <ele>5.611</ele>
        <time>2026-02-28T09:37:31.000Z</time>
      </trkpt>
      <trkpt lat="8.042967555" lon="98.810080066">
        <ele>1.909</ele>
        <time>2026-02-28T09:48:33.000Z</time>
      </trkpt>
      <trkpt lat="8.04622692" lon="98.813175386">
        <ele>4</ele>
        <time>2026-02-28T11:05:51.000Z</time>
      </trkpt>
      <trkpt lat="8.049931012" lon="98.816079492">
        <ele>11.369</ele>
        <time>2026-03-01T06:22:08.000Z</time>
      </trkpt>
      <trkpt lat="8.048107022" lon="98.814089081">
        <ele>11.029</ele>
        <time>2026-03-01T16:15:00.000Z</time>
      </trkpt>
      <trkpt lat="8.06576557" lon="98.826445621">
        <ele>61.93</ele>
        <time>2026-03-02T02:41:38.000Z</time>
      </trkpt>
      <trkpt lat="8.145187078" lon="98.822357431">
        <ele>45.476</ele>
        <time>2026-03-02T02:56:59.000Z</time>
      </trkpt>
      <trkpt lat="8.215900585" lon="98.808601052">
        <ele>46.516</ele>
        <time>2026-03-02T03:08:14.000Z</time>
      </trkpt>
      <trkpt lat="8.322678697" lon="98.772658696">
        <ele>33.429</ele>
        <time>2026-03-02T03:20:07.000Z</time>
      </trkpt>
      <trkpt lat="8.399870032" lon="98.742281674">
        <ele>24.424</ele>
        <time>2026-03-02T03:30:44.000Z</time>
      </trkpt>
      <trkpt lat="8.506716462" lon="98.682462661">
        <ele>17.531</ele>
        <time>2026-03-02T03:43:03.000Z</time>
      </trkpt>
      <trkpt lat="8.474046355" lon="98.670999957">
        <ele>11.967</ele>
        <time>2026-03-02T03:48:09.000Z</time>
      </trkpt>
      <trkpt lat="8.438138491" lon="98.573377188">
        <ele>1.97</ele>
        <time>2026-03-02T04:00:01.000Z</time>
      </trkpt>
      <trkpt lat="8.431180548" lon="98.519326737">
        <ele>5.674</ele>
        <time>2026-03-02T04:14:06.000Z</time>
      </trkpt>
      <trkpt lat="8.434978381" lon="98.514871001">
        <ele>7.929</ele>
        <time>2026-03-02T04:34:28.000Z</time>
      </trkpt>
      <trkpt lat="8.481330815" lon="98.521809365">
        <ele>15.486</ele>
        <time>2026-03-02T04:45:07.000Z</time>
      </trkpt>
      <trkpt lat="8.545871609" lon="98.480352052">
        <ele>26.211</ele>
        <time>2026-03-02T04:55:55.000Z</time>
      </trkpt>
      <trkpt lat="8.56439736" lon="98.400621635">
        <ele>27.972</ele>
        <time>2026-03-02T05:06:49.000Z</time>
      </trkpt>
      <trkpt lat="8.535398157" lon="98.304864494">
        <ele>30.461</ele>
        <time>2026-03-02T05:19:38.000Z</time>
      </trkpt>
      <trkpt lat="8.591351295" lon="98.256886949">
        <ele>8.036</ele>
        <time>2026-03-02T05:30:35.000Z</time>
      </trkpt>
      <trkpt lat="8.644167767" lon="98.251365256">
        <ele>18.83</ele>
        <time>2026-03-02T05:41:29.000Z</time>
      </trkpt>
      <trkpt lat="8.674785485" lon="98.252988893">
        <ele>5.945</ele>
        <time>2026-03-02T05:46:27.000Z</time>
      </trkpt>
      <trkpt lat="8.795470172" lon="98.267459264">
        <ele>10.102</ele>
        <time>2026-03-02T05:58:46.000Z</time>
      </trkpt>
      <trkpt lat="8.839848284" lon="98.283497281">
        <ele>11.727</ele>
        <time>2026-03-02T06:03:55.000Z</time>
      </trkpt>
      <trkpt lat="8.860955592" lon="98.275908642">
        <ele>6.169</ele>
        <time>2026-03-02T06:08:57.000Z</time>
      </trkpt>
      <trkpt lat="8.865483454" lon="98.273965716">
        <ele>1.465</ele>
        <time>2026-03-02T06:14:08.000Z</time>
      </trkpt>
      <trkpt lat="8.884496762" lon="98.268681692">
        <ele>3.886</ele>
        <time>2026-03-02T06:38:20.000Z</time>
      </trkpt>
      <trkpt lat="8.91778586" lon="98.249990456">
        <ele>5.738</ele>
        <time>2026-03-02T06:53:06.000Z</time>
      </trkpt>
      <trkpt lat="8.923366279" lon="98.258245709">
        <ele>5</ele>
        <time>2026-03-05T06:54:03.000Z</time>
      </trkpt>
      <trkpt lat="8.932803716" lon="98.259783033">
        <ele>5.178</ele>
        <time>2026-03-05T07:04:30.000Z</time>
      </trkpt>
      <trkpt lat="8.933500419" lon="98.258788018">
        <ele>10.418</ele>
        <time>2026-03-05T13:10:51.000Z</time>
      </trkpt>
      <trkpt lat="8.93372459" lon="98.25822561">
        <ele>0</ele>
        <time>2026-03-08T04:58:32.000Z</time>
      </trkpt>
      <trkpt lat="8.541321951" lon="98.531299407">
        <ele>33.725</ele>
        <time>2026-03-09T09:35:12.000Z</time>
      </trkpt>
      <trkpt lat="8.540875266" lon="98.531704963">
        <ele>28.992</ele>
        <time>2026-03-09T10:04:47.000Z</time>
      </trkpt>
      <trkpt lat="8.533403808" lon="98.524193186">
        <ele>39.937</ele>
        <time>2026-03-10T03:21:08.000Z</time>
      </trkpt>
      <trkpt lat="8.511391422" lon="98.513671719">
        <ele>30.562</ele>
        <time>2026-03-10T03:27:55.000Z</time>
      </trkpt>
      <trkpt lat="8.457554542" lon="98.531534057">
        <ele>21.915</ele>
        <time>2026-03-10T03:36:30.000Z</time>
      </trkpt>
      <trkpt lat="8.433258464" lon="98.516770005">
        <ele>17.445</ele>
        <time>2026-03-10T03:41:36.000Z</time>
      </trkpt>
      <trkpt lat="8.430119231" lon="98.567564255">
        <ele>5.132</ele>
        <time>2026-03-10T03:49:02.000Z</time>
      </trkpt>
      <trkpt lat="8.468350265" lon="98.594737463">
        <ele>16.11</ele>
        <time>2026-03-10T03:54:06.000Z</time>
      </trkpt>
      <trkpt lat="8.492725259" lon="98.628796153">
        <ele>22.126</ele>
        <time>2026-03-10T03:59:18.000Z</time>
      </trkpt>
      <trkpt lat="8.506996622" lon="98.679831214">
        <ele>21.507</ele>
        <time>2026-03-10T04:09:17.000Z</time>
      </trkpt>
      <trkpt lat="8.439606456" lon="98.739213226">
        <ele>64.098</ele>
        <time>2026-03-10T04:19:10.000Z</time>
      </trkpt>
      <trkpt lat="8.396995794" lon="98.742953735">
        <ele>39.648</ele>
        <time>2026-03-10T04:24:12.000Z</time>
      </trkpt>
      <trkpt lat="8.363013966" lon="98.751557507">
        <ele>27.824</ele>
        <time>2026-03-10T04:29:19.000Z</time>
      </trkpt>
      <trkpt lat="8.313866802" lon="98.775403602">
        <ele>44.971</ele>
        <time>2026-03-10T04:34:22.000Z</time>
      </trkpt>
      <trkpt lat="8.273076648" lon="98.802846875">
        <ele>43.171</ele>
        <time>2026-03-10T04:39:24.000Z</time>
      </trkpt>
      <trkpt lat="8.220510129" lon="98.80858521">
        <ele>39.58</ele>
        <time>2026-03-10T04:44:35.000Z</time>
      </trkpt>
      <trkpt lat="8.144310121" lon="98.828669926">
        <ele>39.761</ele>
        <time>2026-03-10T04:57:39.000Z</time>
      </trkpt>
      <trkpt lat="8.122727307" lon="98.804063425">
        <ele>43.182</ele>
        <time>2026-03-10T05:02:51.000Z</time>
      </trkpt>
      <trkpt lat="8.093825625" lon="98.810685296">
        <ele>26.894</ele>
        <time>2026-03-10T05:07:54.000Z</time>
      </trkpt>
      <trkpt lat="8.061901471" lon="98.784688236">
        <ele>9.245</ele>
        <time>2026-03-10T05:16:24.000Z</time>
      </trkpt>
      <trkpt lat="8.046719665" lon="98.760560425">
        <ele>7.809</ele>
        <time>2026-03-10T05:25:18.000Z</time>
      </trkpt>
      <trkpt lat="8.05235122" lon="98.752759069">
        <ele>3.032</ele>
        <time>2026-03-11T07:45:32.000Z</time>
      </trkpt>
      <trkpt lat="8.046583683" lon="98.760362431">
        <ele>6.927</ele>
        <time>2026-03-11T07:50:55.000Z</time>
      </trkpt>
      <trkpt lat="8.052347551" lon="98.752762004">
        <ele>2.979</ele>
        <time>2026-03-11T08:42:51.000Z</time>
      </trkpt>
      <trkpt lat="8.046596513" lon="98.760348214">
        <ele>6.643</ele>
        <time>2026-03-11T08:47:51.000Z</time>
      </trkpt>
      <trkpt lat="8.051743358" lon="98.761242041">
        <ele>9.659</ele>
        <time>2026-03-12T03:54:00.000Z</time>
      </trkpt>
      <trkpt lat="8.091264325" lon="98.813734967">
        <ele>27.648</ele>
        <time>2026-03-12T04:03:57.000Z</time>
      </trkpt>
      <trkpt lat="8.094528702" lon="98.806663168">
        <ele>17.693</ele>
        <time>2026-03-12T05:39:24.000Z</time>
      </trkpt>
      <trkpt lat="8.076017504" lon="98.830959141">
        <ele>30.794</ele>
        <time>2026-03-12T05:44:19.000Z</time>
      </trkpt>
      <trkpt lat="8.08355398" lon="98.88911535">
        <ele>17.627</ele>
        <time>2026-03-12T05:54:56.000Z</time>
      </trkpt>
      <trkpt lat="8.102114699" lon="98.889497733">
        <ele>29.545</ele>
        <time>2026-03-12T06:00:52.000Z</time>
      </trkpt>
      <trkpt lat="8.102487484" lon="98.967700638">
        <ele>16.722</ele>
        <time>2026-03-12T06:13:18.000Z</time>
      </trkpt>
      <trkpt lat="8.102071281" lon="98.971491186">
        <ele>20.906</ele>
        <time>2026-03-12T06:37:50.000Z</time>
      </trkpt>
      <trkpt lat="8.067502258" lon="99.000854921">
        <ele>11.83</ele>
        <time>2026-03-12T06:43:03.000Z</time>
      </trkpt>
      <trkpt lat="8.044268964" lon="99.04758621">
        <ele>18.688</ele>
        <time>2026-03-12T06:48:19.000Z</time>
      </trkpt>
      <trkpt lat="8.018765263" lon="99.115015855">
        <ele>46.472</ele>
        <time>2026-03-12T06:55:26.000Z</time>
      </trkpt>
      <trkpt lat="7.900880585" lon="99.150553616">
        <ele>19.17</ele>
        <time>2026-03-12T07:09:22.000Z</time>
      </trkpt>
      <trkpt lat="7.850465108" lon="99.171353233">
        <ele>24.042</ele>
        <time>2026-03-12T07:14:21.000Z</time>
      </trkpt>
      <trkpt lat="7.80924262" lon="99.200647222">
        <ele>16</ele>
        <time>2026-03-12T07:20:09.000Z</time>
      </trkpt>
      <trkpt lat="7.795009475" lon="99.207657029">
        <ele>12.546</ele>
        <time>2026-03-12T07:25:07.000Z</time>
      </trkpt>
      <trkpt lat="7.74536158" lon="99.265848873">
        <ele>25.732</ele>
        <time>2026-03-12T07:34:41.000Z</time>
      </trkpt>
      <trkpt lat="7.734918608" lon="99.30739671">
        <ele>29.36</ele>
        <time>2026-03-12T07:39:48.000Z</time>
      </trkpt>
      <trkpt lat="7.619370427" lon="99.322445914">
        <ele>28.266</ele>
        <time>2026-03-12T07:53:42.000Z</time>
      </trkpt>
      <trkpt lat="7.563839606" lon="99.355813935">
        <ele>18.235</ele>
        <time>2026-03-12T08:02:27.000Z</time>
      </trkpt>
      <trkpt lat="7.540215589" lon="99.363905238">
        <ele>36.013</ele>
        <time>2026-03-12T08:07:34.000Z</time>
      </trkpt>
      <trkpt lat="7.497585062" lon="99.33248098">
        <ele>11.251</ele>
        <time>2026-03-12T08:21:06.000Z</time>
      </trkpt>
      <trkpt lat="7.489898186" lon="99.329717215">
        <ele>18.33</ele>
        <time>2026-03-12T08:32:18.000Z</time>
      </trkpt>
      <trkpt lat="7.482301323" lon="99.332102819">
        <ele>6.261</ele>
        <time>2026-03-12T09:10:23.000Z</time>
      </trkpt>
      <trkpt lat="7.453536862" lon="99.342809329">
        <ele>5.68</ele>
        <time>2026-03-12T09:24:21.000Z</time>
      </trkpt>
      <trkpt lat="7.442354732" lon="99.346794924">
        <ele>8.988</ele>
        <time>2026-03-12T09:36:55.000Z</time>
      </trkpt>
      <trkpt lat="7.437310766" lon="99.345551474">
        <ele>8.687</ele>
        <time>2026-03-12T09:52:04.000Z</time>
      </trkpt>
      <trkpt lat="7.435810664" lon="99.345777247">
        <ele>6.541</ele>
        <time>2026-03-13T01:06:34.000Z</time>
      </trkpt>
      <trkpt lat="7.431367859" lon="99.346100148">
        <ele>6.809</ele>
        <time>2026-03-13T02:33:34.000Z</time>
      </trkpt>
      <trkpt lat="7.426846493" lon="99.361810684">
        <ele>9.211</ele>
        <time>2026-03-14T03:44:47.000Z</time>
      </trkpt>
      <trkpt lat="7.3898349" lon="99.413800528">
        <ele>16.493</ele>
        <time>2026-03-14T03:55:25.000Z</time>
      </trkpt>
      <trkpt lat="7.414531675" lon="99.484528788">
        <ele>7.618</ele>
        <time>2026-03-14T04:06:16.000Z</time>
      </trkpt>
      <trkpt lat="7.486265553" lon="99.520411044">
        <ele>30.117</ele>
        <time>2026-03-14T04:17:31.000Z</time>
      </trkpt>
      <trkpt lat="7.535208827" lon="99.584086184">
        <ele>13.172</ele>
        <time>2026-03-14T04:31:47.000Z</time>
      </trkpt>
      <trkpt lat="7.547060489" lon="99.626429753">
        <ele>16.706</ele>
        <time>2026-03-14T04:43:21.000Z</time>
      </trkpt>
      <trkpt lat="7.566825072" lon="99.67951918">
        <ele>26.141</ele>
        <time>2026-03-14T04:54:25.000Z</time>
      </trkpt>
      <trkpt lat="7.560685027" lon="99.713496445">
        <ele>25.901</ele>
        <time>2026-03-14T05:08:32.000Z</time>
      </trkpt>
      <trkpt lat="7.580493148" lon="99.788897233">
        <ele>151.699</ele>
        <time>2026-03-14T05:59:30.000Z</time>
      </trkpt>
      <trkpt lat="7.563593765" lon="99.915552735">
        <ele>44.937</ele>
        <time>2026-03-14T06:12:09.000Z</time>
      </trkpt>
      <trkpt lat="7.599204406" lon="100.024206257">
        <ele>19.233</ele>
        <time>2026-03-14T06:23:03.000Z</time>
      </trkpt>
      <trkpt lat="7.596374801" lon="100.056533832">
        <ele>13.461</ele>
        <time>2026-03-14T06:28:13.000Z</time>
      </trkpt>
      <trkpt lat="7.481103331" lon="100.070117918">
        <ele>16.71</ele>
        <time>2026-03-14T06:39:48.000Z</time>
      </trkpt>
      <trkpt lat="7.398652621" lon="100.101340469">
        <ele>19.001</ele>
        <time>2026-03-14T06:51:21.000Z</time>
      </trkpt>
      <trkpt lat="7.267137459" lon="100.173322829">
        <ele>46.343</ele>
        <time>2026-03-14T07:06:15.000Z</time>
      </trkpt>
      <trkpt lat="7.205971442" lon="100.208590441">
        <ele>29</ele>
        <time>2026-03-14T07:16:59.000Z</time>
      </trkpt>
      <trkpt lat="7.14237832" lon="100.296850037">
        <ele>19.882</ele>
        <time>2026-03-14T07:28:03.000Z</time>
      </trkpt>
      <trkpt lat="7.094001621" lon="100.342930639">
        <ele>30.283</ele>
        <time>2026-03-14T07:33:42.000Z</time>
      </trkpt>
      <trkpt lat="7.049917085" lon="100.382097932">
        <ele>34.403</ele>
        <time>2026-03-14T07:38:43.000Z</time>
      </trkpt>
      <trkpt lat="6.9979349" lon="100.417067408">
        <ele>11.184</ele>
        <time>2026-03-14T07:47:39.000Z</time>
      </trkpt>
      <trkpt lat="6.991950735" lon="100.485347053">
        <ele>20.289</ele>
        <time>2026-03-14T07:58:36.000Z</time>
      </trkpt>
      <trkpt lat="7.000184404" lon="100.518991677">
        <ele>39.588</ele>
        <time>2026-03-14T08:10:12.000Z</time>
      </trkpt>
      <trkpt lat="7.003797451" lon="100.52309247">
        <ele>48.913</ele>
        <time>2026-03-14T08:15:12.000Z</time>
      </trkpt>
      <trkpt lat="6.977429967" lon="100.557248779">
        <ele>30.92</ele>
        <time>2026-03-14T08:27:36.000Z</time>
      </trkpt>
      <trkpt lat="6.965295025" lon="100.558355525">
        <ele>29.868</ele>
        <time>2026-03-14T08:32:46.000Z</time>
      </trkpt>
      <trkpt lat="6.970268469" lon="100.496571008">
        <ele>18</ele>
        <time>2026-03-14T08:44:21.000Z</time>
      </trkpt>
      <trkpt lat="6.936806487" lon="100.461581675">
        <ele>11.154</ele>
        <time>2026-03-14T08:56:07.000Z</time>
      </trkpt>
      <trkpt lat="6.921140752" lon="100.390886106">
        <ele>20.787</ele>
        <time>2026-03-14T09:06:52.000Z</time>
      </trkpt>
      <trkpt lat="6.89870948" lon="100.368500557">
        <ele>33.548</ele>
        <time>2026-03-14T09:17:41.000Z</time>
      </trkpt>
      <trkpt lat="6.888695033" lon="100.372601571">
        <ele>20.255</ele>
        <time>2026-03-14T09:22:51.000Z</time>
      </trkpt>
      <trkpt lat="6.866816967" lon="100.32911106">
        <ele>48.567</ele>
        <time>2026-03-14T09:35:20.000Z</time>
      </trkpt>
      <trkpt lat="6.86792326" lon="100.328199514">
        <ele>45.985</ele>
        <time>2026-03-15T02:35:34.000Z</time>
      </trkpt>
      <trkpt lat="6.879744376" lon="100.34312292">
        <ele>31.534</ele>
        <time>2026-03-15T02:59:57.000Z</time>
      </trkpt>
      <trkpt lat="6.877256585" lon="100.371266166">
        <ele>20.387</ele>
        <time>2026-03-15T03:05:35.000Z</time>
      </trkpt>
      <trkpt lat="6.841028742" lon="100.353790568">
        <ele>37.546</ele>
        <time>2026-03-15T03:10:43.000Z</time>
      </trkpt>
      <trkpt lat="6.796646775" lon="100.345863719">
        <ele>46.898</ele>
        <time>2026-03-15T03:15:57.000Z</time>
      </trkpt>
      <trkpt lat="6.773004951" lon="100.375775202">
        <ele>44.745</ele>
        <time>2026-03-15T03:20:55.000Z</time>
      </trkpt>
      <trkpt lat="6.794958363" lon="100.423007753">
        <ele>30.398</ele>
        <time>2026-03-15T03:26:22.000Z</time>
      </trkpt>
      <trkpt lat="6.795492" lon="100.423822627">
        <ele>30.393</ele>
        <time>2026-03-15T03:26:25.000Z</time>
      </trkpt>
      <trkpt lat="6.793425567" lon="100.453152079">
        <ele>24.031</ele>
        <time>2026-03-15T03:31:33.000Z</time>
      </trkpt>
      <trkpt lat="6.754383501" lon="100.45489979">
        <ele>34.558</ele>
        <time>2026-03-15T03:36:36.000Z</time>
      </trkpt>
      <trkpt lat="6.703209216" lon="100.443076613">
        <ele>28.89</ele>
        <time>2026-03-15T03:41:39.000Z</time>
      </trkpt>
      <trkpt lat="6.650140411" lon="100.428379448">
        <ele>32.091</ele>
        <time>2026-03-15T03:46:46.000Z</time>
      </trkpt>
      <trkpt lat="6.634980189" lon="100.423182249">
        <ele>45.456</ele>
        <time>2026-03-15T03:51:51.000Z</time>
      </trkpt>
      <trkpt lat="6.602040986" lon="100.417540809">
        <ele>63.486</ele>
        <time>2026-03-15T03:57:36.000Z</time>
      </trkpt>
      <trkpt lat="6.554092728" lon="100.413718242">
        <ele>68.981</ele>
        <time>2026-03-15T04:02:40.000Z</time>
      </trkpt>
      <trkpt lat="6.522885854" lon="100.418690723">
        <ele>87.324</ele>
        <time>2026-03-15T04:07:46.000Z</time>
      </trkpt>
      <trkpt lat="6.518537449" lon="100.420803633">
        <ele>85.842</ele>
        <time>2026-03-15T04:14:56.000Z</time>
      </trkpt>
      <trkpt lat="6.513704401" lon="100.420003748">
        <ele>71.003</ele>
        <time>2026-03-15T04:40:27.000Z</time>
      </trkpt>
      <trkpt lat="6.505417256" lon="100.422435338">
        <ele>56.382</ele>
        <time>2026-03-15T05:22:58.000Z</time>
      </trkpt>
      <trkpt lat="6.489324421" lon="100.423668232">
        <ele>45</ele>
        <time>2026-03-15T06:19:36.000Z</time>
      </trkpt>
      <trkpt lat="6.455983615" lon="100.429205561">
        <ele>38.504</ele>
        <time>2026-03-15T06:40:36.000Z</time>
      </trkpt>
      <trkpt lat="6.398613495" lon="100.426387657">
        <ele>25.013</ele>
        <time>2026-03-15T06:50:29.000Z</time>
      </trkpt>
      <trkpt lat="6.266996157" lon="100.430619093">
        <ele>9.356</ele>
        <time>2026-03-15T07:05:32.000Z</time>
      </trkpt>
      <trkpt lat="6.181789376" lon="100.410384508">
        <ele>3.594</ele>
        <time>2026-03-15T07:15:28.000Z</time>
      </trkpt>
      <trkpt lat="6.089758761" lon="100.388343874">
        <ele>2.132</ele>
        <time>2026-03-15T07:25:29.000Z</time>
      </trkpt>
      <trkpt lat="6.039497978" lon="100.402966188">
        <ele>4.807</ele>
        <time>2026-03-15T07:30:29.000Z</time>
      </trkpt>
      <trkpt lat="5.972598027" lon="100.4434196">
        <ele>8.042</ele>
        <time>2026-03-15T07:40:29.000Z</time>
      </trkpt>
      <trkpt lat="5.973267867" lon="100.400316082">
        <ele>5.764</ele>
        <time>2026-03-15T07:45:33.000Z</time>
      </trkpt>
      <trkpt lat="5.937003815" lon="100.364230983">
        <ele>5.214</ele>
        <time>2026-03-15T07:55:43.000Z</time>
      </trkpt>
      <trkpt lat="5.900942478" lon="100.377444886">
        <ele>5</ele>
        <time>2026-03-15T08:00:49.000Z</time>
      </trkpt>
      <trkpt lat="5.860202364" lon="100.382906366">
        <ele>2.755</ele>
        <time>2026-03-15T08:06:45.000Z</time>
      </trkpt>
      <trkpt lat="5.796406777" lon="100.382116875">
        <ele>17.04</ele>
        <time>2026-03-15T08:17:52.000Z</time>
      </trkpt>
      <trkpt lat="5.794436778" lon="100.402468974">
        <ele>81.691</ele>
        <time>2026-03-15T08:29:14.000Z</time>
      </trkpt>
      <trkpt lat="5.794033689" lon="100.402533864">
        <ele>79.126</ele>
        <time>2026-03-15T13:38:19.000Z</time>
      </trkpt>
      <trkpt lat="5.797121645" lon="100.377948193">
        <ele>15.247</ele>
        <time>2026-03-16T03:54:34.000Z</time>
      </trkpt>
      <trkpt lat="5.771402093" lon="100.369696487">
        <ele>5.817</ele>
        <time>2026-03-16T04:05:55.000Z</time>
      </trkpt>
      <trkpt lat="5.764157907" lon="100.365852462">
        <ele>3.825</ele>
        <time>2026-03-16T04:18:45.000Z</time>
      </trkpt>
      <trkpt lat="5.75956278" lon="100.364586627">
        <ele>7.72</ele>
        <time>2026-03-16T04:34:06.000Z</time>
      </trkpt>
      <trkpt lat="5.755334162" lon="100.362976932">
        <ele>2.722</ele>
        <time>2026-03-16T04:49:43.000Z</time>
      </trkpt>
      <trkpt lat="5.749613561" lon="100.361979772">
        <ele>45.997</ele>
        <time>2026-03-18T04:37:05.000Z</time>
      </trkpt>
      <trkpt lat="5.73180079" lon="100.379382463">
        <ele>14.081</ele>
        <time>2026-03-18T04:42:04.000Z</time>
      </trkpt>
      <trkpt lat="5.70872352" lon="100.464536799">
        <ele>27.347</ele>
        <time>2026-03-18T04:54:58.000Z</time>
      </trkpt>
      <trkpt lat="5.677904588" lon="100.469017485">
        <ele>2.372</ele>
        <time>2026-03-18T05:01:33.000Z</time>
      </trkpt>
      <trkpt lat="5.638544024" lon="100.464028521">
        <ele>2.904</ele>
        <time>2026-03-18T05:12:08.000Z</time>
      </trkpt>
      <trkpt lat="5.608929168" lon="100.491843112">
        <ele>9.128</ele>
        <time>2026-03-18T05:23:45.000Z</time>
      </trkpt>
      <trkpt lat="5.572536578" lon="100.451131035">
        <ele>4.113</ele>
        <time>2026-03-18T05:33:10.000Z</time>
      </trkpt>
      <trkpt lat="5.462532106" lon="100.418792941">
        <ele>1.77</ele>
        <time>2026-03-18T05:44:08.000Z</time>
      </trkpt>
      <trkpt lat="5.440061102" lon="100.419150218">
        <ele>2.279</ele>
        <time>2026-03-18T05:49:31.000Z</time>
      </trkpt>
      <trkpt lat="5.354262516" lon="100.390416468">
        <ele>4.154</ele>
        <time>2026-03-18T06:00:40.000Z</time>
      </trkpt>
      <trkpt lat="5.380111006" lon="100.310638268">
        <ele>24.042</ele>
        <time>2026-03-18T06:11:26.000Z</time>
      </trkpt>
      <trkpt lat="5.432994319" lon="100.297071235">
        <ele>21.306</ele>
        <time>2026-03-18T06:24:34.000Z</time>
      </trkpt>
      <trkpt lat="5.439029289" lon="100.306914775">
        <ele>9.635</ele>
        <time>2026-03-18T07:05:22.000Z</time>
      </trkpt>
      <trkpt lat="5.454984744" lon="100.306690168">
        <ele>6.911</ele>
        <time>2026-03-18T07:10:35.000Z</time>
      </trkpt>
      <trkpt lat="5.476768222" lon="100.274871094">
        <ele>27.152</ele>
        <time>2026-03-18T07:23:07.000Z</time>
      </trkpt>
      <trkpt lat="5.473042043" lon="100.247354993">
        <ele>6.573</ele>
        <time>2026-03-18T07:31:43.000Z</time>
      </trkpt>
      <trkpt lat="5.465719663" lon="100.23937437">
        <ele>7.809</ele>
        <time>2026-03-18T07:36:58.000Z</time>
      </trkpt>
      <trkpt lat="5.46560579" lon="100.238927566">
        <ele>3.212</ele>
        <time>2026-03-20T08:59:39.000Z</time>
      </trkpt>
      <trkpt lat="5.465720136" lon="100.239226752">
        <ele>5.68</ele>
        <time>2026-03-20T14:28:26.000Z</time>
      </trkpt>
      <trkpt lat="5.477753305" lon="100.267752595">
        <ele>13.003</ele>
        <time>2026-03-23T01:53:41.000Z</time>
      </trkpt>
      <trkpt lat="5.456474796" lon="100.307395225">
        <ele>4.759</ele>
        <time>2026-03-23T02:05:13.000Z</time>
      </trkpt>
      <trkpt lat="5.430765613" lon="100.29963878">
        <ele>20.227</ele>
        <time>2026-03-23T02:15:55.000Z</time>
      </trkpt>
      <trkpt lat="5.405693119" lon="100.303426562">
        <ele>13.16</ele>
        <time>2026-03-23T02:20:57.000Z</time>
      </trkpt>
      <trkpt lat="5.356464023" lon="100.330632879">
        <ele>0</ele>
        <time>2026-03-23T02:31:02.000Z</time>
      </trkpt>
      <trkpt lat="5.355004985" lon="100.416335743">
        <ele>3.617</ele>
        <time>2026-03-23T02:41:38.000Z</time>
      </trkpt>
      <trkpt lat="5.32483621" lon="100.436654398">
        <ele>2.878</ele>
        <time>2026-03-23T02:47:16.000Z</time>
      </trkpt>
      <trkpt lat="5.242887768" lon="100.475800568">
        <ele>1.141</ele>
        <time>2026-03-23T02:57:55.000Z</time>
      </trkpt>
      <trkpt lat="5.227836594" lon="100.486727133">
        <ele>3.429</ele>
        <time>2026-03-23T03:03:20.000Z</time>
      </trkpt>
      <trkpt lat="5.192153826" lon="100.487848045">
        <ele>4.492</ele>
        <time>2026-03-23T03:18:52.000Z</time>
      </trkpt>
      <trkpt lat="5.126057114" lon="100.528685181">
        <ele>11.415</ele>
        <time>2026-03-23T03:31:30.000Z</time>
      </trkpt>
      <trkpt lat="5.080598281" lon="100.580889601">
        <ele>-0.276</ele>
        <time>2026-03-23T03:44:22.000Z</time>
      </trkpt>
      <trkpt lat="4.986229534" lon="100.665663499">
        <ele>15.242</ele>
        <time>2026-03-23T03:58:48.000Z</time>
      </trkpt>
      <trkpt lat="4.876560881" lon="100.667196214">
        <ele>4.007</ele>
        <time>2026-03-23T04:11:56.000Z</time>
      </trkpt>
      <trkpt lat="4.786235522" lon="100.705318535">
        <ele>16.564</ele>
        <time>2026-03-23T04:24:08.000Z</time>
      </trkpt>
      <trkpt lat="4.776577558" lon="100.822406681">
        <ele>80.917</ele>
        <time>2026-03-23T04:37:53.000Z</time>
      </trkpt>
      <trkpt lat="4.761954364" lon="100.903753052">
        <ele>49.528</ele>
        <time>2026-03-23T04:51:08.000Z</time>
      </trkpt>
      <trkpt lat="4.714978952" lon="100.94594772">
        <ele>48.519</ele>
        <time>2026-03-23T05:05:59.000Z</time>
      </trkpt>
      <trkpt lat="4.701432372" lon="100.958928187">
        <ele>75.553</ele>
        <time>2026-03-23T05:59:22.000Z</time>
      </trkpt>
      <trkpt lat="4.697060916" lon="101.022762247">
        <ele>261.75</ele>
        <time>2026-03-23T06:13:23.000Z</time>
      </trkpt>
      <trkpt lat="4.669566178" lon="101.066020327">
        <ele>114.667</ele>
        <time>2026-03-23T06:24:16.000Z</time>
      </trkpt>
      <trkpt lat="4.586578128" lon="101.144608883">
        <ele>57.551</ele>
        <time>2026-03-23T06:35:03.000Z</time>
      </trkpt>
      <trkpt lat="4.437611131" lon="101.185276704">
        <ele>50.406</ele>
        <time>2026-03-23T06:49:57.000Z</time>
      </trkpt>
      <trkpt lat="4.376388243" lon="101.226381892">
        <ele>71.899</ele>
        <time>2026-03-23T07:04:42.000Z</time>
      </trkpt>
      <trkpt lat="4.342555446" lon="101.234227941">
        <ele>142.126</ele>
        <time>2026-03-23T07:19:49.000Z</time>
      </trkpt>
      <trkpt lat="4.214620236" lon="101.27142624">
        <ele>45.279</ele>
        <time>2026-03-23T07:34:20.000Z</time>
      </trkpt>
      <trkpt lat="4.185341829" lon="101.286448455">
        <ele>89.384</ele>
        <time>2026-03-23T07:47:30.000Z</time>
      </trkpt>
      <trkpt lat="4.177032136" lon="101.29186769">
        <ele>85.316</ele>
        <time>2026-03-23T07:59:46.000Z</time>
      </trkpt>
      <trkpt lat="4.104681937" lon="101.303073205">
        <ele>47.91</ele>
        <time>2026-03-23T08:13:59.000Z</time>
      </trkpt>
      <trkpt lat="4.004353615" lon="101.316952799">
        <ele>46.713</ele>
        <time>2026-03-23T08:27:30.000Z</time>
      </trkpt>
      <trkpt lat="3.928004955" lon="101.350172293">
        <ele>75.912</ele>
        <time>2026-03-23T08:40:51.000Z</time>
      </trkpt>
      <trkpt lat="3.844133746" lon="101.395071466">
        <ele>36.422</ele>
        <time>2026-03-23T08:52:18.000Z</time>
      </trkpt>
      <trkpt lat="3.83087391" lon="101.403837679">
        <ele>24.753</ele>
        <time>2026-03-23T08:58:58.000Z</time>
      </trkpt>
      <trkpt lat="3.792520375" lon="101.436764225">
        <ele>46.379</ele>
        <time>2026-03-23T09:04:02.000Z</time>
      </trkpt>
      <trkpt lat="3.787365169" lon="101.499154084">
        <ele>48.12</ele>
        <time>2026-03-23T09:18:49.000Z</time>
      </trkpt>
      <trkpt lat="3.817463745" lon="101.5009344">
        <ele>114.444</ele>
        <time>2026-03-23T09:33:58.000Z</time>
      </trkpt>
      <trkpt lat="3.817966534" lon="101.501466189">
        <ele>120.098</ele>
        <time>2026-03-23T14:23:45.000Z</time>
      </trkpt>
      <trkpt lat="3.788872487" lon="101.497415509">
        <ele>40.714</ele>
        <time>2026-03-24T04:11:17.000Z</time>
      </trkpt>
      <trkpt lat="3.693669238" lon="101.524660969">
        <ele>44.209</ele>
        <time>2026-03-24T04:24:26.000Z</time>
      </trkpt>
      <trkpt lat="3.661189028" lon="101.537249833">
        <ele>51.395</ele>
        <time>2026-03-24T04:30:53.000Z</time>
      </trkpt>
      <trkpt lat="3.542628475" lon="101.5187182">
        <ele>47.648</ele>
        <time>2026-03-24T04:44:35.000Z</time>
      </trkpt>
      <trkpt lat="3.385445075" lon="101.558798784">
        <ele>43.862</ele>
        <time>2026-03-24T04:59:28.000Z</time>
      </trkpt>
      <trkpt lat="3.270019689" lon="101.546306731">
        <ele>38.771</ele>
        <time>2026-03-24T05:12:16.000Z</time>
      </trkpt>
      <trkpt lat="3.173630862" lon="101.519230586">
        <ele>37.716</ele>
        <time>2026-03-24T05:24:01.000Z</time>
      </trkpt>
      <trkpt lat="3.165970976" lon="101.518892963">
        <ele>65.985</ele>
        <time>2026-03-24T05:57:28.000Z</time>
      </trkpt>
      <trkpt lat="3.10964379" lon="101.545580104">
        <ele>-3.45</ele>
        <time>2026-03-24T06:04:33.000Z</time>
      </trkpt>
      <trkpt lat="3.106933502" lon="101.551151136">
        <ele>17.073</ele>
        <time>2026-03-24T06:14:58.000Z</time>
      </trkpt>
      <trkpt lat="3.109679497" lon="101.546726078">
        <ele>5.12</ele>
        <time>2026-03-24T06:59:56.000Z</time>
      </trkpt>
      <trkpt lat="3.202731614" lon="101.507020081">
        <ele>44.682</ele>
        <time>2026-03-24T07:12:44.000Z</time>
      </trkpt>
      <trkpt lat="3.271366116" lon="101.562452959">
        <ele>72.817</ele>
        <time>2026-03-24T07:24:40.000Z</time>
      </trkpt>
      <trkpt lat="3.296799073" lon="101.604139768">
        <ele>88.086</ele>
        <time>2026-03-24T07:30:13.000Z</time>
      </trkpt>
      <trkpt lat="3.301882188" lon="101.599237301">
        <ele>35.589</ele>
        <time>2026-03-24T07:40:11.000Z</time>
      </trkpt>
      <trkpt lat="3.297985902" lon="101.619531014">
        <ele>88.554</ele>
        <time>2026-03-24T08:58:58.000Z</time>
      </trkpt>
      <trkpt lat="3.301054889" lon="101.602169433">
        <ele>69.446</ele>
        <time>2026-03-24T09:03:57.000Z</time>
      </trkpt>
      <trkpt lat="3.295815205" lon="101.613078062">
        <ele>68.504</ele>
        <time>2026-03-24T09:15:46.000Z</time>
      </trkpt>
      <trkpt lat="3.299866894" lon="101.608057428">
        <ele>72.904</ele>
        <time>2026-03-24T09:24:17.000Z</time>
      </trkpt>
      <trkpt lat="3.29152694" lon="101.630644016">
        <ele>78.408</ele>
        <time>2026-03-24T09:29:21.000Z</time>
      </trkpt>
      <trkpt lat="3.258103263" lon="101.643818775">
        <ele>70.976</ele>
        <time>2026-03-24T09:39:26.000Z</time>
      </trkpt>
      <trkpt lat="3.258198774" lon="101.638697349">
        <ele>73.414</ele>
        <time>2026-03-24T09:54:33.000Z</time>
      </trkpt>
      <trkpt lat="3.25704949" lon="101.643224079">
        <ele>74.004</ele>
        <time>2026-03-26T04:40:16.000Z</time>
      </trkpt>
      <trkpt lat="3.288182477" lon="101.582638761">
        <ele>70.501</ele>
        <time>2026-03-26T04:53:15.000Z</time>
      </trkpt>
      <trkpt lat="3.22841343" lon="101.514718356">
        <ele>44.577</ele>
        <time>2026-03-26T05:03:38.000Z</time>
      </trkpt>
      <trkpt lat="3.129505171" lon="101.525121052">
        <ele>31.341</ele>
        <time>2026-03-26T05:15:30.000Z</time>
      </trkpt>
      <trkpt lat="3.110547527" lon="101.550461557">
        <ele>10.391</ele>
        <time>2026-03-26T05:21:33.000Z</time>
      </trkpt>
      <trkpt lat="3.135039448" lon="101.595629705">
        <ele>46.415</ele>
        <time>2026-03-26T06:28:30.000Z</time>
      </trkpt>
      <trkpt lat="3.148696494" lon="101.66382125">
        <ele>64.502</ele>
        <time>2026-03-26T06:36:35.000Z</time>
      </trkpt>
      <trkpt lat="3.136108627" lon="101.692051176">
        <ele>34.592</ele>
        <time>2026-03-26T06:41:30.000Z</time>
      </trkpt>
      <trkpt lat="3.131338167" lon="101.715114154">
        <ele>41.635</ele>
        <time>2026-03-26T06:48:18.000Z</time>
      </trkpt>
      <trkpt lat="3.134724214" lon="101.718163126">
        <ele>45.819</ele>
        <time>2026-03-26T07:07:15.000Z</time>
      </trkpt>
      <trkpt lat="3.134153487" lon="101.717857539">
        <ele>43.922</ele>
        <time>2026-03-26T11:07:45.000Z</time>
      </trkpt>
      <trkpt lat="3.134597763" lon="101.713622008">
        <ele>42.143</ele>
        <time>2026-04-02T01:33:09.000Z</time>
      </trkpt>
      <trkpt lat="3.13464948" lon="101.712997304">
        <ele>37.631</ele>
        <time>2026-04-02T01:35:29.000Z</time>
      </trkpt>
      <trkpt lat="3.143057367" lon="101.661374336">
        <ele>50.824</ele>
        <time>2026-04-02T01:50:20.000Z</time>
      </trkpt>
      <trkpt lat="3.133949549" lon="101.603511879">
        <ele>48.513</ele>
        <time>2026-04-02T01:58:04.000Z</time>
      </trkpt>
      <trkpt lat="3.110032668" lon="101.547335861">
        <ele>7.182</ele>
        <time>2026-04-02T02:07:42.000Z</time>
      </trkpt>
      <trkpt lat="3.106863571" lon="101.551339011">
        <ele>17.343</ele>
        <time>2026-04-02T02:13:39.000Z</time>
      </trkpt>
      <trkpt lat="3.098451267" lon="101.545141311">
        <ele>3.017</ele>
        <time>2026-04-02T03:59:06.000Z</time>
      </trkpt>
      <trkpt lat="3.137195692" lon="101.596373599">
        <ele>50.979</ele>
        <time>2026-04-02T04:10:51.000Z</time>
      </trkpt>
      <trkpt lat="3.176476811" lon="101.656560442">
        <ele>74.244</ele>
        <time>2026-04-02T04:21:34.000Z</time>
      </trkpt>
      <trkpt lat="3.19148968" lon="101.693128673">
        <ele>41.1</ele>
        <time>2026-04-02T04:33:13.000Z</time>
      </trkpt>
      <trkpt lat="3.242254299" lon="101.727066748">
        <ele>91.38</ele>
        <time>2026-04-02T04:44:06.000Z</time>
      </trkpt>
      <trkpt lat="3.344707182" lon="101.771819154">
        <ele>487.205</ele>
        <time>2026-04-02T04:58:47.000Z</time>
      </trkpt>
      <trkpt lat="3.408338903" lon="101.892386042">
        <ele>137.44</ele>
        <time>2026-04-02T05:13:57.000Z</time>
      </trkpt>
      <trkpt lat="3.481283211" lon="101.951575354">
        <ele>92.057</ele>
        <time>2026-04-02T05:26:03.000Z</time>
      </trkpt>
      <trkpt lat="3.481085482" lon="102.076385245">
        <ele>69.287</ele>
        <time>2026-04-02T05:43:07.000Z</time>
      </trkpt>
      <trkpt lat="3.528569257" lon="102.225895599">
        <ele>69.381</ele>
        <time>2026-04-02T05:56:16.000Z</time>
      </trkpt>
      <trkpt lat="3.50600977" lon="102.39521365">
        <ele>34.144</ele>
        <time>2026-04-02T06:11:08.000Z</time>
      </trkpt>
      <trkpt lat="3.51236813" lon="102.439913773">
        <ele>43.898</ele>
        <time>2026-04-02T06:17:06.000Z</time>
      </trkpt>
      <trkpt lat="3.526698626" lon="102.477030829">
        <ele>56.074</ele>
        <time>2026-04-02T06:52:28.000Z</time>
      </trkpt>
      <trkpt lat="3.495560408" lon="102.52983878">
        <ele>46.44</ele>
        <time>2026-04-02T07:05:20.000Z</time>
      </trkpt>
      <trkpt lat="3.489719094" lon="102.58531915">
        <ele>40.285</ele>
        <time>2026-04-02T07:14:49.000Z</time>
      </trkpt>
      <trkpt lat="3.482524653" lon="102.592939849">
        <ele>26.176</ele>
        <time>2026-04-02T07:33:55.000Z</time>
      </trkpt>
      <trkpt lat="3.482576036" lon="102.592341928">
        <ele>24.274</ele>
        <time>2026-04-05T00:48:15.000Z</time>
      </trkpt>
      <trkpt lat="3.486213025" lon="102.587655182">
        <ele>34.149</ele>
        <time>2026-04-05T03:05:52.000Z</time>
      </trkpt>
      <trkpt lat="3.51392515" lon="102.568922388">
        <ele>32.036</ele>
        <time>2026-04-05T03:11:26.000Z</time>
      </trkpt>
      <trkpt lat="3.492921065" lon="102.530748015">
        <ele>56.713</ele>
        <time>2026-04-05T03:16:44.000Z</time>
      </trkpt>
      <trkpt lat="3.572856258" lon="102.560870396">
        <ele>47.137</ele>
        <time>2026-04-05T03:30:03.000Z</time>
      </trkpt>
      <trkpt lat="3.573200251" lon="102.739744568">
        <ele>42.759</ele>
        <time>2026-04-05T03:45:26.000Z</time>
      </trkpt>
      <trkpt lat="3.685100712" lon="102.871507248">
        <ele>60.077</ele>
        <time>2026-04-05T04:00:25.000Z</time>
      </trkpt>
      <trkpt lat="3.724502865" lon="102.920324039">
        <ele>58.499</ele>
        <time>2026-04-05T04:06:00.000Z</time>
      </trkpt>
      <trkpt lat="3.724306684" lon="102.925232586">
        <ele>70.521</ele>
        <time>2026-04-05T04:41:55.000Z</time>
      </trkpt>
      <trkpt lat="3.72010685" lon="103.034863081">
        <ele>50.172</ele>
        <time>2026-04-05T05:08:48.000Z</time>
      </trkpt>
      <trkpt lat="3.725897999" lon="103.090475827">
        <ele>64.22</ele>
        <time>2026-04-05T05:13:49.000Z</time>
      </trkpt>
      <trkpt lat="3.76272541" lon="103.139643928">
        <ele>66.597</ele>
        <time>2026-04-05T05:18:50.000Z</time>
      </trkpt>
      <trkpt lat="3.81486476" lon="103.163396516">
        <ele>52.329</ele>
        <time>2026-04-05T05:23:50.000Z</time>
      </trkpt>
      <trkpt lat="3.841386145" lon="103.206390411">
        <ele>18.99</ele>
        <time>2026-04-05T05:28:51.000Z</time>
      </trkpt>
      <trkpt lat="3.843472651" lon="103.210503346">
        <ele>18.217</ele>
        <time>2026-04-05T05:33:51.000Z</time>
      </trkpt>
      <trkpt lat="3.874372437" lon="103.237506717">
        <ele>9.783</ele>
        <time>2026-04-05T05:38:52.000Z</time>
      </trkpt>
      <trkpt lat="3.862850208" lon="103.250312408">
        <ele>18.739</ele>
        <time>2026-04-05T05:43:53.000Z</time>
      </trkpt>
      <trkpt lat="3.839951414" lon="103.264190588">
        <ele>23.012</ele>
        <time>2026-04-05T05:48:54.000Z</time>
      </trkpt>
      <trkpt lat="3.821478133" lon="103.289613903">
        <ele>7.333</ele>
        <time>2026-04-05T05:53:54.000Z</time>
      </trkpt>
      <trkpt lat="3.808465893" lon="103.295727456">
        <ele>12.053</ele>
        <time>2026-04-05T05:58:55.000Z</time>
      </trkpt>
      <trkpt lat="3.783247076" lon="103.317729684">
        <ele>13.934</ele>
        <time>2026-04-05T06:03:56.000Z</time>
      </trkpt>
      <trkpt lat="3.759137648" lon="103.315140301">
        <ele>7.947</ele>
        <time>2026-04-05T06:08:56.000Z</time>
      </trkpt>
      <trkpt lat="3.731453975" lon="103.318776637">
        <ele>6</ele>
        <time>2026-04-05T06:13:56.000Z</time>
      </trkpt>
      <trkpt lat="3.724088112" lon="103.328692042">
        <ele>1.357</ele>
        <time>2026-04-05T06:18:57.000Z</time>
      </trkpt>
      <trkpt lat="3.742886516" lon="103.31174341">
        <ele>6.993</ele>
        <time>2026-04-07T02:20:44.000Z</time>
      </trkpt>
      <trkpt lat="3.650114271" lon="103.303042157">
        <ele>4</ele>
        <time>2026-04-07T02:33:44.000Z</time>
      </trkpt>
      <trkpt lat="3.59139049" lon="103.352097664">
        <ele>6.452</ele>
        <time>2026-04-07T02:46:26.000Z</time>
      </trkpt>
      <trkpt lat="3.541050707" lon="103.384340666">
        <ele>8.292</ele>
        <time>2026-04-07T02:56:31.000Z</time>
      </trkpt>
      <trkpt lat="3.48074568" lon="103.417971544">
        <ele>3.698</ele>
        <time>2026-04-07T03:09:01.000Z</time>
      </trkpt>
      <trkpt lat="3.282765462" lon="103.430616316">
        <ele>7.867</ele>
        <time>2026-04-07T03:27:46.000Z</time>
      </trkpt>
      <trkpt lat="3.149381639" lon="103.437288813">
        <ele>5.412</ele>
        <time>2026-04-07T03:40:18.000Z</time>
      </trkpt>
      <trkpt lat="3.009178885" lon="103.427260453">
        <ele>2.082</ele>
        <time>2026-04-07T03:53:29.000Z</time>
      </trkpt>
      <trkpt lat="2.880408084" lon="103.428312549">
        <ele>4.96</ele>
        <time>2026-04-07T04:05:12.000Z</time>
      </trkpt>
      <trkpt lat="2.800434502" lon="103.477726719">
        <ele>2.356</ele>
        <time>2026-04-07T04:15:35.000Z</time>
      </trkpt>
      <trkpt lat="2.727929698" lon="103.550779279">
        <ele>3.101</ele>
        <time>2026-04-07T04:29:43.000Z</time>
      </trkpt>
      <trkpt lat="2.658976978" lon="103.621085929">
        <ele>5.745</ele>
        <time>2026-04-07T04:40:19.000Z</time>
      </trkpt>
      <trkpt lat="2.624664316" lon="103.674758189">
        <ele>14.118</ele>
        <time>2026-04-07T04:52:09.000Z</time>
      </trkpt>
      <trkpt lat="2.549391054" lon="103.759775246">
        <ele>39.008</ele>
        <time>2026-04-07T05:07:18.000Z</time>
      </trkpt>
      <trkpt lat="2.509651193" lon="103.833790468">
        <ele>1.736</ele>
        <time>2026-04-07T05:19:12.000Z</time>
      </trkpt>
      <trkpt lat="2.523557106" lon="103.82942182">
        <ele>5.536</ele>
        <time>2026-04-07T05:29:46.000Z</time>
      </trkpt>
      <trkpt lat="2.48857033" lon="103.804690261">
        <ele>6.132</ele>
        <time>2026-04-08T01:06:29.000Z</time>
      </trkpt>
      <trkpt lat="2.433959967" lon="103.839327218">
        <ele>4.47</ele>
        <time>2026-04-08T01:20:46.000Z</time>
      </trkpt>
      <trkpt lat="2.446181872" lon="103.849769309">
        <ele>0</ele>
        <time>2026-04-08T03:05:13.000Z</time>
      </trkpt>
      <trkpt lat="2.475899784" lon="103.872255273">
        <ele>0</ele>
        <time>2026-04-08T03:11:30.000Z</time>
      </trkpt>
      <trkpt lat="2.515118751" lon="103.901690673">
        <ele>0</ele>
        <time>2026-04-08T03:20:07.000Z</time>
      </trkpt>
      <trkpt lat="2.575962148" lon="103.947166186">
        <ele>0</ele>
        <time>2026-04-08T03:33:36.000Z</time>
      </trkpt>
      <trkpt lat="2.638424593" lon="104.002871811">
        <ele>0</ele>
        <time>2026-04-08T03:48:22.000Z</time>
      </trkpt>
      <trkpt lat="2.692565108" lon="104.05083633">
        <ele>0</ele>
        <time>2026-04-08T04:01:06.000Z</time>
      </trkpt>
      <trkpt lat="2.753853668" lon="104.109142944">
        <ele>0</ele>
        <time>2026-04-08T04:16:00.000Z</time>
      </trkpt>
      <trkpt lat="2.761623272" lon="104.121773856">
        <ele>0.386</ele>
        <time>2026-04-08T04:22:05.000Z</time>
      </trkpt>
      <trkpt lat="2.770343938" lon="104.120723829">
        <ele>10.163</ele>
        <time>2026-04-08T04:38:01.000Z</time>
      </trkpt>
      <trkpt lat="2.771355923" lon="104.120797411">
        <ele>7.274</ele>
        <time>2026-04-08T04:38:05.000Z</time>
      </trkpt>
      <trkpt lat="2.783101596" lon="104.115402525">
        <ele>0</ele>
        <time>2026-04-14T04:15:49.000Z</time>
      </trkpt>
      <trkpt lat="2.817897527" lon="104.155804999">
        <ele>7.914</ele>
        <time>2026-04-14T04:28:40.000Z</time>
      </trkpt>
      <trkpt lat="2.803264959" lon="104.165199323">
        <ele>415.951</ele>
        <time>2026-04-14T04:45:42.000Z</time>
      </trkpt>
      <trkpt lat="2.791366178" lon="104.202578361">
        <ele>4.787</ele>
        <time>2026-04-14T05:00:18.000Z</time>
      </trkpt>
      <trkpt lat="2.814882977" lon="104.15272775">
        <ele>3.497</ele>
        <time>2026-04-16T23:49:45.000Z</time>
      </trkpt>
      <trkpt lat="2.81881418" lon="104.158261414">
        <ele>2.293</ele>
        <time>2026-04-16T23:54:56.000Z</time>
      </trkpt>
      <trkpt lat="2.780207611" lon="104.104325375">
        <ele>0</ele>
        <time>2026-04-17T01:32:53.000Z</time>
      </trkpt>
      <trkpt lat="2.743353951" lon="104.07576696">
        <ele>0</ele>
        <time>2026-04-17T01:41:44.000Z</time>
      </trkpt>
      <trkpt lat="2.71909802" lon="104.055535372">
        <ele>0</ele>
        <time>2026-04-17T01:47:37.000Z</time>
      </trkpt>
      <trkpt lat="2.656486421" lon="104.002291029">
        <ele>0</ele>
        <time>2026-04-17T02:03:03.000Z</time>
      </trkpt>
      <trkpt lat="2.595425555" lon="103.954838729">
        <ele>0</ele>
        <time>2026-04-17T02:17:46.000Z</time>
      </trkpt>
      <trkpt lat="2.53198863" lon="103.910870869">
        <ele>0</ele>
        <time>2026-04-17T02:32:31.000Z</time>
      </trkpt>
      <trkpt lat="2.476477682" lon="103.870718662">
        <ele>0</ele>
        <time>2026-04-17T02:45:50.000Z</time>
      </trkpt>
      <trkpt lat="2.434809083" lon="103.838765998">
        <ele>2.107</ele>
        <time>2026-04-17T02:59:34.000Z</time>
      </trkpt>
      <trkpt lat="2.430148039" lon="103.839489022">
        <ele>5.734</ele>
        <time>2026-04-17T06:21:02.000Z</time>
      </trkpt>
      <trkpt lat="2.440499486" lon="103.833286548">
        <ele>8.033</ele>
        <time>2026-04-17T06:26:13.000Z</time>
      </trkpt>
      <trkpt lat="2.476352029" lon="103.81079522">
        <ele>7.995</ele>
        <time>2026-04-17T06:33:20.000Z</time>
      </trkpt>
      <trkpt lat="2.504966686" lon="103.825413227">
        <ele>2.12</ele>
        <time>2026-04-17T06:39:31.000Z</time>
      </trkpt>
      <trkpt lat="2.52466444" lon="103.828722035">
        <ele>5.065</ele>
        <time>2026-04-17T06:45:34.000Z</time>
      </trkpt>
      <trkpt lat="2.523649238" lon="103.829363839">
        <ele>5.483</ele>
        <time>2026-04-17T06:45:37.000Z</time>
      </trkpt>
      <trkpt lat="2.523342862" lon="103.829495694">
        <ele>6.938</ele>
        <time>2026-04-18T12:46:46.000Z</time>
      </trkpt>
      <trkpt lat="2.523667634" lon="103.829449848">
        <ele>4.816</ele>
        <time>2026-04-18T13:11:30.000Z</time>
      </trkpt>
      <trkpt lat="2.519818116" lon="103.831576539">
        <ele>9.395</ele>
        <time>2026-04-18T14:04:53.000Z</time>
      </trkpt>
      <trkpt lat="2.524111111" lon="103.829080564">
        <ele>6.578</ele>
        <time>2026-04-18T14:10:24.000Z</time>
      </trkpt>
      <trkpt lat="2.52361367" lon="103.829425397">
        <ele>5.129</ele>
        <time>2026-04-18T14:10:28.000Z</time>
      </trkpt>
      <trkpt lat="2.523949084" lon="103.829163661">
        <ele>6.601</ele>
        <time>2026-04-19T10:17:37.000Z</time>
      </trkpt>
      <trkpt lat="2.50661158" lon="103.826781856">
        <ele>2.281</ele>
        <time>2026-04-20T00:52:32.000Z</time>
      </trkpt>
      <trkpt lat="2.488313885" lon="103.804861754">
        <ele>5.567</ele>
        <time>2026-04-20T00:58:06.000Z</time>
      </trkpt>
      <trkpt lat="2.430591029" lon="103.83536811">
        <ele>3.128</ele>
        <time>2026-04-20T01:06:05.000Z</time>
      </trkpt>
      <trkpt lat="2.417585375" lon="103.829719965">
        <ele>23.394</ele>
        <time>2026-04-20T01:13:47.000Z</time>
      </trkpt>
      <trkpt lat="2.391350437" lon="103.772030091">
        <ele>10.394</ele>
        <time>2026-04-20T01:23:28.000Z</time>
      </trkpt>
      <trkpt lat="2.363655581" lon="103.655382246">
        <ele>26.431</ele>
        <time>2026-04-20T01:38:36.000Z</time>
      </trkpt>
      <trkpt lat="2.256958354" lon="103.593750447">
        <ele>7.025</ele>
        <time>2026-04-20T01:53:22.000Z</time>
      </trkpt>
      <trkpt lat="2.171031693" lon="103.494772576">
        <ele>28.622</ele>
        <time>2026-04-20T02:08:07.000Z</time>
      </trkpt>
      <trkpt lat="2.10680821" lon="103.400174417">
        <ele>33.41</ele>
        <time>2026-04-20T02:22:52.000Z</time>
      </trkpt>
      <trkpt lat="2.037462587" lon="103.332909225">
        <ele>32.456</ele>
        <time>2026-04-20T02:37:27.000Z</time>
      </trkpt>
      <trkpt lat="2.013268056" lon="103.285968555">
        <ele>38.584</ele>
        <time>2026-04-20T02:54:16.000Z</time>
      </trkpt>
      <trkpt lat="1.993160038" lon="103.259479562">
        <ele>44.956</ele>
        <time>2026-04-20T03:11:11.000Z</time>
      </trkpt>
      <trkpt lat="1.985917518" lon="103.250487053">
        <ele>26.55</ele>
        <time>2026-04-20T05:02:59.000Z</time>
      </trkpt>
      <trkpt lat="1.931061619" lon="103.18477476">
        <ele>7.178</ele>
        <time>2026-04-20T05:19:48.000Z</time>
      </trkpt>
      <trkpt lat="1.971559455" lon="103.110145731">
        <ele>10.48</ele>
        <time>2026-04-20T05:34:14.000Z</time>
      </trkpt>
      <trkpt lat="1.987974825" lon="103.042084258">
        <ele>14.217</ele>
        <time>2026-04-20T05:48:54.000Z</time>
      </trkpt>
      <trkpt lat="1.953894213" lon="103.027243376">
        <ele>5.906</ele>
        <time>2026-04-20T06:03:11.000Z</time>
      </trkpt>
      <trkpt lat="1.949584116" lon="103.018982979">
        <ele>4.162</ele>
        <time>2026-04-20T06:24:23.000Z</time>
      </trkpt>
      <trkpt lat="1.948415637" lon="102.961398717">
        <ele>35.071</ele>
        <time>2026-04-20T06:30:37.000Z</time>
      </trkpt>
      <trkpt lat="1.976551297" lon="102.882313617">
        <ele>4.498</ele>
        <time>2026-04-20T06:41:09.000Z</time>
      </trkpt>
      <trkpt lat="2.018400128" lon="102.850787351">
        <ele>5.72</ele>
        <time>2026-04-20T06:55:24.000Z</time>
      </trkpt>
      <trkpt lat="2.00629381" lon="102.841897253">
        <ele>7.568</ele>
        <time>2026-04-20T07:51:40.000Z</time>
      </trkpt>
      <trkpt lat="2.006807802" lon="102.822703584">
        <ele>10.199</ele>
        <time>2026-04-21T02:01:15.000Z</time>
      </trkpt>
      <trkpt lat="2.027703813" lon="102.748360573">
        <ele>15.928</ele>
        <time>2026-04-21T02:13:13.000Z</time>
      </trkpt>
      <trkpt lat="2.041729689" lon="102.657362195">
        <ele>11.609</ele>
        <time>2026-04-21T02:25:36.000Z</time>
      </trkpt>
      <trkpt lat="2.049616976" lon="102.605713243">
        <ele>10.731</ele>
        <time>2026-04-21T02:39:52.000Z</time>
      </trkpt>
      <trkpt lat="2.084588204" lon="102.576193772">
        <ele>12.702</ele>
        <time>2026-04-21T02:50:14.000Z</time>
      </trkpt>
      <trkpt lat="2.12514115" lon="102.504272182">
        <ele>3.567</ele>
        <time>2026-04-21T03:02:34.000Z</time>
      </trkpt>
      <trkpt lat="2.175739137" lon="102.443027962">
        <ele>34.206</ele>
        <time>2026-04-21T03:15:06.000Z</time>
      </trkpt>
      <trkpt lat="2.190691028" lon="102.329844106">
        <ele>4.751</ele>
        <time>2026-04-21T03:27:35.000Z</time>
      </trkpt>
      <trkpt lat="2.188955219" lon="102.265662616">
        <ele>5.56</ele>
        <time>2026-04-21T03:39:59.000Z</time>
      </trkpt>
      <trkpt lat="2.204014021" lon="102.222165065">
        <ele>0</ele>
        <time>2026-04-21T03:52:15.000Z</time>
      </trkpt>
      <trkpt lat="2.219737256" lon="102.185158292">
        <ele>2.352</ele>
        <time>2026-04-21T04:04:24.000Z</time>
      </trkpt>
      <trkpt lat="2.218733857" lon="102.185757764">
        <ele>0</ele>
        <time>2026-04-22T06:17:50.000Z</time>
      </trkpt>
      <trkpt lat="2.219091617" lon="102.185432883">
        <ele>0.408</ele>
        <time>2026-04-22T06:17:57.000Z</time>
      </trkpt>
      <trkpt lat="2.219538074" lon="102.185213773">
        <ele>2.302</ele>
        <time>2026-04-23T10:04:50.000Z</time>
      </trkpt>
      <trkpt lat="2.219125791" lon="102.185369753">
        <ele>0.282</ele>
        <time>2026-04-23T10:05:08.000Z</time>
      </trkpt>
      <trkpt lat="2.218574421" lon="102.185928628">
        <ele>0</ele>
        <time>2026-04-24T10:36:59.000Z</time>
      </trkpt>
      <trkpt lat="2.219103249" lon="102.193182875">
        <ele>2.103</ele>
        <time>2026-04-26T05:47:04.000Z</time>
      </trkpt>
      <trkpt lat="2.25882777" lon="102.221793663">
        <ele>10.577</ele>
        <time>2026-04-26T05:58:42.000Z</time>
      </trkpt>
      <trkpt lat="2.287968169" lon="102.243953068">
        <ele>10.22</ele>
        <time>2026-04-26T06:10:41.000Z</time>
      </trkpt>
      <trkpt lat="2.327794824" lon="102.279886119">
        <ele>23.478</ele>
        <time>2026-04-26T06:27:53.000Z</time>
      </trkpt>
      <trkpt lat="2.425058344" lon="102.211506805">
        <ele>47.636</ele>
        <time>2026-04-26T06:38:25.000Z</time>
      </trkpt>
      <trkpt lat="2.483380591" lon="102.101038518">
        <ele>20.912</ele>
        <time>2026-04-26T06:50:09.000Z</time>
      </trkpt>
      <trkpt lat="2.569766832" lon="102.040506173">
        <ele>41.132</ele>
        <time>2026-04-26T07:03:16.000Z</time>
      </trkpt>
      <trkpt lat="2.660440248" lon="101.982681435">
        <ele>73.09</ele>
        <time>2026-04-26T07:18:32.000Z</time>
      </trkpt>
      <trkpt lat="2.713299883" lon="101.918465579">
        <ele>50.178</ele>
        <time>2026-04-26T07:30:09.000Z</time>
      </trkpt>
      <trkpt lat="2.756300722" lon="101.846063454">
        <ele>59.642</ele>
        <time>2026-04-26T07:42:37.000Z</time>
      </trkpt>
      <trkpt lat="2.77108334" lon="101.820519352">
        <ele>58.317</ele>
        <time>2026-04-26T07:57:40.000Z</time>
      </trkpt>
      <trkpt lat="2.848993381" lon="101.786632408">
        <ele>41.448</ele>
        <time>2026-04-26T08:08:09.000Z</time>
      </trkpt>
      <trkpt lat="2.850338635" lon="101.655268036">
        <ele>14.02</ele>
        <time>2026-04-26T08:23:16.000Z</time>
      </trkpt>
      <trkpt lat="2.931669666" lon="101.599485045">
        <ele>4.312</ele>
        <time>2026-04-26T08:35:24.000Z</time>
      </trkpt>
      <trkpt lat="3.045171029" lon="101.569093941">
        <ele>8.577</ele>
        <time>2026-04-26T08:47:07.000Z</time>
      </trkpt>
      <trkpt lat="3.107138062" lon="101.546300277">
        <ele>7.968</ele>
        <time>2026-04-26T08:57:52.000Z</time>
      </trkpt>
      <trkpt lat="3.106095395" lon="101.551100426">
        <ele>19.808</ele>
        <time>2026-04-27T01:15:58.000Z</time>
      </trkpt>
      <trkpt lat="3.10250302" lon="101.547759849">
        <ele>6.193</ele>
        <time>2026-04-27T01:48:25.000Z</time>
      </trkpt>
      <trkpt lat="3.074270901" lon="101.555627994">
        <ele>13.024</ele>
        <time>2026-04-27T01:58:44.000Z</time>
      </trkpt>
      <trkpt lat="3.031970537" lon="101.552460138">
        <ele>-0.189</ele>
        <time>2026-04-27T02:10:56.000Z</time>
      </trkpt>
      <trkpt lat="2.986629135" lon="101.50259234">
        <ele>6.665</ele>
        <time>2026-04-27T02:21:13.000Z</time>
      </trkpt>
      <trkpt lat="2.999815838" lon="101.499658423">
        <ele>14.105</ele>
        <time>2026-04-27T02:32:20.000Z</time>
      </trkpt>
      <trkpt lat="3.010215643" lon="101.469606198">
        <ele>3.03</ele>
        <time>2026-04-27T03:30:50.000Z</time>
      </trkpt>
      <trkpt lat="3.013999975" lon="101.457274413">
        <ele>3.25</ele>
        <time>2026-04-27T03:42:16.000Z</time>
      </trkpt>
      <trkpt lat="3.017397299" lon="101.418825025">
        <ele>3.116</ele>
        <time>2026-04-27T03:53:57.000Z</time>
      </trkpt>
      <trkpt lat="3.012011298" lon="101.413611397">
        <ele>0.76</ele>
        <time>2026-04-27T04:04:42.000Z</time>
      </trkpt>
      <trkpt lat="3.009356816" lon="101.409520579">
        <ele>12.536</ele>
        <time>2026-04-27T06:51:49.000Z</time>
      </trkpt>
      <trkpt lat="3.012376211" lon="101.410975141">
        <ele>17.728</ele>
        <time>2026-04-27T06:51:58.000Z</time>
      </trkpt>
      <trkpt lat="3.010293817" lon="101.410260718">
        <ele>5.112</ele>
        <time>2026-04-28T05:08:29.000Z</time>
      </trkpt>
      <trkpt lat="3.01374316" lon="101.41166687">
        <ele>3.999</ele>
        <time>2026-04-28T05:28:09.000Z</time>
      </trkpt>
      <trkpt lat="3.01247794" lon="101.411247618">
        <ele>12.772</ele>
        <time>2026-04-29T04:22:26.000Z</time>
      </trkpt>
      <trkpt lat="3.012846915" lon="101.411374638">
        <ele>-1.52</ele>
        <time>2026-04-29T04:23:14.000Z</time>
      </trkpt>
      <trkpt lat="3.013702161" lon="101.411634622">
        <ele>4.115</ele>
        <time>2026-04-29T09:42:57.000Z</time>
      </trkpt>
      <trkpt lat="3.005374368" lon="101.403284267">
        <ele>8.256</ele>
        <time>2026-04-30T01:24:35.000Z</time>
      </trkpt>
      <trkpt lat="3.004960399" lon="101.403192775">
        <ele>11.01</ele>
        <time>2026-04-30T01:24:40.000Z</time>
      </trkpt>
      <trkpt lat="2.98364107" lon="101.420956291">
        <ele>1.504</ele>
        <time>2026-04-30T01:33:17.000Z</time>
      </trkpt>
      <trkpt lat="2.983036609" lon="101.473493641">
        <ele>3.462</ele>
        <time>2026-04-30T01:39:27.000Z</time>
      </trkpt>
      <trkpt lat="2.959402283" lon="101.501299515">
        <ele>7.323</ele>
        <time>2026-04-30T01:45:06.000Z</time>
      </trkpt>
      <trkpt lat="2.83547488" lon="101.594905928">
        <ele>5.76</ele>
        <time>2026-04-30T02:03:42.000Z</time>
      </trkpt>
      <trkpt lat="2.788886544" lon="101.672799457">
        <ele>7.148</ele>
        <time>2026-04-30T02:17:39.000Z</time>
      </trkpt>
      <trkpt lat="2.789223794" lon="101.674663773">
        <ele>4.583</ele>
        <time>2026-04-30T02:17:57.000Z</time>
      </trkpt>
      <trkpt lat="2.743350514" lon="101.685508937">
        <ele>1.23</ele>
        <time>2026-04-30T02:35:33.000Z</time>
      </trkpt>
      <trkpt lat="2.805864789" lon="101.695053117">
        <ele>-1.056</ele>
        <time>2026-05-06T14:34:33.000Z</time>
      </trkpt>
      <trkpt lat="2.821478528" lon="101.693906667">
        <ele>12.604</ele>
        <time>2026-05-08T00:39:33.000Z</time>
      </trkpt>
      <trkpt lat="2.805220066" lon="101.699758424">
        <ele>5.689</ele>
        <time>2026-05-08T00:45:02.000Z</time>
      </trkpt>
      <trkpt lat="2.744303495" lon="101.685546404">
        <ele>2.475</ele>
        <time>2026-05-08T00:55:45.000Z</time>
      </trkpt>
      <trkpt lat="2.757879538" lon="101.701429272">
        <ele>8.122</ele>
        <time>2026-05-08T01:50:40.000Z</time>
      </trkpt>
      <trkpt lat="2.761125052" lon="101.702635428">
        <ele>13.1</ele>
        <time>2026-05-08T01:59:59.000Z</time>
      </trkpt>
      <trkpt lat="2.754893474" lon="101.703614152">
        <ele>20.822</ele>
        <time>2026-05-08T02:04:58.000Z</time>
      </trkpt>
      <trkpt lat="2.752809527" lon="101.705275497">
        <ele>27.307</ele>
        <time>2026-05-08T02:20:30.000Z</time>
      </trkpt>
    </trkseg>
  </trk>
</gpx>
