<?xml version="1.0" encoding="UTF-8"?>
<gpx version="1.1" creator="GPX Elevation Tool" xmlns="http://www.topografix.com/GPX/1/1">
  <wpt lat="47.5010687" lon="8.7527567">
    <ele>451</ele>
    <name>Winterthur</name>
  </wpt>
  <wpt lat="47.5012167" lon="8.7528224">
    <ele>451</ele>
    <name>Winterthur</name>
  </wpt>
  <wpt lat="47.500835" lon="8.7528482">
    <ele>451</ele>
    <name>Winterthur</name>
  </wpt>
  <wpt lat="47.5008775012964" lon="8.752374286633579">
    <ele>451</ele>
    <name>Winterthur</name>
  </wpt>
  <wpt lat="47.492482" lon="8.7419271">
    <ele>448</ele>
    <name>Winterthur</name>
  </wpt>
  <wpt lat="47.49243637324667" lon="8.741965525351825">
    <name>Marthalen</name>
  </wpt>
  <wpt lat="47.5250099" lon="8.7086948">
    <ele>443</ele>
    <name>Seuzach</name>
  </wpt>
  <wpt lat="47.20993177153334" lon="8.182580795073754">
    <ele>661</ele>
    <name>Gunzwil</name>
  </wpt>
  <wpt lat="46.96444119765685" lon="8.380843375587235">
    <ele>453</ele>
    <name>Stans</name>
  </wpt>
  <wpt lat="44.18903872563272" lon="12.416553871284119">
    <name>Cesenatico</name>
  </wpt>
  <wpt lat="39.84582100615293" lon="20.8125365993085">
    <ele>773</ele>
    <name>Zagori Municipality</name>
  </wpt>
  <wpt lat="39.730688939513236" lon="21.650555322438578">
    <ele>651</ele>
    <name>Meteora</name>
  </wpt>
  <wpt lat="39.98172787487505" lon="23.661638405196054">
    <name>Glarokavos Beach</name>
  </wpt>
  <wpt lat="40.93309366613713" lon="26.328944228614056">
    <name>İpsala</name>
  </wpt>
  <wpt lat="38.42379531372858" lon="29.304763564989557">
    <ele>696</ele>
    <name>Ulubey</name>
  </wpt>
  <wpt lat="37.73384111894479" lon="30.111256262497395">
    <name>Burdur</name>
  </wpt>
  <wpt lat="38.65613769999999" lon="34.820250000000016">
    <ele>1131</ele>
    <name>Göreme</name>
  </wpt>
  <wpt lat="38.6478261" lon="34.8291282">
    <ele>1111</ele>
    <name>Göreme</name>
  </wpt>
  <wpt lat="39.73320588907918" lon="39.613209867852625">
    <name>Erzincan</name>
  </wpt>
  <wpt lat="40.7752046" lon="41.7434694">
    <name>Yusufeli</name>
  </wpt>
  <wpt lat="41.6529184" lon="41.6408208">
    <ele>6</ele>
    <name>Batumi</name>
  </wpt>
  <wpt lat="41.95191155910079" lon="42.0583533441619">
    <ele>118</ele>
    <name>Ozurgeti</name>
  </wpt>
  <wpt lat="42.31710217841405" lon="42.58498967800772">
    <name>Tskaltubo</name>
  </wpt>
  <wpt lat="42.25781909280952" lon="42.66759334057901">
    <name>Kutaisi</name>
  </wpt>
  <wpt lat="42.2847868" lon="43.2163601">
    <ele>563</ele>
    <name>Didi Katskhi</name>
  </wpt>
  <wpt lat="41.37878929734358" lon="43.28760182489016">
    <name>Vardzia</name>
  </wpt>
  <wpt lat="41.659315893288124" lon="44.61670931641718">
    <ele>1415</ele>
    <name>Tbilisi</name>
  </wpt>
  <wpt lat="42.58067666000842" lon="44.46505231684026">
    <name>Kazbegi Municipality</name>
  </wpt>
  <wpt lat="42.6644434" lon="44.6151325">
    <name>Stepansminda</name>
  </wpt>
  <wpt lat="42.7518386717858" lon="44.62681939466025">
    <ele>1203</ele>
    <name>Vladikavkaz</name>
  </wpt>
  <wpt lat="46.34856383233231" lon="48.019459409202426">
    <name>Astrakhan</name>
  </wpt>
  <wpt lat="47.12157879960455" lon="50.84475455810394">
    <name>Isatayskiy</name>
  </wpt>
  <wpt lat="47.928399720799405" lon="54.22823647186354">
    <ele>83</ele>
    <name>Мұқыр ауылдық округі</name>
  </wpt>
  <wpt lat="50.177963012876155" lon="57.28928072383375">
    <name>Aktöbe</name>
  </wpt>
  <wpt lat="48.5190806" lon="61.0903742">
    <name>Irgizskiy</name>
  </wpt>
  <wpt lat="45.759529941219675" lon="63.75465114618751">
    <ele>93</ele>
    <name>Karmakshy District</name>
  </wpt>
  <wpt lat="43.29614792954484" lon="68.28392772010368">
    <name>Turkestan</name>
  </wpt>
  <wpt lat="41.01615149389095" lon="68.71646266048593">
    <name>Saryagashskiy</name>
  </wpt>
  <wpt lat="39.859515" lon="67.511954">
    <ele>817</ele>
    <name>Jizzakh</name>
  </wpt>
  <wpt lat="39.8596488" lon="67.5119631">
    <name>Jizzakh</name>
  </wpt>
  <wpt lat="39.6644802" lon="66.9861853">
    <ele>708</ele>
    <name>Samarkand City</name>
  </wpt>
  <wpt lat="39.07849312171668" lon="68.35930678248941">
    <ele>2205</ele>
    <name>Iskanderkul</name>
  </wpt>
  <wpt lat="38.68407230362173" lon="68.79114082089512">
    <name>Dushanbe</name>
  </wpt>
  <wpt lat="38.0403065" lon="70.3637865">
    <name>Darvoz District</name>
  </wpt>
  <wpt lat="37.9123581" lon="71.3890069">
    <ele>1961</ele>
    <name>Vamd</name>
  </wpt>
  <wpt lat="37.998576162380246" lon="71.74972365310306">
    <name>Bartang Valley - Jizeu valley Trak</name>
  </wpt>
  <wpt lat="37.136288546060335" lon="72.73426492705265">
    <ele>3458</ele>
    <name>Pamirhighway / Wakhan Valley</name>
  </wpt>
  <wpt lat="37.23439450180493" lon="72.83927422073688">
    <name>Ishkoshim District</name>
  </wpt>
  <wpt lat="37.75120563666422" lon="72.98946971498921">
    <ele>3757</ele>
    <name>Yashikul</name>
  </wpt>
  <wpt lat="38.56081816716217" lon="73.59664488789056">
    <name>Ak-Bailtal</name>
  </wpt>
  <wpt lat="39.60305415097587" lon="73.24192143052187">
    <ele>3262</ele>
    <name>Alai</name>
  </wpt>
  <wpt lat="39.50297271836524" lon="72.93232661678728">
    <name>Alay District</name>
  </wpt>
  <wpt lat="41.25983353708057" lon="73.59817100695669">
    <ele>1987</ele>
    <name>Tossor-Pass</name>
  </wpt>
  <wpt lat="41.50287589897879" lon="74.73785842039146">
    <name>Ak-Talaa</name>
  </wpt>
  <wpt lat="41.76567309539929" lon="75.16292028136101">
    <ele>3059</ele>
    <name>Song - Kul</name>
  </wpt>
  <wpt lat="41.76567309539929" lon="75.16292028136101">
    <name>Song -Kul</name>
  </wpt>
  <wpt lat="41.75780215304509" lon="75.16911434016671">
    <name>Ak-Talaa District</name>
  </wpt>
  <wpt lat="42.3332099" lon="78.2415184">
    <ele>2064</ele>
    <name>7 Bulls hill & a broken heart </name>
  </wpt>
  <wpt lat="43.27837334949828" lon="77.19242261729873">
    <name>Talgar</name>
  </wpt>
  <wpt lat="43.2363924" lon="76.9457275">
    <ele>890</ele>
    <name>Almaty</name>
  </wpt>
  <wpt lat="43.2363924" lon="76.9457275">
    <name>looking back...over my shoulder - dieses Mal nach Georgien...</name>
  </wpt>
  <wpt lat="43.2363924" lon="76.9457275">
    <name>...der Versuch eines "best of" der "Stan-Länder"...</name>
  </wpt>
  <wpt lat="43.27892728585983" lon="77.1915684256433">
    <ele>1096</ele>
    <name>"Little-Alma-Ata"</name>
  </wpt>
  <wpt lat="43.2363924" lon="76.9457275">
    <name>Almaty ...zwischen himmelhochjauchzend bis zu todebetrübt..."</name>
  </wpt>
  <wpt lat="44.15808794308572" lon="80.39159472938464">
    <name>Grenzübergang Khorgas</name>
  </wpt>
  <wpt lat="44.419184875774135" lon="84.86960907011644">
    <ele>500</ele>
    <name>Kuytun City</name>
  </wpt>
  <wpt lat="47.35187548682778" lon="87.83437807121112">
    <name>Beitun City</name>
  </wpt>
  <wpt lat="46.143150828855724" lon="90.98720650438189">
    <ele>1134</ele>
    <name>Taykeshken Town</name>
  </wpt>
  <wpt lat="46.14204631920836" lon="90.99479461701415">
    <name>Bulgan</name>
  </wpt>
  <wpt lat="46.311716004317915" lon="91.41691496604254">
    <name>Bulgan</name>
  </wpt>
  <wpt lat="46.76909743346904" lon="92.70475373612038">
    <ele>2056</ele>
    <name>Most</name>
  </wpt>
  <wpt lat="47.45883374049677" lon="92.31333193295163">
    <name>Manhan</name>
  </wpt>
  <wpt lat="47.66376853459296" lon="93.62127553680317">
    <name>Dorgon Nuur I</name>
  </wpt>
  <wpt lat="47.6492076181319" lon="93.61754768536763">
    <ele>1133</ele>
    <name>Dorgon Nuur II</name>
  </wpt>
  <wpt lat="47.6492076181319" lon="93.61754768536763">
    <name>Dorgon Nuur III</name>
  </wpt>
  <wpt lat="47.4064395" lon="95.9000095">
    <ele>1456</ele>
    <name>Aldarkhaan</name>
  </wpt>
  <wpt lat="48.10618453614042" lon="99.18925191440373">
    <name>Tariat</name>
  </wpt>
  <wpt lat="48.15672481437042" lon="100.28202303694587">
    <ele>1858</ele>
    <name>Tariat</name>
  </wpt>
  <wpt lat="48.10931148943315" lon="100.29149777265292">
    <name>Tariat</name>
  </wpt>
  <wpt lat="47.19175808601751" lon="102.83556975433866">
    <ele>1480</ele>
    <name>Kharkhorin</name>
  </wpt>
  <wpt lat="47.80161039039407" lon="105.88976344114829">
    <name>Argalant</name>
  </wpt>
  <wpt lat="47.91231592082004" lon="106.84772242877385">
    <ele>1278</ele>
    <name>Ulaanbaatar</name>
  </wpt>
  <wpt lat="47.91361444872391" lon="106.86958485135642">
    <name>Ulan Bator</name>
  </wpt>
  <wpt lat="47.91467133357034" lon="106.91083052028522">
    <ele>1296</ele>
    <name>Ulan Bator</name>
  </wpt>
  <wpt lat="47.915083515871615" lon="106.89864791399029">
    <name>Ulan Bator</name>
  </wpt>
  <wpt lat="47.91508349999996" lon="106.89864790000007">
    <ele>1295</ele>
    <name>Ulaanbaatar</name>
  </wpt>
  <wpt lat="47.88728393693478" lon="107.07455530077098">
    <ele>1326</ele>
    <name>Ulaanbaatar</name>
  </wpt>
  <wpt lat="47.85429681045189" lon="106.78004607295006">
    <name>Ulaanbaatar  - zum Letzten...</name>
  </wpt>
  <wpt lat="46.90659802877057" lon="102.48378857048459">
    <ele>1591</ele>
    <name>Bat-Ölzii</name>
  </wpt>
  <wpt lat="45.3078644677991" lon="102.38041706288254">
    <name>Guchin-Us</name>
  </wpt>
  <wpt lat="43.97573176775498" lon="101.48348537283157">
    <ele>961</ele>
    <name>Bayanlig</name>
  </wpt>
  <wpt lat="43.4977546" lon="99.815643">
    <ele>991</ele>
    <name>Gurvantes</name>
  </wpt>
  <wpt lat="43.4743656" lon="99.8309628">
    <name>Gurvantes</name>
  </wpt>
  <wpt lat="43.353631" lon="102.6652138">
    <ele>1446</ele>
    <name>Sevrei</name>
  </wpt>
  <wpt lat="43.574897" lon="104.0765739">
    <name>Hanongor I</name>
  </wpt>
  <wpt lat="43.5748498" lon="104.0765121">
    <ele>1952</ele>
    <name>Hanongor II</name>
  </wpt>
  <wpt lat="43.5885047" lon="104.4324127">
    <ele>1447</ele>
    <name>Dalanzadgad</name>
  </wpt>
  <wpt lat="43.5884641" lon="104.4320698">
    <name>Dalanzadgad</name>
  </wpt>
  <wpt lat="47.89526081648459" lon="106.8830452860397">
    <name>Ulaanbaatar</name>
  </wpt>
  <wpt lat="47.897678708841056" lon="106.8894829560856">
    <ele>1288</ele>
    <name>Ulaanbaatar</name>
  </wpt>
  <wpt lat="44.9356974" lon="110.1377584">
    <name>Saynshand</name>
  </wpt>
  <wpt lat="43.7121983" lon="111.9081379">
    <ele>958</ele>
    <name>Zamiin uud</name>
  </wpt>
  <trk>
    <trkseg>
      <trkpt lat="47.5011455" lon="8.752758">
        <ele>451</ele>
      </trkpt>
      <trkpt lat="47.5010177" lon="8.7526905">
        <ele>451</ele>
      </trkpt>
      <trkpt lat="47.5060774" lon="8.7579491">
        <ele>454</ele>
      </trkpt>
      <trkpt lat="47.5251618" lon="8.7070926">
        <ele>434</ele>
      </trkpt>
      <trkpt lat="47.58892647863179" lon="8.69021093060747">
        <ele>421</ele>
      </trkpt>
      <trkpt lat="47.6294826" lon="8.672559">
        <ele>425</ele>
      </trkpt>
      <trkpt lat="47.6824809" lon="8.6164619">
      </trkpt>
      <trkpt lat="47.70130378633277" lon="8.548367128009952">
        <ele>472</ele>
      </trkpt>
      <trkpt lat="47.7077195" lon="8.5290466">
      </trkpt>
      <trkpt lat="47.72906" lon="8.4860609">
      </trkpt>
      <trkpt lat="47.75169756940222" lon="8.700309173021395">
        <ele>450</ele>
      </trkpt>
      <trkpt lat="47.5055919" lon="8.7282552">
      </trkpt>
      <trkpt lat="47.4998589" lon="8.7538578">
      </trkpt>
      <trkpt lat="47.5005724" lon="8.7518038">
        <ele>452</ele>
      </trkpt>
      <trkpt lat="47.5559374" lon="8.7700014">
      </trkpt>
      <trkpt lat="47.5003447" lon="8.7518473">
      </trkpt>
      <trkpt lat="47.4983935" lon="8.750618">
        <ele>450</ele>
      </trkpt>
      <trkpt lat="47.4932665" lon="8.7419576">
        <ele>448</ele>
      </trkpt>
      <trkpt lat="47.4952539" lon="8.7509088">
      </trkpt>
      <trkpt lat="47.5011525" lon="8.7530271">
      </trkpt>
      <trkpt lat="47.500569610939344" lon="8.752019963251492">
        <ele>452</ele>
      </trkpt>
      <trkpt lat="47.50111361309631" lon="8.752595785657817">
      </trkpt>
      <trkpt lat="47.5227743" lon="8.7728169">
      </trkpt>
      <trkpt lat="47.5390093" lon="8.7911198">
        <ele>463</ele>
      </trkpt>
      <trkpt lat="47.50051318614828" lon="8.753241657825624">
      </trkpt>
      <trkpt lat="47.5183974" lon="8.720164">
        <ele>466</ele>
      </trkpt>
      <trkpt lat="47.5003425" lon="8.7301404">
      </trkpt>
      <trkpt lat="47.50004831300135" lon="8.727497939195706">
        <ele>444</ele>
      </trkpt>
      <trkpt lat="47.4962673" lon="8.7499152">
      </trkpt>
      <trkpt lat="47.500656883065915" lon="8.75294264286366">
        <ele>451</ele>
      </trkpt>
      <trkpt lat="47.500378" lon="8.7517698">
      </trkpt>
      <trkpt lat="47.5006706" lon="8.752844">
        <ele>451</ele>
      </trkpt>
      <trkpt lat="47.4982272" lon="8.727045">
        <ele>446</ele>
      </trkpt>
      <trkpt lat="47.500835" lon="8.7528482">
        <ele>451</ele>
      </trkpt>
      <trkpt lat="47.4982523" lon="8.727081">
        <ele>446</ele>
      </trkpt>
      <trkpt lat="47.5006487" lon="8.7272438">
      </trkpt>
      <trkpt lat="47.5013005" lon="8.7246656">
        <ele>442</ele>
      </trkpt>
      <trkpt lat="47.5012568" lon="8.7533689">
      </trkpt>
      <trkpt lat="47.5003528" lon="8.751868">
      </trkpt>
      <trkpt lat="47.50080566538129" lon="8.75272844401782">
        <ele>451</ele>
      </trkpt>
      <trkpt lat="47.5003662109375" lon="8.752520896686109">
        <ele>451</ele>
      </trkpt>
      <trkpt lat="47.50097450117529" lon="8.752362831951526">
      </trkpt>
      <trkpt lat="47.50665230711268" lon="8.758329301115218">
      </trkpt>
      <trkpt lat="47.539089630267064" lon="8.791188187916426">
        <ele>463</ele>
      </trkpt>
      <trkpt lat="47.533459884240514" lon="8.742022607066218">
      </trkpt>
      <trkpt lat="47.52108216513597" lon="8.657636759187069">
        <ele>392</ele>
      </trkpt>
      <trkpt lat="47.51888332194669" lon="8.637057215920526">
        <ele>382</ele>
      </trkpt>
      <trkpt lat="47.52027553880796" lon="8.65789497479365">
      </trkpt>
      <trkpt lat="47.52089430212186" lon="8.65785999434001">
      </trkpt>
      <trkpt lat="47.53407264584625" lon="8.782009052673628">
        <ele>482</ele>
      </trkpt>
      <trkpt lat="47.539111224483634" lon="8.791227594693813">
      </trkpt>
      <trkpt lat="47.54357332427882" lon="8.787889856496841">
        <ele>440</ele>
      </trkpt>
      <trkpt lat="47.62324393133065" lon="8.795492411466634">
      </trkpt>
      <trkpt lat="47.63182180238123" lon="8.800963298367918">
        <ele>447</ele>
      </trkpt>
      <trkpt lat="47.60051266651318" lon="8.803096322113285">
      </trkpt>
      <trkpt lat="47.50696640757825" lon="8.758723109912985">
        <ele>456</ele>
      </trkpt>
      <trkpt lat="47.5009588554361" lon="8.723379465022033">
      </trkpt>
      <trkpt lat="47.51340949550764" lon="8.721803573838521">
        <ele>458</ele>
      </trkpt>
      <trkpt lat="47.625190399894436" lon="8.651009364305104">
      </trkpt>
      <trkpt lat="47.62233365165491" lon="8.679008314508067">
        <ele>407</ele>
      </trkpt>
      <trkpt lat="47.499635112086686" lon="8.7335115128897">
      </trkpt>
      <trkpt lat="47.49243637324667" lon="8.741965525351825">
        <ele>448</ele>
      </trkpt>
      <trkpt lat="47.49628381808055" lon="8.735941350468188">
      </trkpt>
      <trkpt lat="47.4493832560698" lon="8.70096257888591">
      </trkpt>
      <trkpt lat="47.51516175044011" lon="8.683674331230021">
        <ele>413</ele>
      </trkpt>
      <trkpt lat="47.508574429604415" lon="8.676624688218954">
      </trkpt>
      <trkpt lat="47.51528760422721" lon="8.685196135201197">
      </trkpt>
      <trkpt lat="47.602490908462585" lon="8.68848487622475">
        <ele>386</ele>
      </trkpt>
      <trkpt lat="47.62273122135345" lon="8.648510684291393">
      </trkpt>
      <trkpt lat="47.60885923173987" lon="8.675340190537902">
        <ele>401</ele>
      </trkpt>
      <trkpt lat="47.55612265660541" lon="8.770057818741732">
      </trkpt>
      <trkpt lat="47.540179719429396" lon="8.790527465555925">
        <ele>449</ele>
      </trkpt>
      <trkpt lat="47.52698654811719" lon="8.734633365864195">
        <ele>466</ele>
      </trkpt>
      <trkpt lat="47.475496752507276" lon="8.704629033022833">
      </trkpt>
      <trkpt lat="47.40843947756792" lon="8.588970152376156">
      </trkpt>
      <trkpt lat="47.41340599936445" lon="8.433997811502714">
        <ele>405</ele>
      </trkpt>
      <trkpt lat="47.43797636595316" lon="8.348578317098644">
      </trkpt>
      <trkpt lat="47.413864540323" lon="8.220851566693268">
        <ele>420</ele>
      </trkpt>
      <trkpt lat="47.38986937336689" lon="8.181121380578439">
        <ele>402</ele>
      </trkpt>
      <trkpt lat="47.35570755042937" lon="8.16151124479509">
      </trkpt>
      <trkpt lat="47.28612716645256" lon="8.199347018229298">
        <ele>524</ele>
      </trkpt>
      <trkpt lat="47.246047589722956" lon="8.184812624210837">
      </trkpt>
      <trkpt lat="47.211574573800014" lon="8.1921622729833">
      </trkpt>
      <trkpt lat="47.210507257117925" lon="8.183650782846668">
        <ele>651</ele>
      </trkpt>
      <trkpt lat="47.210710122084876" lon="8.18373236809336">
        <ele>651</ele>
      </trkpt>
      <trkpt lat="47.20674387649363" lon="8.189323841016288">
        <ele>652</ele>
      </trkpt>
      <trkpt lat="47.1263822095383" lon="8.24352129998558">
        <ele>586</ele>
      </trkpt>
      <trkpt lat="47.09446878146266" lon="8.256718139272968">
        <ele>523</ele>
      </trkpt>
      <trkpt lat="47.091606573580805" lon="8.252237474046675">
        <ele>521</ele>
      </trkpt>
      <trkpt lat="47.08309356919768" lon="8.276931313412671">
      </trkpt>
      <trkpt lat="47.03677059404401" lon="8.295300413606622">
        <ele>465</ele>
      </trkpt>
      <trkpt lat="46.96465326943152" lon="8.38158499450272">
      </trkpt>
      <trkpt lat="46.86508723663797" lon="8.632143900656422">
        <ele>451</ele>
      </trkpt>
      <trkpt lat="46.758449162430026" lon="8.651869619787748">
      </trkpt>
      <trkpt lat="46.70813791370266" lon="8.605842645589624">
        <ele>844</ele>
      </trkpt>
      <trkpt lat="46.488659182071316" lon="8.764324656423804">
      </trkpt>
      <trkpt lat="46.447104903235726" lon="8.830145982581344">
        <ele>627</ele>
      </trkpt>
      <trkpt lat="46.32687021051161" lon="8.979282425372046">
      </trkpt>
      <trkpt lat="46.17664934605935" lon="8.995400229477319">
        <ele>220</ele>
      </trkpt>
      <trkpt lat="46.096360688140706" lon="8.92761058174905">
      </trkpt>
      <trkpt lat="46.03497177793251" lon="8.928792756963794">
        <ele>312</ele>
      </trkpt>
      <trkpt lat="45.98357270706515" lon="8.933073089870392">
        <ele>312</ele>
      </trkpt>
      <trkpt lat="45.87719079116733" lon="8.979488395513343">
      </trkpt>
      <trkpt lat="45.83924092982599" lon="9.025630172343924">
        <ele>240</ele>
      </trkpt>
      <trkpt lat="45.838788379772524" lon="9.031313259717887">
      </trkpt>
      <trkpt lat="45.84090496417679" lon="9.04193077237256">
        <ele>265</ele>
      </trkpt>
      <trkpt lat="45.77430680398435" lon="9.048893200242006">
      </trkpt>
      <trkpt lat="45.65287588705798" lon="9.014902412195488">
        <ele>237</ele>
      </trkpt>
      <trkpt lat="45.56205634136041" lon="9.033956024895602">
        <ele>171</ele>
      </trkpt>
      <trkpt lat="45.46358865599471" lon="9.076049051497025">
        <ele>129</ele>
      </trkpt>
      <trkpt lat="45.40925568286568" lon="9.108697093663084">
        <ele>108</ele>
      </trkpt>
      <trkpt lat="45.37771315783763" lon="9.276173952975567">
        <ele>96</ele>
      </trkpt>
      <trkpt lat="45.258246272843856" lon="9.473191252202225">
        <ele>70</ele>
      </trkpt>
      <trkpt lat="45.18969125377559" lon="9.564056681701599">
        <ele>61</ele>
      </trkpt>
      <trkpt lat="45.05129355956523" lon="9.748166243465802">
        <ele>47</ele>
      </trkpt>
      <trkpt lat="45.03834506778357" lon="9.745118117514163">
        <ele>53</ele>
      </trkpt>
      <trkpt lat="45.02892698958755" lon="9.68340260724019">
        <ele>63</ele>
      </trkpt>
      <trkpt lat="44.94531430678058" lon="9.635776093670328">
      </trkpt>
      <trkpt lat="44.91266043923758" lon="9.59692295999742">
        <ele>138</ele>
      </trkpt>
      <trkpt lat="44.9081354205476" lon="9.59112135115721">
      </trkpt>
      <trkpt lat="44.941430278164276" lon="9.632625365638763">
        <ele>128</ele>
      </trkpt>
      <trkpt lat="45.026528872964974" lon="9.680668072533297">
        <ele>65</ele>
      </trkpt>
      <trkpt lat="45.03722730684963" lon="9.76213802621678">
        <ele>50</ele>
      </trkpt>
      <trkpt lat="44.95765030853912" lon="9.916597288111147">
        <ele>65</ele>
      </trkpt>
      <trkpt lat="44.89610279259918" lon="10.048504612927227">
      </trkpt>
      <trkpt lat="44.88006920854974" lon="10.149876239365096">
      </trkpt>
      <trkpt lat="44.81897207566063" lon="10.399517631403356">
        <ele>34</ele>
      </trkpt>
      <trkpt lat="44.73211633100363" lon="10.615823716754125">
        <ele>47</ele>
      </trkpt>
      <trkpt lat="44.71099739423501" lon="10.716079120290047">
        <ele>39</ele>
      </trkpt>
      <trkpt lat="44.51866698003507" lon="11.168963283583423">
      </trkpt>
      <trkpt lat="44.523880365346116" lon="11.286482736478826">
        <ele>36</ele>
      </trkpt>
      <trkpt lat="44.500598110793234" lon="11.384650748322144">
      </trkpt>
      <trkpt lat="44.42746697929169" lon="11.598090212802958">
        <ele>53</ele>
      </trkpt>
      <trkpt lat="44.245301527012366" lon="12.113935332756595">
      </trkpt>
      <trkpt lat="44.16748565625788" lon="12.283483548101302">
        <ele>17</ele>
      </trkpt>
      <trkpt lat="44.19033502967445" lon="12.408743832422335">
      </trkpt>
      <trkpt lat="44.18902844660374" lon="12.414901899185418">
        <ele>1</ele>
      </trkpt>
      <trkpt lat="44.16706340840243" lon="12.425213636219903">
        <ele>1</ele>
      </trkpt>
      <trkpt lat="44.158779674554516" lon="12.433075005055965">
        <ele>2</ele>
      </trkpt>
      <trkpt lat="44.151973272197495" lon="12.442305422224765">
        <ele>-4</ele>
      </trkpt>
      <trkpt lat="44.08799804254937" lon="12.476614579186645">
      </trkpt>
      <trkpt lat="43.985288295687845" lon="12.640946059828547">
        <ele>17</ele>
      </trkpt>
      <trkpt lat="43.89937123378127" lon="12.86333886798817">
        <ele>8</ele>
      </trkpt>
      <trkpt lat="43.797609013648504" lon="13.076114630135365">
      </trkpt>
      <trkpt lat="43.68121398616925" lon="13.262242069480253">
        <ele>70</ele>
      </trkpt>
      <trkpt lat="43.595916107098155" lon="13.357095842592654">
      </trkpt>
      <trkpt lat="43.58860085419927" lon="13.492093759092693">
        <ele>109</ele>
      </trkpt>
      <trkpt lat="43.59763571209194" lon="13.509579089632586">
      </trkpt>
      <trkpt lat="43.6127235487008" lon="13.499957463520047">
        <ele>2</ele>
      </trkpt>
      <trkpt lat="43.617568215896014" lon="13.506842309607904">
      </trkpt>
      <trkpt lat="41.40297905080151" lon="17.226783530802678">
      </trkpt>
      <trkpt lat="41.38356743093393" lon="17.255297252362737">
      </trkpt>
      <trkpt lat="41.36405854796104" lon="17.283693325002506">
      </trkpt>
      <trkpt lat="41.3445500612569" lon="17.311899051016802">
      </trkpt>
      <trkpt lat="41.32505256547554" lon="17.340249637501003">
      </trkpt>
      <trkpt lat="41.30561750643216" lon="17.368544953357052">
      </trkpt>
      <trkpt lat="41.28622866220824" lon="17.396831216748172">
      </trkpt>
      <trkpt lat="41.26621224737089" lon="17.425231904403518">
      </trkpt>
      <trkpt lat="41.246653789631445" lon="17.45307690783032">
      </trkpt>
      <trkpt lat="41.223903456506804" lon="17.484704750499777">
      </trkpt>
      <trkpt lat="41.20438088057142" lon="17.51274739541429">
      </trkpt>
      <trkpt lat="41.1778129684191" lon="17.549781091527592">
      </trkpt>
      <trkpt lat="41.13319517693075" lon="17.61320753579257">
      </trkpt>
      <trkpt lat="41.08056579254668" lon="17.68388961443462">
      </trkpt>
      <trkpt lat="41.06011083671617" lon="17.710898748434">
      </trkpt>
      <trkpt lat="41.03968305767741" lon="17.737961065342873">
      </trkpt>
      <trkpt lat="41.0194179228022" lon="17.76526692845106">
      </trkpt>
      <trkpt lat="40.99951103323333" lon="17.79307025416863">
      </trkpt>
      <trkpt lat="40.04987061027442" lon="19.611178664508845">
      </trkpt>
      <trkpt lat="40.03111486174131" lon="19.640380629549693">
      </trkpt>
      <trkpt lat="40.01077863850129" lon="19.67241656441014">
      </trkpt>
      <trkpt lat="39.99181015064749" lon="19.70052090401925">
      </trkpt>
      <trkpt lat="39.86654816199081" lon="19.884772365931312">
      </trkpt>
      <trkpt lat="39.842500397972614" lon="19.91981199013062">
      </trkpt>
      <trkpt lat="39.82307697032447" lon="19.948590425415624">
      </trkpt>
      <trkpt lat="39.8012095898368" lon="19.97328874980888">
      </trkpt>
      <trkpt lat="39.45425639241815" lon="20.275108485946916">
      </trkpt>
      <trkpt lat="39.42396100148505" lon="20.31393871644541">
        <ele>32</ele>
      </trkpt>
      <trkpt lat="39.44422465593242" lon="20.384399559624967">
      </trkpt>
      <trkpt lat="39.54040013723032" lon="20.67388295197922">
        <ele>314</ele>
      </trkpt>
      <trkpt lat="39.61017772252166" lon="20.85780599859178">
      </trkpt>
      <trkpt lat="39.58401461601218" lon="20.86259974168694">
        <ele>486</ele>
      </trkpt>
      <trkpt lat="39.589365175931476" lon="20.86190655400548">
      </trkpt>
      <trkpt lat="39.62419124563976" lon="20.850955086033345">
        <ele>475</ele>
      </trkpt>
      <trkpt lat="39.62413616963386" lon="20.833170978999398">
        <ele>559</ele>
      </trkpt>
      <trkpt lat="39.62738411672765" lon="20.85796234799177">
        <ele>475</ele>
      </trkpt>
      <trkpt lat="39.58489276723187" lon="20.862565690842942">
        <ele>486</ele>
      </trkpt>
      <trkpt lat="39.65338182173637" lon="20.82935853863212">
        <ele>482</ele>
      </trkpt>
      <trkpt lat="39.721008399538434" lon="20.78475222924797">
      </trkpt>
      <trkpt lat="39.81484456685579" lon="20.723575717078216">
        <ele>819</ele>
      </trkpt>
      <trkpt lat="39.857623845909714" lon="20.774905531511628">
      </trkpt>
      <trkpt lat="39.86379923919693" lon="20.775832290387">
        <ele>756</ele>
      </trkpt>
      <trkpt lat="39.84761934970728" lon="20.809077995808487">
      </trkpt>
      <trkpt lat="39.84582047947373" lon="20.812601855927593">
        <ele>773</ele>
      </trkpt>
      <trkpt lat="39.86226792553858" lon="20.785839912496">
      </trkpt>
      <trkpt lat="39.8612535570552" lon="20.774298650624935">
        <ele>745</ele>
      </trkpt>
      <trkpt lat="39.86388364812471" lon="20.79322951386427">
        <ele>754</ele>
      </trkpt>
      <trkpt lat="39.8458375556931" lon="20.81271605566008">
        <ele>784</ele>
      </trkpt>
      <trkpt lat="39.86253929851966" lon="20.774769714869137">
        <ele>723</ele>
      </trkpt>
      <trkpt lat="39.838056728899915" lon="20.74774748544233">
        <ele>846</ele>
      </trkpt>
      <trkpt lat="39.7867688014803" lon="20.738825831693568">
        <ele>569</ele>
      </trkpt>
      <trkpt lat="39.67423821328566" lon="20.823606415799397">
        <ele>536</ele>
      </trkpt>
      <trkpt lat="39.65926063447726" lon="20.8407206281303">
        <ele>534</ele>
      </trkpt>
      <trkpt lat="39.634942916569095" lon="20.83709749909413">
        <ele>478</ele>
      </trkpt>
      <trkpt lat="39.6015422651913" lon="20.92843565160495">
        <ele>482</ele>
      </trkpt>
      <trkpt lat="39.75035580675542" lon="21.07859391819653">
      </trkpt>
      <trkpt lat="39.78937090843896" lon="21.267011314650315">
      </trkpt>
      <trkpt lat="39.806139647302146" lon="21.32939955428803">
        <ele>775</ele>
      </trkpt>
      <trkpt lat="39.788556313179235" lon="21.378283510004525">
      </trkpt>
      <trkpt lat="39.769011332129836" lon="21.461797255579175">
        <ele>752</ele>
      </trkpt>
      <trkpt lat="39.73106374967818" lon="21.569287721087754">
      </trkpt>
      <trkpt lat="39.704982777316445" lon="21.62130804475172">
        <ele>222</ele>
      </trkpt>
      <trkpt lat="39.730688939513236" lon="21.650555322438578">
      </trkpt>
      <trkpt lat="39.73101384505656" lon="21.651061747989697">
        <ele>651</ele>
      </trkpt>
      <trkpt lat="39.716560905255704" lon="21.641097215988015">
      </trkpt>
      <trkpt lat="39.6974381106344" lon="21.640156544765123">
        <ele>203</ele>
      </trkpt>
      <trkpt lat="39.60831370415377" lon="21.723234587327443">
        <ele>131</ele>
      </trkpt>
      <trkpt lat="39.565353440157665" lon="21.778575964292305">
        <ele>105</ele>
      </trkpt>
      <trkpt lat="39.56629688179848" lon="21.81445337094817">
        <ele>101</ele>
      </trkpt>
      <trkpt lat="39.58153809890112" lon="22.02764589341546">
      </trkpt>
      <trkpt lat="39.6128813876208" lon="22.22381008791013">
        <ele>81</ele>
      </trkpt>
      <trkpt lat="39.631061128510055" lon="22.35615817917698">
      </trkpt>
      <trkpt lat="39.64624215028283" lon="22.427878933464044">
      </trkpt>
      <trkpt lat="39.80078169614058" lon="22.50030711295316">
        <ele>50</ele>
      </trkpt>
      <trkpt lat="39.850163008123495" lon="22.520549576750508">
      </trkpt>
      <trkpt lat="39.93395500820124" lon="22.644364116734494">
        <ele>8</ele>
      </trkpt>
      <trkpt lat="40.09957553401577" lon="22.557758546287797">
      </trkpt>
      <trkpt lat="40.116622180812364" lon="22.55526501079792">
      </trkpt>
      <trkpt lat="40.23797828409368" lon="22.537036589906016">
        <ele>12</ele>
      </trkpt>
      <trkpt lat="40.287349373139705" lon="22.532036975047113">
      </trkpt>
      <trkpt lat="40.32819530930401" lon="22.581067755839396">
      </trkpt>
      <trkpt lat="40.45372449331028" lon="22.58009025829153">
        <ele>56</ele>
      </trkpt>
      <trkpt lat="40.588032201254144" lon="22.653527288741323">
        <ele>1</ele>
      </trkpt>
      <trkpt lat="40.65287441005942" lon="22.83987734522558">
        <ele>4</ele>
      </trkpt>
      <trkpt lat="40.669410361819914" lon="22.884688809861267">
      </trkpt>
      <trkpt lat="40.66888790369547" lon="22.962134890497087">
        <ele>101</ele>
      </trkpt>
      <trkpt lat="40.66141858235063" lon="22.96807296576255">
      </trkpt>
      <trkpt lat="40.645133511616066" lon="22.968721233543786">
        <ele>196</ele>
      </trkpt>
      <trkpt lat="40.57522301307087" lon="22.982041719857538">
      </trkpt>
      <trkpt lat="40.49928667562485" lon="23.00360067136833">
        <ele>31</ele>
      </trkpt>
      <trkpt lat="40.34340272195669" lon="23.065830012804888">
      </trkpt>
      <trkpt lat="40.201464158573984" lon="23.32677026355959">
        <ele>12</ele>
      </trkpt>
      <trkpt lat="40.149477322512574" lon="23.356120730445816">
      </trkpt>
      <trkpt lat="40.05851388871877" lon="23.460524265580993">
        <ele>15</ele>
      </trkpt>
      <trkpt lat="40.015365847508534" lon="23.5253100728852">
      </trkpt>
      <trkpt lat="39.99696330672555" lon="23.57579635800476">
        <ele>22</ele>
      </trkpt>
      <trkpt lat="39.9818273783721" lon="23.64380856915369">
      </trkpt>
      <trkpt lat="39.97752495539462" lon="23.651228552440514">
        <ele>8</ele>
      </trkpt>
      <trkpt lat="39.981820369176546" lon="23.65574659781871">
      </trkpt>
      <trkpt lat="39.981766139639284" lon="23.661784858194537">
      </trkpt>
      <trkpt lat="39.98269981503937" lon="23.66153559190137">
      </trkpt>
      <trkpt lat="39.97675323000001" lon="23.660076139999994">
      </trkpt>
      <trkpt lat="39.98194064948706" lon="23.66165910849689">
      </trkpt>
      <trkpt lat="39.977239139510935" lon="23.660230917078955">
        <ele>4</ele>
      </trkpt>
      <trkpt lat="39.98189664449544" lon="23.66160269828853">
      </trkpt>
      <trkpt lat="39.97679164457514" lon="23.660086714452444">
        <ele>10</ele>
      </trkpt>
      <trkpt lat="39.98191747352479" lon="23.661517873428444">
      </trkpt>
      <trkpt lat="39.97675323000001" lon="23.66007614">
        <ele>10</ele>
      </trkpt>
      <trkpt lat="39.981954018622616" lon="23.66155047903178">
      </trkpt>
      <trkpt lat="39.976753230000014" lon="23.66007614">
        <ele>10</ele>
      </trkpt>
      <trkpt lat="39.98172787487505" lon="23.661638405196054">
      </trkpt>
      <trkpt lat="39.992613119050965" lon="23.60023526351124">
        <ele>5</ele>
      </trkpt>
      <trkpt lat="40.05040558524435" lon="23.468335624806087">
      </trkpt>
      <trkpt lat="40.06027234256273" lon="23.430989887587195">
      </trkpt>
      <trkpt lat="40.102871563322935" lon="23.397404439769122">
        <ele>80</ele>
      </trkpt>
      <trkpt lat="40.2464011358472" lon="23.306681737325437">
        <ele>40</ele>
      </trkpt>
      <trkpt lat="40.31326286949747" lon="23.44218530689156">
        <ele>165</ele>
      </trkpt>
      <trkpt lat="40.40914810732045" lon="23.42171388680434">
      </trkpt>
      <trkpt lat="40.48606084956958" lon="23.40018166840698">
        <ele>539</ele>
      </trkpt>
      <trkpt lat="40.55887292512335" lon="23.47221590651328">
      </trkpt>
      <trkpt lat="40.62805282195048" lon="23.547278079252735">
      </trkpt>
      <trkpt lat="40.71140705059497" lon="23.68312352043526">
        <ele>57</ele>
      </trkpt>
      <trkpt lat="40.780130554959904" lon="23.794924998678074">
      </trkpt>
      <trkpt lat="40.820400947742925" lon="23.845026651419555">
        <ele>122</ele>
      </trkpt>
      <trkpt lat="40.82491601871945" lon="23.84474883020772">
      </trkpt>
      <trkpt lat="40.82036699511519" lon="23.845023744982825">
        <ele>122</ele>
      </trkpt>
      <trkpt lat="40.82495498" lon="23.84487152">
      </trkpt>
      <trkpt lat="40.820451076460905" lon="23.844962796593432">
        <ele>122</ele>
      </trkpt>
      <trkpt lat="40.823900350407534" lon="23.851968543626228">
      </trkpt>
      <trkpt lat="40.78811704184933" lon="23.965578787051108">
        <ele>73</ele>
      </trkpt>
      <trkpt lat="40.84380971461944" lon="24.11518029833129">
      </trkpt>
      <trkpt lat="40.846550473981395" lon="24.12775260398549">
        <ele>95</ele>
      </trkpt>
      <trkpt lat="40.884913648516765" lon="24.309668233640778">
      </trkpt>
      <trkpt lat="40.96080291640186" lon="24.474456964648958">
        <ele>21</ele>
      </trkpt>
      <trkpt lat="41.00349647974094" lon="24.667722754739074">
      </trkpt>
      <trkpt lat="40.982281680941846" lon="24.694776514693167">
        <ele>17</ele>
      </trkpt>
      <trkpt lat="40.98525081299337" lon="24.700176827632543">
      </trkpt>
      <trkpt lat="41.06825491417299" lon="24.78515029887183">
        <ele>71</ele>
      </trkpt>
      <trkpt lat="41.108021219299275" lon="24.967622151621587">
        <ele>29</ele>
      </trkpt>
      <trkpt lat="41.11660303086146" lon="25.17723402010759">
      </trkpt>
      <trkpt lat="41.105517041907746" lon="25.348774530017142">
        <ele>45</ele>
      </trkpt>
      <trkpt lat="41.013827486933224" lon="25.53275722081357">
      </trkpt>
      <trkpt lat="40.93964767707252" lon="25.667348578425187">
        <ele>155</ele>
      </trkpt>
      <trkpt lat="40.87062208451412" lon="25.799363683933205">
      </trkpt>
      <trkpt lat="40.92885795409019" lon="25.920363157537444">
        <ele>112</ele>
      </trkpt>
      <trkpt lat="40.94196091484065" lon="25.9108755004433">
      </trkpt>
      <trkpt lat="40.92794273518112" lon="25.92133915054232">
        <ele>119</ele>
      </trkpt>
      <trkpt lat="40.91254241302694" lon="25.95327210615012">
      </trkpt>
      <trkpt lat="40.9235812887263" lon="25.981785242947854">
      </trkpt>
      <trkpt lat="40.926060621430665" lon="26.013208267953523">
        <ele>148</ele>
      </trkpt>
      <trkpt lat="40.930219176263485" lon="26.16611000152879">
      </trkpt>
      <trkpt lat="40.944884866514194" lon="26.310993712419933">
      </trkpt>
      <trkpt lat="40.93309366613713" lon="26.328944228614056">
        <ele>7</ele>
      </trkpt>
      <trkpt lat="40.91188183523799" lon="26.364560108656402">
      </trkpt>
      <trkpt lat="40.87925992909901" lon="26.426385277906828">
      </trkpt>
      <trkpt lat="40.8764517927566" lon="26.50322039860833">
        <ele>54</ele>
      </trkpt>
      <trkpt lat="40.87487011893836" lon="26.63570134029109">
      </trkpt>
      <trkpt lat="40.78124974858088" lon="26.68683305385214">
      </trkpt>
      <trkpt lat="40.66588190542912" lon="26.805019465125977">
        <ele>21</ele>
      </trkpt>
      <trkpt lat="40.55145693946681" lon="26.80001783187203">
        <ele>69</ele>
      </trkpt>
      <trkpt lat="40.52467755511451" lon="26.760156182597168">
      </trkpt>
      <trkpt lat="40.41265333540776" lon="26.650149822259927">
      </trkpt>
      <trkpt lat="40.29555329471393" lon="26.521573932715327">
        <ele>10</ele>
      </trkpt>
      <trkpt lat="40.1834290288763" lon="26.359932040820237">
      </trkpt>
      <trkpt lat="40.16766891352848" lon="26.39448417353108">
      </trkpt>
      <trkpt lat="40.150103964880245" lon="26.402533147508652">
      </trkpt>
      <trkpt lat="40.111885970717736" lon="26.40916071234372">
      </trkpt>
      <trkpt lat="39.99765914868563" lon="26.31437664853997">
        <ele>75</ele>
      </trkpt>
      <trkpt lat="39.905944322273044" lon="26.30827738905913">
      </trkpt>
      <trkpt lat="39.767586174458046" lon="26.351349726343855">
      </trkpt>
      <trkpt lat="39.62190576367045" lon="26.407113019401585">
        <ele>288</ele>
      </trkpt>
      <trkpt lat="39.58355675455144" lon="26.490459395597213">
      </trkpt>
      <trkpt lat="39.56975766909441" lon="26.584611206513028">
        <ele>192</ele>
      </trkpt>
      <trkpt lat="39.54785419554488" lon="26.603237108419446">
        <ele>6</ele>
      </trkpt>
      <trkpt lat="39.555484881943734" lon="26.652853317548473">
      </trkpt>
      <trkpt lat="39.5623790482951" lon="26.709554869468516">
        <ele>3</ele>
      </trkpt>
      <trkpt lat="39.570150453409305" lon="26.760802170643846">
      </trkpt>
      <trkpt lat="39.57249364819338" lon="26.841020006711446">
        <ele>12</ele>
      </trkpt>
      <trkpt lat="39.58573512541032" lon="26.87578284046179">
      </trkpt>
      <trkpt lat="39.58681899564709" lon="26.918626206467774">
        <ele>1</ele>
      </trkpt>
      <trkpt lat="39.59817609525896" lon="26.96120251304962">
      </trkpt>
      <trkpt lat="39.616396069660546" lon="26.955128148486654">
        <ele>44</ele>
      </trkpt>
      <trkpt lat="39.62100856766126" lon="26.954997366293554">
      </trkpt>
      <trkpt lat="39.620622671150876" lon="26.955032671933566">
        <ele>45</ele>
      </trkpt>
      <trkpt lat="39.60901166995465" lon="26.967316219124832">
      </trkpt>
      <trkpt lat="39.597495072722" lon="27.009794893067564">
        <ele>22</ele>
      </trkpt>
      <trkpt lat="39.54997076190966" lon="27.090482376541093">
        <ele>32</ele>
      </trkpt>
      <trkpt lat="39.56838260877802" lon="27.264048030331114">
      </trkpt>
      <trkpt lat="39.62948423249062" lon="27.4148143338168">
        <ele>283</ele>
      </trkpt>
      <trkpt lat="39.61811169519985" lon="27.56330762992386">
        <ele>218</ele>
      </trkpt>
      <trkpt lat="39.64401878137858" lon="27.755428553782153">
      </trkpt>
      <trkpt lat="39.651713320091034" lon="27.880655871730184">
        <ele>146</ele>
      </trkpt>
      <trkpt lat="39.643729910900205" lon="27.885597381355105">
      </trkpt>
      <trkpt lat="39.62897195675996" lon="27.881488430862888">
        <ele>148</ele>
      </trkpt>
      <trkpt lat="39.53912189368053" lon="27.89970177589074">
      </trkpt>
      <trkpt lat="39.48183035939745" lon="27.9042074561337">
        <ele>189</ele>
      </trkpt>
      <trkpt lat="39.37786516337894" lon="27.95531307334588">
      </trkpt>
      <trkpt lat="39.24236803319234" lon="27.874324517350527">
        <ele>348</ele>
      </trkpt>
      <trkpt lat="39.09719007559036" lon="27.841956876244247">
      </trkpt>
      <trkpt lat="38.952300832643125" lon="27.835988458271917">
        <ele>108</ele>
      </trkpt>
      <trkpt lat="38.90202404003488" lon="27.798066297571918">
        <ele>88</ele>
      </trkpt>
      <trkpt lat="38.79308473788089" lon="27.899028835844152">
      </trkpt>
      <trkpt lat="38.67062274370218" lon="27.95067334550242">
        <ele>85</ele>
      </trkpt>
      <trkpt lat="38.5663298808674" lon="28.03467558324534">
      </trkpt>
      <trkpt lat="38.499655547870375" lon="28.202858686688675">
        <ele>94</ele>
      </trkpt>
      <trkpt lat="38.522372189945095" lon="28.37833539585432">
      </trkpt>
      <trkpt lat="38.553490298836074" lon="28.47077940593331">
        <ele>677</ele>
      </trkpt>
      <trkpt lat="38.5635968624042" lon="28.555703423943886">
        <ele>796</ele>
      </trkpt>
      <trkpt lat="38.54843873534216" lon="28.673561112981915">
      </trkpt>
      <trkpt lat="38.47756784377382" lon="28.788118710032087">
        <ele>833</ele>
      </trkpt>
      <trkpt lat="38.42774800494167" lon="28.93894281241013">
      </trkpt>
      <trkpt lat="38.441729697136246" lon="29.085823212121948">
      </trkpt>
      <trkpt lat="38.41708503040558" lon="29.246323313953745">
        <ele>744</ele>
      </trkpt>
      <trkpt lat="38.414259261119724" lon="29.29427957548437">
        <ele>727</ele>
      </trkpt>
      <trkpt lat="38.414140536999426" lon="29.300106359399063">
      </trkpt>
      <trkpt lat="38.42388011427828" lon="29.304734125410803">
      </trkpt>
      <trkpt lat="38.41869354" lon="29.304319379999995">
        <ele>673</ele>
      </trkpt>
      <trkpt lat="38.423672558305945" lon="29.304640287239103">
      </trkpt>
      <trkpt lat="38.41865921" lon="29.304325100000003">
        <ele>673</ele>
      </trkpt>
      <trkpt lat="38.42382581908109" lon="29.304757481468194">
      </trkpt>
      <trkpt lat="38.42166750748826" lon="29.299897157357254">
        <ele>737</ele>
      </trkpt>
      <trkpt lat="38.42383009378039" lon="29.304775083560383">
        <ele>696</ele>
      </trkpt>
      <trkpt lat="38.41865921" lon="29.304325099999996">
      </trkpt>
      <trkpt lat="38.42385062951453" lon="29.3047397956525">
        <ele>696</ele>
      </trkpt>
      <trkpt lat="38.41865921" lon="29.304325100000003">
        <ele>673</ele>
      </trkpt>
      <trkpt lat="38.42103576" lon="29.298477170000005">
      </trkpt>
      <trkpt lat="38.418659209999994" lon="29.304325100000003">
        <ele>673</ele>
      </trkpt>
      <trkpt lat="38.42380259271344" lon="29.30472606841979">
        <ele>696</ele>
      </trkpt>
      <trkpt lat="38.42175714492428" lon="29.30076694804573">
      </trkpt>
      <trkpt lat="38.41413990727494" lon="29.300271932191766">
        <ele>680</ele>
      </trkpt>
      <trkpt lat="38.41471083465816" lon="29.29758659566687">
      </trkpt>
      <trkpt lat="38.39239308909777" lon="29.29094143974906">
        <ele>689</ele>
      </trkpt>
      <trkpt lat="38.36387874096479" lon="29.402694571790654">
        <ele>782</ele>
      </trkpt>
      <trkpt lat="38.28028597872544" lon="29.466336853829645">
      </trkpt>
      <trkpt lat="38.163979654235916" lon="29.471852062297494">
        <ele>849</ele>
      </trkpt>
      <trkpt lat="38.08554442170758" lon="29.39698991614045">
      </trkpt>
      <trkpt lat="37.973020091170845" lon="29.43665739187454">
        <ele>888</ele>
      </trkpt>
      <trkpt lat="37.83826581205971" lon="29.41725661980865">
      </trkpt>
      <trkpt lat="37.81430517792498" lon="29.32699525731553">
        <ele>453</ele>
      </trkpt>
      <trkpt lat="37.80714757744018" lon="29.242450688061528">
        <ele>347</ele>
      </trkpt>
      <trkpt lat="37.81900633595681" lon="29.1252441890809">
      </trkpt>
      <trkpt lat="37.74268123291141" lon="29.11019978450865">
        <ele>429</ele>
      </trkpt>
      <trkpt lat="37.692694612117876" lon="29.213504694837987">
      </trkpt>
      <trkpt lat="37.59346164300813" lon="29.26741844977184">
        <ele>946</ele>
      </trkpt>
      <trkpt lat="37.551665492390796" lon="29.29258419203506">
      </trkpt>
      <trkpt lat="37.50913911576681" lon="29.416875614172895">
        <ele>882</ele>
      </trkpt>
      <trkpt lat="37.489663189485896" lon="29.586326889491517">
        <ele>1064</ele>
      </trkpt>
      <trkpt lat="37.53641417803757" lon="29.64016490398327">
        <ele>1167</ele>
      </trkpt>
      <trkpt lat="37.57492927863009" lon="29.641209769556113">
      </trkpt>
      <trkpt lat="37.57383100922678" lon="29.640981225428167">
        <ele>1160</ele>
      </trkpt>
      <trkpt lat="37.591018275237914" lon="29.659331760158423">
        <ele>1179</ele>
      </trkpt>
      <trkpt lat="37.55158739803833" lon="29.71851512675718">
        <ele>1141</ele>
      </trkpt>
      <trkpt lat="37.54240874897173" lon="29.71999218327429">
        <ele>1150</ele>
      </trkpt>
      <trkpt lat="37.5355216954253" lon="29.797728722942804">
        <ele>1154</ele>
      </trkpt>
      <trkpt lat="37.589468588156244" lon="29.985220246044904">
        <ele>921</ele>
      </trkpt>
      <trkpt lat="37.63440321668762" lon="30.158405201537683">
      </trkpt>
      <trkpt lat="37.62986082978548" lon="30.155357225688594">
        <ele>917</ele>
      </trkpt>
      <trkpt lat="37.64908146367563" lon="30.06640318888747">
      </trkpt>
      <trkpt lat="37.73517769459717" lon="30.108810241003273">
        <ele>878</ele>
      </trkpt>
      <trkpt lat="37.73388660050718" lon="30.111265545738963">
      </trkpt>
      <trkpt lat="37.68759022809782" lon="30.05652718345252">
        <ele>923</ele>
      </trkpt>
      <trkpt lat="37.65412680627631" lon="30.164303277520176">
        <ele>915</ele>
      </trkpt>
      <trkpt lat="37.71466141119587" lon="30.25094540316344">
        <ele>925</ele>
      </trkpt>
      <trkpt lat="37.76671233164178" lon="30.35992663115941">
      </trkpt>
      <trkpt lat="37.87770157683443" lon="30.42671226899179">
        <ele>912</ele>
      </trkpt>
      <trkpt lat="37.92153985243097" lon="30.482532391353026">
        <ele>962</ele>
      </trkpt>
      <trkpt lat="37.80299782813297" lon="30.53739377899995">
      </trkpt>
      <trkpt lat="37.848779449351746" lon="30.61378095623504">
        <ele>935</ele>
      </trkpt>
      <trkpt lat="37.851599057582895" lon="30.85552981380456">
      </trkpt>
      <trkpt lat="37.92052304265283" lon="30.9189912323053">
        <ele>994</ele>
      </trkpt>
      <trkpt lat="38.057836063824986" lon="30.96482625928616">
      </trkpt>
      <trkpt lat="38.118435413606434" lon="31.028120136189425">
        <ele>950</ele>
      </trkpt>
      <trkpt lat="38.15853404743864" lon="31.082519928253152">
      </trkpt>
      <trkpt lat="38.19666928615253" lon="31.197441676660624">
        <ele>1062</ele>
      </trkpt>
      <trkpt lat="38.237196170558256" lon="31.315682262692587">
        <ele>1425</ele>
      </trkpt>
      <trkpt lat="38.299888764183216" lon="31.453272700499493">
        <ele>1264</ele>
      </trkpt>
      <trkpt lat="38.32234527486956" lon="31.56651956238268">
        <ele>1023</ele>
      </trkpt>
      <trkpt lat="38.29746976703992" lon="31.67243456960014">
      </trkpt>
      <trkpt lat="38.294546570183265" lon="31.718127409283518">
        <ele>1092</ele>
      </trkpt>
      <trkpt lat="38.28893523410899" lon="31.9058696865311">
      </trkpt>
      <trkpt lat="38.27035132025673" lon="32.09085209334825">
        <ele>1060</ele>
      </trkpt>
      <trkpt lat="38.21179730250527" lon="32.29555826981623">
      </trkpt>
      <trkpt lat="38.16584757734367" lon="32.46853807649966">
        <ele>1221</ele>
      </trkpt>
      <trkpt lat="38.01096939485335" lon="32.51844889487374">
      </trkpt>
      <trkpt lat="37.951386102276906" lon="32.56573269377141">
        <ele>1008</ele>
      </trkpt>
      <trkpt lat="37.961266974653796" lon="32.62938280279891">
      </trkpt>
      <trkpt lat="37.9984316183608" lon="32.7640234027363">
        <ele>1003</ele>
      </trkpt>
      <trkpt lat="38.0532478820887" lon="32.974580163166834">
        <ele>1082</ele>
      </trkpt>
      <trkpt lat="38.13505083102992" lon="33.16366005800054">
        <ele>1022</ele>
      </trkpt>
      <trkpt lat="38.13094589326311" lon="33.18100948114103">
        <ele>1028</ele>
      </trkpt>
      <trkpt lat="38.17098801493474" lon="33.27744246463597">
        <ele>996</ele>
      </trkpt>
      <trkpt lat="38.251454243472075" lon="33.4659476112886">
        <ele>962</ele>
      </trkpt>
      <trkpt lat="38.24956140018836" lon="33.5416243784442">
        <ele>949</ele>
      </trkpt>
      <trkpt lat="38.272092123551545" lon="33.67804873737849">
        <ele>924</ele>
      </trkpt>
      <trkpt lat="38.32518687009655" lon="33.88327452357289">
        <ele>940</ele>
      </trkpt>
      <trkpt lat="38.365647951176726" lon="34.00661137889512">
        <ele>966</ele>
      </trkpt>
      <trkpt lat="38.412522738835236" lon="34.05833710919512">
        <ele>1145</ele>
      </trkpt>
      <trkpt lat="38.41431048740145" lon="34.065472694586724">
        <ele>1143</ele>
      </trkpt>
      <trkpt lat="38.46252597291589" lon="34.18870920769809">
        <ele>1211</ele>
      </trkpt>
      <trkpt lat="38.52396007481988" lon="34.380996376494856">
        <ele>1293</ele>
      </trkpt>
      <trkpt lat="38.554852190463386" lon="34.585168473454736">
        <ele>1300</ele>
      </trkpt>
      <trkpt lat="38.63356829275468" lon="34.71917851102896">
      </trkpt>
      <trkpt lat="38.6796245724323" lon="34.7896465100672">
        <ele>1057</ele>
      </trkpt>
      <trkpt lat="38.705031238862404" lon="34.83781300135788">
      </trkpt>
      <trkpt lat="38.67004020143176" lon="34.83697651888694">
        <ele>1019</ele>
      </trkpt>
      <trkpt lat="38.655357873103256" lon="34.81773611161375">
        <ele>1139</ele>
      </trkpt>
      <trkpt lat="38.65615463662611" lon="34.8202542056116">
        <ele>1131</ele>
      </trkpt>
      <trkpt lat="38.650314992259936" lon="34.82210870725439">
        <ele>1140</ele>
      </trkpt>
      <trkpt lat="38.65602917972827" lon="34.82016761790479">
        <ele>1131</ele>
      </trkpt>
      <trkpt lat="38.67049265656496" lon="34.83733350414302">
        <ele>1019</ele>
      </trkpt>
      <trkpt lat="38.67140504173854" lon="34.863834198010736">
        <ele>1047</ele>
      </trkpt>
      <trkpt lat="38.67993575137619" lon="34.85444357028201">
        <ele>1008</ele>
      </trkpt>
      <trkpt lat="38.67971480397484" lon="34.84582343888945">
        <ele>1010</ele>
      </trkpt>
      <trkpt lat="38.66016221117385" lon="34.81900664326654">
        <ele>1099</ele>
      </trkpt>
      <trkpt lat="38.65619519722017" lon="34.82025776988792">
        <ele>1131</ele>
      </trkpt>
      <trkpt lat="38.68033272894252" lon="34.790672659856966">
        <ele>1057</ele>
      </trkpt>
      <trkpt lat="38.71848216716415" lon="34.941968548198005">
        <ele>997</ele>
      </trkpt>
      <trkpt lat="38.69516734524627" lon="35.13053510645726">
        <ele>1230</ele>
      </trkpt>
      <trkpt lat="38.728691244710085" lon="35.28138929788952">
        <ele>1035</ele>
      </trkpt>
      <trkpt lat="38.78301484659692" lon="35.412684688980875">
        <ele>1040</ele>
      </trkpt>
      <trkpt lat="38.79045649533109" lon="35.59138230887076">
        <ele>1111</ele>
      </trkpt>
      <trkpt lat="38.78540836339487" lon="35.60758523183845">
        <ele>1140</ele>
      </trkpt>
      <trkpt lat="38.79248254765879" lon="35.588718983459145">
        <ele>1098</ele>
      </trkpt>
      <trkpt lat="38.74742268802741" lon="35.55331917789326">
        <ele>1093</ele>
      </trkpt>
      <trkpt lat="38.6691702856111" lon="35.66035584549947">
        <ele>1448</ele>
      </trkpt>
      <trkpt lat="38.62947841178498" lon="35.83233254965006">
        <ele>1534</ele>
      </trkpt>
      <trkpt lat="38.645130619818296" lon="35.95234305151157">
        <ele>1442</ele>
      </trkpt>
      <trkpt lat="38.65852061662698" lon="36.180413458530026">
        <ele>1432</ele>
      </trkpt>
      <trkpt lat="38.70909469766914" lon="36.376503799576554">
        <ele>1509</ele>
      </trkpt>
      <trkpt lat="38.79372777199558" lon="36.49668636610288">
        <ele>1662</ele>
      </trkpt>
      <trkpt lat="38.84390073388046" lon="36.592865507913736">
        <ele>1738</ele>
      </trkpt>
      <trkpt lat="38.86972140195871" lon="36.75551062928943">
        <ele>1801</ele>
      </trkpt>
      <trkpt lat="38.808501865750934" lon="36.90640781078199">
        <ele>1806</ele>
      </trkpt>
      <trkpt lat="38.76469973561957" lon="37.0878044527606">
        <ele>1615</ele>
      </trkpt>
      <trkpt lat="38.71925115116746" lon="37.19916936906399">
        <ele>1486</ele>
      </trkpt>
      <trkpt lat="38.72168551439183" lon="37.26731258876546">
        <ele>1327</ele>
      </trkpt>
      <trkpt lat="38.71689781716007" lon="37.314291837701084">
        <ele>1337</ele>
      </trkpt>
      <trkpt lat="38.7161766952104" lon="37.31434581888511">
        <ele>1291</ele>
      </trkpt>
      <trkpt lat="38.723746285105804" lon="37.28633478349724">
        <ele>1325</ele>
      </trkpt>
      <trkpt lat="38.76100577065108" lon="37.29430627926709">
        <ele>1659</ele>
      </trkpt>
      <trkpt lat="38.89164237945378" lon="37.268812000293785">
        <ele>1775</ele>
      </trkpt>
      <trkpt lat="38.95086717799579" lon="37.28198972882434">
        <ele>1845</ele>
      </trkpt>
      <trkpt lat="39.00194194317333" lon="37.27773145852729">
        <ele>1702</ele>
      </trkpt>
      <trkpt lat="39.08015030483843" lon="37.223604114567344">
        <ele>1598</ele>
      </trkpt>
      <trkpt lat="39.20987381714462" lon="37.202038237312465">
        <ele>1507</ele>
      </trkpt>
      <trkpt lat="39.328943411856265" lon="37.141840048168916">
        <ele>1666</ele>
      </trkpt>
      <trkpt lat="39.45752381482607" lon="37.018049332231676">
        <ele>1377</ele>
      </trkpt>
      <trkpt lat="39.61240952838176" lon="37.024841085110815">
        <ele>1329</ele>
      </trkpt>
      <trkpt lat="39.72031136047069" lon="37.012913888354795">
        <ele>1259</ele>
      </trkpt>
      <trkpt lat="39.734499501693186" lon="37.0266951959123">
        <ele>1264</ele>
      </trkpt>
      <trkpt lat="39.77347624272482" lon="37.08557696212143">
        <ele>1269</ele>
      </trkpt>
      <trkpt lat="39.82668714135869" lon="37.15935965072099">
        <ele>1333</ele>
      </trkpt>
      <trkpt lat="39.85145897608236" lon="37.385933138464935">
        <ele>1289</ele>
      </trkpt>
      <trkpt lat="39.870382413170184" lon="37.5968839347052">
        <ele>1315</ele>
      </trkpt>
      <trkpt lat="39.87677177883673" lon="37.73792445663152">
        <ele>1339</ele>
      </trkpt>
      <trkpt lat="39.87059136141482" lon="37.919240401295355">
        <ele>1494</ele>
      </trkpt>
      <trkpt lat="39.87114027146238" lon="38.10437883253964">
        <ele>1602</ele>
      </trkpt>
      <trkpt lat="39.84136867340639" lon="38.25279140848504">
      </trkpt>
      <trkpt lat="39.86070323269762" lon="38.42850956165087">
        <ele>2164</ele>
      </trkpt>
      <trkpt lat="39.92549351885908" lon="38.50235201421985">
        <ele>1649</ele>
      </trkpt>
      <trkpt lat="39.92920859245905" lon="38.55733281120021">
        <ele>1619</ele>
      </trkpt>
      <trkpt lat="39.93543674403904" lon="38.74687201850045">
        <ele>1612</ele>
      </trkpt>
      <trkpt lat="39.896243775697016" lon="38.859576902107975">
        <ele>1668</ele>
      </trkpt>
      <trkpt lat="39.8954392470924" lon="38.94459032268487">
        <ele>1727</ele>
      </trkpt>
      <trkpt lat="39.88020081655811" lon="39.15110353335214">
        <ele>2059</ele>
      </trkpt>
      <trkpt lat="39.81437529906613" lon="39.35574945066064">
        <ele>1362</ele>
      </trkpt>
      <trkpt lat="39.75098713976437" lon="39.41408443692715">
        <ele>1211</ele>
      </trkpt>
      <trkpt lat="39.72958073987047" lon="39.56924128213174">
        <ele>1176</ele>
      </trkpt>
      <trkpt lat="39.73320588907918" lon="39.613209867852625">
        <ele>1148</ele>
      </trkpt>
      <trkpt lat="39.726622430644674" lon="39.552726019210695">
        <ele>1177</ele>
      </trkpt>
      <trkpt lat="39.73580494143413" lon="39.531863680431506">
        <ele>1197</ele>
      </trkpt>
      <trkpt lat="39.72326740647777" lon="39.559340357646576">
        <ele>1173</ele>
      </trkpt>
      <trkpt lat="39.68816843818844" lon="39.65011945929346">
        <ele>1161</ele>
      </trkpt>
      <trkpt lat="39.662004201709905" lon="39.71465927552405">
        <ele>1167</ele>
      </trkpt>
      <trkpt lat="39.58373047381518" lon="39.91270891449707">
        <ele>1233</ele>
      </trkpt>
      <trkpt lat="39.55279621764976" lon="40.0499664992467">
        <ele>1309</ele>
      </trkpt>
      <trkpt lat="39.59442657422237" lon="40.182074932418935">
        <ele>1372</ele>
      </trkpt>
      <trkpt lat="39.726330779125206" lon="40.24999837769176">
        <ele>1385</ele>
      </trkpt>
      <trkpt lat="39.76664446709745" lon="40.41628514778255">
        <ele>1489</ele>
      </trkpt>
      <trkpt lat="39.829610565481694" lon="40.55310383394164">
        <ele>1781</ele>
      </trkpt>
      <trkpt lat="39.86728828404086" lon="40.63751041892975">
        <ele>1930</ele>
      </trkpt>
      <trkpt lat="39.9202399168139" lon="40.694412953038814">
        <ele>1657</ele>
      </trkpt>
      <trkpt lat="39.97105040733641" lon="40.914193527505375">
        <ele>1863</ele>
      </trkpt>
      <trkpt lat="39.98292229607699" lon="40.99057202231231">
        <ele>1825</ele>
      </trkpt>
      <trkpt lat="39.929788969970694" lon="41.16278572353598">
        <ele>1764</ele>
      </trkpt>
      <trkpt lat="39.924562247507204" lon="41.181876137891024">
        <ele>1773</ele>
      </trkpt>
      <trkpt lat="39.90634340519133" lon="41.25647107998565">
        <ele>1869</ele>
      </trkpt>
      <trkpt lat="39.9065684387832" lon="41.259125936814826">
      </trkpt>
      <trkpt lat="39.897824456901255" lon="41.27085487173432">
        <ele>1942</ele>
      </trkpt>
      <trkpt lat="39.90555167201897" lon="41.314169475847216">
        <ele>1963</ele>
      </trkpt>
      <trkpt lat="39.932637796851566" lon="41.43101103023735">
        <ele>1987</ele>
      </trkpt>
      <trkpt lat="39.93232621570825" lon="41.43117639345362">
        <ele>1987</ele>
      </trkpt>
      <trkpt lat="39.93215375717561" lon="41.41835531775402">
        <ele>1914</ele>
      </trkpt>
      <trkpt lat="39.967623227313126" lon="41.41552839432043">
      </trkpt>
      <trkpt lat="39.956325930580455" lon="41.29464500587554">
        <ele>1766</ele>
      </trkpt>
      <trkpt lat="39.926269035137686" lon="41.28138735424066">
        <ele>1840</ele>
      </trkpt>
      <trkpt lat="39.92077258206819" lon="41.2800798929197">
        <ele>1869</ele>
      </trkpt>
      <trkpt lat="39.916660836934966" lon="41.212868224867826">
        <ele>1808</ele>
      </trkpt>
      <trkpt lat="39.93372115310275" lon="41.1466493457939">
        <ele>1763</ele>
      </trkpt>
      <trkpt lat="39.937630808018085" lon="41.133958306201855">
        <ele>1765</ele>
      </trkpt>
      <trkpt lat="39.94351691784399" lon="41.1128146269867">
        <ele>1759</ele>
      </trkpt>
      <trkpt lat="39.96741418264803" lon="41.04757139463075">
        <ele>1773</ele>
      </trkpt>
      <trkpt lat="39.96216451287266" lon="41.21791689660513">
        <ele>1757</ele>
      </trkpt>
      <trkpt lat="39.95893752206113" lon="41.281759087034764">
        <ele>1766</ele>
      </trkpt>
      <trkpt lat="40.108476290516656" lon="41.38530350294093">
        <ele>1881</ele>
      </trkpt>
      <trkpt lat="40.24312255745169" lon="41.511823505342704">
        <ele>1909</ele>
      </trkpt>
      <trkpt lat="40.29632718771724" lon="41.54581091370577">
        <ele>1626</ele>
      </trkpt>
      <trkpt lat="40.4071526276324" lon="41.490510553160206">
        <ele>1289</ele>
      </trkpt>
      <trkpt lat="40.486562149901644" lon="41.507744445832124">
        <ele>1178</ele>
      </trkpt>
      <trkpt lat="40.54213626314005" lon="41.55895868320163">
        <ele>1074</ele>
      </trkpt>
      <trkpt lat="40.65363523786487" lon="41.639458434062384">
        <ele>1017</ele>
      </trkpt>
      <trkpt lat="40.658175456375496" lon="41.66563055481917">
        <ele>1018</ele>
      </trkpt>
      <trkpt lat="40.75453465342592" lon="41.83047610338948">
        <ele>733</ele>
      </trkpt>
      <trkpt lat="40.7770507923996" lon="41.75892430701363">
        <ele>827</ele>
      </trkpt>
      <trkpt lat="40.95072164669721" lon="41.76142908636645">
        <ele>399</ele>
      </trkpt>
      <trkpt lat="41.031623398923344" lon="41.801607571581194">
        <ele>407</ele>
      </trkpt>
      <trkpt lat="41.12486448686568" lon="41.870963476827335">
        <ele>343</ele>
      </trkpt>
      <trkpt lat="41.17820273344971" lon="41.86187029301296">
        <ele>398</ele>
      </trkpt>
      <trkpt lat="41.21517387688273" lon="41.79458722476083">
      </trkpt>
      <trkpt lat="41.29447812218339" lon="41.75507183190599">
        <ele>265</ele>
      </trkpt>
      <trkpt lat="41.373510760675124" lon="41.63070621382353">
        <ele>203</ele>
      </trkpt>
      <trkpt lat="41.383894798384404" lon="41.553399721199234">
      </trkpt>
      <trkpt lat="41.402117558793535" lon="41.50454588238291">
        <ele>319</ele>
      </trkpt>
      <trkpt lat="41.389558492266936" lon="41.42914957370742">
        <ele>14</ele>
      </trkpt>
      <trkpt lat="41.43846995666757" lon="41.45426661711321">
        <ele>17</ele>
      </trkpt>
      <trkpt lat="41.5174989449455" lon="41.546727212721116">
        <ele>9</ele>
      </trkpt>
      <trkpt lat="41.521169368351494" lon="41.549576451790905">
        <ele>7</ele>
      </trkpt>
      <trkpt lat="41.585471649814615" lon="41.59270111393538">
        <ele>10</ele>
      </trkpt>
      <trkpt lat="41.63285002116266" lon="41.6126009356618">
        <ele>8</ele>
      </trkpt>
      <trkpt lat="41.64375496100787" lon="41.63218215111795">
        <ele>7</ele>
      </trkpt>
      <trkpt lat="41.65173658639346" lon="41.64308826442961">
        <ele>7</ele>
      </trkpt>
      <trkpt lat="41.65370155267123" lon="41.64147728688577">
        <ele>6</ele>
      </trkpt>
      <trkpt lat="41.64623499851827" lon="41.6487912275285">
        <ele>6</ele>
      </trkpt>
      <trkpt lat="41.70250872586821" lon="41.735437856075094">
        <ele>25</ele>
      </trkpt>
      <trkpt lat="41.815485991576516" lon="41.80653973486442">
        <ele>18</ele>
      </trkpt>
      <trkpt lat="41.85420156127014" lon="41.905968229973084">
        <ele>96</ele>
      </trkpt>
      <trkpt lat="41.897524006237816" lon="41.996420794662214">
        <ele>92</ele>
      </trkpt>
      <trkpt lat="41.92226287840788" lon="42.01721645422533">
        <ele>89</ele>
      </trkpt>
      <trkpt lat="41.953225884453005" lon="42.032693144547466">
        <ele>105</ele>
      </trkpt>
      <trkpt lat="41.953007637288486" lon="42.03204849463435">
        <ele>105</ele>
      </trkpt>
      <trkpt lat="41.95191155910079" lon="42.0583533441619">
        <ele>118</ele>
      </trkpt>
      <trkpt lat="42.010946924212604" lon="42.12613255330586">
        <ele>68</ele>
      </trkpt>
      <trkpt lat="42.01908733223395" lon="42.241251134299">
        <ele>153</ele>
      </trkpt>
      <trkpt lat="42.04703192620502" lon="42.29397432065904">
      </trkpt>
      <trkpt lat="42.084640416434986" lon="42.27333210855873">
      </trkpt>
      <trkpt lat="42.12519810908123" lon="42.33449926026883">
        <ele>22</ele>
      </trkpt>
      <trkpt lat="42.15380725282934" lon="42.33729885808281">
        <ele>23</ele>
      </trkpt>
      <trkpt lat="42.16386056948835" lon="42.35445806752296">
      </trkpt>
      <trkpt lat="42.24065786787561" lon="42.35516102849122">
        <ele>57</ele>
      </trkpt>
      <trkpt lat="42.324619763570205" lon="42.42033510472851">
      </trkpt>
      <trkpt lat="42.348752048061016" lon="42.300753058607356">
        <ele>103</ele>
      </trkpt>
      <trkpt lat="42.381342683754944" lon="42.33713646071311">
        <ele>131</ele>
      </trkpt>
      <trkpt lat="42.39379943619662" lon="42.35810787909882">
      </trkpt>
      <trkpt lat="42.40457934797034" lon="42.36840619709563">
      </trkpt>
      <trkpt lat="42.4119439598056" lon="42.37770339712468">
        <ele>192</ele>
      </trkpt>
      <trkpt lat="42.419870604247166" lon="42.37856533098602">
        <ele>190</ele>
      </trkpt>
      <trkpt lat="42.438989201952104" lon="42.38110412603323">
        <ele>214</ele>
      </trkpt>
      <trkpt lat="42.44394072335441" lon="42.37340734344197">
        <ele>189</ele>
      </trkpt>
      <trkpt lat="42.4284438988448" lon="42.37748892639526">
        <ele>208</ele>
      </trkpt>
      <trkpt lat="42.443906254339645" lon="42.37341068561861">
        <ele>189</ele>
      </trkpt>
      <trkpt lat="42.42159271" lon="42.37929534">
        <ele>198</ele>
      </trkpt>
      <trkpt lat="42.44391138728749" lon="42.37342175839754">
        <ele>189</ele>
      </trkpt>
      <trkpt lat="42.414485164957505" lon="42.37346861515415">
        <ele>177</ele>
      </trkpt>
      <trkpt lat="42.39805938443955" lon="42.36460007405505">
        <ele>172</ele>
      </trkpt>
      <trkpt lat="42.38297040663078" lon="42.43658914334461">
        <ele>164</ele>
      </trkpt>
      <trkpt lat="42.32128754782845" lon="42.42797423669899">
      </trkpt>
      <trkpt lat="42.31758374259091" lon="42.45408735241969">
        <ele>115</ele>
      </trkpt>
      <trkpt lat="42.30515861583146" lon="42.51083194319998">
        <ele>106</ele>
      </trkpt>
      <trkpt lat="42.31710217841405" lon="42.58498967800772">
        <ele>141</ele>
      </trkpt>
      <trkpt lat="42.32768865704872" lon="42.60282914913482">
        <ele>103</ele>
      </trkpt>
      <trkpt lat="42.32239367766728" lon="42.60379652638013">
        <ele>104</ele>
      </trkpt>
      <trkpt lat="42.28891394006901" lon="42.60653569953566">
        <ele>124</ele>
      </trkpt>
      <trkpt lat="42.25781909280952" lon="42.66759334057901">
        <ele>134</ele>
      </trkpt>
      <trkpt lat="42.25554755892814" lon="42.681192252824715">
        <ele>137</ele>
      </trkpt>
      <trkpt lat="42.24509185998599" lon="42.68449788891117">
        <ele>133</ele>
      </trkpt>
      <trkpt lat="42.213991836306825" lon="42.71040609768719">
        <ele>152</ele>
      </trkpt>
      <trkpt lat="42.203010502310654" lon="42.78003995310774">
        <ele>121</ele>
      </trkpt>
      <trkpt lat="42.1648587421874" lon="42.941296441923406">
        <ele>139</ele>
      </trkpt>
      <trkpt lat="42.12646865342976" lon="43.01075589681127">
        <ele>149</ele>
      </trkpt>
      <trkpt lat="42.113544498609485" lon="43.04814300503865">
        <ele>231</ele>
      </trkpt>
      <trkpt lat="42.186427337811374" lon="43.14063150320728">
        <ele>537</ele>
      </trkpt>
      <trkpt lat="42.2783288230861" lon="43.20507637860641">
        <ele>592</ele>
      </trkpt>
      <trkpt lat="42.282550865823666" lon="43.216158673207474">
        <ele>553</ele>
      </trkpt>
      <trkpt lat="42.284837988591455" lon="43.21641613337023">
        <ele>563</ele>
      </trkpt>
      <trkpt lat="42.23872000821143" lon="43.18379547450988">
        <ele>599</ele>
      </trkpt>
      <trkpt lat="42.20757419713047" lon="43.15471136015202">
        <ele>583</ele>
      </trkpt>
      <trkpt lat="42.148629854991064" lon="43.10626143608205">
      </trkpt>
      <trkpt lat="42.128506434554524" lon="43.06688737626678">
      </trkpt>
      <trkpt lat="42.10965590318263" lon="43.04540613707828">
        <ele>171</ele>
      </trkpt>
      <trkpt lat="42.09877010812985" lon="43.385272268180415">
      </trkpt>
      <trkpt lat="42.09106385711775" lon="43.46282869581456">
      </trkpt>
      <trkpt lat="42.023222542034354" lon="43.56670518355982">
        <ele>790</ele>
      </trkpt>
      <trkpt lat="41.987182207444754" lon="43.59356028130596">
      </trkpt>
      <trkpt lat="41.92421721298427" lon="43.4848294314402">
        <ele>755</ele>
      </trkpt>
      <trkpt lat="41.85439158729" lon="43.41338932109374">
      </trkpt>
      <trkpt lat="41.84018669304916" lon="43.37863059613686">
        <ele>801</ele>
      </trkpt>
      <trkpt lat="41.77844901473267" lon="43.28916829431255">
      </trkpt>
      <trkpt lat="41.730413251868164" lon="43.16194682628704">
        <ele>916</ele>
      </trkpt>
      <trkpt lat="41.694358376981576" lon="43.12941687146377">
        <ele>925</ele>
      </trkpt>
      <trkpt lat="41.65711594140779" lon="43.024456908165114">
      </trkpt>
      <trkpt lat="41.63310467875855" lon="43.043535387400325">
      </trkpt>
      <trkpt lat="41.614700510840635" lon="43.131755955904104">
        <ele>1017</ele>
      </trkpt>
      <trkpt lat="41.59244520927694" lon="43.17347376649685">
      </trkpt>
      <trkpt lat="41.589634986862706" lon="43.22841360737542">
        <ele>1064</ele>
      </trkpt>
      <trkpt lat="41.54018702376334" lon="43.25995789186616">
      </trkpt>
      <trkpt lat="41.468972558643316" lon="43.29119040081375">
        <ele>1134</ele>
      </trkpt>
      <trkpt lat="41.39032384384553" lon="43.31027252603631">
        <ele>1235</ele>
      </trkpt>
      <trkpt lat="41.37883055495804" lon="43.28764745597599">
      </trkpt>
      <trkpt lat="41.40270005915445" lon="43.32680289637607">
        <ele>1244</ele>
      </trkpt>
      <trkpt lat="41.37878929734358" lon="43.28760182489016">
        <ele>1264</ele>
      </trkpt>
      <trkpt lat="41.441499229344004" lon="43.311451954961925">
        <ele>1156</ele>
      </trkpt>
      <trkpt lat="41.48314243348371" lon="43.300354522332">
        <ele>1151</ele>
      </trkpt>
      <trkpt lat="41.48862790436753" lon="43.34625869600563">
        <ele>1238</ele>
      </trkpt>
      <trkpt lat="41.46469156727331" lon="43.423490580211784">
        <ele>1451</ele>
      </trkpt>
      <trkpt lat="41.41733347907794" lon="43.484980389516316">
      </trkpt>
      <trkpt lat="41.40193352777251" lon="43.47580549969166">
        <ele>1708</ele>
      </trkpt>
      <trkpt lat="41.39092173403272" lon="43.489446697914886">
      </trkpt>
      <trkpt lat="41.39078885048926" lon="43.49004701591985">
      </trkpt>
      <trkpt lat="41.36655948010889" lon="43.49655872009822">
        <ele>1729</ele>
      </trkpt>
      <trkpt lat="41.3083460432646" lon="43.53664963483485">
        <ele>1836</ele>
      </trkpt>
      <trkpt lat="41.28465629186601" lon="43.571727722923804">
      </trkpt>
      <trkpt lat="41.265138755504346" lon="43.593802470594454">
        <ele>1947</ele>
      </trkpt>
      <trkpt lat="41.29411034545514" lon="43.645850544384764">
      </trkpt>
      <trkpt lat="41.29190996082166" lon="43.72328271753875">
        <ele>2038</ele>
      </trkpt>
      <trkpt lat="41.319285216710085" lon="43.75875626779549">
      </trkpt>
      <trkpt lat="41.35392210415294" lon="43.75591108182527">
        <ele>2071</ele>
      </trkpt>
      <trkpt lat="41.39428147322749" lon="43.794162686251525">
        <ele>2090</ele>
      </trkpt>
      <trkpt lat="41.45196997564421" lon="43.85461670350642">
      </trkpt>
      <trkpt lat="41.4821359003349" lon="43.85276061486812">
        <ele>2126</ele>
      </trkpt>
      <trkpt lat="41.51249936062997" lon="43.88732456943242">
      </trkpt>
      <trkpt lat="41.56572142604221" lon="43.89470789146303">
        <ele>1753</ele>
      </trkpt>
      <trkpt lat="41.56582011246822" lon="43.90250729229466">
      </trkpt>
      <trkpt lat="41.59153873508954" lon="43.93053534112636">
        <ele>1546</ele>
      </trkpt>
      <trkpt lat="41.59382044115316" lon="43.97115498854588">
        <ele>1526</ele>
      </trkpt>
      <trkpt lat="41.59815184245117" lon="44.020718787089045">
      </trkpt>
      <trkpt lat="41.598481428945405" lon="44.08310899429932">
        <ele>1509</ele>
      </trkpt>
      <trkpt lat="41.60023611453048" lon="44.09243747965806">
        <ele>1469</ele>
      </trkpt>
      <trkpt lat="41.630581165702665" lon="44.1488867160344">
        <ele>1590</ele>
      </trkpt>
      <trkpt lat="41.64785811653592" lon="44.21000963623093">
        <ele>1608</ele>
      </trkpt>
      <trkpt lat="41.66286914696743" lon="44.29726625806968">
        <ele>1593</ele>
      </trkpt>
      <trkpt lat="41.669376021178806" lon="44.33493825652089">
      </trkpt>
      <trkpt lat="41.66465108752406" lon="44.379574544769135">
      </trkpt>
      <trkpt lat="41.67618069502864" lon="44.379822104682155">
        <ele>1024</ele>
      </trkpt>
      <trkpt lat="41.68497557987681" lon="44.416222363139795">
        <ele>1267</ele>
      </trkpt>
      <trkpt lat="41.70645488318572" lon="44.43640401669832">
      </trkpt>
      <trkpt lat="41.700868700000505" lon="44.49858970947034">
        <ele>1466</ele>
      </trkpt>
      <trkpt lat="41.668874811521505" lon="44.524664460067356">
        <ele>1343</ele>
      </trkpt>
      <trkpt lat="41.653293319303614" lon="44.565619000511106">
        <ele>1403</ele>
      </trkpt>
      <trkpt lat="41.659315893288124" lon="44.61670931641718">
        <ele>1415</ele>
      </trkpt>
      <trkpt lat="41.690194664034976" lon="44.697001758542974">
        <ele>1003</ele>
      </trkpt>
      <trkpt lat="41.70902041586818" lon="44.708574880406026">
        <ele>775</ele>
      </trkpt>
      <trkpt lat="41.71258516934695" lon="44.72097674384414">
        <ele>538</ele>
      </trkpt>
      <trkpt lat="41.70741700465362" lon="44.73767502374863">
        <ele>558</ele>
      </trkpt>
      <trkpt lat="41.71382859353135" lon="44.74787293937499">
        <ele>487</ele>
      </trkpt>
      <trkpt lat="41.71901309400957" lon="44.73918543201381">
        <ele>486</ele>
      </trkpt>
      <trkpt lat="41.71516927894364" lon="44.74525166679616">
        <ele>487</ele>
      </trkpt>
      <trkpt lat="41.71172062870274" lon="44.75267241713102">
        <ele>485</ele>
      </trkpt>
      <trkpt lat="41.70994789809148" lon="44.764936734032595">
        <ele>479</ele>
      </trkpt>
      <trkpt lat="41.709013693073494" lon="44.77244750600752">
        <ele>470</ele>
      </trkpt>
      <trkpt lat="41.70907471332858" lon="44.779069544789174">
        <ele>459</ele>
      </trkpt>
      <trkpt lat="41.69631076795402" lon="44.80328833813761">
        <ele>409</ele>
      </trkpt>
      <trkpt lat="41.69670646082768" lon="44.81826609004737">
        <ele>465</ele>
      </trkpt>
      <trkpt lat="41.6987959950833" lon="44.81815236485202">
        <ele>466</ele>
      </trkpt>
      <trkpt lat="41.69666070637096" lon="44.82468169787686">
        <ele>496</ele>
      </trkpt>
      <trkpt lat="41.69265832279473" lon="44.81810242023374">
        <ele>436</ele>
      </trkpt>
      <trkpt lat="41.69860781174311" lon="44.80931421746016">
        <ele>399</ele>
      </trkpt>
      <trkpt lat="41.705246991516745" lon="44.795816671144955">
        <ele>401</ele>
      </trkpt>
      <trkpt lat="41.72081112301283" lon="44.787937068708736">
        <ele>412</ele>
      </trkpt>
      <trkpt lat="41.73018537384316" lon="44.786286054426775">
        <ele>424</ele>
      </trkpt>
      <trkpt lat="41.74013110577862" lon="44.780172805774">
        <ele>425</ele>
      </trkpt>
      <trkpt lat="41.744252454197294" lon="44.77854156553489">
        <ele>422</ele>
      </trkpt>
      <trkpt lat="41.75255476321767" lon="44.778366802460596">
        <ele>407</ele>
      </trkpt>
      <trkpt lat="41.77731670574693" lon="44.768975338382305">
        <ele>439</ele>
      </trkpt>
      <trkpt lat="41.82042899510372" lon="44.75941195317454">
      </trkpt>
      <trkpt lat="41.82457917950354" lon="44.73269224116258">
        <ele>455</ele>
      </trkpt>
      <trkpt lat="41.89962756473367" lon="44.72059670422599">
        <ele>500</ele>
      </trkpt>
      <trkpt lat="41.97026162785362" lon="44.74734936353603">
        <ele>576</ele>
      </trkpt>
      <trkpt lat="41.97349605517594" lon="44.74749608998899">
        <ele>572</ele>
      </trkpt>
      <trkpt lat="42.06329989611886" lon="44.7461636151666">
        <ele>659</ele>
      </trkpt>
      <trkpt lat="41.95981239341939" lon="44.744802134705495">
        <ele>564</ele>
      </trkpt>
      <trkpt lat="41.9246065736684" lon="44.730669046449194">
        <ele>524</ele>
      </trkpt>
      <trkpt lat="41.94343571474558" lon="44.73907764193198">
        <ele>545</ele>
      </trkpt>
      <trkpt lat="41.94830564981622" lon="44.74121034759187">
        <ele>552</ele>
      </trkpt>
      <trkpt lat="41.998979342456046" lon="44.75212406729947">
        <ele>598</ele>
      </trkpt>
      <trkpt lat="42.0906168154306" lon="44.7590406360102">
        <ele>686</ele>
      </trkpt>
      <trkpt lat="42.15429979362282" lon="44.721578502418495">
        <ele>967</ele>
      </trkpt>
      <trkpt lat="42.25258818625273" lon="44.677036615249804">
        <ele>981</ele>
      </trkpt>
      <trkpt lat="42.29211980172755" lon="44.68767112164144">
        <ele>973</ele>
      </trkpt>
      <trkpt lat="42.32909204929884" lon="44.68173858073535">
        <ele>1028</ele>
      </trkpt>
      <trkpt lat="42.405594073299184" lon="44.64097296559935">
        <ele>1193</ele>
      </trkpt>
      <trkpt lat="42.4290149890994" lon="44.51033266071696">
        <ele>1486</ele>
      </trkpt>
      <trkpt lat="42.45048534634967" lon="44.48978274077435">
        <ele>1854</ele>
      </trkpt>
      <trkpt lat="42.4631551166996" lon="44.481028221126586">
        <ele>1997</ele>
      </trkpt>
      <trkpt lat="42.471720895532336" lon="44.47977743300643">
        <ele>2115</ele>
      </trkpt>
      <trkpt lat="42.4934915210351" lon="44.45410695226383">
        <ele>2268</ele>
      </trkpt>
      <trkpt lat="42.531377485926484" lon="44.47214208047886">
        <ele>2252</ele>
      </trkpt>
      <trkpt lat="42.56449399498226" lon="44.4902390728892">
        <ele>1973</ele>
      </trkpt>
      <trkpt lat="42.5804061680296" lon="44.46482450045816">
      </trkpt>
      <trkpt lat="42.571998120030244" lon="44.479861456675074">
        <ele>1991</ele>
      </trkpt>
      <trkpt lat="42.55725787489444" lon="44.49739194459256">
        <ele>1977</ele>
      </trkpt>
      <trkpt lat="42.6087284828494" lon="44.582173467190735">
        <ele>1848</ele>
      </trkpt>
      <trkpt lat="42.62965152919426" lon="44.618637150731956">
        <ele>1756</ele>
      </trkpt>
      <trkpt lat="42.65930775500012" lon="44.640838605475466">
        <ele>1735</ele>
      </trkpt>
      <trkpt lat="42.663179710547126" lon="44.62433734912856">
        <ele>2022</ele>
      </trkpt>
      <trkpt lat="42.66451409280085" lon="44.61503714875794">
        <ele>2149</ele>
      </trkpt>
      <trkpt lat="42.664302047381796" lon="44.640538394492715">
        <ele>1738</ele>
      </trkpt>
      <trkpt lat="42.682954240201546" lon="44.63296634855925">
        <ele>1739</ele>
      </trkpt>
      <trkpt lat="42.73601672002131" lon="44.63021987090821">
        <ele>1292</ele>
      </trkpt>
      <trkpt lat="42.7518386717858" lon="44.62681939466025">
        <ele>1203</ele>
      </trkpt>
      <trkpt lat="42.76901193851549" lon="44.632113064357334">
        <ele>1112</ele>
      </trkpt>
      <trkpt lat="42.79699210845211" lon="44.63758528687876">
        <ele>1028</ele>
      </trkpt>
      <trkpt lat="42.8366292540111" lon="44.63604400118369">
        <ele>951</ele>
      </trkpt>
      <trkpt lat="42.90841074162014" lon="44.632626795924196">
        <ele>895</ele>
      </trkpt>
      <trkpt lat="42.97531964727023" lon="44.57145156342962">
        <ele>770</ele>
      </trkpt>
      <trkpt lat="42.97446059999999" lon="44.5723648">
        <ele>772</ele>
      </trkpt>
      <trkpt lat="43.26505317398026" lon="45.21824551614089">
        <ele>243</ele>
      </trkpt>
      <trkpt lat="43.24261631820654" lon="45.311114620459556">
        <ele>205</ele>
      </trkpt>
      <trkpt lat="43.22343503724653" lon="45.5093021509398">
        <ele>173</ele>
      </trkpt>
      <trkpt lat="43.234575055579874" lon="45.66586827863535">
        <ele>176</ele>
      </trkpt>
      <trkpt lat="43.2184041624654" lon="45.847308277781856">
        <ele>170</ele>
      </trkpt>
      <trkpt lat="43.26322495607265" lon="46.03558804997808">
        <ele>108</ele>
      </trkpt>
      <trkpt lat="43.23971079230693" lon="46.26892990009244">
        <ele>261</ele>
      </trkpt>
      <trkpt lat="43.24210712133499" lon="46.45970960143301">
        <ele>170</ele>
      </trkpt>
      <trkpt lat="43.23284649892339" lon="46.59056660068632">
        <ele>171</ele>
      </trkpt>
      <trkpt lat="43.28120349910416" lon="46.617179838983915">
        <ele>89</ele>
      </trkpt>
      <trkpt lat="43.32764297262144" lon="46.68032616381224">
        <ele>27</ele>
      </trkpt>
      <trkpt lat="43.34640347402854" lon="46.706076962916846">
        <ele>20</ele>
      </trkpt>
      <trkpt lat="43.46270212610821" lon="46.75441815561035">
        <ele>2</ele>
      </trkpt>
      <trkpt lat="43.5449565109271" lon="46.71636474323153">
        <ele>-1</ele>
      </trkpt>
      <trkpt lat="43.61348401759156" lon="46.75762239847961">
        <ele>-5</ele>
      </trkpt>
      <trkpt lat="43.69302606777821" lon="46.71614350532684">
        <ele>-6</ele>
      </trkpt>
      <trkpt lat="43.797965222079114" lon="46.66711192582424">
      </trkpt>
      <trkpt lat="43.88820579745237" lon="46.64197434675567">
        <ele>-8</ele>
      </trkpt>
      <trkpt lat="44.01774580594526" lon="46.581362625627385">
        <ele>-16</ele>
      </trkpt>
      <trkpt lat="44.14311062083034" lon="46.57894662585722">
        <ele>-17</ele>
      </trkpt>
      <trkpt lat="44.383697100025024" lon="46.557621723084296">
        <ele>-25</ele>
      </trkpt>
      <trkpt lat="44.39111535363449" lon="46.55961948513551">
        <ele>-23</ele>
      </trkpt>
      <trkpt lat="44.3966268893588" lon="46.556655108819434">
        <ele>-24</ele>
      </trkpt>
      <trkpt lat="44.38415980306683" lon="46.55754664106579">
        <ele>-25</ele>
      </trkpt>
      <trkpt lat="44.506418432808" lon="46.56649701863619">
        <ele>-27</ele>
      </trkpt>
      <trkpt lat="44.67250014193791" lon="46.59239354547727">
      </trkpt>
      <trkpt lat="44.841405088123715" lon="46.60444328565765">
        <ele>-23</ele>
      </trkpt>
      <trkpt lat="44.89610903434911" lon="46.62029958334436">
      </trkpt>
      <trkpt lat="44.99274894133675" lon="46.71888208021104">
        <ele>-23</ele>
      </trkpt>
      <trkpt lat="45.148404948455415" lon="46.7773207929421">
        <ele>-25</ele>
      </trkpt>
      <trkpt lat="45.25110903665912" lon="46.81740129370877">
      </trkpt>
      <trkpt lat="45.416472293478826" lon="46.88837874685125">
        <ele>-24</ele>
      </trkpt>
      <trkpt lat="45.46398318376901" lon="47.074106466068955">
        <ele>-27</ele>
      </trkpt>
      <trkpt lat="45.630196107732914" lon="47.15406501928447">
      </trkpt>
      <trkpt lat="45.754092916747304" lon="47.262997608253336">
      </trkpt>
      <trkpt lat="45.86904971864621" lon="47.436046768024035">
        <ele>-24</ele>
      </trkpt>
      <trkpt lat="45.87653081868391" lon="47.51412612390473">
        <ele>-24</ele>
      </trkpt>
      <trkpt lat="46.04693168312874" lon="47.719990862577895">
        <ele>-28</ele>
      </trkpt>
      <trkpt lat="46.19817080446165" lon="47.84834143710122">
        <ele>-28</ele>
      </trkpt>
      <trkpt lat="46.30590545949182" lon="47.90063906465461">
        <ele>-23</ele>
      </trkpt>
      <trkpt lat="46.378899305170755" lon="48.00907289613784">
        <ele>-23</ele>
      </trkpt>
      <trkpt lat="46.34856383233231" lon="48.019459409202426">
        <ele>-25</ele>
      </trkpt>
      <trkpt lat="46.39433779426074" lon="47.98330630335009">
      </trkpt>
      <trkpt lat="46.40772919640542" lon="48.1326627172978">
        <ele>-26</ele>
      </trkpt>
      <trkpt lat="46.521144279329" lon="48.34091307394676">
        <ele>-28</ele>
      </trkpt>
      <trkpt lat="46.545745488299566" lon="48.40253552426435">
      </trkpt>
      <trkpt lat="46.54567935387166" lon="48.63615686624193">
        <ele>-26</ele>
      </trkpt>
      <trkpt lat="46.53746403013873" lon="48.68475746907356">
      </trkpt>
      <trkpt lat="46.553396992428745" lon="48.764109956145994">
        <ele>-29</ele>
      </trkpt>
      <trkpt lat="46.56468874664081" lon="48.792793858201726">
      </trkpt>
      <trkpt lat="46.59525215164441" lon="49.10494839777155">
        <ele>-25</ele>
      </trkpt>
      <trkpt lat="46.597567568576515" lon="49.20784397055321">
      </trkpt>
      <trkpt lat="46.69790661898134" lon="49.556704899342314">
      </trkpt>
      <trkpt lat="46.736997342712" lon="49.81315174144675">
        <ele>-26</ele>
      </trkpt>
      <trkpt lat="46.73983235022169" lon="49.885251747827816">
      </trkpt>
      <trkpt lat="46.77520230882501" lon="50.17773929988051">
        <ele>-27</ele>
      </trkpt>
      <trkpt lat="46.90875272270935" lon="50.357746873097824">
      </trkpt>
      <trkpt lat="47.12157879960455" lon="50.84475455810394">
        <ele>-26</ele>
      </trkpt>
      <trkpt lat="47.152811776616375" lon="50.89550467465906">
      </trkpt>
      <trkpt lat="47.158584063916614" lon="50.90742747304114">
        <ele>-26</ele>
      </trkpt>
      <trkpt lat="47.24531346005131" lon="51.055319029885396">
        <ele>-28</ele>
      </trkpt>
      <trkpt lat="47.34778498817364" lon="51.193241199697134">
        <ele>-27</ele>
      </trkpt>
      <trkpt lat="47.286540982357494" lon="51.43795282584749">
      </trkpt>
      <trkpt lat="47.22167984586881" lon="51.68762910184608">
        <ele>-25</ele>
      </trkpt>
      <trkpt lat="47.181478310420346" lon="51.784107992473785">
        <ele>-25</ele>
      </trkpt>
      <trkpt lat="47.165406057036314" lon="51.828444925160774">
      </trkpt>
      <trkpt lat="47.14299245044694" lon="51.881860517805805">
      </trkpt>
      <trkpt lat="47.134693854842034" lon="51.897055952846024">
        <ele>-25</ele>
      </trkpt>
      <trkpt lat="47.14037979052043" lon="51.89147687568006">
      </trkpt>
      <trkpt lat="47.14759270241701" lon="51.87199319783507">
        <ele>-24</ele>
      </trkpt>
      <trkpt lat="47.14407729999999" lon="51.90402221">
      </trkpt>
      <trkpt lat="47.138214430220664" lon="51.94058658231575">
      </trkpt>
      <trkpt lat="47.14572056313614" lon="51.97582196889348">
        <ele>-26</ele>
      </trkpt>
      <trkpt lat="47.203199258118126" lon="52.11414501075829">
        <ele>-29</ele>
      </trkpt>
      <trkpt lat="47.274675856490376" lon="52.26458154901896">
      </trkpt>
      <trkpt lat="47.38366343551071" lon="52.4522833899152">
        <ele>-22</ele>
      </trkpt>
      <trkpt lat="47.40704732424991" lon="52.69270412810192">
      </trkpt>
      <trkpt lat="47.49059481085044" lon="52.866316130434036">
        <ele>-19</ele>
      </trkpt>
      <trkpt lat="47.58730109977236" lon="53.05748336867474">
        <ele>-23</ele>
      </trkpt>
      <trkpt lat="47.63439372961546" lon="53.22485813861649">
        <ele>-22</ele>
      </trkpt>
      <trkpt lat="47.68460613860587" lon="53.31906928946487">
        <ele>-21</ele>
      </trkpt>
      <trkpt lat="47.726765732917244" lon="53.5725811668524">
      </trkpt>
      <trkpt lat="47.78526099403182" lon="53.77794633624495">
        <ele>-10</ele>
      </trkpt>
      <trkpt lat="47.87036379803705" lon="54.00912928400003">
      </trkpt>
      <trkpt lat="47.92877191263217" lon="54.20866351469309">
        <ele>77</ele>
      </trkpt>
      <trkpt lat="47.928399720799405" lon="54.22823647186354">
        <ele>83</ele>
      </trkpt>
      <trkpt lat="47.925674429999994" lon="54.222808829999984">
        <ele>84</ele>
      </trkpt>
      <trkpt lat="47.928478163352345" lon="54.227109999580605">
        <ele>83</ele>
      </trkpt>
      <trkpt lat="47.93585868525779" lon="54.230447008084774">
        <ele>90</ele>
      </trkpt>
      <trkpt lat="48.03204609055266" lon="54.45948320714348">
        <ele>70</ele>
      </trkpt>
      <trkpt lat="48.07967482643091" lon="54.57355495545994">
        <ele>130</ele>
      </trkpt>
      <trkpt lat="48.115417975162245" lon="54.648271750172256">
        <ele>106</ele>
      </trkpt>
      <trkpt lat="48.17448736638592" lon="54.74133982328208">
        <ele>113</ele>
      </trkpt>
      <trkpt lat="48.21489807222803" lon="54.81217545462289">
      </trkpt>
      <trkpt lat="48.24840397125031" lon="54.874714829483516">
        <ele>57</ele>
      </trkpt>
      <trkpt lat="48.27547484082009" lon="54.935857309079665">
        <ele>86</ele>
      </trkpt>
      <trkpt lat="48.32177517474472" lon="54.990555429882356">
        <ele>96</ele>
      </trkpt>
      <trkpt lat="48.36181795694713" lon="55.05443374631466">
        <ele>120</ele>
      </trkpt>
      <trkpt lat="48.39129191362149" lon="55.158745944551335">
        <ele>151</ele>
      </trkpt>
      <trkpt lat="48.41942044910827" lon="55.24728708905656">
        <ele>125</ele>
      </trkpt>
      <trkpt lat="48.44888619151753" lon="55.32024342571881">
        <ele>158</ele>
      </trkpt>
      <trkpt lat="48.472202058294016" lon="55.403340716339045">
        <ele>168</ele>
      </trkpt>
      <trkpt lat="48.50320855160104" lon="55.54850142454314">
        <ele>173</ele>
      </trkpt>
      <trkpt lat="48.540835836947466" lon="55.60947474097424">
        <ele>172</ele>
      </trkpt>
      <trkpt lat="48.57993351765776" lon="55.716193383611476">
      </trkpt>
      <trkpt lat="48.62339498479722" lon="55.78199828048775">
      </trkpt>
      <trkpt lat="48.628483093388965" lon="55.78887923625837">
        <ele>217</ele>
      </trkpt>
      <trkpt lat="48.66348895190447" lon="55.852265791518214">
        <ele>197</ele>
      </trkpt>
      <trkpt lat="49.19795060069225" lon="56.56777814967238">
      </trkpt>
      <trkpt lat="49.19669687752537" lon="56.656843582220986">
      </trkpt>
      <trkpt lat="49.20295401820746" lon="56.74595874607175">
        <ele>215</ele>
      </trkpt>
      <trkpt lat="49.227286466962575" lon="56.85756102339907">
      </trkpt>
      <trkpt lat="49.260768119911944" lon="56.971648853132976">
        <ele>304</ele>
      </trkpt>
      <trkpt lat="49.30546460212143" lon="57.042291183077765">
      </trkpt>
      <trkpt lat="49.34387688147055" lon="57.03929438944717">
        <ele>261</ele>
      </trkpt>
      <trkpt lat="49.37071865717162" lon="57.22468766375771">
        <ele>309</ele>
      </trkpt>
      <trkpt lat="49.391399513584865" lon="57.3147388492439">
      </trkpt>
      <trkpt lat="49.44287969065294" lon="57.34319733546781">
        <ele>313</ele>
      </trkpt>
      <trkpt lat="49.4996741367965" lon="57.34528533188379">
        <ele>326</ele>
      </trkpt>
      <trkpt lat="49.5818306180179" lon="57.372806305119184">
      </trkpt>
      <trkpt lat="49.64024548936902" lon="57.33700242687232">
        <ele>273</ele>
      </trkpt>
      <trkpt lat="49.69914138787398" lon="57.31810919014487">
      </trkpt>
      <trkpt lat="49.761427310341745" lon="57.324142819323875">
        <ele>258</ele>
      </trkpt>
      <trkpt lat="49.78084457577186" lon="57.329819966161">
        <ele>258</ele>
      </trkpt>
      <trkpt lat="49.79084825147855" lon="57.33187395153318">
      </trkpt>
      <trkpt lat="49.889122084760935" lon="57.363655529969705">
        <ele>240</ele>
      </trkpt>
      <trkpt lat="49.91472651824879" lon="57.38978414434487">
      </trkpt>
      <trkpt lat="50.177963012876155" lon="57.28928072383375">
        <ele>237</ele>
      </trkpt>
      <trkpt lat="50.22175486302605" lon="57.27034253655047">
        <ele>238</ele>
      </trkpt>
      <trkpt lat="50.26271149226182" lon="57.261667339404134">
        <ele>209</ele>
      </trkpt>
      <trkpt lat="50.286370335190696" lon="57.250540860565195">
        <ele>207</ele>
      </trkpt>
      <trkpt lat="50.2875417704231" lon="57.22237050538624">
        <ele>210</ele>
      </trkpt>
      <trkpt lat="50.291614537174155" lon="57.1958946716573">
        <ele>208</ele>
      </trkpt>
      <trkpt lat="50.28618718160312" lon="57.19087559155833">
        <ele>208</ele>
      </trkpt>
      <trkpt lat="50.28869210777619" lon="57.19980321741219">
        <ele>210</ele>
      </trkpt>
      <trkpt lat="50.28616020710621" lon="57.1908421756066">
        <ele>208</ele>
      </trkpt>
      <trkpt lat="50.28757923052673" lon="57.221423866344296">
        <ele>210</ele>
      </trkpt>
      <trkpt lat="50.2894649307371" lon="57.254464448434696">
        <ele>207</ele>
      </trkpt>
      <trkpt lat="50.290346159436844" lon="57.29438519295432">
        <ele>222</ele>
      </trkpt>
      <trkpt lat="50.292483296889486" lon="57.38729863726724">
        <ele>235</ele>
      </trkpt>
      <trkpt lat="50.294514379462264" lon="57.4634893300369">
        <ele>243</ele>
      </trkpt>
      <trkpt lat="50.29353544991624" lon="57.53901825321357">
        <ele>246</ele>
      </trkpt>
      <trkpt lat="50.29355856243721" lon="57.615172327373145">
        <ele>271</ele>
      </trkpt>
      <trkpt lat="50.292495916099476" lon="57.64016565532583">
        <ele>282</ele>
      </trkpt>
      <trkpt lat="50.28169898101626" lon="57.750363738833926">
        <ele>320</ele>
      </trkpt>
      <trkpt lat="50.284372614743454" lon="57.823252296129084">
        <ele>367</ele>
      </trkpt>
      <trkpt lat="50.27530326978329" lon="57.88583669816879">
        <ele>406</ele>
      </trkpt>
      <trkpt lat="50.258134659426524" lon="57.945492463240356">
        <ele>414</ele>
      </trkpt>
      <trkpt lat="50.245795450220115" lon="57.99956336622871">
        <ele>413</ele>
      </trkpt>
      <trkpt lat="50.22338404324858" lon="58.0618570000474">
        <ele>431</ele>
      </trkpt>
      <trkpt lat="50.21149293058571" lon="58.09367696760045">
        <ele>421</ele>
      </trkpt>
      <trkpt lat="50.23299882971458" lon="58.278406181593304">
        <ele>378</ele>
      </trkpt>
      <trkpt lat="50.258617960765505" lon="58.409190195554324">
        <ele>446</ele>
      </trkpt>
      <trkpt lat="50.24120334074855" lon="58.43370898632187">
        <ele>414</ele>
      </trkpt>
      <trkpt lat="50.238265544374315" lon="58.51921668356624">
        <ele>361</ele>
      </trkpt>
      <trkpt lat="50.176017377828174" lon="58.600608480189514">
        <ele>319</ele>
      </trkpt>
      <trkpt lat="50.18226854507829" lon="58.69692413141829">
        <ele>307</ele>
      </trkpt>
      <trkpt lat="50.15474442084236" lon="58.75892260649534">
        <ele>317</ele>
      </trkpt>
      <trkpt lat="50.11735355224339" lon="58.943972396122746">
        <ele>286</ele>
      </trkpt>
      <trkpt lat="50.12758417203719" lon="59.02843326226138">
        <ele>267</ele>
      </trkpt>
      <trkpt lat="50.125091902390665" lon="59.097147484313716">
        <ele>276</ele>
      </trkpt>
      <trkpt lat="50.12293866840202" lon="59.16007499216046">
        <ele>312</ele>
      </trkpt>
      <trkpt lat="50.12227848399143" lon="59.167812240496865">
        <ele>320</ele>
      </trkpt>
      <trkpt lat="50.105826049158445" lon="59.356206078137596">
        <ele>338</ele>
      </trkpt>
      <trkpt lat="50.10204574022144" lon="59.400129739232085">
        <ele>349</ele>
      </trkpt>
      <trkpt lat="50.09098096630322" lon="59.51214870744879">
        <ele>323</ele>
      </trkpt>
      <trkpt lat="50.07978098891692" lon="59.57857929301272">
        <ele>312</ele>
      </trkpt>
      <trkpt lat="50.02247222761224" lon="59.815902457546755">
        <ele>309</ele>
      </trkpt>
      <trkpt lat="50.00346658290364" lon="59.88279813906167">
        <ele>273</ele>
      </trkpt>
      <trkpt lat="49.987955954903725" lon="59.959393898081004">
        <ele>268</ele>
      </trkpt>
      <trkpt lat="49.9910753641035" lon="59.944132797317145">
        <ele>266</ele>
      </trkpt>
      <trkpt lat="49.968959041917664" lon="60.06429358391097">
        <ele>232</ele>
      </trkpt>
      <trkpt lat="49.959025640968086" lon="60.08088941713592">
      </trkpt>
      <trkpt lat="49.84932633144717" lon="60.101832771666835">
        <ele>230</ele>
      </trkpt>
      <trkpt lat="49.77546519910718" lon="60.16444137831488">
        <ele>242</ele>
      </trkpt>
      <trkpt lat="49.70635793463503" lon="60.20763923688066">
      </trkpt>
      <trkpt lat="49.65712876689295" lon="60.23811643406597">
        <ele>221</ele>
      </trkpt>
      <trkpt lat="49.56130012841826" lon="60.296370054023654">
        <ele>215</ele>
      </trkpt>
      <trkpt lat="49.511961693328374" lon="60.337615099732545">
        <ele>200</ele>
      </trkpt>
      <trkpt lat="49.480518207121" lon="60.36979572276593">
        <ele>200</ele>
      </trkpt>
      <trkpt lat="49.44259112917396" lon="60.39440151647208">
        <ele>200</ele>
      </trkpt>
      <trkpt lat="49.38972730045755" lon="60.43160539388441">
        <ele>213</ele>
      </trkpt>
      <trkpt lat="49.3098794511356" lon="60.5666216507319">
        <ele>195</ele>
      </trkpt>
      <trkpt lat="49.27641008894878" lon="60.622966196913694">
        <ele>190</ele>
      </trkpt>
      <trkpt lat="49.25513395181121" lon="60.67124344821472">
        <ele>199</ele>
      </trkpt>
      <trkpt lat="49.19519587370639" lon="60.768732168292495">
        <ele>218</ele>
      </trkpt>
      <trkpt lat="49.15019823981588" lon="60.81804482221389">
        <ele>209</ele>
      </trkpt>
      <trkpt lat="49.07306474798031" lon="60.82591111036457">
        <ele>221</ele>
      </trkpt>
      <trkpt lat="48.987863631095294" lon="60.83296466461387">
        <ele>221</ele>
      </trkpt>
      <trkpt lat="48.914461533115585" lon="60.83506580713656">
        <ele>194</ele>
      </trkpt>
      <trkpt lat="48.84232602552071" lon="60.82726260595931">
        <ele>207</ele>
      </trkpt>
      <trkpt lat="48.792554861812256" lon="60.82720756579739">
        <ele>143</ele>
      </trkpt>
      <trkpt lat="48.726700673549956" lon="60.83847688668768">
        <ele>113</ele>
      </trkpt>
      <trkpt lat="48.670375960093445" lon="60.82432556991689">
        <ele>118</ele>
      </trkpt>
      <trkpt lat="48.55788910054302" lon="60.93195798540158">
        <ele>172</ele>
      </trkpt>
      <trkpt lat="48.5187207712131" lon="60.99397141502132">
        <ele>140</ele>
      </trkpt>
      <trkpt lat="48.52135701572615" lon="61.088538950685894">
        <ele>135</ele>
      </trkpt>
      <trkpt lat="48.519078680185714" lon="61.09042463931129">
        <ele>135</ele>
      </trkpt>
      <trkpt lat="48.510047845882454" lon="61.007963584747706">
        <ele>151</ele>
      </trkpt>
      <trkpt lat="48.2579591801026" lon="61.16438556252445">
        <ele>98</ele>
      </trkpt>
      <trkpt lat="48.18479277524291" lon="61.17284408508261">
        <ele>100</ele>
      </trkpt>
      <trkpt lat="48.13450920865697" lon="61.183371450809">
        <ele>94</ele>
      </trkpt>
      <trkpt lat="48.002016549043354" lon="61.21360111987331">
      </trkpt>
      <trkpt lat="47.883839401511125" lon="61.310128004330565">
        <ele>93</ele>
      </trkpt>
      <trkpt lat="47.75176794597067" lon="61.356029122432105">
        <ele>109</ele>
      </trkpt>
      <trkpt lat="47.63834802438285" lon="61.479047024679815">
        <ele>117</ele>
      </trkpt>
      <trkpt lat="47.50518991172154" lon="61.5330316321962">
        <ele>87</ele>
      </trkpt>
      <trkpt lat="47.326740689325874" lon="61.53592628208874">
        <ele>83</ele>
      </trkpt>
      <trkpt lat="47.20312761967558" lon="61.532137004532906">
      </trkpt>
      <trkpt lat="47.14174972774981" lon="61.52796646734675">
        <ele>79</ele>
      </trkpt>
      <trkpt lat="47.08537828923961" lon="61.52130373218495">
      </trkpt>
      <trkpt lat="47.036886529762285" lon="61.51570558505771">
        <ele>61</ele>
      </trkpt>
      <trkpt lat="46.95086922573111" lon="61.5411915230448">
        <ele>83</ele>
      </trkpt>
      <trkpt lat="46.91710358314383" lon="61.60553637122766">
      </trkpt>
      <trkpt lat="46.82863628985886" lon="61.692120489465815">
        <ele>71</ele>
      </trkpt>
      <trkpt lat="46.694280831325855" lon="61.77199645269501">
      </trkpt>
      <trkpt lat="46.56659141889763" lon="61.85333020701497">
        <ele>60</ele>
      </trkpt>
      <trkpt lat="46.50917199373824" lon="61.896282802979286">
      </trkpt>
      <trkpt lat="46.40762254706411" lon="61.89546718227891">
        <ele>60</ele>
      </trkpt>
      <trkpt lat="46.35992545610818" lon="61.92995463482897">
      </trkpt>
      <trkpt lat="46.29576348643055" lon="61.966455217100865">
        <ele>63</ele>
      </trkpt>
      <trkpt lat="46.234284578829836" lon="62.0064476266833">
        <ele>69</ele>
      </trkpt>
      <trkpt lat="46.234067889746626" lon="62.00603431616289">
      </trkpt>
      <trkpt lat="46.18273426390807" lon="62.05616822693133">
        <ele>67</ele>
      </trkpt>
      <trkpt lat="46.130127670445674" lon="62.0871214671605">
      </trkpt>
      <trkpt lat="46.015874560033076" lon="62.112686006098166">
        <ele>64</ele>
      </trkpt>
      <trkpt lat="46.000147414093924" lon="62.12060913102042">
      </trkpt>
      <trkpt lat="46.14019413859445" lon="62.08449823506801">
        <ele>56</ele>
      </trkpt>
      <trkpt lat="46.19279811489217" lon="62.04286200512844">
      </trkpt>
      <trkpt lat="46.20623840370717" lon="61.95699256829093">
      </trkpt>
      <trkpt lat="46.206245838863815" lon="61.956514206165714">
        <ele>72</ele>
      </trkpt>
      <trkpt lat="46.16120362547403" lon="62.07607068369948">
        <ele>61</ele>
      </trkpt>
      <trkpt lat="46.16552111231365" lon="62.09036336286188">
        <ele>56</ele>
      </trkpt>
      <trkpt lat="45.95514297" lon="62.133098600000004">
        <ele>68</ele>
      </trkpt>
      <trkpt lat="46.16541769852336" lon="62.090347695819545">
      </trkpt>
      <trkpt lat="45.95514297" lon="62.133098600000004">
        <ele>68</ele>
      </trkpt>
      <trkpt lat="46.16548268128761" lon="62.090338384790435">
      </trkpt>
      <trkpt lat="45.91423034667969" lon="62.144821166992195">
        <ele>63</ele>
      </trkpt>
      <trkpt lat="46.16544450171866" lon="62.090356741158374">
      </trkpt>
      <trkpt lat="45.91423034667969" lon="62.144821166992195">
        <ele>63</ele>
      </trkpt>
      <trkpt lat="46.16539190527626" lon="62.09034031262816">
      </trkpt>
      <trkpt lat="46.16496015344389" lon="62.08983060909629">
        <ele>56</ele>
      </trkpt>
      <trkpt lat="46.16541143511065" lon="62.09036830818476">
        <ele>56</ele>
      </trkpt>
      <trkpt lat="45.95514297" lon="62.133098600000004">
        <ele>68</ele>
      </trkpt>
      <trkpt lat="46.16537489001282" lon="62.090398650674224">
        <ele>56</ele>
      </trkpt>
      <trkpt lat="45.95514297" lon="62.133098600000004">
        <ele>68</ele>
      </trkpt>
      <trkpt lat="46.16558107114624" lon="62.090338887100486">
        <ele>56</ele>
      </trkpt>
      <trkpt lat="46.125278379811085" lon="62.08834583876849">
        <ele>55</ele>
      </trkpt>
      <trkpt lat="46.046674324237465" lon="62.102552583154655">
        <ele>64</ele>
      </trkpt>
      <trkpt lat="45.98948704141526" lon="62.12728130304348">
        <ele>62</ele>
      </trkpt>
      <trkpt lat="45.90016342911896" lon="62.1453615823977">
        <ele>63</ele>
      </trkpt>
      <trkpt lat="45.8594218036587" lon="62.18591940595041">
        <ele>63</ele>
      </trkpt>
      <trkpt lat="45.850311716893124" lon="62.26474665555542">
        <ele>69</ele>
      </trkpt>
      <trkpt lat="45.86087159460065" lon="62.415654510972686">
        <ele>71</ele>
      </trkpt>
      <trkpt lat="45.85246175938791" lon="62.51900009824621">
        <ele>74</ele>
      </trkpt>
      <trkpt lat="45.83283896979583" lon="62.63139184845997">
        <ele>80</ele>
      </trkpt>
      <trkpt lat="45.79152447515242" lon="62.71624682132782">
        <ele>83</ele>
      </trkpt>
      <trkpt lat="45.78948214618137" lon="62.71925693052888">
        <ele>85</ele>
      </trkpt>
      <trkpt lat="45.7508179824596" lon="62.87342865267369">
        <ele>87</ele>
      </trkpt>
      <trkpt lat="45.73703138352991" lon="62.956443938175816">
        <ele>91</ele>
      </trkpt>
      <trkpt lat="45.71821063546228" lon="63.03760221519363">
        <ele>95</ele>
      </trkpt>
      <trkpt lat="45.71552522950407" lon="63.04767318075806">
        <ele>96</ele>
      </trkpt>
      <trkpt lat="45.71335815425948" lon="63.05659893084115">
        <ele>94</ele>
      </trkpt>
      <trkpt lat="45.67874782722972" lon="63.20049874490425">
        <ele>101</ele>
      </trkpt>
      <trkpt lat="45.672335587484454" lon="63.280194718449636">
        <ele>105</ele>
      </trkpt>
      <trkpt lat="45.67567741036944" lon="63.30806110991473">
        <ele>102</ele>
      </trkpt>
      <trkpt lat="45.67439293921207" lon="63.30878766595112">
        <ele>102</ele>
      </trkpt>
      <trkpt lat="45.67674124030985" lon="63.311863298811666">
        <ele>100</ele>
      </trkpt>
      <trkpt lat="45.7011061556488" lon="63.44246775100535">
        <ele>94</ele>
      </trkpt>
      <trkpt lat="45.70949115217863" lon="63.478741601154866">
        <ele>97</ele>
      </trkpt>
      <trkpt lat="45.72801173018427" lon="63.55932848107249">
        <ele>99</ele>
      </trkpt>
      <trkpt lat="45.759529941219675" lon="63.75465114618751">
        <ele>93</ele>
      </trkpt>
      <trkpt lat="45.680104088771806" lon="63.858446739375964">
        <ele>98</ele>
      </trkpt>
      <trkpt lat="45.62821057400646" lon="63.915180384986535">
        <ele>95</ele>
      </trkpt>
      <trkpt lat="45.56313946522019" lon="63.999284902890246">
        <ele>113</ele>
      </trkpt>
      <trkpt lat="45.515890985949476" lon="64.0336218813429">
        <ele>98</ele>
      </trkpt>
      <trkpt lat="45.46355473938996" lon="64.06706106429112">
        <ele>100</ele>
      </trkpt>
      <trkpt lat="45.440735113344545" lon="64.07013216177099">
        <ele>101</ele>
      </trkpt>
      <trkpt lat="45.313880799802874" lon="64.07525139894327">
        <ele>100</ele>
      </trkpt>
      <trkpt lat="45.257023647492325" lon="64.11092081576234">
        <ele>102</ele>
      </trkpt>
      <trkpt lat="45.149893172737585" lon="64.17779718190836">
        <ele>101</ele>
      </trkpt>
      <trkpt lat="45.088095325976525" lon="64.26954524310979">
        <ele>103</ele>
      </trkpt>
      <trkpt lat="45.07441788916017" lon="64.30862431420414">
        <ele>108</ele>
      </trkpt>
      <trkpt lat="44.99173193927781" lon="64.52450230115853">
        <ele>108</ele>
      </trkpt>
      <trkpt lat="44.92500782445831" lon="64.66805491345278">
        <ele>114</ele>
      </trkpt>
      <trkpt lat="44.88618381406783" lon="64.76750672438953">
        <ele>116</ele>
      </trkpt>
      <trkpt lat="44.880126314310274" lon="64.88740325257262">
        <ele>120</ele>
      </trkpt>
      <trkpt lat="44.89774013341465" lon="64.99351311700323">
        <ele>119</ele>
      </trkpt>
      <trkpt lat="44.883818296639184" lon="65.05884943058904">
        <ele>121</ele>
      </trkpt>
      <trkpt lat="44.88223720210075" lon="65.1411554773149">
        <ele>122</ele>
      </trkpt>
      <trkpt lat="44.88438904823957" lon="65.23250668434143">
        <ele>121</ele>
      </trkpt>
      <trkpt lat="44.885131708922124" lon="65.31553396142839">
        <ele>124</ele>
      </trkpt>
      <trkpt lat="44.87169355328063" lon="65.38559868420214">
        <ele>126</ele>
      </trkpt>
      <trkpt lat="44.81738229991805" lon="65.42548448176979">
        <ele>126</ele>
      </trkpt>
      <trkpt lat="44.78099453267155" lon="65.47591899527747">
        <ele>128</ele>
      </trkpt>
      <trkpt lat="44.767346378774896" lon="65.55134090776602">
        <ele>128</ele>
      </trkpt>
      <trkpt lat="44.78843318482321" lon="65.61056183859515">
        <ele>126</ele>
      </trkpt>
      <trkpt lat="44.81182285953211" lon="65.65676803743764">
        <ele>127</ele>
      </trkpt>
      <trkpt lat="44.806480314228374" lon="65.6835863774328">
        <ele>128</ele>
      </trkpt>
      <trkpt lat="44.78645919826327" lon="65.73929524055285">
        <ele>129</ele>
      </trkpt>
      <trkpt lat="44.7694264982111" lon="65.77127248650699">
        <ele>131</ele>
      </trkpt>
      <trkpt lat="44.7194598144559" lon="65.86202042929058">
        <ele>131</ele>
      </trkpt>
      <trkpt lat="44.68228014582719" lon="65.93238218405473">
        <ele>132</ele>
      </trkpt>
      <trkpt lat="44.636297542817644" lon="66.06250714064177">
        <ele>131</ele>
      </trkpt>
      <trkpt lat="44.62221535616026" lon="66.047141101413">
        <ele>134</ele>
      </trkpt>
      <trkpt lat="44.6215984795638" lon="66.06054250886491">
        <ele>133</ele>
      </trkpt>
      <trkpt lat="44.61354772897791" lon="66.06080718121432">
        <ele>133</ele>
      </trkpt>
      <trkpt lat="44.62243151584359" lon="66.06066286494966">
        <ele>133</ele>
      </trkpt>
      <trkpt lat="44.51520918213676" lon="66.19321468287767">
        <ele>136</ele>
      </trkpt>
      <trkpt lat="44.47169354027497" lon="66.24491869631666">
        <ele>140</ele>
      </trkpt>
      <trkpt lat="44.4287908371908" lon="66.29611759714982">
        <ele>141</ele>
      </trkpt>
      <trkpt lat="44.38966953076189" lon="66.35539798999505">
        <ele>142</ele>
      </trkpt>
      <trkpt lat="44.30893571278659" lon="66.49363506976312">
        <ele>144</ele>
      </trkpt>
      <trkpt lat="44.272596541178004" lon="66.58571190921869">
        <ele>147</ele>
      </trkpt>
      <trkpt lat="44.23392768053396" lon="66.6812244150411">
        <ele>149</ele>
      </trkpt>
      <trkpt lat="44.20794355664845" lon="66.75121566047984">
        <ele>149</ele>
      </trkpt>
      <trkpt lat="44.181112661067566" lon="66.87418942345946">
        <ele>151</ele>
      </trkpt>
      <trkpt lat="44.13680498420229" lon="66.96998269444191">
        <ele>155</ele>
      </trkpt>
      <trkpt lat="44.110210081201224" lon="67.03362300881288">
        <ele>156</ele>
      </trkpt>
      <trkpt lat="44.08606235658422" lon="67.1087798694673">
        <ele>156</ele>
      </trkpt>
      <trkpt lat="44.03364652771878" lon="67.17859424656925">
        <ele>165</ele>
      </trkpt>
      <trkpt lat="44.01431823694285" lon="67.19804907313035">
        <ele>167</ele>
      </trkpt>
      <trkpt lat="44.00827815433672" lon="67.20528151228271">
        <ele>168</ele>
      </trkpt>
      <trkpt lat="43.887483100003834" lon="67.36981682656767">
        <ele>213</ele>
      </trkpt>
      <trkpt lat="43.74468944320836" lon="67.51877852460262">
        <ele>209</ele>
      </trkpt>
      <trkpt lat="43.62689736768941" lon="67.64753029688042">
        <ele>241</ele>
      </trkpt>
      <trkpt lat="43.58319478886086" lon="67.69763367405919">
        <ele>227</ele>
      </trkpt>
      <trkpt lat="43.54644423044224" lon="67.75639710674827">
        <ele>210</ele>
      </trkpt>
      <trkpt lat="43.53193914834119" lon="67.78033918257995">
        <ele>212</ele>
      </trkpt>
      <trkpt lat="43.527102680217894" lon="67.79053247449242">
        <ele>212</ele>
      </trkpt>
      <trkpt lat="43.501338040110056" lon="67.84368843293427">
        <ele>211</ele>
      </trkpt>
      <trkpt lat="43.469115290831276" lon="67.90747683501607">
        <ele>218</ele>
      </trkpt>
      <trkpt lat="43.43978492378955" lon="67.97093457727297">
        <ele>222</ele>
      </trkpt>
      <trkpt lat="43.411352104723875" lon="68.03219870250328">
        <ele>222</ele>
      </trkpt>
      <trkpt lat="43.382281384638944" lon="68.08605987122525">
        <ele>214</ele>
      </trkpt>
      <trkpt lat="43.35222999927944" lon="68.14575278815371">
        <ele>213</ele>
      </trkpt>
      <trkpt lat="43.3271152541996" lon="68.20066035660575">
        <ele>213</ele>
      </trkpt>
      <trkpt lat="43.32221661232744" lon="68.21049923083578">
        <ele>212</ele>
      </trkpt>
      <trkpt lat="43.32030094390098" lon="68.2161743188206">
        <ele>213</ele>
      </trkpt>
      <trkpt lat="43.32020384455871" lon="68.26775091127159">
        <ele>215</ele>
      </trkpt>
      <trkpt lat="43.31698039063275" lon="68.30703897386864">
        <ele>224</ele>
      </trkpt>
      <trkpt lat="43.313167163330064" lon="68.31049093364572">
        <ele>226</ele>
      </trkpt>
      <trkpt lat="43.292328639661726" lon="68.32685189792184">
        <ele>218</ele>
      </trkpt>
      <trkpt lat="43.28942421613723" lon="68.29492423305696">
        <ele>212</ele>
      </trkpt>
      <trkpt lat="43.30216166142689" lon="68.27147315535281">
        <ele>211</ele>
      </trkpt>
      <trkpt lat="43.302094912266" lon="68.26148024895652">
        <ele>215</ele>
      </trkpt>
      <trkpt lat="43.3037260362325" lon="68.26762775835223">
        <ele>215</ele>
      </trkpt>
      <trkpt lat="43.29614792954484" lon="68.28392772010368">
      </trkpt>
      <trkpt lat="43.294995834861474" lon="68.28465419296778">
        <ele>215</ele>
      </trkpt>
      <trkpt lat="43.28942359630195" lon="68.29461138819559">
        <ele>212</ele>
      </trkpt>
      <trkpt lat="43.27708588917113" lon="68.33011477260695">
      </trkpt>
      <trkpt lat="43.264317987527015" lon="68.366533303697">
        <ele>209</ele>
      </trkpt>
      <trkpt lat="42.97062913425543" lon="68.86905446655011">
        <ele>220</ele>
      </trkpt>
      <trkpt lat="42.936294325994446" lon="68.92458889421869">
      </trkpt>
      <trkpt lat="42.92212588793989" lon="68.95521976630602">
        <ele>232</ele>
      </trkpt>
      <trkpt lat="42.884022530959264" lon="69.0239120341287">
      </trkpt>
      <trkpt lat="42.844973670271784" lon="69.09533502479923">
        <ele>261</ele>
      </trkpt>
      <trkpt lat="42.769844373727935" lon="69.20659873641021">
      </trkpt>
      <trkpt lat="42.65693135072483" lon="69.23311526869321">
        <ele>351</ele>
      </trkpt>
      <trkpt lat="42.6259213546688" lon="69.29612525745229">
      </trkpt>
      <trkpt lat="42.582317127011414" lon="69.30936608598714">
        <ele>319</ele>
      </trkpt>
      <trkpt lat="42.52450420360353" lon="69.37487603968515">
      </trkpt>
      <trkpt lat="42.50649129782336" lon="69.44878418664838">
        <ele>402</ele>
      </trkpt>
      <trkpt lat="42.490935643322736" lon="69.51039535175045">
        <ele>408</ele>
      </trkpt>
      <trkpt lat="42.51165099445964" lon="69.44052667363495">
        <ele>395</ele>
      </trkpt>
      <trkpt lat="42.524533549559166" lon="69.36432848733764">
        <ele>359</ele>
      </trkpt>
      <trkpt lat="42.503313511782984" lon="69.3662574159844">
        <ele>368</ele>
      </trkpt>
      <trkpt lat="42.457586294079626" lon="69.40193563706185">
      </trkpt>
      <trkpt lat="42.408427563535426" lon="69.45168751298398">
        <ele>393</ele>
      </trkpt>
      <trkpt lat="42.38063454801037" lon="69.49292756301891">
        <ele>415</ele>
      </trkpt>
      <trkpt lat="42.36566115642472" lon="69.51500793854238">
        <ele>426</ele>
      </trkpt>
      <trkpt lat="42.34233054853162" lon="69.52321567598439">
        <ele>446</ele>
      </trkpt>
      <trkpt lat="42.327459300907634" lon="69.51339256956196">
        <ele>470</ele>
      </trkpt>
      <trkpt lat="42.31538860596932" lon="69.52572553425051">
        <ele>511</ele>
      </trkpt>
      <trkpt lat="42.303170795751726" lon="69.5404742389194">
      </trkpt>
      <trkpt lat="42.29206164158406" lon="69.55861240751403">
      </trkpt>
      <trkpt lat="42.25557309857172" lon="69.54587528305389">
        <ele>515</ele>
      </trkpt>
      <trkpt lat="42.2107739673916" lon="69.5183529855484">
      </trkpt>
      <trkpt lat="42.157896501051404" lon="69.48613445281003">
        <ele>502</ele>
      </trkpt>
      <trkpt lat="42.01445569288173" lon="69.47128096601877">
      </trkpt>
      <trkpt lat="41.936401240039636" lon="69.48576739481646">
        <ele>706</ele>
      </trkpt>
      <trkpt lat="41.82900452344269" lon="69.40192236405287">
      </trkpt>
      <trkpt lat="41.70123453255901" lon="69.39727395779397">
        <ele>552</ele>
      </trkpt>
      <trkpt lat="41.65698362035902" lon="69.39193595113552">
        <ele>546</ele>
      </trkpt>
      <trkpt lat="41.657345127353125" lon="69.39210391609872">
        <ele>546</ele>
      </trkpt>
      <trkpt lat="41.65696426149932" lon="69.39197085048337">
      </trkpt>
      <trkpt lat="41.63240515863508" lon="69.40017060992693">
      </trkpt>
      <trkpt lat="41.574916807622785" lon="69.40851315451553">
        <ele>553</ele>
      </trkpt>
      <trkpt lat="41.52897035876406" lon="69.40209325591698">
        <ele>541</ele>
      </trkpt>
      <trkpt lat="41.50801449913634" lon="69.37628458538457">
        <ele>558</ele>
      </trkpt>
      <trkpt lat="41.49851336076578" lon="69.35009149427083">
        <ele>534</ele>
      </trkpt>
      <trkpt lat="41.49062087871527" lon="69.27566493093508">
      </trkpt>
      <trkpt lat="41.45362085767683" lon="69.1355603744521">
        <ele>418</ele>
      </trkpt>
      <trkpt lat="41.42216771744662" lon="69.09224718014424">
      </trkpt>
      <trkpt lat="41.40214847401425" lon="69.04615730704863">
        <ele>403</ele>
      </trkpt>
      <trkpt lat="41.37429236438253" lon="69.00505671284068">
      </trkpt>
      <trkpt lat="41.35341546862558" lon="68.9690695980745">
        <ele>353</ele>
      </trkpt>
      <trkpt lat="41.347417728631086" lon="68.96002835217554">
        <ele>353</ele>
      </trkpt>
      <trkpt lat="41.33294968824448" lon="68.91902308530739">
      </trkpt>
      <trkpt lat="41.3281136099634" lon="68.89411719522336">
        <ele>362</ele>
      </trkpt>
      <trkpt lat="41.29141127334522" lon="68.8420167245735">
      </trkpt>
      <trkpt lat="41.087475962585906" lon="68.68264911513748">
        <ele>282</ele>
      </trkpt>
      <trkpt lat="41.01615149389095" lon="68.71646266048593">
        <ele>305</ele>
      </trkpt>
      <trkpt lat="40.97998006273152" lon="68.72546592733704">
        <ele>267</ele>
      </trkpt>
      <trkpt lat="40.97415711095688" lon="68.72744329414473">
        <ele>270</ele>
      </trkpt>
      <trkpt lat="40.96887031108231" lon="68.72710157192193">
        <ele>267</ele>
      </trkpt>
      <trkpt lat="40.94991485962976" lon="68.73415855847844">
        <ele>277</ele>
      </trkpt>
      <trkpt lat="40.91094702756441" lon="68.70234280028315">
        <ele>256</ele>
      </trkpt>
      <trkpt lat="40.92905358762538" lon="68.72419351947437">
      </trkpt>
      <trkpt lat="40.95778406258125" lon="68.758428180373">
      </trkpt>
      <trkpt lat="41.001806252080456" lon="68.82361796914702">
        <ele>311</ele>
      </trkpt>
      <trkpt lat="41.03823441550232" lon="68.87825930497505">
        <ele>341</ele>
      </trkpt>
      <trkpt lat="41.07246789776543" lon="68.92695091092548">
      </trkpt>
      <trkpt lat="41.10459633175386" lon="68.97275587550268">
        <ele>349</ele>
      </trkpt>
      <trkpt lat="41.13524663248965" lon="69.01526788540205">
      </trkpt>
      <trkpt lat="41.1635747700078" lon="69.0554318603091">
        <ele>361</ele>
      </trkpt>
      <trkpt lat="41.19284285413112" lon="69.09709854926409">
        <ele>364</ele>
      </trkpt>
      <trkpt lat="41.22324296839849" lon="69.1403827937985">
        <ele>406</ele>
      </trkpt>
      <trkpt lat="41.25012589820679" lon="69.1829656107269">
        <ele>425</ele>
      </trkpt>
      <trkpt lat="41.27647231430067" lon="69.20641751324123">
      </trkpt>
      <trkpt lat="41.30776004931472" lon="69.23833913575018">
        <ele>446</ele>
      </trkpt>
      <trkpt lat="41.345026696519774" lon="69.25859379861136">
      </trkpt>
      <trkpt lat="41.361380435013835" lon="69.2815170380019">
        <ele>467</ele>
      </trkpt>
      <trkpt lat="41.35625105093522" lon="69.3094879841026">
      </trkpt>
      <trkpt lat="41.35500610809899" lon="69.33421438566347">
        <ele>472</ele>
      </trkpt>
      <trkpt lat="41.356505184167624" lon="69.37865065470322">
        <ele>518</ele>
      </trkpt>
      <trkpt lat="41.36770216390304" lon="69.41574016762765">
      </trkpt>
      <trkpt lat="41.349916700312264" lon="69.43224434747307">
        <ele>500</ele>
      </trkpt>
      <trkpt lat="41.35597417086386" lon="69.43750667556964">
      </trkpt>
      <trkpt lat="41.3558148360265" lon="69.43752645521371">
        <ele>503</ele>
      </trkpt>
      <trkpt lat="41.35603491467356" lon="69.43794917989072">
      </trkpt>
      <trkpt lat="41.35595411094676" lon="69.43731978707893">
        <ele>501</ele>
      </trkpt>
      <trkpt lat="41.3560685562357" lon="69.43793884484975">
        <ele>503</ele>
      </trkpt>
      <trkpt lat="41.355818245857876" lon="69.4372366232611">
        <ele>501</ele>
      </trkpt>
      <trkpt lat="41.35607426108441" lon="69.43793619836018">
        <ele>503</ele>
      </trkpt>
      <trkpt lat="41.352031428825406" lon="69.43131194061596">
        <ele>498</ele>
      </trkpt>
      <trkpt lat="41.33181975661222" lon="69.42271508725068">
      </trkpt>
      <trkpt lat="41.326479436828485" lon="69.42645187307444">
        <ele>488</ele>
      </trkpt>
      <trkpt lat="41.31568661971131" lon="69.37607616359509">
        <ele>468</ele>
      </trkpt>
      <trkpt lat="41.30502077617108" lon="69.32628374285599">
      </trkpt>
      <trkpt lat="41.30156364908024" lon="69.29687587826409">
      </trkpt>
      <trkpt lat="41.27701061315953" lon="69.30861328734952">
        <ele>444</ele>
      </trkpt>
      <trkpt lat="41.25140200557475" lon="69.3232020585758">
        <ele>433</ele>
      </trkpt>
      <trkpt lat="41.21606768112743" lon="69.3345344905456">
        <ele>421</ele>
      </trkpt>
      <trkpt lat="41.192940055512835" lon="69.33097023258136">
        <ele>414</ele>
      </trkpt>
      <trkpt lat="41.15449493428531" lon="69.32313153591589">
      </trkpt>
      <trkpt lat="41.08482761312377" lon="69.32636791846652">
        <ele>382</ele>
      </trkpt>
      <trkpt lat="41.01677984325086" lon="69.31229769349902">
        <ele>379</ele>
      </trkpt>
      <trkpt lat="40.98055649392213" lon="69.28775332004247">
      </trkpt>
      <trkpt lat="40.93817236222053" lon="69.26604830560814">
        <ele>396</ele>
      </trkpt>
      <trkpt lat="40.869728322178936" lon="69.27722012630596">
      </trkpt>
      <trkpt lat="40.81637496761177" lon="69.20451231706416">
        <ele>345</ele>
      </trkpt>
      <trkpt lat="40.80184339392318" lon="69.208176301318">
        <ele>342</ele>
      </trkpt>
      <trkpt lat="40.76933885462654" lon="69.16264537728313">
      </trkpt>
      <trkpt lat="40.715307298805286" lon="69.0640448508269">
        <ele>289</ele>
      </trkpt>
      <trkpt lat="40.68999978251819" lon="68.96269164054557">
        <ele>276</ele>
      </trkpt>
      <trkpt lat="40.619719390144176" lon="68.84769273772021">
        <ele>270</ele>
      </trkpt>
      <trkpt lat="40.62654242596067" lon="68.73188902441211">
        <ele>266</ele>
      </trkpt>
      <trkpt lat="40.60939358412101" lon="68.72927001741033">
        <ele>268</ele>
      </trkpt>
      <trkpt lat="40.55610642092317" lon="68.74571854862174">
        <ele>270</ele>
      </trkpt>
      <trkpt lat="40.502356710580614" lon="68.76216051301344">
        <ele>271</ele>
      </trkpt>
      <trkpt lat="40.367070265852426" lon="68.8005481173208">
      </trkpt>
      <trkpt lat="40.32309536461433" lon="68.81382058386562">
        <ele>279</ele>
      </trkpt>
      <trkpt lat="40.2873387413366" lon="68.8245593276509">
        <ele>305</ele>
      </trkpt>
      <trkpt lat="40.23730760909639" lon="68.83953558287475">
      </trkpt>
      <trkpt lat="40.20614981796157" lon="68.77223340551946">
      </trkpt>
      <trkpt lat="40.1812553080173" lon="68.66913040174978">
        <ele>360</ele>
      </trkpt>
      <trkpt lat="40.154843008199684" lon="68.55518793404272">
      </trkpt>
      <trkpt lat="40.17344278645717" lon="68.6366042356182">
        <ele>367</ele>
      </trkpt>
      <trkpt lat="40.14766953878451" lon="68.52412907455123">
      </trkpt>
      <trkpt lat="40.13466190084827" lon="68.46898832364796">
        <ele>393</ele>
      </trkpt>
      <trkpt lat="40.10480355009446" lon="68.34390610462832">
      </trkpt>
      <trkpt lat="40.09453963350175" lon="68.29985856875962">
        <ele>413</ele>
      </trkpt>
      <trkpt lat="40.09157398622955" lon="68.10860152104198">
        <ele>380</ele>
      </trkpt>
      <trkpt lat="40.09558953253687" lon="67.96407915724721">
      </trkpt>
      <trkpt lat="40.06210202146516" lon="67.83469175535205">
        <ele>433</ele>
      </trkpt>
      <trkpt lat="40.05541543935067" lon="67.81237339232554">
        <ele>496</ele>
      </trkpt>
      <trkpt lat="40.04862976171338" lon="67.75039946685496">
      </trkpt>
      <trkpt lat="40.0353336132766" lon="67.62852419952584">
        <ele>551</ele>
      </trkpt>
      <trkpt lat="39.982359451279024" lon="67.57124735048745">
        <ele>613</ele>
      </trkpt>
      <trkpt lat="39.943877427037876" lon="67.53021419186176">
        <ele>671</ele>
      </trkpt>
      <trkpt lat="39.88145269818952" lon="67.48611984742413">
      </trkpt>
      <trkpt lat="39.85959927036402" lon="67.50125959583175">
        <ele>832</ele>
      </trkpt>
      <trkpt lat="39.85967978233818" lon="67.51183548851488">
      </trkpt>
      <trkpt lat="39.789890273645604" lon="67.57450525623783">
        <ele>864</ele>
      </trkpt>
      <trkpt lat="39.85971554783805" lon="67.51189307985652">
      </trkpt>
      <trkpt lat="39.77529144" lon="67.58537292">
        <ele>901</ele>
      </trkpt>
      <trkpt lat="39.859725225846844" lon="67.5118963863761">
      </trkpt>
      <trkpt lat="39.88656154837449" lon="67.49012335209873">
        <ele>767</ele>
      </trkpt>
      <trkpt lat="39.78822126007927" lon="67.31445766639118">
        <ele>759</ele>
      </trkpt>
      <trkpt lat="39.741574178136446" lon="67.19126584460793">
        <ele>722</ele>
      </trkpt>
      <trkpt lat="39.71353100619915" lon="67.09973238212076">
      </trkpt>
      <trkpt lat="39.69060702718765" lon="67.06769781193422">
        <ele>703</ele>
      </trkpt>
      <trkpt lat="39.6830001054162" lon="67.05089576263524">
      </trkpt>
      <trkpt lat="39.6460620314252" lon="67.04410996294305">
        <ele>721</ele>
      </trkpt>
      <trkpt lat="39.65095170426122" lon="67.04578690394325">
        <ele>713</ele>
      </trkpt>
      <trkpt lat="39.65806512631444" lon="67.03514182946368">
      </trkpt>
      <trkpt lat="39.675233459359966" lon="67.00256544563793">
        <ele>700</ele>
      </trkpt>
      <trkpt lat="39.664399892412106" lon="66.98592112860192">
        <ele>708</ele>
      </trkpt>
      <trkpt lat="39.66654773805259" lon="66.99110414839069">
        <ele>702</ele>
      </trkpt>
      <trkpt lat="39.67595236100329" lon="67.00807806884072">
        <ele>708</ele>
      </trkpt>
      <trkpt lat="39.637185595966535" lon="67.04119088134452">
      </trkpt>
      <trkpt lat="39.60374279373903" lon="67.09176776070963">
      </trkpt>
      <trkpt lat="39.572277765246895" lon="67.17856922217335">
        <ele>775</ele>
      </trkpt>
      <trkpt lat="39.56152449578447" lon="67.21887171021893">
        <ele>787</ele>
      </trkpt>
      <trkpt lat="39.537525647356674" lon="67.31083226396451">
        <ele>828</ele>
      </trkpt>
      <trkpt lat="39.521111869290024" lon="67.3864265531929">
        <ele>882</ele>
      </trkpt>
      <trkpt lat="39.51908597120111" lon="67.39514080635698">
        <ele>892</ele>
      </trkpt>
      <trkpt lat="39.517636438868486" lon="67.40122119902391">
        <ele>898</ele>
      </trkpt>
      <trkpt lat="39.51760536469167" lon="67.40218299296265">
      </trkpt>
      <trkpt lat="39.47785370911846" lon="67.54746970740113">
        <ele>1004</ele>
      </trkpt>
      <trkpt lat="39.49381082570529" lon="67.61784290666618">
        <ele>993</ele>
      </trkpt>
      <trkpt lat="39.49604397114572" lon="67.65429651933513">
      </trkpt>
      <trkpt lat="39.49036344856897" lon="67.70250916113595">
        <ele>1015</ele>
      </trkpt>
      <trkpt lat="39.477896829366415" lon="67.79933980562666">
      </trkpt>
      <trkpt lat="39.4454965969244" lon="67.91357388114082">
        <ele>1159</ele>
      </trkpt>
      <trkpt lat="39.471537572772114" lon="68.03400378152755">
      </trkpt>
      <trkpt lat="39.45014139287319" lon="68.16937980425769">
        <ele>1232</ele>
      </trkpt>
      <trkpt lat="39.43541358749406" lon="68.27031574898585">
      </trkpt>
      <trkpt lat="39.45210274672941" lon="68.35972713951759">
        <ele>1360</ele>
      </trkpt>
      <trkpt lat="39.45343767624566" lon="68.44009816202673">
      </trkpt>
      <trkpt lat="39.4363836952979" lon="68.46020444205693">
        <ele>1388</ele>
      </trkpt>
      <trkpt lat="39.41286189485287" lon="68.50882985635522">
      </trkpt>
      <trkpt lat="39.38368147814372" lon="68.55931192131675">
        <ele>1410</ele>
      </trkpt>
      <trkpt lat="39.361784500665344" lon="68.55783948302027">
        <ele>1458</ele>
      </trkpt>
      <trkpt lat="39.27476779109421" lon="68.54594795460258">
        <ele>1659</ele>
      </trkpt>
      <trkpt lat="39.223047980471875" lon="68.5280151015406">
        <ele>1665</ele>
      </trkpt>
      <trkpt lat="39.218432251400515" lon="68.52168442687812">
        <ele>1659</ele>
      </trkpt>
      <trkpt lat="39.18435331421936" lon="68.53212879237277">
      </trkpt>
      <trkpt lat="39.14323392501137" lon="68.47623699431088">
        <ele>1785</ele>
      </trkpt>
      <trkpt lat="39.12007242674302" lon="68.42026822462617">
      </trkpt>
      <trkpt lat="39.09456268422221" lon="68.39936438022963">
        <ele>2167</ele>
      </trkpt>
      <trkpt lat="39.081863262727" lon="68.37409193633904">
        <ele>2197</ele>
      </trkpt>
      <trkpt lat="39.07849312171668" lon="68.35930678248941">
      </trkpt>
      <trkpt lat="39.057302640432646" lon="68.34925371071787">
        <ele>2201</ele>
      </trkpt>
      <trkpt lat="39.057980848109466" lon="68.35058609318347">
      </trkpt>
      <trkpt lat="39.058023460675756" lon="68.35062329359954">
        <ele>2202</ele>
      </trkpt>
      <trkpt lat="39.05784983559002" lon="68.35064482999574">
      </trkpt>
      <trkpt lat="39.05795676593319" lon="68.35059850870522">
        <ele>2202</ele>
      </trkpt>
      <trkpt lat="39.057982962626845" lon="68.3506171067039">
        <ele>2202</ele>
      </trkpt>
      <trkpt lat="39.058018149761914" lon="68.35054723522128">
        <ele>2202</ele>
      </trkpt>
      <trkpt lat="39.05802650869078" lon="68.35056097097991">
        <ele>2202</ele>
      </trkpt>
      <trkpt lat="39.0579983123458" lon="68.35063540982804">
        <ele>2202</ele>
      </trkpt>
      <trkpt lat="39.05792242580359" lon="68.35064010280081">
      </trkpt>
      <trkpt lat="39.05798347915463" lon="68.35054826455162">
        <ele>2202</ele>
      </trkpt>
      <trkpt lat="39.05803448530144" lon="68.35059320727419">
      </trkpt>
      <trkpt lat="39.05807943065841" lon="68.35059685642896">
        <ele>2202</ele>
      </trkpt>
      <trkpt lat="39.05798889347816" lon="68.35054275433994">
      </trkpt>
      <trkpt lat="39.05798126477216" lon="68.35061115095503">
        <ele>2202</ele>
      </trkpt>
      <trkpt lat="39.05800380488426" lon="68.3506583208095">
      </trkpt>
      <trkpt lat="39.05792669308737" lon="68.35051358367228">
        <ele>2202</ele>
      </trkpt>
      <trkpt lat="39.05788094977754" lon="68.35070459611323">
        <ele>2202</ele>
      </trkpt>
      <trkpt lat="39.0579986105357" lon="68.35053273881786">
      </trkpt>
      <trkpt lat="39.0472145" lon="68.33701324">
      </trkpt>
      <trkpt lat="39.05793586283834" lon="68.35057114257323">
        <ele>2202</ele>
      </trkpt>
      <trkpt lat="39.04751586" lon="68.33717346">
      </trkpt>
      <trkpt lat="39.0578116675621" lon="68.35070599915451">
        <ele>2202</ele>
      </trkpt>
      <trkpt lat="39.0472145" lon="68.33701324">
      </trkpt>
      <trkpt lat="39.057993883710914" lon="68.35060210021442">
        <ele>2202</ele>
      </trkpt>
      <trkpt lat="39.0472145" lon="68.33701324">
        <ele>2416</ele>
      </trkpt>
      <trkpt lat="39.05798342376407" lon="68.35056932130351">
        <ele>2202</ele>
      </trkpt>
      <trkpt lat="39.0472145" lon="68.33701324">
      </trkpt>
      <trkpt lat="39.05802713415121" lon="68.35062923119628">
        <ele>2202</ele>
      </trkpt>
      <trkpt lat="39.0472145" lon="68.33701324">
      </trkpt>
      <trkpt lat="39.05810747365613" lon="68.35060178961933">
        <ele>2202</ele>
      </trkpt>
      <trkpt lat="39.0472145" lon="68.33701324">
        <ele>2416</ele>
      </trkpt>
      <trkpt lat="39.057885113795734" lon="68.3506942726661">
      </trkpt>
      <trkpt lat="39.0472145" lon="68.33701324">
      </trkpt>
      <trkpt lat="39.057960991259094" lon="68.35054301757393">
        <ele>2202</ele>
      </trkpt>
      <trkpt lat="39.0472145" lon="68.33701324">
        <ele>2416</ele>
      </trkpt>
      <trkpt lat="39.058006900676055" lon="68.35051404442449">
        <ele>2202</ele>
      </trkpt>
      <trkpt lat="39.0472145" lon="68.33701324">
        <ele>2416</ele>
      </trkpt>
      <trkpt lat="39.05799504736165" lon="68.35056144924312">
        <ele>2202</ele>
      </trkpt>
      <trkpt lat="39.0472145" lon="68.33701324">
        <ele>2416</ele>
      </trkpt>
      <trkpt lat="39.05801532821475" lon="68.35054664508532">
        <ele>2202</ele>
      </trkpt>
      <trkpt lat="39.0472145" lon="68.33701324">
        <ele>2416</ele>
      </trkpt>
      <trkpt lat="39.057964089589" lon="68.35059137139817">
      </trkpt>
      <trkpt lat="39.0472145" lon="68.33701324">
        <ele>2416</ele>
      </trkpt>
      <trkpt lat="39.05799229551412" lon="68.35054787436528">
      </trkpt>
      <trkpt lat="39.0472145" lon="68.33701324">
        <ele>2416</ele>
      </trkpt>
      <trkpt lat="39.05797593123653" lon="68.35057689799682">
      </trkpt>
      <trkpt lat="39.0472145" lon="68.33701324">
        <ele>2416</ele>
      </trkpt>
      <trkpt lat="39.05799520671283" lon="68.35066569044103">
      </trkpt>
      <trkpt lat="39.0472145" lon="68.33701324">
        <ele>2416</ele>
      </trkpt>
      <trkpt lat="39.05799845734727" lon="68.35054990636588">
      </trkpt>
      <trkpt lat="39.05763242844893" lon="68.35060080316521">
      </trkpt>
      <trkpt lat="39.058014946094765" lon="68.35054658359694">
        <ele>2202</ele>
      </trkpt>
      <trkpt lat="39.050000004017335" lon="68.3405035757349">
        <ele>2475</ele>
      </trkpt>
      <trkpt lat="39.05805169053066" lon="68.35049756698244">
        <ele>2202</ele>
      </trkpt>
      <trkpt lat="39.0472145" lon="68.33701324">
      </trkpt>
      <trkpt lat="39.05795821339556" lon="68.35060314419582">
        <ele>2202</ele>
      </trkpt>
      <trkpt lat="39.05630192138782" lon="68.34652591556743">
        <ele>2202</ele>
      </trkpt>
      <trkpt lat="39.06445874370547" lon="68.35101764655518">
        <ele>2236</ele>
      </trkpt>
      <trkpt lat="39.08559905426893" lon="68.36790726582312">
        <ele>2247</ele>
      </trkpt>
      <trkpt lat="39.081961624360716" lon="68.37429947226157">
        <ele>2197</ele>
      </trkpt>
      <trkpt lat="39.09277903467475" lon="68.39997964294975">
        <ele>2262</ele>
      </trkpt>
      <trkpt lat="39.10035671669906" lon="68.40492870665007">
        <ele>2037</ele>
      </trkpt>
      <trkpt lat="39.12557463630952" lon="68.43215907930251">
        <ele>1872</ele>
      </trkpt>
      <trkpt lat="39.14071434632829" lon="68.46927175281601">
        <ele>1802</ele>
      </trkpt>
      <trkpt lat="39.1489793407164" lon="68.48279960459888">
        <ele>1770</ele>
      </trkpt>
      <trkpt lat="39.17995286320995" lon="68.52328511930236">
        <ele>1694</ele>
      </trkpt>
      <trkpt lat="39.18633114109468" lon="68.5381727058639">
        <ele>1669</ele>
      </trkpt>
      <trkpt lat="39.187917849085466" lon="68.54271671741134">
        <ele>1719</ele>
      </trkpt>
      <trkpt lat="39.186464385166005" lon="68.58222783549556">
        <ele>1705</ele>
      </trkpt>
      <trkpt lat="39.19390989301096" lon="68.63376847572476">
        <ele>1959</ele>
      </trkpt>
      <trkpt lat="39.156072758730105" lon="68.64891701181239">
        <ele>2395</ele>
      </trkpt>
      <trkpt lat="39.06102166049095" lon="68.70673673233829">
        <ele>2588</ele>
      </trkpt>
      <trkpt lat="39.057630673392396" lon="68.72982642201256">
        <ele>2373</ele>
      </trkpt>
      <trkpt lat="39.01553435768486" lon="68.7708960348664">
        <ele>2668</ele>
      </trkpt>
      <trkpt lat="38.92132924702133" lon="68.80869389569159">
        <ele>1573</ele>
      </trkpt>
      <trkpt lat="38.8676775244744" lon="68.8357200221321">
        <ele>1293</ele>
      </trkpt>
      <trkpt lat="38.793495402998815" lon="68.82440688326065">
        <ele>1154</ele>
      </trkpt>
      <trkpt lat="38.752572982609315" lon="68.8154097487508">
        <ele>1063</ele>
      </trkpt>
      <trkpt lat="38.68407230362173" lon="68.79114082089512">
        <ele>962</ele>
      </trkpt>
      <trkpt lat="38.6508408235746" lon="68.76792579895702">
        <ele>926</ele>
      </trkpt>
      <trkpt lat="38.616311581902494" lon="68.78326728842865">
        <ele>904</ele>
      </trkpt>
      <trkpt lat="38.57367555721255" lon="68.78623681338063">
        <ele>835</ele>
      </trkpt>
      <trkpt lat="38.56783320199565" lon="68.77276710240987">
        <ele>798</ele>
      </trkpt>
      <trkpt lat="38.58312937900292" lon="68.77725795849112">
        <ele>830</ele>
      </trkpt>
      <trkpt lat="38.58465354427563" lon="68.75459270558204">
        <ele>835</ele>
      </trkpt>
      <trkpt lat="38.579095839558704" lon="68.73235451063954">
        <ele>823</ele>
      </trkpt>
      <trkpt lat="38.58304983474182" lon="68.74049107550526">
        <ele>832</ele>
      </trkpt>
      <trkpt lat="38.55791355486825" lon="68.76189627691056">
        <ele>791</ele>
      </trkpt>
      <trkpt lat="38.56003161118593" lon="68.77050264397502">
        <ele>794</ele>
      </trkpt>
      <trkpt lat="38.562904925315955" lon="68.79567703593459">
        <ele>825</ele>
      </trkpt>
      <trkpt lat="38.56337918437883" lon="68.80725176080018">
        <ele>823</ele>
      </trkpt>
      <trkpt lat="38.56674365352502" lon="68.81506636740714">
        <ele>831</ele>
      </trkpt>
      <trkpt lat="38.57401805321627" lon="68.80289154409157">
        <ele>847</ele>
      </trkpt>
      <trkpt lat="38.58015221081542" lon="68.80309701903612">
        <ele>862</ele>
      </trkpt>
      <trkpt lat="38.579170860590054" lon="68.81083627611496">
        <ele>938</ele>
      </trkpt>
      <trkpt lat="38.57881764419244" lon="68.79685912287681">
        <ele>851</ele>
      </trkpt>
      <trkpt lat="38.57958964368049" lon="68.786723784535">
        <ele>844</ele>
      </trkpt>
      <trkpt lat="38.59492464460302" lon="68.77741629264203">
        <ele>828</ele>
      </trkpt>
      <trkpt lat="38.55982006065413" lon="68.77015513374356">
        <ele>794</ele>
      </trkpt>
      <trkpt lat="38.56306138452008" lon="68.79701083532422">
        <ele>826</ele>
      </trkpt>
      <trkpt lat="38.5570260269075" lon="68.83431920124525">
        <ele>809</ele>
      </trkpt>
      <trkpt lat="38.55321139536038" lon="68.90368433032506">
        <ele>801</ele>
      </trkpt>
      <trkpt lat="38.554952737481955" lon="68.93103009095135">
        <ele>842</ele>
      </trkpt>
      <trkpt lat="38.55570366609707" lon="68.94061831763847">
        <ele>840</ele>
      </trkpt>
      <trkpt lat="38.55637229051306" lon="69.00957724085916">
        <ele>867</ele>
      </trkpt>
      <trkpt lat="38.55564261550894" lon="69.01068840892032">
        <ele>869</ele>
      </trkpt>
      <trkpt lat="38.541099708563216" lon="69.01933620690276">
        <ele>870</ele>
      </trkpt>
      <trkpt lat="38.50248092789064" lon="69.13175295113504">
        <ele>1133</ele>
      </trkpt>
      <trkpt lat="38.429241015717025" lon="69.21145595536629">
        <ele>1077</ele>
      </trkpt>
      <trkpt lat="38.40515381629716" lon="69.24316619009167">
        <ele>690</ele>
      </trkpt>
      <trkpt lat="38.39555734772085" lon="69.23897551379095">
        <ele>630</ele>
      </trkpt>
      <trkpt lat="38.36860551381226" lon="69.2404533428339">
        <ele>872</ele>
      </trkpt>
      <trkpt lat="38.313329620322506" lon="69.26022808073951">
        <ele>1239</ele>
      </trkpt>
      <trkpt lat="38.27625285837639" lon="69.2609347589959">
        <ele>1191</ele>
      </trkpt>
      <trkpt lat="38.26510637764933" lon="69.29428832665877">
        <ele>989</ele>
      </trkpt>
      <trkpt lat="38.27766973363685" lon="69.30532699467713">
        <ele>977</ele>
      </trkpt>
      <trkpt lat="38.27785639263373" lon="69.30601147933208">
        <ele>977</ele>
      </trkpt>
      <trkpt lat="38.00324249" lon="69.322052">
        <ele>608</ele>
      </trkpt>
      <trkpt lat="38.277733982576315" lon="69.30608212022977">
      </trkpt>
      <trkpt lat="38.00324249" lon="69.322052">
        <ele>608</ele>
      </trkpt>
      <trkpt lat="38.277877645543455" lon="69.30605622978791">
      </trkpt>
      <trkpt lat="38.00324249" lon="69.322052">
      </trkpt>
      <trkpt lat="38.2778755948304" lon="69.30595521821576">
        <ele>977</ele>
      </trkpt>
      <trkpt lat="38.003242489999984" lon="69.32205199999999">
        <ele>608</ele>
      </trkpt>
      <trkpt lat="38.27786151323307" lon="69.30606803863245">
        <ele>977</ele>
      </trkpt>
      <trkpt lat="38.00324249" lon="69.322052">
        <ele>608</ele>
      </trkpt>
      <trkpt lat="38.277838513441594" lon="69.3060179619955">
      </trkpt>
      <trkpt lat="38.00324249" lon="69.322052">
        <ele>608</ele>
      </trkpt>
      <trkpt lat="38.2778484022423" lon="69.3059493266898">
      </trkpt>
      <trkpt lat="38.00324248999999" lon="69.322052">
        <ele>608</ele>
      </trkpt>
      <trkpt lat="38.27786198522091" lon="69.30595742845492">
        <ele>977</ele>
      </trkpt>
      <trkpt lat="38.27789542567322" lon="69.30547178320897">
        <ele>977</ele>
      </trkpt>
      <trkpt lat="38.27791066317806" lon="69.30594435961986">
        <ele>977</ele>
      </trkpt>
      <trkpt lat="38.00324249" lon="69.322052">
        <ele>608</ele>
      </trkpt>
      <trkpt lat="38.27789223290822" lon="69.30597214966022">
        <ele>977</ele>
      </trkpt>
      <trkpt lat="38.00324249" lon="69.322052">
      </trkpt>
      <trkpt lat="38.2778113029946" lon="69.30589975476845">
        <ele>977</ele>
      </trkpt>
      <trkpt lat="38.275136404899136" lon="69.29694363656185">
        <ele>934</ele>
      </trkpt>
      <trkpt lat="38.2426177953612" lon="69.28322095499608">
        <ele>1111</ele>
      </trkpt>
      <trkpt lat="38.176572948313094" lon="69.28926734119688">
        <ele>999</ele>
      </trkpt>
      <trkpt lat="38.11414238517315" lon="69.30773849816092">
        <ele>700</ele>
      </trkpt>
      <trkpt lat="38.03263586840754" lon="69.35925216456071">
        <ele>622</ele>
      </trkpt>
      <trkpt lat="37.918950269623274" lon="69.34027201368804">
        <ele>651</ele>
      </trkpt>
      <trkpt lat="37.828529949182986" lon="69.36307450356166">
        <ele>752</ele>
      </trkpt>
      <trkpt lat="37.735192306017005" lon="69.44972833578817">
        <ele>742</ele>
      </trkpt>
      <trkpt lat="37.76554844333302" lon="69.53759271717611">
        <ele>464</ele>
      </trkpt>
      <trkpt lat="37.79779123611543" lon="69.60188811651393">
        <ele>474</ele>
      </trkpt>
      <trkpt lat="37.80436432458256" lon="69.6463034023248">
        <ele>476</ele>
      </trkpt>
      <trkpt lat="37.837907326175284" lon="69.726108731723">
        <ele>522</ele>
      </trkpt>
      <trkpt lat="37.89670507657089" lon="69.77228919782425">
        <ele>582</ele>
      </trkpt>
      <trkpt lat="37.90868828598014" lon="69.77990951905987">
        <ele>602</ele>
      </trkpt>
      <trkpt lat="37.90013892579628" lon="69.782513435995">
        <ele>602</ele>
      </trkpt>
      <trkpt lat="37.91329563059682" lon="69.82816402125341">
        <ele>745</ele>
      </trkpt>
      <trkpt lat="37.89747806866829" lon="69.90927757064505">
        <ele>1073</ele>
      </trkpt>
      <trkpt lat="37.8778761785955" lon="69.97677672708137">
        <ele>1710</ele>
      </trkpt>
      <trkpt lat="37.87176154518438" lon="69.99147527078486">
        <ele>1927</ele>
      </trkpt>
      <trkpt lat="37.91036987" lon="69.80217742">
        <ele>652</ele>
      </trkpt>
      <trkpt lat="37.871989477461085" lon="69.99132466509006">
      </trkpt>
      <trkpt lat="37.91036987" lon="69.80217742">
        <ele>652</ele>
      </trkpt>
      <trkpt lat="37.8718098113666" lon="69.99137956655584">
      </trkpt>
      <trkpt lat="37.91036987" lon="69.80217742">
        <ele>652</ele>
      </trkpt>
      <trkpt lat="37.871962571551904" lon="69.99133723794482">
      </trkpt>
      <trkpt lat="37.91036987" lon="69.80217742">
      </trkpt>
      <trkpt lat="37.87200389844778" lon="69.99136159316885">
        <ele>1927</ele>
      </trkpt>
      <trkpt lat="37.91036987" lon="69.80217742">
        <ele>652</ele>
      </trkpt>
      <trkpt lat="37.87173873282771" lon="69.9913210608717">
      </trkpt>
      <trkpt lat="37.899031239000394" lon="69.88233491165643">
      </trkpt>
      <trkpt lat="37.86552242006908" lon="70.00520962296986">
        <ele>1952</ele>
      </trkpt>
      <trkpt lat="37.84509442247456" lon="70.04670614445553">
        <ele>1981</ele>
      </trkpt>
      <trkpt lat="37.808900807920864" lon="70.16240217019757">
      </trkpt>
      <trkpt lat="37.85658790840767" lon="70.1724662075905">
        <ele>910</ele>
      </trkpt>
      <trkpt lat="37.95021316971439" lon="70.18441052182594">
      </trkpt>
      <trkpt lat="37.94651528126694" lon="70.27337216533013">
        <ele>857</ele>
      </trkpt>
      <trkpt lat="37.98597015668319" lon="70.28862835906074">
      </trkpt>
      <trkpt lat="38.00272865795816" lon="70.32926837205264">
        <ele>1281</ele>
      </trkpt>
      <trkpt lat="38.010872080957526" lon="70.33279870643311">
        <ele>1087</ele>
      </trkpt>
      <trkpt lat="38.03070068" lon="70.35137939">
      </trkpt>
      <trkpt lat="38.010846413555775" lon="70.3327727442111">
      </trkpt>
      <trkpt lat="38.03407552917304" lon="70.36201882988476">
        <ele>1110</ele>
      </trkpt>
      <trkpt lat="38.03862926821728" lon="70.36223289051709">
      </trkpt>
      <trkpt lat="38.04029903938919" lon="70.36384800612274">
        <ele>1019</ele>
      </trkpt>
      <trkpt lat="38.056223572219444" lon="70.36639474709224">
        <ele>1037</ele>
      </trkpt>
      <trkpt lat="38.094145080759624" lon="70.4252557968859">
        <ele>1027</ele>
      </trkpt>
      <trkpt lat="38.10548906627837" lon="70.46597094552811">
      </trkpt>
      <trkpt lat="38.18501466888765" lon="70.51471224061261">
        <ele>1051</ele>
      </trkpt>
      <trkpt lat="38.28616232909761" lon="70.60417619085726">
        <ele>1099</ele>
      </trkpt>
      <trkpt lat="38.35181238425059" lon="70.62045476029785">
      </trkpt>
      <trkpt lat="38.39092858055627" lon="70.67245293023927">
        <ele>1214</ele>
      </trkpt>
      <trkpt lat="38.43043646886431" lon="70.75678764743083">
        <ele>1229</ele>
      </trkpt>
      <trkpt lat="38.454979425332" lon="70.78974486335254">
        <ele>1273</ele>
      </trkpt>
      <trkpt lat="38.44925257380907" lon="70.81891547895113">
        <ele>1256</ele>
      </trkpt>
      <trkpt lat="38.47043239794973" lon="70.87964196663076">
        <ele>1284</ele>
      </trkpt>
      <trkpt lat="38.45603319795795" lon="70.90498929314633">
      </trkpt>
      <trkpt lat="38.439195086284016" lon="70.90943735099482">
        <ele>1308</ele>
      </trkpt>
      <trkpt lat="38.440011001724315" lon="70.93303513280361">
        <ele>1366</ele>
      </trkpt>
      <trkpt lat="38.44187880404148" lon="70.95673902898184">
      </trkpt>
      <trkpt lat="38.462418993039485" lon="70.9500615020012">
      </trkpt>
      <trkpt lat="38.48809519320586" lon="70.9990912769651">
        <ele>1346</ele>
      </trkpt>
      <trkpt lat="38.45273263075316" lon="71.02483421763743">
      </trkpt>
      <trkpt lat="38.449467795136435" lon="71.0300694858107">
      </trkpt>
      <trkpt lat="38.46336398236149" lon="71.03043857177344">
        <ele>1390</ele>
      </trkpt>
      <trkpt lat="38.46301882432814" lon="71.03005176848534">
      </trkpt>
      <trkpt lat="38.462961939735095" lon="71.0304968209496">
        <ele>1390</ele>
      </trkpt>
      <trkpt lat="38.462846098620496" lon="71.03089974201339">
      </trkpt>
      <trkpt lat="38.4627923676186" lon="71.03132578707695">
        <ele>1414</ele>
      </trkpt>
      <trkpt lat="38.46269964900833" lon="71.03176484046027">
        <ele>1414</ele>
      </trkpt>
      <trkpt lat="38.46248639168603" lon="71.03217983569552">
      </trkpt>
      <trkpt lat="38.46214615904608" lon="71.03243037794319">
        <ele>1357</ele>
      </trkpt>
      <trkpt lat="38.46178432736371" lon="71.03246558674014">
      </trkpt>
      <trkpt lat="38.461458337657966" lon="71.03239997538859">
      </trkpt>
      <trkpt lat="38.4611365940144" lon="71.03233809495784">
        <ele>1357</ele>
      </trkpt>
      <trkpt lat="38.460777917220945" lon="71.03227022649352">
      </trkpt>
      <trkpt lat="38.42490926388504" lon="71.04426017969013">
        <ele>1357</ele>
      </trkpt>
      <trkpt lat="38.39917545411874" lon="71.06038794211656">
      </trkpt>
      <trkpt lat="38.39925065079216" lon="71.06080304030579">
        <ele>1400</ele>
      </trkpt>
      <trkpt lat="38.39935928553278" lon="71.06122398447118">
      </trkpt>
      <trkpt lat="38.41730595509548" lon="71.07616688443802">
        <ele>1453</ele>
      </trkpt>
      <trkpt lat="38.420411509999134" lon="71.09799505568257">
      </trkpt>
      <trkpt lat="38.41848566666098" lon="71.11135882332093">
        <ele>1463</ele>
      </trkpt>
      <trkpt lat="38.418117111308284" lon="71.11138954053273">
        <ele>1463</ele>
      </trkpt>
      <trkpt lat="38.417741249282315" lon="71.11135609352569">
        <ele>1463</ele>
      </trkpt>
      <trkpt lat="38.417385680715036" lon="71.11122161149265">
      </trkpt>
      <trkpt lat="38.417028787267" lon="71.11102022801828">
        <ele>1463</ele>
      </trkpt>
      <trkpt lat="38.41666761528042" lon="71.11077824291206">
        <ele>1463</ele>
      </trkpt>
      <trkpt lat="38.416317803592776" lon="71.1104901995705">
        <ele>1552</ele>
      </trkpt>
      <trkpt lat="38.40135874819587" lon="71.1411430312216">
        <ele>1562</ele>
      </trkpt>
      <trkpt lat="38.40375940132536" lon="71.14135532039968">
        <ele>1426</ele>
      </trkpt>
      <trkpt lat="38.401521522921605" lon="71.14628435690148">
        <ele>1433</ele>
      </trkpt>
      <trkpt lat="38.40127065112997" lon="71.1466276054111">
        <ele>1433</ele>
      </trkpt>
      <trkpt lat="38.40100548742367" lon="71.14700122304266">
        <ele>1433</ele>
      </trkpt>
      <trkpt lat="38.400737872940184" lon="71.14737145283952">
        <ele>1433</ele>
      </trkpt>
      <trkpt lat="38.400482012496575" lon="71.14773090151704">
        <ele>1433</ele>
      </trkpt>
      <trkpt lat="38.400215253063784" lon="71.14810799175594">
        <ele>1501</ele>
      </trkpt>
      <trkpt lat="38.39992393796537" lon="71.14849884048948">
        <ele>1428</ele>
      </trkpt>
      <trkpt lat="38.39963361520347" lon="71.14891114132186">
        <ele>1428</ele>
      </trkpt>
      <trkpt lat="38.39933881126948" lon="71.14932992237797">
        <ele>1428</ele>
      </trkpt>
      <trkpt lat="38.39905495641693" lon="71.14971145933626">
        <ele>1428</ele>
      </trkpt>
      <trkpt lat="38.398746680864" lon="71.15004435055101">
        <ele>1538</ele>
      </trkpt>
      <trkpt lat="38.39842264138366" lon="71.15032854256079">
        <ele>1538</ele>
      </trkpt>
      <trkpt lat="38.39808002992267" lon="71.15052399516426">
        <ele>1538</ele>
      </trkpt>
      <trkpt lat="38.39775851308786" lon="71.15061907582025">
        <ele>1528</ele>
      </trkpt>
      <trkpt lat="38.39741614188021" lon="71.15066339893035">
        <ele>1528</ele>
      </trkpt>
      <trkpt lat="38.39705784226736" lon="71.15068314193483">
        <ele>1528</ele>
      </trkpt>
      <trkpt lat="38.34449575951577" lon="71.18920338834725">
        <ele>1622</ele>
      </trkpt>
      <trkpt lat="38.3445669498002" lon="71.18961283108929">
        <ele>1595</ele>
      </trkpt>
      <trkpt lat="38.34444605283285" lon="71.19007738313748">
        <ele>1595</ele>
      </trkpt>
      <trkpt lat="38.34447476085121" lon="71.19050527929438">
        <ele>1595</ele>
      </trkpt>
      <trkpt lat="38.344451584888944" lon="71.19096678688301">
        <ele>1595</ele>
      </trkpt>
      <trkpt lat="38.344360236848615" lon="71.19143649557263">
        <ele>1595</ele>
      </trkpt>
      <trkpt lat="38.34422665311791" lon="71.19188608933761">
        <ele>1635</ele>
      </trkpt>
      <trkpt lat="38.344067633294756" lon="71.1923154737979">
        <ele>1635</ele>
      </trkpt>
      <trkpt lat="38.32260848004067" lon="71.237605025412">
        <ele>1639</ele>
      </trkpt>
      <trkpt lat="38.31511785869944" lon="71.24926186564473">
        <ele>1571</ele>
      </trkpt>
      <trkpt lat="38.3100546012058" lon="71.31291157572652">
        <ele>1564</ele>
      </trkpt>
      <trkpt lat="38.30988989680848" lon="71.31348280242766">
        <ele>1564</ele>
      </trkpt>
      <trkpt lat="38.309652688948724" lon="71.31389779045368">
        <ele>1564</ele>
      </trkpt>
      <trkpt lat="38.309398130549404" lon="71.3143333979615">
        <ele>1564</ele>
      </trkpt>
      <trkpt lat="38.30910006801918" lon="71.31475581663398">
        <ele>1611</ele>
      </trkpt>
      <trkpt lat="38.30873804660577" lon="71.31512520009889">
        <ele>1611</ele>
      </trkpt>
      <trkpt lat="38.30836180729069" lon="71.31545508685434">
        <ele>1611</ele>
      </trkpt>
      <trkpt lat="38.30800318793771" lon="71.31578746758629">
        <ele>1543</ele>
      </trkpt>
      <trkpt lat="38.31213229967208" lon="71.28975751363105">
        <ele>1611</ele>
      </trkpt>
      <trkpt lat="38.30475234266709" lon="71.32310029320084">
        <ele>1528</ele>
      </trkpt>
      <trkpt lat="38.29479907642891" lon="71.33983667946545">
        <ele>1550</ele>
      </trkpt>
      <trkpt lat="38.278020919998575" lon="71.33876358354011">
      </trkpt>
      <trkpt lat="38.26760035152004" lon="71.36525095648064">
        <ele>1556</ele>
      </trkpt>
      <trkpt lat="38.267470024083195" lon="71.36566124257192">
        <ele>1556</ele>
      </trkpt>
      <trkpt lat="38.26722988230657" lon="71.36594704136989">
        <ele>1556</ele>
      </trkpt>
      <trkpt lat="38.247522292694306" lon="71.37418328791053">
      </trkpt>
      <trkpt lat="38.20601312890622" lon="71.37563048664006">
        <ele>1666</ele>
      </trkpt>
      <trkpt lat="38.20585542007003" lon="71.37518422395733">
      </trkpt>
      <trkpt lat="38.205648361216795" lon="71.37476342689807">
        <ele>1569</ele>
      </trkpt>
      <trkpt lat="38.20546863210185" lon="71.37440938769562">
      </trkpt>
      <trkpt lat="38.188242477480905" lon="71.37189205455537">
        <ele>1596</ele>
      </trkpt>
      <trkpt lat="38.14899778028042" lon="71.36412991329222">
        <ele>1640</ele>
      </trkpt>
      <trkpt lat="38.14883908716638" lon="71.36367210733309">
        <ele>1640</ele>
      </trkpt>
      <trkpt lat="38.14869243358791" lon="71.36325046530548">
        <ele>1640</ele>
      </trkpt>
      <trkpt lat="38.148546833729455" lon="71.3628180633762">
      </trkpt>
      <trkpt lat="38.12403427225449" lon="71.34021500900802">
        <ele>1659</ele>
      </trkpt>
      <trkpt lat="38.10486552747141" lon="71.3283013631364">
        <ele>1646</ele>
      </trkpt>
      <trkpt lat="38.10493163008581" lon="71.32780625852847">
        <ele>1646</ele>
      </trkpt>
      <trkpt lat="37.912434507196686" lon="71.38893761678727">
        <ele>1961</ele>
      </trkpt>
      <trkpt lat="37.921682368912464" lon="71.41638987886425">
        <ele>1982</ele>
      </trkpt>
      <trkpt lat="37.930744030429054" lon="71.44070391398405">
        <ele>1967</ele>
      </trkpt>
      <trkpt lat="37.94879957869799" lon="71.47391922047699">
        <ele>1977</ele>
      </trkpt>
      <trkpt lat="37.95082693171648" lon="71.48328029350637">
      </trkpt>
      <trkpt lat="37.957971736911595" lon="71.50596102211337">
        <ele>1995</ele>
      </trkpt>
      <trkpt lat="37.952893282025094" lon="71.54146905810471">
        <ele>1971</ele>
      </trkpt>
      <trkpt lat="37.946911458052355" lon="71.57077921247092">
      </trkpt>
      <trkpt lat="37.940794915816994" lon="71.59792402584289">
        <ele>2032</ele>
      </trkpt>
      <trkpt lat="37.92945814346884" lon="71.59602991355351">
      </trkpt>
      <trkpt lat="37.92667578582604" lon="71.60205997386254">
        <ele>1986</ele>
      </trkpt>
      <trkpt lat="37.94608600861344" lon="71.58278223234048">
        <ele>1981</ele>
      </trkpt>
      <trkpt lat="37.94748031658882" lon="71.55770963145902">
        <ele>1995</ele>
      </trkpt>
      <trkpt lat="37.94617833107518" lon="71.58000569797268">
      </trkpt>
      <trkpt lat="37.93827403321791" lon="71.60021702506211">
        <ele>2023</ele>
      </trkpt>
      <trkpt lat="37.962767240158385" lon="71.62244330364112">
      </trkpt>
      <trkpt lat="37.98097340830835" lon="71.64422871169123">
        <ele>2018</ele>
      </trkpt>
      <trkpt lat="37.991217381551145" lon="71.64964847046063">
        <ele>2109</ele>
      </trkpt>
      <trkpt lat="38.002322263257" lon="71.6627698709956">
        <ele>2025</ele>
      </trkpt>
      <trkpt lat="38.00538122191839" lon="71.68198479346157">
        <ele>1990</ele>
      </trkpt>
      <trkpt lat="38.004184431589636" lon="71.68826060215278">
        <ele>2105</ele>
      </trkpt>
      <trkpt lat="37.99149052163061" lon="71.70829931944708">
        <ele>2043</ele>
      </trkpt>
      <trkpt lat="37.97470768917163" lon="71.72611283145073">
      </trkpt>
      <trkpt lat="37.99738490399373" lon="71.74815884468796">
        <ele>2072</ele>
      </trkpt>
      <trkpt lat="37.998576162380246" lon="71.74972365310306">
        <ele>2132</ele>
      </trkpt>
      <trkpt lat="37.98350437082162" lon="71.74104494049375">
      </trkpt>
      <trkpt lat="37.97882777176609" lon="71.72025312676254">
        <ele>2041</ele>
      </trkpt>
      <trkpt lat="37.99415370210446" lon="71.69928976005275">
      </trkpt>
      <trkpt lat="38.00485248046863" lon="71.68779696671902">
        <ele>2105</ele>
      </trkpt>
      <trkpt lat="38.00583776348888" lon="71.6703958736415">
        <ele>2031</ele>
      </trkpt>
      <trkpt lat="38.0063222771593" lon="71.6702828372879">
        <ele>2055</ele>
      </trkpt>
      <trkpt lat="37.990716882574326" lon="71.6496192394087">
        <ele>2109</ele>
      </trkpt>
      <trkpt lat="37.97419078259148" lon="71.63697563996733">
      </trkpt>
      <trkpt lat="37.95554606350822" lon="71.6163264211684">
        <ele>2020</ele>
      </trkpt>
      <trkpt lat="37.927901558768134" lon="71.59778732109922">
        <ele>1983</ele>
      </trkpt>
      <trkpt lat="37.92832049042068" lon="71.6016801434648">
        <ele>1988</ele>
      </trkpt>
      <trkpt lat="37.89379001132948" lon="71.58822281292787">
        <ele>1982</ele>
      </trkpt>
      <trkpt lat="37.85869808405438" lon="71.59405125311724">
        <ele>2023</ele>
      </trkpt>
      <trkpt lat="37.82992660932089" lon="71.58914200998578">
      </trkpt>
      <trkpt lat="37.79421093020401" lon="71.58537207366629">
        <ele>2004</ele>
      </trkpt>
      <trkpt lat="37.768773171154564" lon="71.5419009794216">
        <ele>2013</ele>
      </trkpt>
      <trkpt lat="37.74380655446095" lon="71.54825356637176">
        <ele>2044</ele>
      </trkpt>
      <trkpt lat="37.71479429299088" lon="71.55378706569371">
        <ele>2040</ele>
      </trkpt>
      <trkpt lat="37.67061109395409" lon="71.53114925368338">
        <ele>2039</ele>
      </trkpt>
      <trkpt lat="37.62865629188293" lon="71.5253142673642">
        <ele>2043</ele>
      </trkpt>
      <trkpt lat="37.60639354946299" lon="71.51600090119928">
        <ele>2047</ele>
      </trkpt>
      <trkpt lat="37.566299624776065" lon="71.50792024104996">
        <ele>2061</ele>
      </trkpt>
      <trkpt lat="37.49575517362407" lon="71.52118616101028">
        <ele>2089</ele>
      </trkpt>
      <trkpt lat="37.4905381165794" lon="71.53405359021531">
        <ele>2078</ele>
      </trkpt>
      <trkpt lat="37.49073121076779" lon="71.53704900441765">
        <ele>2074</ele>
      </trkpt>
      <trkpt lat="37.4923894275329" lon="71.55186295516002">
        <ele>2096</ele>
      </trkpt>
      <trkpt lat="37.48770563329112" lon="71.58682373844998">
        <ele>2149</ele>
      </trkpt>
      <trkpt lat="37.49070829538835" lon="71.57458411383008">
        <ele>2100</ele>
      </trkpt>
      <trkpt lat="37.49252799766732" lon="71.55319695593474">
        <ele>2092</ele>
      </trkpt>
      <trkpt lat="37.491736477275836" lon="71.54392202391433">
        <ele>2100</ele>
      </trkpt>
      <trkpt lat="37.49064295627348" lon="71.5361917592046">
        <ele>2074</ele>
      </trkpt>
      <trkpt lat="37.491230073717595" lon="71.52758562156674">
        <ele>2069</ele>
      </trkpt>
      <trkpt lat="37.48406955044482" lon="71.53725472285555">
        <ele>2125</ele>
      </trkpt>
      <trkpt lat="37.488862285491194" lon="71.55822486682139">
        <ele>2110</ele>
      </trkpt>
      <trkpt lat="37.488669771332006" lon="71.57014290119882">
        <ele>2115</ele>
      </trkpt>
      <trkpt lat="37.487993300119044" lon="71.55336558761033">
        <ele>2102</ele>
      </trkpt>
      <trkpt lat="37.47998693495754" lon="71.5289819520633">
        <ele>2098</ele>
      </trkpt>
      <trkpt lat="37.46521713862714" lon="71.52186059717098">
        <ele>2082</ele>
      </trkpt>
      <trkpt lat="37.453183829819274" lon="71.50643303997023">
        <ele>2125</ele>
      </trkpt>
      <trkpt lat="37.41299241123399" lon="71.49861949291218">
        <ele>2147</ele>
      </trkpt>
      <trkpt lat="37.38798251379038" lon="71.47718212573926">
        <ele>2161</ele>
      </trkpt>
      <trkpt lat="37.35661193882915" lon="71.49366320175649">
        <ele>2194</ele>
      </trkpt>
      <trkpt lat="37.342132682958585" lon="71.49015396874444">
        <ele>2176</ele>
      </trkpt>
      <trkpt lat="37.31677547157165" lon="71.50606158710707">
        <ele>2178</ele>
      </trkpt>
      <trkpt lat="37.299526109527235" lon="71.49359917202197">
        <ele>2194</ele>
      </trkpt>
      <trkpt lat="37.26131289421356" lon="71.48717757277701">
        <ele>2224</ele>
      </trkpt>
      <trkpt lat="37.237672617189524" lon="71.48421107925377">
        <ele>2285</ele>
      </trkpt>
      <trkpt lat="37.22756353210399" lon="71.48041024810772">
        <ele>2333</ele>
      </trkpt>
      <trkpt lat="37.22604632381091" lon="71.47863806232016">
        <ele>2401</ele>
      </trkpt>
      <trkpt lat="37.2374119745517" lon="71.48168020769805">
        <ele>2259</ele>
      </trkpt>
      <trkpt lat="37.22615398909606" lon="71.47857310152563">
        <ele>2401</ele>
      </trkpt>
      <trkpt lat="37.24881329836524" lon="71.48490231811344">
        <ele>2254</ele>
      </trkpt>
      <trkpt lat="37.226221452405845" lon="71.47856623162211">
        <ele>2401</ele>
      </trkpt>
      <trkpt lat="37.236020513408285" lon="71.48129621384986">
        <ele>2259</ele>
      </trkpt>
      <trkpt lat="37.22615290448173" lon="71.47860481050566">
      </trkpt>
      <trkpt lat="37.25055709369349" lon="71.48538678518992">
        <ele>2247</ele>
      </trkpt>
      <trkpt lat="37.22625794373106" lon="71.47849817106015">
      </trkpt>
      <trkpt lat="37.24896904551411" lon="71.4849411040423">
        <ele>2254</ele>
      </trkpt>
      <trkpt lat="37.22613908712528" lon="71.47857784461024">
        <ele>2401</ele>
      </trkpt>
      <trkpt lat="37.25059509277344" lon="71.48539733886719">
        <ele>2247</ele>
      </trkpt>
      <trkpt lat="37.22614904403428" lon="71.47851635708611">
        <ele>2401</ele>
      </trkpt>
      <trkpt lat="37.22582030827372" lon="71.47877238469513">
        <ele>2401</ele>
      </trkpt>
      <trkpt lat="37.22620860716614" lon="71.47856086357493">
        <ele>2401</ele>
      </trkpt>
      <trkpt lat="37.25059509277344" lon="71.48539733886719">
        <ele>2247</ele>
      </trkpt>
      <trkpt lat="37.22617412845226" lon="71.47853721233516">
        <ele>2401</ele>
      </trkpt>
      <trkpt lat="37.22655036955813" lon="71.47839305929045">
        <ele>2401</ele>
      </trkpt>
      <trkpt lat="37.226198137011416" lon="71.47854231300903">
        <ele>2401</ele>
      </trkpt>
      <trkpt lat="37.2258566320497" lon="71.4784048241763">
        <ele>2401</ele>
      </trkpt>
      <trkpt lat="37.226134188775795" lon="71.47863525216457">
        <ele>2401</ele>
      </trkpt>
      <trkpt lat="37.249870895931714" lon="71.48519425034952">
        <ele>2254</ele>
      </trkpt>
      <trkpt lat="37.226171280582065" lon="71.47851443184663">
        <ele>2401</ele>
      </trkpt>
      <trkpt lat="37.24861959227308" lon="71.48483860940246">
        <ele>2254</ele>
      </trkpt>
      <trkpt lat="37.226136397464906" lon="71.47860043117059">
        <ele>2401</ele>
      </trkpt>
      <trkpt lat="37.25059509277344" lon="71.48539733886719">
        <ele>2247</ele>
      </trkpt>
      <trkpt lat="37.22624642493845" lon="71.47850390940135">
        <ele>2401</ele>
      </trkpt>
      <trkpt lat="37.25059509277344" lon="71.48539733886719">
        <ele>2247</ele>
      </trkpt>
      <trkpt lat="37.22629258412609" lon="71.47827303043704">
        <ele>2401</ele>
      </trkpt>
      <trkpt lat="37.25059509277344" lon="71.48539733886719">
        <ele>2247</ele>
      </trkpt>
      <trkpt lat="37.22623525535684" lon="71.47854521618581">
      </trkpt>
      <trkpt lat="37.22800152316172" lon="71.48094980819045">
        <ele>2333</ele>
      </trkpt>
      <trkpt lat="37.223642839692175" lon="71.4677770461193">
        <ele>2274</ele>
      </trkpt>
      <trkpt lat="37.18892205024785" lon="71.46319217815747">
      </trkpt>
      <trkpt lat="37.164867611573754" lon="71.44744164198333">
        <ele>2289</ele>
      </trkpt>
      <trkpt lat="37.12455091205734" lon="71.44476944726333">
        <ele>2337</ele>
      </trkpt>
      <trkpt lat="37.09532111420957" lon="71.44364043145575">
        <ele>2343</ele>
      </trkpt>
      <trkpt lat="37.05118399249282" lon="71.43974694835377">
        <ele>2402</ele>
      </trkpt>
      <trkpt lat="37.00976960171293" lon="71.46491974322892">
        <ele>2383</ele>
      </trkpt>
      <trkpt lat="36.97333902383042" lon="71.46909066984142">
        <ele>2439</ele>
      </trkpt>
      <trkpt lat="36.92407484187471" lon="71.49206832923487">
        <ele>2445</ele>
      </trkpt>
      <trkpt lat="36.89442774341395" lon="71.52171369927517">
        <ele>2451</ele>
      </trkpt>
      <trkpt lat="36.873943136214024" lon="71.5299773528637">
        <ele>2446</ele>
      </trkpt>
      <trkpt lat="36.83855368242133" lon="71.54737331453919">
        <ele>2456</ele>
      </trkpt>
      <trkpt lat="36.82128546867878" lon="71.55206659961374">
        <ele>2457</ele>
      </trkpt>
      <trkpt lat="36.79595641329586" lon="71.5680888947766">
        <ele>2499</ele>
      </trkpt>
      <trkpt lat="36.76930771270022" lon="71.5703850727503">
        <ele>2488</ele>
      </trkpt>
      <trkpt lat="36.747018139795806" lon="71.58105525889331">
        <ele>2488</ele>
      </trkpt>
      <trkpt lat="36.72707958595443" lon="71.61270621279475">
        <ele>2539</ele>
      </trkpt>
      <trkpt lat="36.70757059957429" lon="71.64190585215447">
        <ele>2620</ele>
      </trkpt>
      <trkpt lat="36.68759565887014" lon="71.66948867889599">
        <ele>2568</ele>
      </trkpt>
      <trkpt lat="36.677041758128894" lon="71.73873993745264">
        <ele>2553</ele>
      </trkpt>
      <trkpt lat="36.68043899186064" lon="71.75427541827688">
        <ele>2591</ele>
      </trkpt>
      <trkpt lat="36.68067296087681" lon="71.7938381191064">
        <ele>2608</ele>
      </trkpt>
      <trkpt lat="36.69071144358885" lon="71.85174118694057">
        <ele>2652</ele>
      </trkpt>
      <trkpt lat="36.72340564372308" lon="71.8921303935339">
        <ele>2644</ele>
      </trkpt>
      <trkpt lat="36.74125420904141" lon="71.91119891647823">
        <ele>2657</ele>
      </trkpt>
      <trkpt lat="36.75341516870708" lon="71.94541443741943">
        <ele>2658</ele>
      </trkpt>
      <trkpt lat="36.76536944243103" lon="71.96603854749756">
        <ele>2700</ele>
      </trkpt>
      <trkpt lat="36.80521404722689" lon="72.01099469748297">
        <ele>2711</ele>
      </trkpt>
      <trkpt lat="36.82432903550736" lon="72.0442187406094">
        <ele>2704</ele>
      </trkpt>
      <trkpt lat="36.83670317390108" lon="72.05925713738085">
        <ele>2717</ele>
      </trkpt>
      <trkpt lat="36.87912181514272" lon="72.12498745927162">
        <ele>2912</ele>
      </trkpt>
      <trkpt lat="36.896207674055844" lon="72.14998089382924">
        <ele>2895</ele>
      </trkpt>
      <trkpt lat="36.95782424250388" lon="72.26171377147777">
        <ele>2746</ele>
      </trkpt>
      <trkpt lat="36.95744681175515" lon="72.2618792206722">
      </trkpt>
      <trkpt lat="36.97491842791156" lon="72.30117006234107">
        <ele>2743</ele>
      </trkpt>
      <trkpt lat="36.99031346103284" lon="72.33456662462841">
        <ele>2760</ele>
      </trkpt>
      <trkpt lat="37.003746033570856" lon="72.37218169839653">
        <ele>2780</ele>
      </trkpt>
      <trkpt lat="37.008953833029814" lon="72.41188006264736">
        <ele>2795</ele>
      </trkpt>
      <trkpt lat="37.007496748154054" lon="72.44235307916294">
      </trkpt>
      <trkpt lat="37.00594275153172" lon="72.45725099487757">
        <ele>2772</ele>
      </trkpt>
      <trkpt lat="37.00616452846397" lon="72.48950463726416">
        <ele>2766</ele>
      </trkpt>
      <trkpt lat="37.00411193582856" lon="72.53271178968579">
        <ele>2776</ele>
      </trkpt>
      <trkpt lat="37.00981766499548" lon="72.5686795816097">
        <ele>2802</ele>
      </trkpt>
      <trkpt lat="37.02870511521349" lon="72.6193184148071">
        <ele>2786</ele>
      </trkpt>
      <trkpt lat="37.02195274404248" lon="72.5866843906985">
        <ele>2812</ele>
      </trkpt>
      <trkpt lat="37.02879298481813" lon="72.61872223585156">
        <ele>2784</ele>
      </trkpt>
      <trkpt lat="37.038037439331816" lon="72.6507909864711">
        <ele>2807</ele>
      </trkpt>
      <trkpt lat="37.05661511983448" lon="72.68013803295109">
        <ele>2898</ele>
      </trkpt>
      <trkpt lat="37.06322177782381" lon="72.68231280154798">
      </trkpt>
      <trkpt lat="37.07534090245034" lon="72.69289842822195">
        <ele>3093</ele>
      </trkpt>
      <trkpt lat="37.090801136844505" lon="72.70490327702508">
        <ele>3191</ele>
      </trkpt>
      <trkpt lat="37.1073598740968" lon="72.71872127435424">
        <ele>3307</ele>
      </trkpt>
      <trkpt lat="37.1272552013743" lon="72.72825158207931">
        <ele>3430</ele>
      </trkpt>
      <trkpt lat="37.134015423414105" lon="72.72677977786032">
        <ele>3456</ele>
      </trkpt>
      <trkpt lat="37.1320382086906" lon="72.73248100660064">
      </trkpt>
      <trkpt lat="37.136288546060335" lon="72.73426492705265">
        <ele>3458</ele>
      </trkpt>
      <trkpt lat="37.141737160307486" lon="72.73791155784646">
      </trkpt>
      <trkpt lat="37.16321042276655" lon="72.74433285004714">
      </trkpt>
      <trkpt lat="37.171977319865206" lon="72.73940233240113">
        <ele>3521</ele>
      </trkpt>
      <trkpt lat="37.165600870404695" lon="72.75031828847943">
        <ele>3537</ele>
      </trkpt>
      <trkpt lat="37.202629073993236" lon="72.7724226743475">
      </trkpt>
      <trkpt lat="37.22292347376927" lon="72.79565409041788">
      </trkpt>
      <trkpt lat="37.231934950595864" lon="72.81363849471656">
        <ele>3481</ele>
      </trkpt>
      <trkpt lat="37.23439450180493" lon="72.83927422073688">
        <ele>3475</ele>
      </trkpt>
      <trkpt lat="37.27086733661257" lon="72.92426318010732">
        <ele>3656</ele>
      </trkpt>
      <trkpt lat="37.28781767428873" lon="72.94578230210443">
      </trkpt>
      <trkpt lat="37.30104415680962" lon="72.99287874258401">
        <ele>3647</ele>
      </trkpt>
      <trkpt lat="37.30859302453446" lon="73.02910951904303">
      </trkpt>
      <trkpt lat="37.3176706757183" lon="73.06463626177766">
      </trkpt>
      <trkpt lat="37.3443141840178" lon="73.09454028135521">
        <ele>3819</ele>
      </trkpt>
      <trkpt lat="37.375296673346504" lon="73.11431709554947">
        <ele>3910</ele>
      </trkpt>
      <trkpt lat="37.38232577832605" lon="73.1191507138133">
      </trkpt>
      <trkpt lat="37.40131462022505" lon="73.10146776020126">
        <ele>4057</ele>
      </trkpt>
      <trkpt lat="37.42764182392269" lon="73.0828553718264">
        <ele>4221</ele>
      </trkpt>
      <trkpt lat="37.44760839737714" lon="73.08137940249692">
      </trkpt>
      <trkpt lat="37.47301306579026" lon="73.08480776853214">
        <ele>4303</ele>
      </trkpt>
      <trkpt lat="37.49115276153897" lon="73.09807280085337">
        <ele>4152</ele>
      </trkpt>
      <trkpt lat="37.51965754526091" lon="73.08956779747804">
        <ele>4056</ele>
      </trkpt>
      <trkpt lat="37.5438133194446" lon="73.10598207317122">
      </trkpt>
      <trkpt lat="37.56185671318095" lon="73.10352522886647">
        <ele>3981</ele>
      </trkpt>
      <trkpt lat="37.57843402217848" lon="73.09602878994596">
      </trkpt>
      <trkpt lat="37.602841798757076" lon="73.08819899064797">
        <ele>3892</ele>
      </trkpt>
      <trkpt lat="37.623594396529484" lon="73.07835554889253">
        <ele>3866</ele>
      </trkpt>
      <trkpt lat="37.64106738755654" lon="73.06299691917053">
      </trkpt>
      <trkpt lat="37.652581846376556" lon="73.06474308490107">
        <ele>3899</ele>
      </trkpt>
      <trkpt lat="37.67286445734407" lon="73.04774759979789">
      </trkpt>
      <trkpt lat="37.676281081143244" lon="73.02991526969664">
        <ele>3859</ele>
      </trkpt>
      <trkpt lat="37.67836504914021" lon="73.00087515291358">
        <ele>3839</ele>
      </trkpt>
      <trkpt lat="37.6981940799934" lon="72.97944172398107">
        <ele>3745</ele>
      </trkpt>
      <trkpt lat="37.708785761177126" lon="72.97307504476422">
      </trkpt>
      <trkpt lat="37.70425418395335" lon="72.96033700934886">
        <ele>3748</ele>
      </trkpt>
      <trkpt lat="37.704161983018466" lon="72.94240023947594">
        <ele>3747</ele>
      </trkpt>
      <trkpt lat="37.72224728021558" lon="72.91660920723612">
      </trkpt>
      <trkpt lat="37.72668294146445" lon="72.90878704755838">
        <ele>3825</ele>
      </trkpt>
      <trkpt lat="37.731069964041104" lon="72.89961059793913">
      </trkpt>
      <trkpt lat="37.731339172495275" lon="72.88987772546047">
        <ele>3776</ele>
      </trkpt>
      <trkpt lat="37.712308481137086" lon="72.92201218140379">
      </trkpt>
      <trkpt lat="37.704438502004095" lon="72.95148890472292">
        <ele>3746</ele>
      </trkpt>
      <trkpt lat="37.71292974471592" lon="72.97194908114349">
        <ele>3767</ele>
      </trkpt>
      <trkpt lat="37.73236511744347" lon="72.9920142330909">
      </trkpt>
      <trkpt lat="37.743042433878706" lon="72.99228488868772">
        <ele>3784</ele>
      </trkpt>
      <trkpt lat="37.75120563666422" lon="72.98946971498921">
      </trkpt>
      <trkpt lat="37.74109748452171" lon="72.99208286224312">
        <ele>3783</ele>
      </trkpt>
      <trkpt lat="37.72674231627016" lon="72.97494008698649">
      </trkpt>
      <trkpt lat="37.71740476138677" lon="72.96898629523159">
        <ele>3773</ele>
      </trkpt>
      <trkpt lat="37.706192457152255" lon="72.97444039962531">
        <ele>3742</ele>
      </trkpt>
      <trkpt lat="37.68110592387401" lon="72.990000648492">
      </trkpt>
      <trkpt lat="37.67661238558374" lon="73.02168281755691">
        <ele>3856</ele>
      </trkpt>
      <trkpt lat="37.66540234446308" lon="73.05421415723212">
        <ele>3871</ele>
      </trkpt>
      <trkpt lat="37.65314708001693" lon="73.06476093835482">
        <ele>3899</ele>
      </trkpt>
      <trkpt lat="37.64365203567709" lon="73.06327509460816">
      </trkpt>
      <trkpt lat="37.65534404044502" lon="73.1043395109881">
        <ele>3856</ele>
      </trkpt>
      <trkpt lat="37.660223323800764" lon="73.12153404118244">
      </trkpt>
      <trkpt lat="37.667024769482566" lon="73.14347691942967">
        <ele>3868</ele>
      </trkpt>
      <trkpt lat="37.67787462289123" lon="73.19735466963706">
      </trkpt>
      <trkpt lat="37.71013442430432" lon="73.24656265794601">
        <ele>3924</ele>
      </trkpt>
      <trkpt lat="37.716199123845946" lon="73.2521958733167">
        <ele>3940</ele>
      </trkpt>
      <trkpt lat="37.72914340723094" lon="73.25368090539543">
        <ele>3929</ele>
      </trkpt>
      <trkpt lat="37.752559979301786" lon="73.26019763401261">
        <ele>3883</ele>
      </trkpt>
      <trkpt lat="37.75707857221156" lon="73.27250037349134">
        <ele>3877</ele>
      </trkpt>
      <trkpt lat="37.771182381583166" lon="73.312557069653">
      </trkpt>
      <trkpt lat="37.78337072901327" lon="73.34621897268285">
        <ele>3907</ele>
      </trkpt>
      <trkpt lat="37.79370224714805" lon="73.39348187284517">
        <ele>3894</ele>
      </trkpt>
      <trkpt lat="37.79240573759934" lon="73.40680813423675">
        <ele>3897</ele>
      </trkpt>
      <trkpt lat="37.799753077332056" lon="73.44350615042725">
        <ele>3906</ele>
      </trkpt>
      <trkpt lat="37.81436082747638" lon="73.51513580691208">
      </trkpt>
      <trkpt lat="37.817057537278096" lon="73.53924093500267">
        <ele>3939</ele>
      </trkpt>
      <trkpt lat="37.82255280300772" lon="73.56905185624358">
        <ele>3929</ele>
      </trkpt>
      <trkpt lat="37.82757410783118" lon="73.60978438525797">
      </trkpt>
      <trkpt lat="37.82892371997035" lon="73.63610750071112">
        <ele>3964</ele>
      </trkpt>
      <trkpt lat="37.83201282847471" lon="73.66858335218734">
        <ele>3977</ele>
      </trkpt>
      <trkpt lat="37.82740108181366" lon="73.67966193925692">
      </trkpt>
      <trkpt lat="37.82174492675182" lon="73.68357965870528">
        <ele>3965</ele>
      </trkpt>
      <trkpt lat="37.843764214811706" lon="73.68367974653252">
        <ele>3998</ele>
      </trkpt>
      <trkpt lat="37.85583516120711" lon="73.74175703159884">
        <ele>4038</ele>
      </trkpt>
      <trkpt lat="37.85976681861827" lon="73.77612132585959">
        <ele>4062</ele>
      </trkpt>
      <trkpt lat="37.87872358228814" lon="73.8284422551038">
        <ele>4104</ele>
      </trkpt>
      <trkpt lat="37.92047060281337" lon="73.87385189391281">
      </trkpt>
      <trkpt lat="37.96507183136422" lon="73.88132417337623">
        <ele>3958</ele>
      </trkpt>
      <trkpt lat="37.96824033841301" lon="73.95490237518582">
      </trkpt>
      <trkpt lat="38.013998572750026" lon="73.93427710987062">
        <ele>3776</ele>
      </trkpt>
      <trkpt lat="38.07428226809769" lon="73.92682358629436">
        <ele>3719</ele>
      </trkpt>
      <trkpt lat="38.09277826661326" lon="73.90892586163513">
      </trkpt>
      <trkpt lat="38.122826264521855" lon="73.9168349687073">
        <ele>3580</ele>
      </trkpt>
      <trkpt lat="38.13501579778222" lon="73.95576024279391">
      </trkpt>
      <trkpt lat="38.146254502572724" lon="73.9640782661392">
        <ele>3589</ele>
      </trkpt>
      <trkpt lat="38.15258940577065" lon="73.96573493035781">
        <ele>3586</ele>
      </trkpt>
      <trkpt lat="38.17516447268238" lon="73.96820100903183">
      </trkpt>
      <trkpt lat="38.1878224440146" lon="73.99069126782344">
        <ele>3635</ele>
      </trkpt>
      <trkpt lat="38.22845807302578" lon="74.03814255266826">
      </trkpt>
      <trkpt lat="38.27758973002273" lon="74.04826378456694">
        <ele>3702</ele>
      </trkpt>
      <trkpt lat="38.335214052212464" lon="74.0333862490993">
      </trkpt>
      <trkpt lat="38.374880156515516" lon="74.03137525550466">
        <ele>3786</ele>
      </trkpt>
      <trkpt lat="38.41898361295077" lon="73.9632553804617">
      </trkpt>
      <trkpt lat="38.46227440386772" lon="73.91457730994586">
        <ele>3945</ele>
      </trkpt>
      <trkpt lat="38.46439728982603" lon="73.90532065189807">
      </trkpt>
      <trkpt lat="38.490515719203735" lon="73.8772677630874">
      </trkpt>
      <trkpt lat="38.53372920773786" lon="73.81187869242747">
        <ele>4112</ele>
      </trkpt>
      <trkpt lat="38.5524762980999" lon="73.7533937115909">
      </trkpt>
      <trkpt lat="38.570500491222894" lon="73.6951660551817">
        <ele>4287</ele>
      </trkpt>
      <trkpt lat="38.56913273381758" lon="73.6357035994509">
      </trkpt>
      <trkpt lat="38.564876108466244" lon="73.62694490707817">
        <ele>4424</ele>
      </trkpt>
      <trkpt lat="38.560475148296504" lon="73.61165715388358">
      </trkpt>
      <trkpt lat="38.56081816716217" lon="73.59664488789056">
      </trkpt>
      <trkpt lat="38.563880365332736" lon="73.5621026098539">
        <ele>4473</ele>
      </trkpt>
      <trkpt lat="38.57389926913993" lon="73.54744867428536">
      </trkpt>
      <trkpt lat="38.602786702139866" lon="73.53341644636684">
      </trkpt>
      <trkpt lat="38.62920616756997" lon="73.52908317006522">
        <ele>4213</ele>
      </trkpt>
      <trkpt lat="38.652455681039626" lon="73.52765447466963">
      </trkpt>
      <trkpt lat="38.664730684867756" lon="73.53144619620736">
        <ele>4160</ele>
      </trkpt>
      <trkpt lat="38.6942452937725" lon="73.5260666069328">
      </trkpt>
      <trkpt lat="38.71580099224924" lon="73.51329920820288">
        <ele>4095</ele>
      </trkpt>
      <trkpt lat="38.742319280317744" lon="73.49749412394455">
      </trkpt>
      <trkpt lat="38.75508433428383" lon="73.49383350635775">
      </trkpt>
      <trkpt lat="38.82273031597836" lon="73.45873824588053">
        <ele>4015</ele>
      </trkpt>
      <trkpt lat="38.90510937668281" lon="73.50029887638381">
        <ele>3948</ele>
      </trkpt>
      <trkpt lat="38.90506113883006" lon="73.45367101959275">
        <ele>3950</ele>
      </trkpt>
      <trkpt lat="38.89697255618805" lon="73.38695923845764">
      </trkpt>
      <trkpt lat="38.89450401192407" lon="73.38326526486476">
        <ele>4028</ele>
      </trkpt>
      <trkpt lat="38.905542343891135" lon="73.43921206898376">
      </trkpt>
      <trkpt lat="38.904049179869325" lon="73.46251876756385">
        <ele>3950</ele>
      </trkpt>
      <trkpt lat="38.931444897352655" lon="73.51451802074305">
        <ele>3952</ele>
      </trkpt>
      <trkpt lat="39.00266823362466" lon="73.5549068917274">
        <ele>3925</ele>
      </trkpt>
      <trkpt lat="39.06203020466562" lon="73.59675151941013">
      </trkpt>
      <trkpt lat="39.116654442426444" lon="73.57360704675126">
        <ele>3946</ele>
      </trkpt>
      <trkpt lat="39.1655605472989" lon="73.4852023982196">
      </trkpt>
      <trkpt lat="39.190145965181195" lon="73.45619337179804">
        <ele>4187</ele>
      </trkpt>
      <trkpt lat="39.22571668233708" lon="73.43061519247986">
      </trkpt>
      <trkpt lat="39.24412035386939" lon="73.40752000927311">
        <ele>4126</ele>
      </trkpt>
      <trkpt lat="39.27483273673735" lon="73.37375049486138">
      </trkpt>
      <trkpt lat="39.30849399886961" lon="73.33749163902675">
        <ele>3983</ele>
      </trkpt>
      <trkpt lat="39.333804957605274" lon="73.33511780022954">
        <ele>4040</ele>
      </trkpt>
      <trkpt lat="39.35596151281088" lon="73.33917195915555">
      </trkpt>
      <trkpt lat="39.36910559426934" lon="73.32637472085032">
        <ele>4166</ele>
      </trkpt>
      <trkpt lat="39.37424462292286" lon="73.32665710716817">
      </trkpt>
      <trkpt lat="39.38937307804766" lon="73.31017074182006">
        <ele>4123</ele>
      </trkpt>
      <trkpt lat="39.394216770342915" lon="73.3038300835279">
      </trkpt>
      <trkpt lat="39.3994323676819" lon="73.28631919815511">
        <ele>3945</ele>
      </trkpt>
      <trkpt lat="39.423412594133055" lon="73.25655849827125">
      </trkpt>
      <trkpt lat="39.444779595396895" lon="73.24580241932836">
      </trkpt>
      <trkpt lat="39.48165452111464" lon="73.2619762235072">
        <ele>3539</ele>
      </trkpt>
      <trkpt lat="39.506656367506274" lon="73.26896705208942">
      </trkpt>
      <trkpt lat="39.5228530457676" lon="73.26936053859868">
        <ele>3452</ele>
      </trkpt>
      <trkpt lat="39.57330743101207" lon="73.25811069942512">
      </trkpt>
      <trkpt lat="39.59840303468746" lon="73.24624854108711">
        <ele>3272</ele>
      </trkpt>
      <trkpt lat="39.603217452087115" lon="73.2418532806062">
        <ele>3262</ele>
      </trkpt>
      <trkpt lat="39.60305415097587" lon="73.24192143052187">
        <ele>3262</ele>
      </trkpt>
      <trkpt lat="39.60311093148633" lon="73.24192519728066">
      </trkpt>
      <trkpt lat="39.60309909747121" lon="73.24187276414106">
        <ele>3262</ele>
      </trkpt>
      <trkpt lat="39.60313931111215" lon="73.24190952821934">
      </trkpt>
      <trkpt lat="39.60313202798534" lon="73.24187709530791">
      </trkpt>
      <trkpt lat="39.53386306" lon="72.95034027">
        <ele>3320</ele>
      </trkpt>
      <trkpt lat="39.60308868441694" lon="73.24194154708948">
      </trkpt>
      <trkpt lat="39.53386306" lon="72.95034027">
      </trkpt>
      <trkpt lat="39.6031052386757" lon="73.2419511024591">
        <ele>3262</ele>
      </trkpt>
      <trkpt lat="39.53386306" lon="72.95034027">
      </trkpt>
      <trkpt lat="39.60317832887136" lon="73.24184305972722">
        <ele>3262</ele>
      </trkpt>
      <trkpt lat="39.53386306" lon="72.95034027">
        <ele>3320</ele>
      </trkpt>
      <trkpt lat="39.603088684417" lon="73.24193182408179">
      </trkpt>
      <trkpt lat="39.53386306" lon="72.95034027">
      </trkpt>
      <trkpt lat="39.60305700082303" lon="73.24198161258663">
        <ele>3262</ele>
      </trkpt>
      <trkpt lat="39.53386306" lon="72.95034027">
        <ele>3320</ele>
      </trkpt>
      <trkpt lat="39.60309667595212" lon="73.24193013886106">
        <ele>3262</ele>
      </trkpt>
      <trkpt lat="39.53386306" lon="72.95034027">
      </trkpt>
      <trkpt lat="39.60311269532653" lon="73.24189578452194">
        <ele>3262</ele>
      </trkpt>
      <trkpt lat="39.53386306" lon="72.95034027">
      </trkpt>
      <trkpt lat="39.60312338549616" lon="73.24191799394156">
        <ele>3262</ele>
      </trkpt>
      <trkpt lat="39.53386306" lon="72.95034027">
      </trkpt>
      <trkpt lat="39.60307007659197" lon="73.24196090928582">
      </trkpt>
      <trkpt lat="39.59083557128906" lon="72.96488952636719">
        <ele>3126</ele>
      </trkpt>
      <trkpt lat="39.60311067574181" lon="73.2419191535447">
        <ele>3262</ele>
      </trkpt>
      <trkpt lat="39.53386306" lon="72.95034027">
        <ele>3320</ele>
      </trkpt>
      <trkpt lat="39.603090635145755" lon="73.24192523311119">
      </trkpt>
      <trkpt lat="39.63794042825665" lon="73.23993257253733">
      </trkpt>
      <trkpt lat="39.67264525144411" lon="73.23447503720023">
        <ele>3138</ele>
      </trkpt>
      <trkpt lat="39.69482253774972" lon="73.23040855123962">
      </trkpt>
      <trkpt lat="39.70170663371481" lon="73.21593200634824">
      </trkpt>
      <trkpt lat="39.701223765815314" lon="73.18407222980096">
        <ele>3087</ele>
      </trkpt>
      <trkpt lat="39.69240485854291" lon="73.15641527979287">
      </trkpt>
      <trkpt lat="39.68542378399491" lon="73.07674613788079">
      </trkpt>
      <trkpt lat="39.682074375487566" lon="72.96368516057075">
        <ele>3010</ele>
      </trkpt>
      <trkpt lat="39.677729630868356" lon="72.8829359256255">
      </trkpt>
      <trkpt lat="39.673509442384464" lon="72.882715962911">
        <ele>2976</ele>
      </trkpt>
      <trkpt lat="39.66825284975149" lon="72.88374341027242">
        <ele>2959</ele>
      </trkpt>
      <trkpt lat="39.660380511299046" lon="72.88055019863651">
        <ele>2931</ele>
      </trkpt>
      <trkpt lat="39.62776747288796" lon="72.87749589818274">
        <ele>3007</ele>
      </trkpt>
      <trkpt lat="39.596303550455154" lon="72.88386261039024">
        <ele>3115</ele>
      </trkpt>
      <trkpt lat="39.56245979763526" lon="72.90663273080523">
      </trkpt>
      <trkpt lat="39.5377072587313" lon="72.92806993608858">
        <ele>3323</ele>
      </trkpt>
      <trkpt lat="39.5301451223478" lon="72.93453067708654">
      </trkpt>
      <trkpt lat="39.51731773243142" lon="72.93474484602467">
        <ele>3459</ele>
      </trkpt>
      <trkpt lat="39.502324112146944" lon="72.93053615925166">
        <ele>3495</ele>
      </trkpt>
      <trkpt lat="39.50296063397242" lon="72.93236788765164">
        <ele>3498</ele>
      </trkpt>
      <trkpt lat="39.49227850781446" lon="72.92454639962337">
        <ele>3509</ele>
      </trkpt>
      <trkpt lat="39.503001266079686" lon="72.93229813336167">
      </trkpt>
      <trkpt lat="39.64688873" lon="73.15450286">
        <ele>3128</ele>
      </trkpt>
      <trkpt lat="39.50301051840654" lon="72.9322333052584">
      </trkpt>
      <trkpt lat="39.48620960243229" lon="72.92049242468447">
        <ele>3592</ele>
      </trkpt>
      <trkpt lat="39.502929876229196" lon="72.93233037806989">
      </trkpt>
      <trkpt lat="39.52855408614343" lon="72.98359374702716">
        <ele>3331</ele>
      </trkpt>
      <trkpt lat="39.50286656170903" lon="72.9323447214193">
        <ele>3498</ele>
      </trkpt>
      <trkpt lat="39.488988456902" lon="72.92281179390652">
        <ele>3549</ele>
      </trkpt>
      <trkpt lat="39.50282217336556" lon="72.93233134228899">
      </trkpt>
      <trkpt lat="39.55085350711111" lon="73.00644695464017">
        <ele>3204</ele>
      </trkpt>
      <trkpt lat="39.503056522258" lon="72.9323450616356">
      </trkpt>
      <trkpt lat="39.48277411301081" lon="72.9198423599923">
        <ele>3568</ele>
      </trkpt>
      <trkpt lat="39.502462166111066" lon="72.93263786413092">
      </trkpt>
      <trkpt lat="39.50298730048447" lon="72.93238028617516">
      </trkpt>
      <trkpt lat="39.524377218949915" lon="72.96834896446519">
        <ele>3361</ele>
      </trkpt>
      <trkpt lat="39.502956710097074" lon="72.93225962128432">
      </trkpt>
      <trkpt lat="39.63475036621094" lon="73.15385437011719">
        <ele>3141</ele>
      </trkpt>
      <trkpt lat="39.50297257680434" lon="72.93230797686945">
        <ele>3498</ele>
      </trkpt>
      <trkpt lat="39.61067199707031" lon="73.15034484863281">
        <ele>3204</ele>
      </trkpt>
      <trkpt lat="39.5029764706759" lon="72.9323034144918">
        <ele>3498</ele>
      </trkpt>
      <trkpt lat="39.61067199707031" lon="73.15034484863281">
        <ele>3204</ele>
      </trkpt>
      <trkpt lat="39.50293082777163" lon="72.93229585896736">
      </trkpt>
      <trkpt lat="39.61067199707031" lon="73.15034484863281">
        <ele>3204</ele>
      </trkpt>
      <trkpt lat="39.502968500661424" lon="72.93230998799291">
      </trkpt>
      <trkpt lat="39.61067199707031" lon="73.15034484863281">
        <ele>3204</ele>
      </trkpt>
      <trkpt lat="39.50293787361401" lon="72.93228377771321">
      </trkpt>
      <trkpt lat="39.61067199707031" lon="73.15034484863281">
        <ele>3204</ele>
      </trkpt>
      <trkpt lat="39.50298910864692" lon="72.93232687698685">
      </trkpt>
      <trkpt lat="39.61067199707031" lon="73.15034484863281">
      </trkpt>
      <trkpt lat="39.50297271836524" lon="72.93232661678728">
        <ele>3498</ele>
      </trkpt>
      <trkpt lat="39.48032798209093" lon="72.9162033939755">
      </trkpt>
      <trkpt lat="39.50303202367847" lon="72.9323511743286">
        <ele>3498</ele>
      </trkpt>
      <trkpt lat="39.47335433" lon="72.91130828">
      </trkpt>
      <trkpt lat="39.50310628399207" lon="72.93233784853753">
        <ele>3498</ele>
      </trkpt>
      <trkpt lat="39.49056442862873" lon="72.9242977450775">
      </trkpt>
      <trkpt lat="39.5032377122338" lon="72.93222595013019">
        <ele>3498</ele>
      </trkpt>
      <trkpt lat="39.64688873" lon="73.15450286">
        <ele>3128</ele>
      </trkpt>
      <trkpt lat="39.502992061270646" lon="72.93232367401271">
      </trkpt>
      <trkpt lat="39.48799653791948" lon="72.92168391727303">
      </trkpt>
      <trkpt lat="39.50297736759132" lon="72.93231321308745">
        <ele>3498</ele>
      </trkpt>
      <trkpt lat="39.60231018066406" lon="73.17045593261719">
        <ele>3210</ele>
      </trkpt>
      <trkpt lat="39.50295169855708" lon="72.93227230127522">
        <ele>3498</ele>
      </trkpt>
      <trkpt lat="39.60231018066406" lon="73.17045593261719">
        <ele>3210</ele>
      </trkpt>
      <trkpt lat="39.50295456332667" lon="72.9323680203056">
        <ele>3498</ele>
      </trkpt>
      <trkpt lat="39.60231018066406" lon="73.17045593261719">
        <ele>3210</ele>
      </trkpt>
      <trkpt lat="39.50297127244784" lon="72.93234777300499">
      </trkpt>
      <trkpt lat="39.62391281" lon="73.15657806">
        <ele>3159</ele>
      </trkpt>
      <trkpt lat="39.50288707757534" lon="72.932304399277">
      </trkpt>
      <trkpt lat="39.60231018066406" lon="73.17045593261719">
        <ele>3210</ele>
      </trkpt>
      <trkpt lat="39.50294850544969" lon="72.93224795834334">
      </trkpt>
      <trkpt lat="39.47550711978166" lon="72.91276624623866">
      </trkpt>
      <trkpt lat="39.50300404677579" lon="72.93220637272083">
        <ele>3498</ele>
      </trkpt>
      <trkpt lat="39.61067199707031" lon="73.15034484863281">
      </trkpt>
      <trkpt lat="39.502819978265165" lon="72.932311778923">
        <ele>3498</ele>
      </trkpt>
      <trkpt lat="39.47555637748392" lon="72.91284591104244">
      </trkpt>
      <trkpt lat="39.50248414662415" lon="72.93012637437585">
        <ele>3495</ele>
      </trkpt>
      <trkpt lat="39.515907587520324" lon="72.93388665660558">
      </trkpt>
      <trkpt lat="39.521759788213835" lon="72.93340479776907">
        <ele>3440</ele>
      </trkpt>
      <trkpt lat="39.531102551675765" lon="72.93390957522669">
      </trkpt>
      <trkpt lat="39.53880455814259" lon="72.92716277770039">
        <ele>3323</ele>
      </trkpt>
      <trkpt lat="39.566878897494504" lon="72.90053150423671">
        <ele>3210</ele>
      </trkpt>
      <trkpt lat="39.58156613247618" lon="72.89080507217102">
        <ele>3160</ele>
      </trkpt>
      <trkpt lat="39.61659200550457" lon="72.87521171795237">
      </trkpt>
      <trkpt lat="39.6610709501895" lon="72.88153789084073">
        <ele>2941</ele>
      </trkpt>
      <trkpt lat="39.67365360348865" lon="72.8829489321232">
      </trkpt>
      <trkpt lat="39.68489696538158" lon="73.01357739154398">
      </trkpt>
      <trkpt lat="39.68604753820266" lon="73.08629776277287">
        <ele>3036</ele>
      </trkpt>
      <trkpt lat="39.70234590548612" lon="73.19593247700371">
      </trkpt>
      <trkpt lat="39.7246247543082" lon="73.24836321639773">
        <ele>3156</ele>
      </trkpt>
      <trkpt lat="39.742366569724254" lon="73.18846567787762">
        <ele>3461</ele>
      </trkpt>
      <trkpt lat="39.76107831536627" lon="73.1643245496768">
        <ele>3569</ele>
      </trkpt>
      <trkpt lat="39.77160753807046" lon="73.18540777626896">
        <ele>3346</ele>
      </trkpt>
      <trkpt lat="39.77648300741549" lon="73.2086500294205">
        <ele>3042</ele>
      </trkpt>
      <trkpt lat="39.81632551647706" lon="73.24589143514004">
        <ele>2811</ele>
      </trkpt>
      <trkpt lat="39.856011640022246" lon="73.3452616265677">
      </trkpt>
      <trkpt lat="39.89970757600385" lon="73.42127868347313">
      </trkpt>
      <trkpt lat="39.916909511006075" lon="73.43190909932068">
        <ele>2282</ele>
      </trkpt>
      <trkpt lat="39.97523399539289" lon="73.49205116748203">
      </trkpt>
      <trkpt lat="39.99048509809145" lon="73.49276583773785">
        <ele>2144</ele>
      </trkpt>
      <trkpt lat="40.00730583913625" lon="73.49216113805164">
      </trkpt>
      <trkpt lat="40.08807176262148" lon="73.53756356059903">
        <ele>1975</ele>
      </trkpt>
      <trkpt lat="40.12620410718299" lon="73.52807834978613">
      </trkpt>
      <trkpt lat="40.194594648355356" lon="73.4816003658924">
        <ele>1681</ele>
      </trkpt>
      <trkpt lat="40.23308088832863" lon="73.4750355214205">
      </trkpt>
      <trkpt lat="40.297264072494954" lon="73.43550614418538">
        <ele>1600</ele>
      </trkpt>
      <trkpt lat="40.254172654932084" lon="73.39367101579788">
      </trkpt>
      <trkpt lat="40.245297767771184" lon="73.34517811474912">
        <ele>2151</ele>
      </trkpt>
      <trkpt lat="40.24531671929196" lon="73.32354735595237">
      </trkpt>
      <trkpt lat="40.30747650857415" lon="73.23550309856846">
        <ele>1994</ele>
      </trkpt>
      <trkpt lat="40.38385344421344" lon="73.11348737587859">
      </trkpt>
      <trkpt lat="40.48321978622678" lon="73.05329611306819">
        <ele>1460</ele>
      </trkpt>
      <trkpt lat="40.52095045732628" lon="72.95511140817408">
      </trkpt>
      <trkpt lat="40.563669503385114" lon="72.9340817177121">
        <ele>1071</ele>
      </trkpt>
      <trkpt lat="40.61182383649507" lon="72.91654242956746">
      </trkpt>
      <trkpt lat="40.61198856859876" lon="72.92127972509026">
        <ele>952</ele>
      </trkpt>
      <trkpt lat="40.57854318529421" lon="72.90927797562713">
      </trkpt>
      <trkpt lat="40.56011371374466" lon="72.87154008888483">
      </trkpt>
      <trkpt lat="40.53542477759748" lon="72.8189774651663">
        <ele>1010</ele>
      </trkpt>
      <trkpt lat="40.52715186751473" lon="72.78612296034028">
      </trkpt>
      <trkpt lat="40.52763925869067" lon="72.77975351556462">
        <ele>1030</ele>
      </trkpt>
      <trkpt lat="40.527004864505415" lon="72.77805631654113">
      </trkpt>
      <trkpt lat="40.52765390798537" lon="72.77976336584746">
        <ele>1030</ele>
      </trkpt>
      <trkpt lat="40.526875185119415" lon="72.77700364247208">
      </trkpt>
      <trkpt lat="40.52764253540808" lon="72.77973953334032">
        <ele>1030</ele>
      </trkpt>
      <trkpt lat="40.52707044829391" lon="72.7777789704128">
      </trkpt>
      <trkpt lat="40.52758175883491" lon="72.77977949946447">
      </trkpt>
      <trkpt lat="40.52702332320369" lon="72.77751940103508">
        <ele>1015</ele>
      </trkpt>
      <trkpt lat="40.52692840787095" lon="72.7771992208276">
      </trkpt>
      <trkpt lat="40.52697229188364" lon="72.77736960283521">
        <ele>1015</ele>
      </trkpt>
      <trkpt lat="40.527635498840745" lon="72.7797727387304">
      </trkpt>
      <trkpt lat="40.527027308611714" lon="72.77764224558047">
        <ele>1015</ele>
      </trkpt>
      <trkpt lat="40.5276034769894" lon="72.77979173494519">
        <ele>1030</ele>
      </trkpt>
      <trkpt lat="40.527030729569695" lon="72.7778524666498">
      </trkpt>
      <trkpt lat="40.52759694258976" lon="72.77979260729126">
        <ele>1030</ele>
      </trkpt>
      <trkpt lat="40.52381480582107" lon="72.76309037587862">
      </trkpt>
      <trkpt lat="40.52577128856621" lon="72.77275709831144">
        <ele>1005</ele>
      </trkpt>
      <trkpt lat="40.523785552979" lon="72.76310437365692">
      </trkpt>
      <trkpt lat="40.54160977296713" lon="72.75092531540466">
      </trkpt>
      <trkpt lat="40.55882689623298" lon="72.76409747141406">
        <ele>944</ele>
      </trkpt>
      <trkpt lat="40.56723928184979" lon="72.79964841337103">
        <ele>942</ele>
      </trkpt>
      <trkpt lat="40.568662555926075" lon="72.80823824002668">
      </trkpt>
      <trkpt lat="40.5575616052752" lon="72.84920822835792">
      </trkpt>
      <trkpt lat="40.58187122841313" lon="72.9155745278808">
        <ele>1001</ele>
      </trkpt>
      <trkpt lat="40.59952386995264" lon="72.96231490328432">
      </trkpt>
      <trkpt lat="40.6437336467585" lon="73.08310448198866">
        <ele>1049</ele>
      </trkpt>
      <trkpt lat="40.69563648667251" lon="73.18857304758689">
        <ele>953</ele>
      </trkpt>
      <trkpt lat="40.77321891768288" lon="73.24639821109061">
      </trkpt>
      <trkpt lat="40.845871611570715" lon="73.17364492310921">
        <ele>1039</ele>
      </trkpt>
      <trkpt lat="40.8649576832887" lon="73.06693566792325">
      </trkpt>
      <trkpt lat="40.85820265874108" lon="73.0033246243118">
        <ele>729</ele>
      </trkpt>
      <trkpt lat="40.86566615853539" lon="72.98888786702695">
      </trkpt>
      <trkpt lat="40.920636607372124" lon="72.95410590253114">
      </trkpt>
      <trkpt lat="40.92590404678222" lon="72.9747945350343">
        <ele>757</ele>
      </trkpt>
      <trkpt lat="40.965692043604626" lon="72.99288140114334">
      </trkpt>
      <trkpt lat="40.9992523811512" lon="73.01793255462839">
        <ele>865</ele>
      </trkpt>
      <trkpt lat="41.03356803696705" lon="73.09394759477841">
      </trkpt>
      <trkpt lat="41.030385457720556" lon="73.1166315989335">
        <ele>983</ele>
      </trkpt>
      <trkpt lat="41.09979815319283" lon="73.21620223119223">
        <ele>1171</ele>
      </trkpt>
      <trkpt lat="41.147335236930424" lon="73.29606089747817">
        <ele>1227</ele>
      </trkpt>
      <trkpt lat="41.14599815165555" lon="73.2983828163654">
      </trkpt>
      <trkpt lat="41.15283847675923" lon="73.29424891030351">
        <ele>1269</ele>
      </trkpt>
      <trkpt lat="41.16098985154304" lon="73.32039598485501">
        <ele>1402</ele>
      </trkpt>
      <trkpt lat="41.162867941357966" lon="73.3457349269982">
      </trkpt>
      <trkpt lat="41.17609784347831" lon="73.37899942851706">
      </trkpt>
      <trkpt lat="41.197424395331694" lon="73.39314381538787">
        <ele>1607</ele>
      </trkpt>
      <trkpt lat="41.20379064642015" lon="73.40409019559883">
      </trkpt>
      <trkpt lat="41.20993741790883" lon="73.44318272214804">
        <ele>1591</ele>
      </trkpt>
      <trkpt lat="41.22020943094159" lon="73.47932098440218">
        <ele>1649</ele>
      </trkpt>
      <trkpt lat="41.23069671101642" lon="73.4990247406329">
        <ele>1736</ele>
      </trkpt>
      <trkpt lat="41.25050623802682" lon="73.541471877311">
      </trkpt>
      <trkpt lat="41.25994480684517" lon="73.56291856623587">
      </trkpt>
      <trkpt lat="41.26312816985069" lon="73.58933212242424">
        <ele>1911</ele>
      </trkpt>
      <trkpt lat="41.25983353708057" lon="73.59817100695669">
      </trkpt>
      <trkpt lat="41.259053252220724" lon="73.60916162810994">
        <ele>2160</ele>
      </trkpt>
      <trkpt lat="41.26920963317417" lon="73.61301398636186">
      </trkpt>
      <trkpt lat="41.26222367867945" lon="73.61295903108419">
      </trkpt>
      <trkpt lat="41.26724609499521" lon="73.6322708722629">
        <ele>2594</ele>
      </trkpt>
      <trkpt lat="41.26983629077791" lon="73.63341338939371">
      </trkpt>
      <trkpt lat="41.28321052121376" lon="73.635943675992">
        <ele>2886</ele>
      </trkpt>
      <trkpt lat="41.293489674415405" lon="73.62781021865598">
      </trkpt>
      <trkpt lat="41.3056598698798" lon="73.6535820432167">
        <ele>2775</ele>
      </trkpt>
      <trkpt lat="41.31079643330563" lon="73.64881806537338">
      </trkpt>
      <trkpt lat="41.30869224093264" lon="73.65888349692551">
      </trkpt>
      <trkpt lat="41.31147201176855" lon="73.66691862239844">
        <ele>2452</ele>
      </trkpt>
      <trkpt lat="41.31453860184534" lon="73.67847410522423">
        <ele>2056</ele>
      </trkpt>
      <trkpt lat="41.3053219475318" lon="73.66425705973815">
      </trkpt>
      <trkpt lat="41.30122727252664" lon="73.66167834035461">
        <ele>2397</ele>
      </trkpt>
      <trkpt lat="41.30324076418587" lon="73.66705471342031">
      </trkpt>
      <trkpt lat="41.31669767434964" lon="73.67566286083968">
        <ele>2155</ele>
      </trkpt>
      <trkpt lat="41.32051668244176" lon="73.67029234830578">
      </trkpt>
      <trkpt lat="41.33715373447591" lon="73.64990521731438">
        <ele>2062</ele>
      </trkpt>
      <trkpt lat="41.35003360027864" lon="73.66958644290422">
      </trkpt>
      <trkpt lat="41.362219592854714" lon="73.69231572293457">
        <ele>1956</ele>
      </trkpt>
      <trkpt lat="41.361683371442396" lon="73.72375531529576">
      </trkpt>
      <trkpt lat="41.35661965479202" lon="73.78431173068286">
        <ele>1646</ele>
      </trkpt>
      <trkpt lat="41.36651848446705" lon="73.81048503338714">
        <ele>1527</ele>
      </trkpt>
      <trkpt lat="41.36049206372477" lon="73.80384514115174">
      </trkpt>
      <trkpt lat="41.360342841724915" lon="73.80339390811913">
        <ele>1527</ele>
      </trkpt>
      <trkpt lat="41.36648390911647" lon="73.81178380928357">
        <ele>1527</ele>
      </trkpt>
      <trkpt lat="41.363637049513564" lon="73.83919550510535">
        <ele>1569</ele>
      </trkpt>
      <trkpt lat="41.395729486315574" lon="73.89026459436593">
        <ele>1355</ele>
      </trkpt>
      <trkpt lat="41.39938381407525" lon="73.93174742114842">
        <ele>1402</ele>
      </trkpt>
      <trkpt lat="41.38830098237913" lon="73.94703044763924">
        <ele>1401</ele>
      </trkpt>
      <trkpt lat="41.411735541225795" lon="73.98971937603689">
        <ele>1271</ele>
      </trkpt>
      <trkpt lat="41.40547043333573" lon="74.00909747864482">
      </trkpt>
      <trkpt lat="41.40337795271544" lon="74.01894413607283">
        <ele>1268</ele>
      </trkpt>
      <trkpt lat="41.39567454889065" lon="74.08976049436734">
        <ele>1289</ele>
      </trkpt>
      <trkpt lat="41.37914829498395" lon="74.2050963136418">
        <ele>1325</ele>
      </trkpt>
      <trkpt lat="41.39032864837248" lon="74.25311435642782">
        <ele>1591</ele>
      </trkpt>
      <trkpt lat="41.42039916750665" lon="74.31634067844492">
        <ele>1793</ele>
      </trkpt>
      <trkpt lat="41.44872817923415" lon="74.33484277568576">
        <ele>2134</ele>
      </trkpt>
      <trkpt lat="41.462388555557894" lon="74.35766631744276">
        <ele>2070</ele>
      </trkpt>
      <trkpt lat="41.469877357303744" lon="74.41687575289714">
        <ele>1790</ele>
      </trkpt>
      <trkpt lat="41.4672756889266" lon="74.45930128255928">
        <ele>1799</ele>
      </trkpt>
      <trkpt lat="41.4849698217972" lon="74.51556452556933">
        <ele>1896</ele>
      </trkpt>
      <trkpt lat="41.483939224892744" lon="74.52833401977506">
        <ele>1939</ele>
      </trkpt>
      <trkpt lat="41.49000394585899" lon="74.58449742873634">
      </trkpt>
      <trkpt lat="41.51158532191827" lon="74.6498655211325">
        <ele>2021</ele>
      </trkpt>
      <trkpt lat="41.51848432290745" lon="74.68023472142718">
      </trkpt>
      <trkpt lat="41.53217355724566" lon="74.70485136851175">
        <ele>2630</ele>
      </trkpt>
      <trkpt lat="41.52600658873016" lon="74.71109950137131">
      </trkpt>
      <trkpt lat="41.515407571607746" lon="74.72197970382379">
        <ele>2677</ele>
      </trkpt>
      <trkpt lat="41.5054827696099" lon="74.7192428448002">
      </trkpt>
      <trkpt lat="41.50207289109381" lon="74.73302929969057">
        <ele>2444</ele>
      </trkpt>
      <trkpt lat="41.50287589897879" lon="74.73785842039146">
      </trkpt>
      <trkpt lat="41.46458435" lon="74.81446075">
      </trkpt>
      <trkpt lat="41.502889911682814" lon="74.73776224076258">
        <ele>2341</ele>
      </trkpt>
      <trkpt lat="41.46458435" lon="74.81446075">
      </trkpt>
      <trkpt lat="41.502867250902675" lon="74.73787401235077">
        <ele>2341</ele>
      </trkpt>
      <trkpt lat="41.46875338358715" lon="74.80852727880291">
      </trkpt>
      <trkpt lat="41.502882281558385" lon="74.73781407238646">
        <ele>2341</ele>
      </trkpt>
      <trkpt lat="41.46390533" lon="74.82754516">
      </trkpt>
      <trkpt lat="41.50286266843255" lon="74.73783397920747">
      </trkpt>
      <trkpt lat="41.41493041766873" lon="74.89280887068524">
        <ele>1584</ele>
      </trkpt>
      <trkpt lat="41.502886056007355" lon="74.73782887689279">
        <ele>2341</ele>
      </trkpt>
      <trkpt lat="41.39847183" lon="74.89046478">
      </trkpt>
      <trkpt lat="41.50286170657864" lon="74.73781588494288">
        <ele>2341</ele>
      </trkpt>
      <trkpt lat="41.39847183" lon="74.89046478">
      </trkpt>
      <trkpt lat="41.502871761362414" lon="74.73788328055984">
        <ele>2341</ele>
      </trkpt>
      <trkpt lat="41.39847183" lon="74.89046478">
      </trkpt>
      <trkpt lat="41.50286300972564" lon="74.73787772096225">
        <ele>2341</ele>
      </trkpt>
      <trkpt lat="41.467518900265546" lon="74.8172216010533">
      </trkpt>
      <trkpt lat="41.502947388219425" lon="74.73778968676056">
        <ele>2341</ele>
      </trkpt>
      <trkpt lat="41.39847183" lon="74.89046478">
      </trkpt>
      <trkpt lat="41.50284747317934" lon="74.73780173943591">
        <ele>2341</ele>
      </trkpt>
      <trkpt lat="41.46390533" lon="74.82754516">
      </trkpt>
      <trkpt lat="41.502433945833225" lon="74.7380588053152">
      </trkpt>
      <trkpt lat="41.50283878207347" lon="74.73782787106441">
        <ele>2341</ele>
      </trkpt>
      <trkpt lat="41.49817203470089" lon="74.74999280308326">
        <ele>2074</ele>
      </trkpt>
      <trkpt lat="41.50293454531744" lon="74.7378180642377">
        <ele>2341</ele>
      </trkpt>
      <trkpt lat="41.46390533" lon="74.82754516">
        <ele>1748</ele>
      </trkpt>
      <trkpt lat="41.50287935048482" lon="74.73785435787843">
        <ele>2341</ele>
      </trkpt>
      <trkpt lat="41.50290026160693" lon="74.74736247888663">
        <ele>2073</ele>
      </trkpt>
      <trkpt lat="41.47955001269437" lon="74.77246041216756">
        <ele>1810</ele>
      </trkpt>
      <trkpt lat="41.43111503539834" lon="74.85463641654897">
        <ele>1679</ele>
      </trkpt>
      <trkpt lat="41.426817986664425" lon="74.9610928159667">
        <ele>1620</ele>
      </trkpt>
      <trkpt lat="41.41891523632907" lon="75.03280514701257">
        <ele>1630</ele>
      </trkpt>
      <trkpt lat="41.41319562125024" lon="75.06702635476114">
        <ele>1651</ele>
      </trkpt>
      <trkpt lat="41.41296302903575" lon="75.04670301459268">
      </trkpt>
      <trkpt lat="41.479361415090914" lon="75.03533025775185">
        <ele>1764</ele>
      </trkpt>
      <trkpt lat="41.53152797458327" lon="75.03643115247719">
      </trkpt>
      <trkpt lat="41.56434396338977" lon="75.01699654199493">
        <ele>1981</ele>
      </trkpt>
      <trkpt lat="41.62020508203806" lon="75.04321664578751">
      </trkpt>
      <trkpt lat="41.64744783225901" lon="75.0295538527589">
      </trkpt>
      <trkpt lat="41.661164909039265" lon="75.02162453313407">
        <ele>2754</ele>
      </trkpt>
      <trkpt lat="41.665583741889954" lon="75.02621152445211">
        <ele>2951</ele>
      </trkpt>
      <trkpt lat="41.66047316979771" lon="75.0316771958722">
        <ele>3031</ele>
      </trkpt>
      <trkpt lat="41.6687551911327" lon="75.03637164433859">
        <ele>3225</ele>
      </trkpt>
      <trkpt lat="41.68257985545281" lon="75.05436688830935">
        <ele>3113</ele>
      </trkpt>
      <trkpt lat="41.73096153885922" lon="75.08250881572559">
        <ele>3052</ele>
      </trkpt>
      <trkpt lat="41.75313921765097" lon="75.11217363461205">
        <ele>3022</ele>
      </trkpt>
      <trkpt lat="41.76057209799214" lon="75.15508811175121">
        <ele>3066</ele>
      </trkpt>
      <trkpt lat="41.76567309539929" lon="75.16292028136101">
        <ele>3059</ele>
      </trkpt>
      <trkpt lat="41.75780215304509" lon="75.16911434016671">
        <ele>3092</ele>
      </trkpt>
      <trkpt lat="41.760151307137455" lon="75.2205419261709">
      </trkpt>
      <trkpt lat="41.765409023539874" lon="75.26971008635617">
        <ele>3041</ele>
      </trkpt>
      <trkpt lat="41.7697811786864" lon="75.30921211200761">
        <ele>3040</ele>
      </trkpt>
      <trkpt lat="41.76195961892768" lon="75.37193242467507">
      </trkpt>
      <trkpt lat="41.7991660260091" lon="75.39337229246468">
        <ele>3025</ele>
      </trkpt>
      <trkpt lat="41.84728970578349" lon="75.36859051043814">
        <ele>3040</ele>
      </trkpt>
      <trkpt lat="41.886075739787785" lon="75.34630509100421">
      </trkpt>
      <trkpt lat="41.90587594561733" lon="75.3828321912648">
        <ele>3313</ele>
      </trkpt>
      <trkpt lat="41.91426909491478" lon="75.42107077401786">
        <ele>3451</ele>
      </trkpt>
      <trkpt lat="41.93218291275383" lon="75.41455658159722">
        <ele>3242</ele>
      </trkpt>
      <trkpt lat="41.94387914616795" lon="75.42502951815298">
        <ele>2944</ele>
      </trkpt>
      <trkpt lat="41.952339285973814" lon="75.45864942981474">
        <ele>2690</ele>
      </trkpt>
      <trkpt lat="41.952790622442954" lon="75.46524935737573">
        <ele>2679</ele>
      </trkpt>
      <trkpt lat="41.950964555774505" lon="75.51123548417416">
        <ele>2584</ele>
      </trkpt>
      <trkpt lat="41.94592997232774" lon="75.5756116476465">
        <ele>2467</ele>
      </trkpt>
      <trkpt lat="41.9358041313025" lon="75.63518698518124">
        <ele>2372</ele>
      </trkpt>
      <trkpt lat="41.91062164" lon="75.71850585">
      </trkpt>
      <trkpt lat="41.935829606628715" lon="75.63513823532506">
      </trkpt>
      <trkpt lat="41.93596996868228" lon="75.63587357624822">
        <ele>2371</ele>
      </trkpt>
      <trkpt lat="41.93580406649578" lon="75.63508772679582">
        <ele>2372</ele>
      </trkpt>
      <trkpt lat="41.933119065008945" lon="75.67778977287438">
      </trkpt>
      <trkpt lat="41.931734880949186" lon="75.68405357937516">
      </trkpt>
      <trkpt lat="41.93334544081421" lon="75.73761608458658">
        <ele>2360</ele>
      </trkpt>
      <trkpt lat="42.01332262422845" lon="75.69671174202533">
        <ele>2204</ele>
      </trkpt>
      <trkpt lat="42.1179316705485" lon="75.64527936286818">
        <ele>1944</ele>
      </trkpt>
      <trkpt lat="42.192219817978525" lon="75.75770402115793">
        <ele>1841</ele>
      </trkpt>
      <trkpt lat="42.217420712152695" lon="75.76037865139149">
        <ele>1806</ele>
      </trkpt>
      <trkpt lat="42.220745058769566" lon="75.76885367750727">
        <ele>1806</ele>
      </trkpt>
      <trkpt lat="42.22382800657509" lon="75.77624006203914">
      </trkpt>
      <trkpt lat="42.24813020326406" lon="75.83426353528708">
        <ele>1781</ele>
      </trkpt>
      <trkpt lat="42.22154235839844" lon="75.77110290527344">
      </trkpt>
      <trkpt lat="42.2480798966943" lon="75.83421267531433">
      </trkpt>
      <trkpt lat="42.22259902" lon="75.77337646">
        <ele>1805</ele>
      </trkpt>
      <trkpt lat="42.272182074414815" lon="75.85380552343638">
      </trkpt>
      <trkpt lat="42.32428094645701" lon="75.8876810794113">
        <ele>1807</ele>
      </trkpt>
      <trkpt lat="42.419607599092025" lon="75.84840463664221">
      </trkpt>
      <trkpt lat="42.46540441349509" lon="75.9398381242236">
        <ele>1577</ele>
      </trkpt>
      <trkpt lat="42.45860808998575" lon="76.09299067414933">
      </trkpt>
      <trkpt lat="42.4526768876635" lon="76.16441412835955">
      </trkpt>
      <trkpt lat="42.465383685233505" lon="76.22226602404957">
        <ele>1624</ele>
      </trkpt>
      <trkpt lat="42.47492540232441" lon="76.24899896124325">
      </trkpt>
      <trkpt lat="42.488701678852074" lon="76.38138078160247">
        <ele>1625</ele>
      </trkpt>
      <trkpt lat="42.51503812153126" lon="76.55184773735381">
      </trkpt>
      <trkpt lat="42.58182592228295" lon="76.72094777233593">
        <ele>1624</ele>
      </trkpt>
      <trkpt lat="42.5995167252073" lon="76.88100574545271">
      </trkpt>
      <trkpt lat="42.60233180379026" lon="76.89135130252055">
      </trkpt>
      <trkpt lat="42.59507657964024" lon="76.86365394860213">
        <ele>1604</ele>
      </trkpt>
      <trkpt lat="42.59316185958925" lon="76.86758195988541">
        <ele>1603</ele>
      </trkpt>
      <trkpt lat="42.593086775913726" lon="76.86836872823984">
      </trkpt>
      <trkpt lat="42.58570098" lon="76.76430511">
      </trkpt>
      <trkpt lat="42.593093722471295" lon="76.86833401085862">
        <ele>1603</ele>
      </trkpt>
      <trkpt lat="42.58570098" lon="76.76430511">
      </trkpt>
      <trkpt lat="42.59307614376903" lon="76.86831906084963">
        <ele>1603</ele>
      </trkpt>
      <trkpt lat="42.58570098" lon="76.76430511">
      </trkpt>
      <trkpt lat="42.593010524327724" lon="76.86835829175716">
        <ele>1603</ele>
      </trkpt>
      <trkpt lat="42.59144638673224" lon="76.84545761462682">
        <ele>1601</ele>
      </trkpt>
      <trkpt lat="42.59310941212126" lon="76.86832529568555">
        <ele>1603</ele>
      </trkpt>
      <trkpt lat="42.59704373066358" lon="76.87104137389436">
        <ele>1614</ele>
      </trkpt>
      <trkpt lat="42.59309451099751" lon="76.86837631284898">
        <ele>1603</ele>
      </trkpt>
      <trkpt lat="42.58570098" lon="76.76430511">
        <ele>1601</ele>
      </trkpt>
      <trkpt lat="42.593080185271624" lon="76.86835159069702">
        <ele>1603</ele>
      </trkpt>
      <trkpt lat="42.58570098" lon="76.76430511">
        <ele>1601</ele>
      </trkpt>
      <trkpt lat="42.59307141885403" lon="76.86831227510875">
      </trkpt>
      <trkpt lat="42.59755043937598" lon="76.8713182447753">
      </trkpt>
      <trkpt lat="42.59310293278074" lon="76.86836614221674">
        <ele>1603</ele>
      </trkpt>
      <trkpt lat="42.59755493456843" lon="76.87135884111144">
      </trkpt>
      <trkpt lat="42.59308981713174" lon="76.86836491346067">
      </trkpt>
      <trkpt lat="42.59755717951386" lon="76.87137911534">
        <ele>1614</ele>
      </trkpt>
      <trkpt lat="42.59310947269467" lon="76.86835887849038">
      </trkpt>
      <trkpt lat="42.59755043946002" lon="76.87131824553418">
        <ele>1614</ele>
      </trkpt>
      <trkpt lat="42.593121461630155" lon="76.86834030088632">
      </trkpt>
      <trkpt lat="42.58570098" lon="76.76430511">
        <ele>1601</ele>
      </trkpt>
      <trkpt lat="42.593139207262546" lon="76.86839782221456">
      </trkpt>
      <trkpt lat="42.58570098" lon="76.76430511">
        <ele>1601</ele>
      </trkpt>
      <trkpt lat="42.59309983350578" lon="76.86835376552945">
      </trkpt>
      <trkpt lat="42.598015925205196" lon="76.8671959572239">
        <ele>1623</ele>
      </trkpt>
      <trkpt lat="42.59308419560927" lon="76.86834700489996">
        <ele>1603</ele>
      </trkpt>
      <trkpt lat="42.59755491304174" lon="76.87135864670257">
      </trkpt>
      <trkpt lat="42.59313329090121" lon="76.86834496517083">
        <ele>1603</ele>
      </trkpt>
      <trkpt lat="42.59755043946001" lon="76.87131824553414">
        <ele>1614</ele>
      </trkpt>
      <trkpt lat="42.59315326303581" lon="76.86836752247596">
        <ele>1603</ele>
      </trkpt>
      <trkpt lat="42.58570098" lon="76.76430511">
        <ele>1601</ele>
      </trkpt>
      <trkpt lat="42.593106203881725" lon="76.86839903717008">
      </trkpt>
      <trkpt lat="42.597555832275624" lon="76.87136694835571">
        <ele>1614</ele>
      </trkpt>
      <trkpt lat="42.59307447273594" lon="76.86836129815529">
        <ele>1603</ele>
      </trkpt>
      <trkpt lat="42.59745769733609" lon="76.8713608434047">
        <ele>1614</ele>
      </trkpt>
      <trkpt lat="42.59306792591762" lon="76.86837810810043">
        <ele>1603</ele>
      </trkpt>
      <trkpt lat="42.58570098" lon="76.76430511">
        <ele>1601</ele>
      </trkpt>
      <trkpt lat="42.5930344954442" lon="76.86830663781535">
      </trkpt>
      <trkpt lat="42.58585315992207" lon="76.76485323209639">
        <ele>1601</ele>
      </trkpt>
      <trkpt lat="42.59306240841645" lon="76.86836935618712">
        <ele>1603</ele>
      </trkpt>
      <trkpt lat="42.59196472" lon="76.79068756">
        <ele>1601</ele>
      </trkpt>
      <trkpt lat="42.59311449416613" lon="76.8683462905134">
        <ele>1603</ele>
      </trkpt>
      <trkpt lat="42.59196472" lon="76.79068756">
        <ele>1601</ele>
      </trkpt>
      <trkpt lat="42.59308745456755" lon="76.86829168048445">
      </trkpt>
      <trkpt lat="42.58570098" lon="76.76430511">
        <ele>1601</ele>
      </trkpt>
      <trkpt lat="42.593079498728954" lon="76.86836485871534">
      </trkpt>
      <trkpt lat="42.59756394843828" lon="76.87144241106803">
        <ele>1614</ele>
      </trkpt>
      <trkpt lat="42.593049919378345" lon="76.86842174338322">
        <ele>1603</ele>
      </trkpt>
      <trkpt lat="42.5975639618391" lon="76.87144469687306">
        <ele>1614</ele>
      </trkpt>
      <trkpt lat="42.593110032189315" lon="76.86834975632846">
        <ele>1603</ele>
      </trkpt>
      <trkpt lat="42.59809860772928" lon="76.86640436412767">
        <ele>1622</ele>
      </trkpt>
      <trkpt lat="42.593414183886566" lon="76.86850248741409">
        <ele>1603</ele>
      </trkpt>
      <trkpt lat="42.59309208024535" lon="76.86827564619189">
      </trkpt>
      <trkpt lat="42.59787461351443" lon="76.86734467119909">
      </trkpt>
      <trkpt lat="42.59302560647695" lon="76.86835074373451">
        <ele>1603</ele>
      </trkpt>
      <trkpt lat="42.598083303371936" lon="76.86658360523644">
      </trkpt>
      <trkpt lat="42.59308566808942" lon="76.86843272305732">
        <ele>1603</ele>
      </trkpt>
      <trkpt lat="42.597933463412566" lon="76.8672035007333">
        <ele>1623</ele>
      </trkpt>
      <trkpt lat="42.593079121731144" lon="76.86835023816789">
      </trkpt>
      <trkpt lat="42.59458665251221" lon="76.8718071742568">
        <ele>1606</ele>
      </trkpt>
      <trkpt lat="42.60206750598047" lon="76.89042440622755">
      </trkpt>
      <trkpt lat="42.61105772577469" lon="76.94284751087142">
      </trkpt>
      <trkpt lat="42.631237660574385" lon="77.0080432110252">
        <ele>1641</ele>
      </trkpt>
      <trkpt lat="42.64434783723451" lon="77.07221933647718">
      </trkpt>
      <trkpt lat="42.65098714283185" lon="77.10339152069119">
        <ele>1642</ele>
      </trkpt>
      <trkpt lat="42.654838532368004" lon="77.17901189300983">
      </trkpt>
      <trkpt lat="42.658237365517365" lon="77.20186733192392">
        <ele>1626</ele>
      </trkpt>
      <trkpt lat="42.66965003353077" lon="77.27619269987942">
      </trkpt>
      <trkpt lat="42.690666973305134" lon="77.35522694440102">
      </trkpt>
      <trkpt lat="42.69839372024191" lon="77.40978632129487">
        <ele>1666</ele>
      </trkpt>
      <trkpt lat="42.704263830917725" lon="77.43265698889887">
        <ele>1693</ele>
      </trkpt>
      <trkpt lat="42.71620516614738" lon="77.47014882999137">
        <ele>1746</ele>
      </trkpt>
      <trkpt lat="42.71871017641474" lon="77.47437287668001">
        <ele>1755</ele>
      </trkpt>
      <trkpt lat="42.71832717837858" lon="77.49461001509749">
        <ele>1755</ele>
      </trkpt>
      <trkpt lat="42.72012048306281" lon="77.53523376806531">
      </trkpt>
      <trkpt lat="42.72118028354304" lon="77.54756914832204">
      </trkpt>
      <trkpt lat="42.72327161440049" lon="77.56316969114579">
        <ele>1738</ele>
      </trkpt>
      <trkpt lat="42.72886092715437" lon="77.61562143156041">
      </trkpt>
      <trkpt lat="42.733701223027886" lon="77.6610261899186">
        <ele>1653</ele>
      </trkpt>
      <trkpt lat="42.735047393637345" lon="77.67879991196078">
      </trkpt>
      <trkpt lat="42.73809877406674" lon="77.73154987785658">
        <ele>1646</ele>
      </trkpt>
      <trkpt lat="42.7389547145898" lon="77.81070533721544">
        <ele>1622</ele>
      </trkpt>
      <trkpt lat="42.73722463014736" lon="77.82487607905615">
      </trkpt>
      <trkpt lat="42.73633892767976" lon="77.86480605136173">
        <ele>1657</ele>
      </trkpt>
      <trkpt lat="42.73704749536024" lon="77.93093676686094">
      </trkpt>
      <trkpt lat="42.73525758783715" lon="77.97122713693282">
      </trkpt>
      <trkpt lat="42.74196194117197" lon="78.01901190789997">
        <ele>1632</ele>
      </trkpt>
      <trkpt lat="42.74804090222363" lon="78.11104398170667">
      </trkpt>
      <trkpt lat="42.758423995811896" lon="78.15243982021586">
        <ele>1635</ele>
      </trkpt>
      <trkpt lat="42.78078500209516" lon="78.21902381044393">
        <ele>1645</ele>
      </trkpt>
      <trkpt lat="42.784380129600535" lon="78.24270317946896">
      </trkpt>
      <trkpt lat="42.77824250798108" lon="78.30871366824017">
      </trkpt>
      <trkpt lat="42.73307199511936" lon="78.35615944568038">
      </trkpt>
      <trkpt lat="42.515185810665145" lon="78.38583128534107">
        <ele>1690</ele>
      </trkpt>
      <trkpt lat="42.46977598184003" lon="78.2689229962473">
      </trkpt>
      <trkpt lat="42.42905090101289" lon="78.2145579066856">
      </trkpt>
      <trkpt lat="42.36725454462399" lon="78.22214926708297">
        <ele>1926</ele>
      </trkpt>
      <trkpt lat="42.34659642865701" lon="78.22796063869004">
        <ele>1981</ele>
      </trkpt>
      <trkpt lat="42.33324717268565" lon="78.24148703373805">
      </trkpt>
      <trkpt lat="42.33294798065194" lon="78.24117916643455">
        <ele>2064</ele>
      </trkpt>
      <trkpt lat="42.33318990063721" lon="78.24150067397827">
        <ele>2064</ele>
      </trkpt>
      <trkpt lat="42.35713350789317" lon="78.23109870920433">
        <ele>2095</ele>
      </trkpt>
      <trkpt lat="42.33315494334569" lon="78.24148558064604">
        <ele>2064</ele>
      </trkpt>
      <trkpt lat="42.34878543229754" lon="78.23536149460553">
        <ele>2151</ele>
      </trkpt>
      <trkpt lat="42.33328482384262" lon="78.24164482305514">
        <ele>2064</ele>
      </trkpt>
      <trkpt lat="42.35243936871593" lon="78.23439422728174">
        <ele>2149</ele>
      </trkpt>
      <trkpt lat="42.333234850733994" lon="78.24147796337486">
        <ele>2064</ele>
      </trkpt>
      <trkpt lat="42.34237885943784" lon="78.2380901050871">
        <ele>2200</ele>
      </trkpt>
      <trkpt lat="42.333278298503785" lon="78.24148385196271">
        <ele>2064</ele>
      </trkpt>
      <trkpt lat="42.33958675901968" lon="78.23390764628027">
        <ele>2028</ele>
      </trkpt>
      <trkpt lat="42.34505325691357" lon="78.2300394772323">
        <ele>1994</ele>
      </trkpt>
      <trkpt lat="42.41321549632517" lon="78.21820651590342">
        <ele>1808</ele>
      </trkpt>
      <trkpt lat="42.46774488203852" lon="78.24941968560529">
        <ele>1698</ele>
      </trkpt>
      <trkpt lat="42.483536750117764" lon="78.37402403361943">
        <ele>1755</ele>
      </trkpt>
      <trkpt lat="42.49031339310341" lon="78.39183457203059">
        <ele>1751</ele>
      </trkpt>
      <trkpt lat="42.54956398606196" lon="78.39037050601164">
        <ele>1678</ele>
      </trkpt>
      <trkpt lat="42.66088228744557" lon="78.35111750248943">
        <ele>1674</ele>
      </trkpt>
      <trkpt lat="42.72918724827819" lon="78.35711650261564">
        <ele>1625</ele>
      </trkpt>
      <trkpt lat="42.741094846285364" lon="78.39433102762604">
      </trkpt>
      <trkpt lat="42.7694816887777" lon="78.47899915657796">
        <ele>1663</ele>
      </trkpt>
      <trkpt lat="42.772884255413786" lon="78.60866312832219">
        <ele>1707</ele>
      </trkpt>
      <trkpt lat="42.73508220155047" lon="78.83035291636902">
        <ele>1857</ele>
      </trkpt>
      <trkpt lat="42.741431985090244" lon="78.94842320129177">
        <ele>1948</ele>
      </trkpt>
      <trkpt lat="42.76145836342408" lon="79.13248686127284">
      </trkpt>
      <trkpt lat="42.79991960622631" lon="79.18024845428688">
        <ele>1995</ele>
      </trkpt>
      <trkpt lat="42.863671565468294" lon="79.23474121846188">
        <ele>1940</ele>
      </trkpt>
      <trkpt lat="42.961995732079224" lon="79.23608927994896">
        <ele>1859</ele>
      </trkpt>
      <trkpt lat="43.01686577553351" lon="79.22934843236928">
        <ele>1850</ele>
      </trkpt>
      <trkpt lat="43.01283101089579" lon="79.23374787911699">
        <ele>1851</ele>
      </trkpt>
      <trkpt lat="43.01693650897873" lon="79.22943522229718">
        <ele>1850</ele>
      </trkpt>
      <trkpt lat="43.072735689201934" lon="79.21688616803353">
        <ele>1829</ele>
      </trkpt>
      <trkpt lat="43.115169773849765" lon="79.24005609944392">
        <ele>1858</ele>
      </trkpt>
      <trkpt lat="43.116412390994945" lon="79.27207639448277">
        <ele>1918</ele>
      </trkpt>
      <trkpt lat="43.116678851696776" lon="79.27157104954055">
        <ele>1908</ele>
      </trkpt>
      <trkpt lat="43.116367547813056" lon="79.27183742642333">
        <ele>1918</ele>
      </trkpt>
      <trkpt lat="43.43568420410156" lon="79.10176086425781">
        <ele>1041</ele>
      </trkpt>
      <trkpt lat="43.11636393236595" lon="79.27185560997192">
        <ele>1918</ele>
      </trkpt>
      <trkpt lat="43.43568420410156" lon="79.10176086425781">
        <ele>1041</ele>
      </trkpt>
      <trkpt lat="43.11638083736594" lon="79.2718543416389">
      </trkpt>
      <trkpt lat="43.1161419069796" lon="79.26088873304357">
      </trkpt>
      <trkpt lat="43.15785443337818" lon="79.20657464632012">
        <ele>1784</ele>
      </trkpt>
      <trkpt lat="43.19312550814235" lon="79.13111432545804">
        <ele>1433</ele>
      </trkpt>
      <trkpt lat="43.23538026310805" lon="79.0070901532462">
        <ele>1248</ele>
      </trkpt>
      <trkpt lat="43.26902829100245" lon="78.94855755764581">
        <ele>1213</ele>
      </trkpt>
      <trkpt lat="43.346875207539036" lon="78.92920156948168">
        <ele>1312</ele>
      </trkpt>
      <trkpt lat="43.361457068074365" lon="79.04750336276336">
        <ele>1154</ele>
      </trkpt>
      <trkpt lat="43.356328625300264" lon="79.05380192796228">
        <ele>1143</ele>
      </trkpt>
      <trkpt lat="43.36133981593266" lon="79.04814949266523">
        <ele>1149</ele>
      </trkpt>
      <trkpt lat="43.346724769308096" lon="78.92858558087765">
        <ele>1311</ele>
      </trkpt>
      <trkpt lat="43.36159009326905" lon="78.89820654756008">
      </trkpt>
      <trkpt lat="43.39177077520261" lon="78.82545325953994">
        <ele>1218</ele>
      </trkpt>
      <trkpt lat="43.44298470690583" lon="78.68797930560628">
      </trkpt>
      <trkpt lat="43.52072102938236" lon="78.6122346820836">
        <ele>912</ele>
      </trkpt>
      <trkpt lat="43.55230802120829" lon="78.464409066208">
        <ele>718</ele>
      </trkpt>
      <trkpt lat="43.56047683619826" lon="78.36589056910235">
      </trkpt>
      <trkpt lat="43.56504331693095" lon="78.35380220763702">
      </trkpt>
      <trkpt lat="43.572495027241416" lon="78.34847781451353">
        <ele>700</ele>
      </trkpt>
      <trkpt lat="43.60222959429361" lon="78.31529396593413">
        <ele>638</ele>
      </trkpt>
      <trkpt lat="43.58411463327582" lon="78.23094542218634">
        <ele>594</ele>
      </trkpt>
      <trkpt lat="43.575421879108596" lon="77.97138297006299">
      </trkpt>
      <trkpt lat="43.54997463062736" lon="77.76589005261451">
        <ele>584</ele>
      </trkpt>
      <trkpt lat="43.53350292619533" lon="77.62815330246896">
      </trkpt>
      <trkpt lat="43.52581790186793" lon="77.54146057188282">
        <ele>622</ele>
      </trkpt>
      <trkpt lat="43.48894898432589" lon="77.47815444507833">
        <ele>660</ele>
      </trkpt>
      <trkpt lat="43.43796584427296" lon="77.38243888427435">
        <ele>695</ele>
      </trkpt>
      <trkpt lat="43.409406330322334" lon="77.31486847134352">
        <ele>691</ele>
      </trkpt>
      <trkpt lat="43.409774857413616" lon="77.26352544576292">
        <ele>672</ele>
      </trkpt>
      <trkpt lat="43.40603556622501" lon="77.23324230210811">
        <ele>683</ele>
      </trkpt>
      <trkpt lat="43.388957432511624" lon="77.22568477511147">
        <ele>720</ele>
      </trkpt>
      <trkpt lat="43.35550537950168" lon="77.2322917798976">
        <ele>810</ele>
      </trkpt>
      <trkpt lat="43.33135353938789" lon="77.24720255275723">
        <ele>880</ele>
      </trkpt>
      <trkpt lat="43.32535634752673" lon="77.24802531309169">
        <ele>899</ele>
      </trkpt>
      <trkpt lat="43.30631991386721" lon="77.23985362805169">
        <ele>962</ele>
      </trkpt>
      <trkpt lat="43.2864998289205" lon="77.22777297045039">
      </trkpt>
      <trkpt lat="43.27837334949828" lon="77.19242261729873">
        <ele>1102</ele>
      </trkpt>
      <trkpt lat="43.27892728585983" lon="77.1915684256433">
        <ele>1096</ele>
      </trkpt>
      <trkpt lat="43.30679853676889" lon="77.10669596522783">
        <ele>803</ele>
      </trkpt>
      <trkpt lat="43.30344508871744" lon="77.0710245799991">
      </trkpt>
      <trkpt lat="43.28646515500106" lon="76.9946022425564">
        <ele>750</ele>
      </trkpt>
      <trkpt lat="43.25973714756374" lon="76.9827225994376">
        <ele>833</ele>
      </trkpt>
      <trkpt lat="43.228020491118755" lon="76.94983659319296">
        <ele>921</ele>
      </trkpt>
      <trkpt lat="43.2084567563815" lon="76.971541048064">
        <ele>1045</ele>
      </trkpt>
      <trkpt lat="43.17356645133641" lon="77.01546991251129">
      </trkpt>
      <trkpt lat="43.17293996456783" lon="77.02293339531407">
        <ele>1381</ele>
      </trkpt>
      <trkpt lat="43.19826242258474" lon="76.98289313297465">
      </trkpt>
      <trkpt lat="43.226780304725494" lon="76.96140873253063">
        <ele>953</ele>
      </trkpt>
      <trkpt lat="43.2904310150133" lon="77.00911126394185">
      </trkpt>
      <trkpt lat="43.304229734451965" lon="77.08064660728311">
      </trkpt>
      <trkpt lat="43.30647408699941" lon="77.13526580809022">
        <ele>876</ele>
      </trkpt>
      <trkpt lat="43.28723879392504" lon="77.18047899951668">
        <ele>1033</ele>
      </trkpt>
      <trkpt lat="43.25442243837123" lon="77.21411875456312">
      </trkpt>
      <trkpt lat="43.25946655287542" lon="77.21260070819562">
        <ele>1175</ele>
      </trkpt>
      <trkpt lat="43.2545013340214" lon="77.2141075453591">
        <ele>1195</ele>
      </trkpt>
      <trkpt lat="43.25946655287545" lon="77.21260070819564">
        <ele>1175</ele>
      </trkpt>
      <trkpt lat="43.254569672923886" lon="77.21421123883215">
        <ele>1195</ele>
      </trkpt>
      <trkpt lat="43.259466552875445" lon="77.21260070819562">
        <ele>1175</ele>
      </trkpt>
      <trkpt lat="43.2544089528193" lon="77.21433282188282">
      </trkpt>
      <trkpt lat="43.25946655287544" lon="77.21260070819562">
        <ele>1175</ele>
      </trkpt>
      <trkpt lat="43.25443640637682" lon="77.2143178276888">
      </trkpt>
      <trkpt lat="43.25946655287545" lon="77.21260070819564">
        <ele>1175</ele>
      </trkpt>
      <trkpt lat="43.25440512974118" lon="77.21403627663591">
      </trkpt>
      <trkpt lat="43.259466552875445" lon="77.21260070819562">
        <ele>1175</ele>
      </trkpt>
      <trkpt lat="43.254449302370894" lon="77.21418539069333">
      </trkpt>
      <trkpt lat="43.25946655287543" lon="77.21260070819561">
        <ele>1175</ele>
      </trkpt>
      <trkpt lat="43.25441182919752" lon="77.21419643041932">
        <ele>1195</ele>
      </trkpt>
      <trkpt lat="43.259466552875445" lon="77.21260070819564">
        <ele>1175</ele>
      </trkpt>
      <trkpt lat="43.25441248146877" lon="77.21420884400067">
        <ele>1195</ele>
      </trkpt>
      <trkpt lat="43.25946806999999" lon="77.2126007">
        <ele>1175</ele>
      </trkpt>
      <trkpt lat="43.254480192407314" lon="77.21426046812056">
        <ele>1195</ele>
      </trkpt>
      <trkpt lat="43.25946807" lon="77.21260070000002">
        <ele>1175</ele>
      </trkpt>
      <trkpt lat="43.25435836709575" lon="77.21421336885322">
        <ele>1195</ele>
      </trkpt>
      <trkpt lat="43.25946807" lon="77.2126007">
        <ele>1175</ele>
      </trkpt>
      <trkpt lat="43.25448702539437" lon="77.21425039648386">
        <ele>1195</ele>
      </trkpt>
      <trkpt lat="43.25946807" lon="77.2126007">
        <ele>1175</ele>
      </trkpt>
      <trkpt lat="43.254611524727395" lon="77.21426088564927">
        <ele>1195</ele>
      </trkpt>
      <trkpt lat="43.25946806999999" lon="77.21260069999998">
      </trkpt>
      <trkpt lat="43.25443626851146" lon="77.21434406012037">
        <ele>1195</ele>
      </trkpt>
      <trkpt lat="43.25946806999999" lon="77.2126007">
        <ele>1175</ele>
      </trkpt>
      <trkpt lat="43.254447388702225" lon="77.21424609048175">
        <ele>1195</ele>
      </trkpt>
      <trkpt lat="43.2728402538968" lon="77.21090897102533">
      </trkpt>
      <trkpt lat="43.280081141489376" lon="77.20202005142093">
        <ele>1083</ele>
      </trkpt>
      <trkpt lat="43.27915060337938" lon="77.19213796786703">
        <ele>1102</ele>
      </trkpt>
      <trkpt lat="43.30398278780589" lon="77.15467706329855">
        <ele>923</ele>
      </trkpt>
      <trkpt lat="43.30672563989023" lon="77.1069831122431">
        <ele>803</ele>
      </trkpt>
      <trkpt lat="43.30411380299295" lon="77.07781657331998">
        <ele>801</ele>
      </trkpt>
      <trkpt lat="43.31527395130368" lon="77.03326376548107">
        <ele>712</ele>
      </trkpt>
      <trkpt lat="43.2960828499322" lon="76.99763267230593">
        <ele>725</ele>
      </trkpt>
      <trkpt lat="43.28838004269012" lon="76.92214203074288">
        <ele>738</ele>
      </trkpt>
      <trkpt lat="43.26879539065367" lon="76.92247479229879">
        <ele>759</ele>
      </trkpt>
      <trkpt lat="43.25027044365132" lon="76.94519713157766">
      </trkpt>
      <trkpt lat="43.25385677239653" lon="76.94256031247463">
        <ele>817</ele>
      </trkpt>
      <trkpt lat="43.254224334468994" lon="76.9332291446827">
      </trkpt>
      <trkpt lat="43.25286018952367" lon="76.91814559722043">
        <ele>792</ele>
      </trkpt>
      <trkpt lat="43.25225319571242" lon="76.91271068322449">
        <ele>790</ele>
      </trkpt>
      <trkpt lat="43.26105185322767" lon="76.93142297684861">
      </trkpt>
      <trkpt lat="43.29204699959912" lon="76.9364351034881">
      </trkpt>
      <trkpt lat="43.28870036265279" lon="76.92210757383224">
        <ele>738</ele>
      </trkpt>
      <trkpt lat="43.28216632683851" lon="76.91612991265181">
      </trkpt>
      <trkpt lat="43.293270370327974" lon="76.94369739930366">
        <ele>728</ele>
      </trkpt>
      <trkpt lat="43.300588787573666" lon="76.95142965770974">
      </trkpt>
      <trkpt lat="43.34426437162746" lon="76.99163741011763">
        <ele>676</ele>
      </trkpt>
      <trkpt lat="43.34327806863296" lon="76.99853287794423">
        <ele>667</ele>
      </trkpt>
      <trkpt lat="43.349124699549854" lon="76.98657011427092">
        <ele>673</ele>
      </trkpt>
      <trkpt lat="43.391290860250564" lon="77.00382336198886">
        <ele>650</ele>
      </trkpt>
      <trkpt lat="43.469807136160796" lon="77.03540412140394">
        <ele>608</ele>
      </trkpt>
      <trkpt lat="43.45880045190115" lon="77.22070874952666">
      </trkpt>
      <trkpt lat="43.504503225016876" lon="77.39049470059331">
        <ele>613</ele>
      </trkpt>
      <trkpt lat="43.53053058501661" lon="77.5889526867099">
        <ele>627</ele>
      </trkpt>
      <trkpt lat="43.55725473943045" lon="77.80973107342176">
      </trkpt>
      <trkpt lat="43.581165745894964" lon="78.0498846900445">
        <ele>567</ele>
      </trkpt>
      <trkpt lat="43.59380697645916" lon="78.27862814761959">
      </trkpt>
      <trkpt lat="43.657830068882234" lon="78.44637544832979">
      </trkpt>
      <trkpt lat="43.662497436135524" lon="78.48362017311638">
        <ele>570</ele>
      </trkpt>
      <trkpt lat="43.70587221817175" lon="78.69466250227194">
      </trkpt>
      <trkpt lat="43.75594000240305" lon="78.93250956098028">
        <ele>488</ele>
      </trkpt>
      <trkpt lat="43.7736170674679" lon="79.17587654401241">
        <ele>508</ele>
      </trkpt>
      <trkpt lat="43.865918945561965" lon="79.37787788927497">
      </trkpt>
      <trkpt lat="43.88433599848662" lon="79.51418138116553">
        <ele>512</ele>
      </trkpt>
      <trkpt lat="43.9466721704639" lon="79.58239582374652">
      </trkpt>
      <trkpt lat="44.06686769802502" lon="79.73586536951338">
        <ele>540</ele>
      </trkpt>
      <trkpt lat="44.13852018773941" lon="79.90371800966551">
        <ele>606</ele>
      </trkpt>
      <trkpt lat="44.134040228132285" lon="79.90481520079067">
        <ele>603</ele>
      </trkpt>
      <trkpt lat="44.15020577153197" lon="79.94773248973607">
      </trkpt>
      <trkpt lat="44.16502940012432" lon="79.97383048952499">
        <ele>617</ele>
      </trkpt>
      <trkpt lat="44.165362813551134" lon="80.02423795878889">
      </trkpt>
      <trkpt lat="44.18105189226957" lon="80.15296529985979">
        <ele>678</ele>
      </trkpt>
      <trkpt lat="44.21628579513512" lon="80.2167617546712">
        <ele>723</ele>
      </trkpt>
      <trkpt lat="44.175177293208066" lon="80.254253606608">
        <ele>698</ele>
      </trkpt>
      <trkpt lat="44.166669258888966" lon="80.36406923092936">
      </trkpt>
      <trkpt lat="44.15808794308572" lon="80.39159472938464">
        <ele>690</ele>
      </trkpt>
      <trkpt lat="44.157247622538506" lon="80.39911757230796">
        <ele>693</ele>
      </trkpt>
      <trkpt lat="44.159122512746265" lon="80.40908984035703">
        <ele>695</ele>
      </trkpt>
      <trkpt lat="44.206464272033614" lon="80.40587372154035">
        <ele>788</ele>
      </trkpt>
      <trkpt lat="44.21193991791849" lon="80.41116312153676">
        <ele>795</ele>
      </trkpt>
      <trkpt lat="44.16760903787256" lon="80.49606006600008">
        <ele>683</ele>
      </trkpt>
      <trkpt lat="44.17644113306345" lon="80.59260140180643">
        <ele>690</ele>
      </trkpt>
      <trkpt lat="44.21697626722919" lon="80.79886466363921">
        <ele>753</ele>
      </trkpt>
      <trkpt lat="44.3193079299916" lon="80.93812789188597">
        <ele>1034</ele>
      </trkpt>
      <trkpt lat="44.31960001832858" lon="80.93872862008374">
        <ele>1034</ele>
      </trkpt>
      <trkpt lat="44.31990292815045" lon="80.93916397335504">
        <ele>1034</ele>
      </trkpt>
      <trkpt lat="44.320152167001694" lon="80.93958255399394">
        <ele>1034</ele>
      </trkpt>
      <trkpt lat="44.32045576709121" lon="80.94005390139291">
        <ele>1036</ele>
      </trkpt>
      <trkpt lat="44.32068875041547" lon="80.94044946322626">
        <ele>1036</ele>
      </trkpt>
      <trkpt lat="44.32092028761796" lon="80.94083301093045">
        <ele>1038</ele>
      </trkpt>
      <trkpt lat="44.321154881887374" lon="80.94120937057825">
        <ele>1038</ele>
      </trkpt>
      <trkpt lat="44.321386399667425" lon="80.941587304724">
        <ele>1038</ele>
      </trkpt>
      <trkpt lat="44.32162776013516" lon="80.94196812189354">
        <ele>1042</ele>
      </trkpt>
      <trkpt lat="44.32187057901272" lon="80.94234198536708">
        <ele>1042</ele>
      </trkpt>
      <trkpt lat="44.32211733510119" lon="80.94270454225386">
      </trkpt>
      <trkpt lat="44.32235880853668" lon="80.94305203856376">
      </trkpt>
      <trkpt lat="44.322588574841575" lon="80.94339149436567">
        <ele>1042</ele>
      </trkpt>
      <trkpt lat="44.322822999211716" lon="80.94372088847412">
        <ele>1042</ele>
      </trkpt>
      <trkpt lat="44.323056674248434" lon="80.94404569852732">
      </trkpt>
      <trkpt lat="44.32329187178103" lon="80.94436491188128">
        <ele>1048</ele>
      </trkpt>
      <trkpt lat="44.32352943034612" lon="80.94467504390036">
      </trkpt>
      <trkpt lat="44.32375667674073" lon="80.94498380916518">
        <ele>1048</ele>
      </trkpt>
      <trkpt lat="44.323993214294426" lon="80.94529041740252">
        <ele>1048</ele>
      </trkpt>
      <trkpt lat="44.406301479410295" lon="81.02439785591791">
      </trkpt>
      <trkpt lat="44.469485658437314" lon="81.15274164081615">
        <ele>1812</ele>
      </trkpt>
      <trkpt lat="44.469355443883785" lon="81.15326225223495">
        <ele>1812</ele>
      </trkpt>
      <trkpt lat="44.469197424209014" lon="81.15379865575173">
        <ele>1812</ele>
      </trkpt>
      <trkpt lat="44.46903175247296" lon="81.15437457325218">
        <ele>1856</ele>
      </trkpt>
      <trkpt lat="44.46882184257071" lon="81.15490662621254">
        <ele>1856</ele>
      </trkpt>
      <trkpt lat="44.46859195719884" lon="81.15543000230983">
        <ele>1804</ele>
      </trkpt>
      <trkpt lat="44.46833817030644" lon="81.15594565385865">
        <ele>1804</ele>
      </trkpt>
      <trkpt lat="44.46806530843537" lon="81.15644999332744">
      </trkpt>
      <trkpt lat="44.50407420523375" lon="81.21351810321083">
      </trkpt>
      <trkpt lat="44.593259989496644" lon="81.37950106220714">
        <ele>2128</ele>
      </trkpt>
      <trkpt lat="44.593509373492736" lon="81.38009232022253">
        <ele>2128</ele>
      </trkpt>
      <trkpt lat="44.59368443488992" lon="81.38066515887562">
        <ele>2128</ele>
      </trkpt>
      <trkpt lat="44.59391073951126" lon="81.38131666520628">
        <ele>2116</ele>
      </trkpt>
      <trkpt lat="44.59406003465934" lon="81.3818629533042">
        <ele>2116</ele>
      </trkpt>
      <trkpt lat="44.59420833000214" lon="81.38240189769465">
        <ele>2116</ele>
      </trkpt>
      <trkpt lat="44.59435853502789" lon="81.38293408787254">
        <ele>2116</ele>
      </trkpt>
      <trkpt lat="44.594510345459966" lon="81.38347538239834">
        <ele>2114</ele>
      </trkpt>
      <trkpt lat="44.59466196620785" lon="81.38401213214641">
        <ele>2114</ele>
      </trkpt>
      <trkpt lat="44.5948079675882" lon="81.38455562018429">
        <ele>2114</ele>
      </trkpt>
      <trkpt lat="44.5949646378231" lon="81.38509187387727">
        <ele>2114</ele>
      </trkpt>
      <trkpt lat="44.61140124176461" lon="81.59096953830208">
        <ele>1699</ele>
      </trkpt>
      <trkpt lat="44.61751378311088" lon="81.76231351624956">
        <ele>1074</ele>
      </trkpt>
      <trkpt lat="44.61722855431906" lon="81.7626929942707">
        <ele>1068</ele>
      </trkpt>
      <trkpt lat="44.61689828378135" lon="81.76311084175701">
        <ele>1068</ele>
      </trkpt>
      <trkpt lat="44.6166511419387" lon="81.76350914533275">
        <ele>1068</ele>
      </trkpt>
      <trkpt lat="44.61638909816683" lon="81.76389239192305">
        <ele>1068</ele>
      </trkpt>
      <trkpt lat="44.6161305910535" lon="81.76428961971729">
        <ele>1068</ele>
      </trkpt>
      <trkpt lat="44.61587960920206" lon="81.76469435390517">
        <ele>1059</ele>
      </trkpt>
      <trkpt lat="44.61563407712082" lon="81.76510254259634">
        <ele>1059</ele>
      </trkpt>
      <trkpt lat="44.61538515915114" lon="81.76551134390645">
        <ele>1059</ele>
      </trkpt>
      <trkpt lat="44.615142197338876" lon="81.76592668539637">
        <ele>1059</ele>
      </trkpt>
      <trkpt lat="44.61490691488831" lon="81.7663633416561">
      </trkpt>
      <trkpt lat="44.633173268710166" lon="81.99641587013724">
        <ele>539</ele>
      </trkpt>
      <trkpt lat="44.63315834524374" lon="81.99697638368302">
        <ele>539</ele>
      </trkpt>
      <trkpt lat="44.633126608257705" lon="81.99754827253622">
        <ele>539</ele>
      </trkpt>
      <trkpt lat="44.63310117368361" lon="81.99823107030632">
        <ele>536</ele>
      </trkpt>
      <trkpt lat="44.633070956957184" lon="81.99880513370223">
        <ele>536</ele>
      </trkpt>
      <trkpt lat="44.63303730361595" lon="81.99937451638468">
        <ele>536</ele>
      </trkpt>
      <trkpt lat="44.633004289994794" lon="81.99994557069117">
        <ele>536</ele>
      </trkpt>
      <trkpt lat="44.63297277338832" lon="82.00051496461388">
        <ele>533</ele>
      </trkpt>
      <trkpt lat="44.63294129610387" lon="82.00108557255092">
        <ele>533</ele>
      </trkpt>
      <trkpt lat="44.63290833042711" lon="82.00165924994764">
        <ele>533</ele>
      </trkpt>
      <trkpt lat="44.6328750123519" lon="82.00223215304055">
        <ele>528</ele>
      </trkpt>
      <trkpt lat="44.6328421205509" lon="82.00280551710034">
        <ele>528</ele>
      </trkpt>
      <trkpt lat="44.632812160275705" lon="82.00337884855225">
        <ele>528</ele>
      </trkpt>
      <trkpt lat="44.6327822015875" lon="82.00395162588954">
        <ele>528</ele>
      </trkpt>
      <trkpt lat="44.63274926339428" lon="82.00452565121054">
        <ele>524</ele>
      </trkpt>
      <trkpt lat="44.63271888068623" lon="82.00510329849953">
        <ele>524</ele>
      </trkpt>
      <trkpt lat="44.632683683349875" lon="82.00568981064686">
        <ele>524</ele>
      </trkpt>
      <trkpt lat="44.632648832732286" lon="82.00626880761708">
        <ele>521</ele>
      </trkpt>
      <trkpt lat="44.63261478383841" lon="82.0068495546249">
      </trkpt>
      <trkpt lat="44.63258342814747" lon="82.00743253894089">
        <ele>521</ele>
      </trkpt>
      <trkpt lat="44.632554310592774" lon="82.00801630111872">
        <ele>521</ele>
      </trkpt>
      <trkpt lat="44.632526599595664" lon="82.00860506150099">
      </trkpt>
      <trkpt lat="44.6324940034031" lon="82.00919417393753">
        <ele>515</ele>
      </trkpt>
      <trkpt lat="44.63246157917195" lon="82.00977905445838">
      </trkpt>
      <trkpt lat="44.6324290099149" lon="82.01036141336482">
        <ele>515</ele>
      </trkpt>
      <trkpt lat="44.63239668764958" lon="82.01093834789084">
        <ele>513</ele>
      </trkpt>
      <trkpt lat="44.63236387027838" lon="82.01151936923759">
        <ele>513</ele>
      </trkpt>
      <trkpt lat="44.63232939929857" lon="82.01208816372163">
      </trkpt>
      <trkpt lat="44.63229450835098" lon="82.01264829204013">
        <ele>509</ele>
      </trkpt>
      <trkpt lat="44.632261723218114" lon="82.01318456373683">
      </trkpt>
      <trkpt lat="44.63223136193672" lon="82.01372285502786">
        <ele>509</ele>
      </trkpt>
      <trkpt lat="44.62945408288094" lon="82.06159768967446">
        <ele>435</ele>
      </trkpt>
      <trkpt lat="44.61353427464415" lon="82.13110472612043">
      </trkpt>
      <trkpt lat="44.53091730833476" lon="82.31430784806824">
        <ele>389</ele>
      </trkpt>
      <trkpt lat="44.53079985199884" lon="82.31488757012066">
      </trkpt>
      <trkpt lat="44.53070658545298" lon="82.31543781934833">
        <ele>391</ele>
      </trkpt>
      <trkpt lat="44.530571345281345" lon="82.3160784412942">
      </trkpt>
      <trkpt lat="44.530465020839614" lon="82.31661773294425">
        <ele>391</ele>
      </trkpt>
      <trkpt lat="44.530365150463325" lon="82.31715878479399">
        <ele>393</ele>
      </trkpt>
      <trkpt lat="44.530266919167936" lon="82.31769981044918">
        <ele>393</ele>
      </trkpt>
      <trkpt lat="44.53016606044885" lon="82.31823940211159">
      </trkpt>
      <trkpt lat="44.530065619542746" lon="82.31877555059891">
        <ele>394</ele>
      </trkpt>
      <trkpt lat="44.529965797108105" lon="82.3193118214787">
      </trkpt>
      <trkpt lat="44.529865992408034" lon="82.31984663542177">
        <ele>394</ele>
      </trkpt>
      <trkpt lat="44.52813887507145" lon="82.54330890260873">
        <ele>361</ele>
      </trkpt>
      <trkpt lat="44.528146781404516" lon="82.54386844694916">
        <ele>362</ele>
      </trkpt>
      <trkpt lat="44.52823460344513" lon="82.5444075281168">
      </trkpt>
      <trkpt lat="44.52824601970753" lon="82.54493086085795">
        <ele>362</ele>
      </trkpt>
      <trkpt lat="44.52827149346283" lon="82.54549188051537">
        <ele>362</ele>
      </trkpt>
      <trkpt lat="44.52828285006817" lon="82.54609242698527">
        <ele>360</ele>
      </trkpt>
      <trkpt lat="44.52827511844315" lon="82.54663432010233">
      </trkpt>
      <trkpt lat="44.52825593870479" lon="82.54717115375261">
      </trkpt>
      <trkpt lat="44.52822923952614" lon="82.54770925860035">
        <ele>360</ele>
      </trkpt>
      <trkpt lat="44.52818516279163" lon="82.54824140835302">
      </trkpt>
      <trkpt lat="44.52814140741394" lon="82.54877198938613">
        <ele>360</ele>
      </trkpt>
      <trkpt lat="44.528083935705304" lon="82.54929901690444">
      </trkpt>
      <trkpt lat="44.52802335261567" lon="82.54982843759068">
        <ele>360</ele>
      </trkpt>
      <trkpt lat="44.52795212258004" lon="82.55036000274728">
        <ele>360</ele>
      </trkpt>
      <trkpt lat="44.527874919499936" lon="82.55088919296358">
        <ele>360</ele>
      </trkpt>
      <trkpt lat="44.52778646153417" lon="82.5514197750401">
        <ele>360</ele>
      </trkpt>
      <trkpt lat="44.527692580535685" lon="82.5519477389264">
      </trkpt>
      <trkpt lat="44.527597626390985" lon="82.55245728532601">
        <ele>359</ele>
      </trkpt>
      <trkpt lat="44.52748187594605" lon="82.55298719563969">
        <ele>359</ele>
      </trkpt>
      <trkpt lat="44.52735821298261" lon="82.5535103181659">
        <ele>359</ele>
      </trkpt>
      <trkpt lat="44.52723328391066" lon="82.55403553041288">
        <ele>359</ele>
      </trkpt>
      <trkpt lat="44.52709849777693" lon="82.5545451899179">
      </trkpt>
      <trkpt lat="44.52695116932639" lon="82.55505169369133">
        <ele>364</ele>
      </trkpt>
      <trkpt lat="44.52679368280357" lon="82.55555152191391">
        <ele>364</ele>
      </trkpt>
      <trkpt lat="44.52663871234645" lon="82.55605139422">
        <ele>364</ele>
      </trkpt>
      <trkpt lat="44.52647254053821" lon="82.55654266099627">
        <ele>364</ele>
      </trkpt>
      <trkpt lat="44.52630499477361" lon="82.55703234117516">
        <ele>364</ele>
      </trkpt>
      <trkpt lat="44.526136121499" lon="82.55751435588284">
      </trkpt>
      <trkpt lat="44.525978020831964" lon="82.55797130707494">
        <ele>364</ele>
      </trkpt>
      <trkpt lat="44.525813374508765" lon="82.55843300397028">
        <ele>362</ele>
      </trkpt>
      <trkpt lat="44.525651117656984" lon="82.5589101162011">
      </trkpt>
      <trkpt lat="44.54305709254554" lon="82.76739971567436">
        <ele>333</ele>
      </trkpt>
      <trkpt lat="44.54334736428422" lon="82.76772786781902">
      </trkpt>
      <trkpt lat="44.54369870372623" lon="82.76810241502204">
        <ele>333</ele>
      </trkpt>
      <trkpt lat="44.54402686736555" lon="82.76841918666805">
        <ele>330</ele>
      </trkpt>
      <trkpt lat="44.54437857596954" lon="82.76875266762775">
        <ele>331</ele>
      </trkpt>
      <trkpt lat="44.544730438199096" lon="82.76905140546219">
        <ele>331</ele>
      </trkpt>
      <trkpt lat="44.54509228006428" lon="82.76932759218175">
        <ele>331</ele>
      </trkpt>
      <trkpt lat="44.54545278191461" lon="82.76959081400865">
        <ele>331</ele>
      </trkpt>
      <trkpt lat="44.54582378645843" lon="82.76983642031357">
        <ele>331</ele>
      </trkpt>
      <trkpt lat="44.546196204958314" lon="82.77006841127476">
        <ele>331</ele>
      </trkpt>
      <trkpt lat="44.54657306930985" lon="82.77029086400442">
        <ele>331</ele>
      </trkpt>
      <trkpt lat="44.546955261455984" lon="82.77049930684707">
        <ele>331</ele>
      </trkpt>
      <trkpt lat="44.56250496380762" lon="82.79311928460002">
        <ele>327</ele>
      </trkpt>
      <trkpt lat="44.575597910329066" lon="82.83920880577801">
        <ele>329</ele>
      </trkpt>
      <trkpt lat="44.575691081766465" lon="82.83969154061518">
        <ele>331</ele>
      </trkpt>
      <trkpt lat="44.420281314342986" lon="84.86889601740133">
        <ele>500</ele>
      </trkpt>
      <trkpt lat="44.419184875774135" lon="84.86960907011644">
        <ele>500</ele>
      </trkpt>
      <trkpt lat="44.42018128792185" lon="84.86894547907464">
        <ele>500</ele>
      </trkpt>
      <trkpt lat="44.42119127732857" lon="84.8619332408459">
      </trkpt>
      <trkpt lat="44.447470810305745" lon="84.85826114200508">
      </trkpt>
      <trkpt lat="44.470882713696426" lon="84.8748398403385">
        <ele>430</ele>
      </trkpt>
      <trkpt lat="44.6109937364651" lon="84.90432900384525">
        <ele>362</ele>
      </trkpt>
      <trkpt lat="44.758617395915564" lon="84.86693924519068">
        <ele>325</ele>
      </trkpt>
      <trkpt lat="44.86515391262305" lon="84.8520972737772">
        <ele>304</ele>
      </trkpt>
      <trkpt lat="44.91470680110614" lon="84.80044118136614">
        <ele>299</ele>
      </trkpt>
      <trkpt lat="45.010423902464105" lon="84.72134811811588">
        <ele>287</ele>
      </trkpt>
      <trkpt lat="45.074637411204236" lon="84.70343397938153">
        <ele>282</ele>
      </trkpt>
      <trkpt lat="45.249754814473214" lon="84.76553323686566">
        <ele>281</ele>
      </trkpt>
      <trkpt lat="45.34797336910418" lon="84.77938047618119">
      </trkpt>
      <trkpt lat="45.52097020339132" lon="84.7836935980333">
        <ele>391</ele>
      </trkpt>
      <trkpt lat="45.63151998893622" lon="84.85287719609867">
        <ele>499</ele>
      </trkpt>
      <trkpt lat="45.70877800699855" lon="85.07364721976693">
        <ele>435</ele>
      </trkpt>
      <trkpt lat="45.76360419038097" lon="85.19464917412078">
        <ele>375</ele>
      </trkpt>
      <trkpt lat="45.817729509097056" lon="85.24935580910991">
        <ele>349</ele>
      </trkpt>
      <trkpt lat="45.878850192076534" lon="85.27920776638884">
        <ele>307</ele>
      </trkpt>
      <trkpt lat="45.97779242542709" lon="85.36662794526164">
        <ele>352</ele>
      </trkpt>
      <trkpt lat="46.010690094014635" lon="85.46540371150287">
        <ele>365</ele>
      </trkpt>
      <trkpt lat="46.07342754960626" lon="85.59693479918464">
        <ele>370</ele>
      </trkpt>
      <trkpt lat="46.16606447059504" lon="85.64812827961745">
      </trkpt>
      <trkpt lat="46.2444673546083" lon="85.8891226877626">
      </trkpt>
      <trkpt lat="46.40203787680736" lon="85.98906043065429">
        <ele>716</ele>
      </trkpt>
      <trkpt lat="46.450584644386474" lon="86.03035557892869">
      </trkpt>
      <trkpt lat="46.52702978816491" lon="86.04070376612809">
        <ele>823</ele>
      </trkpt>
      <trkpt lat="46.683609450643274" lon="86.10071814507042">
      </trkpt>
      <trkpt lat="46.82079734750727" lon="86.29837973051359">
        <ele>1137</ele>
      </trkpt>
      <trkpt lat="46.92817857959022" lon="86.50758331649611">
      </trkpt>
      <trkpt lat="46.98652576193864" lon="86.7465471011463">
        <ele>974</ele>
      </trkpt>
      <trkpt lat="47.03208580617516" lon="87.00281800710317">
        <ele>699</ele>
      </trkpt>
      <trkpt lat="47.013578857339" lon="87.25451599814673">
      </trkpt>
      <trkpt lat="47.009314731738534" lon="87.27663961247289">
        <ele>493</ele>
      </trkpt>
      <trkpt lat="47.055040025196085" lon="87.50790696599289">
      </trkpt>
      <trkpt lat="47.16889518783164" lon="87.70115585074545">
      </trkpt>
      <trkpt lat="47.23221996337849" lon="87.77432156734892">
        <ele>528</ele>
      </trkpt>
      <trkpt lat="47.238653063481564" lon="87.77446216342045">
      </trkpt>
      <trkpt lat="47.319121649532875" lon="87.813084349118">
        <ele>518</ele>
      </trkpt>
      <trkpt lat="47.34936472964226" lon="87.82628978610768">
        <ele>516</ele>
      </trkpt>
      <trkpt lat="47.35247579664029" lon="87.82911714286315">
      </trkpt>
      <trkpt lat="47.35187548682778" lon="87.83437807121112">
        <ele>510</ele>
      </trkpt>
      <trkpt lat="47.349430795040846" lon="87.82688266691218">
      </trkpt>
      <trkpt lat="47.26957567506215" lon="88.0981829670147">
        <ele>564</ele>
      </trkpt>
      <trkpt lat="47.22640874800014" lon="88.28610506848273">
      </trkpt>
      <trkpt lat="47.14942012917916" lon="88.58073030606711">
        <ele>688</ele>
      </trkpt>
      <trkpt lat="46.95811806716673" lon="88.98984806620422">
      </trkpt>
      <trkpt lat="46.81155969393142" lon="89.460733495736">
        <ele>942</ele>
      </trkpt>
      <trkpt lat="46.793507379523284" lon="89.49038204745342">
        <ele>926</ele>
      </trkpt>
      <trkpt lat="46.74699824551179" lon="89.5610434715312">
        <ele>951</ele>
      </trkpt>
      <trkpt lat="46.71430379447595" lon="89.66041362231138">
        <ele>983</ele>
      </trkpt>
      <trkpt lat="46.57032864638285" lon="89.96885418900285">
        <ele>1185</ele>
      </trkpt>
      <trkpt lat="46.50159498680989" lon="90.14395918705513">
        <ele>1282</ele>
      </trkpt>
      <trkpt lat="46.33544089742595" lon="90.36742424600793">
        <ele>1131</ele>
      </trkpt>
      <trkpt lat="46.34609421253795" lon="90.55708676585049">
        <ele>1153</ele>
      </trkpt>
      <trkpt lat="46.235146480655516" lon="90.67876366906862">
        <ele>1209</ele>
      </trkpt>
      <trkpt lat="46.203250447331186" lon="90.79454306521527">
        <ele>1135</ele>
      </trkpt>
      <trkpt lat="46.18991710249911" lon="90.80558773138635">
        <ele>1114</ele>
      </trkpt>
      <trkpt lat="46.19572186381202" lon="90.81642963931972">
        <ele>1124</ele>
      </trkpt>
      <trkpt lat="46.143150828855724" lon="90.98720650438189">
        <ele>1134</ele>
      </trkpt>
      <trkpt lat="46.14204631920836" lon="90.99479461701415">
        <ele>1141</ele>
      </trkpt>
      <trkpt lat="46.14834158591114" lon="91.07292610632243">
      </trkpt>
      <trkpt lat="46.1269930583811" lon="91.25805451701353">
        <ele>1194</ele>
      </trkpt>
      <trkpt lat="46.11734662027096" lon="91.4725173878865">
        <ele>1246</ele>
      </trkpt>
      <trkpt lat="46.09464013487668" lon="91.54917603367153">
        <ele>1185</ele>
      </trkpt>
      <trkpt lat="46.091657961331435" lon="91.5431705416355">
        <ele>1181</ele>
      </trkpt>
      <trkpt lat="46.09555926852184" lon="91.54949332633862">
        <ele>1185</ele>
      </trkpt>
      <trkpt lat="46.11728197391423" lon="91.58855713015065">
        <ele>1195</ele>
      </trkpt>
      <trkpt lat="46.12610860732023" lon="91.580582186665">
        <ele>1200</ele>
      </trkpt>
      <trkpt lat="46.17256583221441" lon="91.55590142413153">
        <ele>1215</ele>
      </trkpt>
      <trkpt lat="46.19507825937699" lon="91.51635141120433">
        <ele>1234</ele>
      </trkpt>
      <trkpt lat="46.215133418686996" lon="91.5034878619807">
        <ele>1250</ele>
      </trkpt>
      <trkpt lat="46.233895565426195" lon="91.48836608053324">
        <ele>1266</ele>
      </trkpt>
      <trkpt lat="46.25992261655386" lon="91.4689842139286">
        <ele>1306</ele>
      </trkpt>
      <trkpt lat="46.27174223327787" lon="91.44883804938651">
        <ele>1284</ele>
      </trkpt>
      <trkpt lat="46.311716004317915" lon="91.41691496604254">
        <ele>1309</ele>
      </trkpt>
      <trkpt lat="46.313176124710715" lon="91.41306163245865">
        <ele>1302</ele>
      </trkpt>
      <trkpt lat="46.330400020858576" lon="91.41528426678052">
        <ele>1326</ele>
      </trkpt>
      <trkpt lat="46.36564102467007" lon="91.41471782925413">
        <ele>1343</ele>
      </trkpt>
      <trkpt lat="46.41333091012886" lon="91.38620810038518">
        <ele>1381</ele>
      </trkpt>
      <trkpt lat="46.43310866846079" lon="91.38721343617678">
        <ele>1378</ele>
      </trkpt>
      <trkpt lat="46.473411340309745" lon="91.38124007740187">
        <ele>1408</ele>
      </trkpt>
      <trkpt lat="46.47309278607971" lon="91.38949683875906">
        <ele>1416</ele>
      </trkpt>
      <trkpt lat="46.476563313087894" lon="91.39803615407217">
      </trkpt>
      <trkpt lat="46.494395816806666" lon="91.39659030606424">
        <ele>1452</ele>
      </trkpt>
      <trkpt lat="46.47268814383702" lon="91.39667637664618">
      </trkpt>
      <trkpt lat="46.45421401601886" lon="91.3870324754076">
        <ele>1392</ele>
      </trkpt>
      <trkpt lat="46.405791384211184" lon="91.38462846175896">
      </trkpt>
      <trkpt lat="46.373621422283655" lon="91.41233164610992">
        <ele>1339</ele>
      </trkpt>
      <trkpt lat="46.32896269210272" lon="91.41527613633446">
      </trkpt>
      <trkpt lat="46.31299185570918" lon="91.41324461446276">
        <ele>1302</ele>
      </trkpt>
      <trkpt lat="46.29997601670423" lon="91.43002405056647">
        <ele>1301</ele>
      </trkpt>
      <trkpt lat="46.2660153466254" lon="91.46198140896483">
      </trkpt>
      <trkpt lat="46.24720619530067" lon="91.47746306852575">
        <ele>1273</ele>
      </trkpt>
      <trkpt lat="46.22313300300306" lon="91.49971201455598">
      </trkpt>
      <trkpt lat="46.20008984119277" lon="91.50916074411153">
        <ele>1282</ele>
      </trkpt>
      <trkpt lat="46.17495636925676" lon="91.54889783830527">
        <ele>1222</ele>
      </trkpt>
      <trkpt lat="46.14464976296627" lon="91.57533655921212">
      </trkpt>
      <trkpt lat="46.117165535731345" lon="91.58858187505191">
        <ele>1195</ele>
      </trkpt>
      <trkpt lat="46.110506658485264" lon="91.70345929459828">
        <ele>1328</ele>
      </trkpt>
      <trkpt lat="46.08651593331814" lon="91.87529568568978">
      </trkpt>
      <trkpt lat="46.009173615261666" lon="92.05716136998345">
        <ele>1456</ele>
      </trkpt>
      <trkpt lat="45.90865886160731" lon="92.21440610197176">
      </trkpt>
      <trkpt lat="45.96964131579359" lon="92.39274342552982">
        <ele>1502</ele>
      </trkpt>
      <trkpt lat="46.03810767647441" lon="92.53652131193553">
      </trkpt>
      <trkpt lat="46.10976433307963" lon="92.51470779881846">
        <ele>1685</ele>
      </trkpt>
      <trkpt lat="46.14911211193181" lon="92.5539581851033">
        <ele>1749</ele>
      </trkpt>
      <trkpt lat="46.266746674707406" lon="92.59922431790511">
      </trkpt>
      <trkpt lat="46.38742910702376" lon="92.53524047331189">
      </trkpt>
      <trkpt lat="46.52294951961052" lon="92.39741549835763">
        <ele>2387</ele>
      </trkpt>
      <trkpt lat="46.48631636988976" lon="92.43505686530139">
        <ele>2340</ele>
      </trkpt>
      <trkpt lat="46.53783724647624" lon="92.37802664757928">
        <ele>2411</ele>
      </trkpt>
      <trkpt lat="46.649563383151275" lon="92.28202761398512">
      </trkpt>
      <trkpt lat="46.706778530384405" lon="92.3540939474792">
        <ele>2651</ele>
      </trkpt>
      <trkpt lat="46.73520881221325" lon="92.54737654709494">
        <ele>2358</ele>
      </trkpt>
      <trkpt lat="46.81496429727116" lon="92.59918006145637">
        <ele>2196</ele>
      </trkpt>
      <trkpt lat="46.76235452764366" lon="92.73041669287973">
      </trkpt>
      <trkpt lat="46.692501590630684" lon="92.79920009904801">
        <ele>2023</ele>
      </trkpt>
      <trkpt lat="46.68996275406953" lon="92.79487302535473">
      </trkpt>
      <trkpt lat="46.76296733486232" lon="92.78421419502233">
      </trkpt>
      <trkpt lat="46.76909743346904" lon="92.70475373612038">
        <ele>2056</ele>
      </trkpt>
      <trkpt lat="46.795755086935074" lon="92.61416361386206">
        <ele>2160</ele>
      </trkpt>
      <trkpt lat="46.931529077744976" lon="92.44028633469011">
        <ele>2411</ele>
      </trkpt>
      <trkpt lat="46.94096474001131" lon="92.43707620697054">
        <ele>2390</ele>
      </trkpt>
      <trkpt lat="46.97178277537239" lon="92.42806950502103">
        <ele>2322</ele>
      </trkpt>
      <trkpt lat="47.02078702833185" lon="92.42365929300945">
        <ele>2462</ele>
      </trkpt>
      <trkpt lat="47.11306911431915" lon="92.30369794191076">
        <ele>1877</ele>
      </trkpt>
      <trkpt lat="47.26091385823419" lon="92.21481062480454">
        <ele>1561</ele>
      </trkpt>
      <trkpt lat="47.68888205759943" lon="92.07085789189867">
        <ele>1283</ele>
      </trkpt>
      <trkpt lat="47.74542524483777" lon="92.00439367451891">
      </trkpt>
      <trkpt lat="47.86701568341525" lon="91.83014770956476">
        <ele>1606</ele>
      </trkpt>
      <trkpt lat="47.98792637016549" lon="91.69985525763845">
        <ele>1476</ele>
      </trkpt>
      <trkpt lat="47.99571704589575" lon="91.63659350023757">
        <ele>1405</ele>
      </trkpt>
      <trkpt lat="47.98978822396331" lon="91.64077292588787">
      </trkpt>
      <trkpt lat="47.991454051852216" lon="91.64942921147835">
      </trkpt>
      <trkpt lat="48.00235208050748" lon="91.66572631245599">
        <ele>1401</ele>
      </trkpt>
      <trkpt lat="47.90828101357621" lon="91.81731311766166">
        <ele>1571</ele>
      </trkpt>
      <trkpt lat="47.77156861037739" lon="91.97311501027268">
        <ele>1306</ele>
      </trkpt>
      <trkpt lat="47.63336439621414" lon="92.11150551223392">
        <ele>1288</ele>
      </trkpt>
      <trkpt lat="47.490089783605455" lon="92.19086295158708">
        <ele>1333</ele>
      </trkpt>
      <trkpt lat="47.48254189140605" lon="92.19495022837123">
        <ele>1337</ele>
      </trkpt>
      <trkpt lat="47.46841028079504" lon="92.22437965106951">
        <ele>1319</ele>
      </trkpt>
      <trkpt lat="47.468261271759374" lon="92.2431489174182">
        <ele>1308</ele>
      </trkpt>
      <trkpt lat="47.46109444797041" lon="92.30396788808801">
        <ele>1271</ele>
      </trkpt>
      <trkpt lat="47.45883374049677" lon="92.31333193295163">
        <ele>1264</ele>
      </trkpt>
      <trkpt lat="47.44456131481327" lon="92.44383456194069">
        <ele>1193</ele>
      </trkpt>
      <trkpt lat="47.41632029418593" lon="92.52286006705138">
        <ele>1156</ele>
      </trkpt>
      <trkpt lat="47.41803758608282" lon="92.56229713576987">
        <ele>1155</ele>
      </trkpt>
      <trkpt lat="47.40697925357087" lon="92.63842764186084">
        <ele>1186</ele>
      </trkpt>
      <trkpt lat="47.41624840845817" lon="92.71672934485652">
        <ele>1287</ele>
      </trkpt>
      <trkpt lat="47.50482066073222" lon="92.7992037870854">
        <ele>1778</ele>
      </trkpt>
      <trkpt lat="47.60409224047878" lon="92.86345539729467">
        <ele>1649</ele>
      </trkpt>
      <trkpt lat="47.635894431776954" lon="92.84257116736177">
        <ele>1648</ele>
      </trkpt>
      <trkpt lat="47.61356931255512" lon="92.90449352090016">
      </trkpt>
      <trkpt lat="47.60272690565102" lon="92.92254667737794">
        <ele>1544</ele>
      </trkpt>
      <trkpt lat="47.57136249453534" lon="92.98505069696623">
        <ele>1532</ele>
      </trkpt>
      <trkpt lat="47.54192090258825" lon="93.03622261112733">
        <ele>1538</ele>
      </trkpt>
      <trkpt lat="47.52874684524492" lon="93.056229818699">
        <ele>1550</ele>
      </trkpt>
      <trkpt lat="47.532567511588574" lon="93.10296279746622">
        <ele>1485</ele>
      </trkpt>
      <trkpt lat="47.54168766555147" lon="93.15580649310085">
        <ele>1391</ele>
      </trkpt>
      <trkpt lat="47.5461362789563" lon="93.18596826124187">
        <ele>1355</ele>
      </trkpt>
      <trkpt lat="47.55347706381935" lon="93.24598135435325">
        <ele>1292</ele>
      </trkpt>
      <trkpt lat="47.56308012646396" lon="93.31362440259504">
        <ele>1224</ele>
      </trkpt>
      <trkpt lat="47.56847543180694" lon="93.38460512467975">
        <ele>1168</ele>
      </trkpt>
      <trkpt lat="47.562272894313466" lon="93.46170715291555">
        <ele>1141</ele>
      </trkpt>
      <trkpt lat="47.56534315650124" lon="93.49598125563328">
        <ele>1138</ele>
      </trkpt>
      <trkpt lat="47.571917125068204" lon="93.5283434485025">
        <ele>1147</ele>
      </trkpt>
      <trkpt lat="47.57800159048995" lon="93.54317841128776">
      </trkpt>
      <trkpt lat="47.60612217436805" lon="93.58799053019366">
        <ele>1141</ele>
      </trkpt>
      <trkpt lat="47.63582419142838" lon="93.60978629448788">
        <ele>1136</ele>
      </trkpt>
      <trkpt lat="47.66376853459296" lon="93.62127553680317">
      </trkpt>
      <trkpt lat="47.6492076181319" lon="93.61754768536763">
      </trkpt>
      <trkpt lat="47.4184034987665" lon="94.12298841187453">
        <ele>1350</ele>
      </trkpt>
      <trkpt lat="47.41637087709733" lon="94.14457222127344">
      </trkpt>
      <trkpt lat="47.41913849893284" lon="94.15648858225548">
        <ele>1304</ele>
      </trkpt>
      <trkpt lat="47.41879537051472" lon="94.1568988528898">
        <ele>1304</ele>
      </trkpt>
      <trkpt lat="47.41445049530663" lon="94.17807702758743">
        <ele>1270</ele>
      </trkpt>
      <trkpt lat="47.393705123148294" lon="94.22299970881475">
      </trkpt>
      <trkpt lat="47.37571843904198" lon="94.25640905284719">
        <ele>1328</ele>
      </trkpt>
      <trkpt lat="47.365109296559694" lon="94.29847589702746">
        <ele>1329</ele>
      </trkpt>
      <trkpt lat="47.357326783283945" lon="94.35162562885728">
        <ele>1334</ele>
      </trkpt>
      <trkpt lat="47.3520775115212" lon="94.4114570962971">
        <ele>1330</ele>
      </trkpt>
      <trkpt lat="47.34896725979387" lon="94.45572526202953">
      </trkpt>
      <trkpt lat="47.351823016113926" lon="94.50932837100189">
        <ele>1433</ele>
      </trkpt>
      <trkpt lat="47.35628061387208" lon="94.52293529876131">
        <ele>1448</ele>
      </trkpt>
      <trkpt lat="47.345710276516584" lon="94.55196659096897">
        <ele>1459</ele>
      </trkpt>
      <trkpt lat="47.34174281363128" lon="94.60091357128192">
      </trkpt>
      <trkpt lat="47.341729486405235" lon="94.6615713090586">
      </trkpt>
      <trkpt lat="47.33608490224171" lon="94.71641466593874">
        <ele>1575</ele>
      </trkpt>
      <trkpt lat="47.34310319638301" lon="94.7579826162102">
        <ele>1639</ele>
      </trkpt>
      <trkpt lat="47.343325016497595" lon="94.81001876354337">
        <ele>1557</ele>
      </trkpt>
      <trkpt lat="47.33540802267132" lon="94.84055989430736">
        <ele>1540</ele>
      </trkpt>
      <trkpt lat="47.318613245196005" lon="94.89099405714767">
        <ele>1569</ele>
      </trkpt>
      <trkpt lat="47.308817356868936" lon="94.93712109522423">
        <ele>1537</ele>
      </trkpt>
      <trkpt lat="47.30559543710882" lon="94.9993396271905">
      </trkpt>
      <trkpt lat="47.30996744956725" lon="95.06946071360103">
        <ele>1485</ele>
      </trkpt>
      <trkpt lat="47.30679710865701" lon="95.10747506292081">
        <ele>1482</ele>
      </trkpt>
      <trkpt lat="47.29935607411647" lon="95.15191180640382">
      </trkpt>
      <trkpt lat="47.289852714210085" lon="95.20843475134596">
      </trkpt>
      <trkpt lat="47.28188416459344" lon="95.27551671498946">
        <ele>1652</ele>
      </trkpt>
      <trkpt lat="47.27177983028084" lon="95.3320365982233">
        <ele>1792</ele>
      </trkpt>
      <trkpt lat="47.25785417020997" lon="95.36749024884344">
        <ele>1738</ele>
      </trkpt>
      <trkpt lat="47.26558974482801" lon="95.41049259723671">
      </trkpt>
      <trkpt lat="47.26682431534609" lon="95.44898690664716">
        <ele>1591</ele>
      </trkpt>
      <trkpt lat="47.263756362649076" lon="95.51697013829832">
        <ele>1493</ele>
      </trkpt>
      <trkpt lat="47.277822657027144" lon="95.6046145605463">
        <ele>1446</ele>
      </trkpt>
      <trkpt lat="47.28330984250389" lon="95.67001190976768">
        <ele>1519</ele>
      </trkpt>
      <trkpt lat="47.28285079657977" lon="95.67911650569563">
        <ele>1488</ele>
      </trkpt>
      <trkpt lat="47.28842628964096" lon="95.70337897010087">
        <ele>1428</ele>
      </trkpt>
      <trkpt lat="47.289508020407325" lon="95.7164452601286">
        <ele>1434</ele>
      </trkpt>
      <trkpt lat="47.291049870711156" lon="95.72473433131194">
        <ele>1429</ele>
      </trkpt>
      <trkpt lat="47.29476136467731" lon="95.73927316730109">
        <ele>1443</ele>
      </trkpt>
      <trkpt lat="47.2963550513411" lon="95.74888224355047">
        <ele>1466</ele>
      </trkpt>
      <trkpt lat="47.30398840311714" lon="95.76390480476829">
        <ele>1476</ele>
      </trkpt>
      <trkpt lat="47.30817467444326" lon="95.76850840830781">
        <ele>1460</ele>
      </trkpt>
      <trkpt lat="47.31068182741041" lon="95.77401967728116">
        <ele>1459</ele>
      </trkpt>
      <trkpt lat="47.31752901407414" lon="95.78092450461254">
        <ele>1460</ele>
      </trkpt>
      <trkpt lat="47.3232070310482" lon="95.79375755050759">
      </trkpt>
      <trkpt lat="47.33050884217706" lon="95.8039182611702">
        <ele>1460</ele>
      </trkpt>
      <trkpt lat="47.33402159261779" lon="95.80826643359212">
      </trkpt>
      <trkpt lat="47.34195953261227" lon="95.81738156306703">
        <ele>1460</ele>
      </trkpt>
      <trkpt lat="47.34644434884875" lon="95.81812785015983">
        <ele>1458</ele>
      </trkpt>
      <trkpt lat="47.3526358930835" lon="95.8460060601084">
      </trkpt>
      <trkpt lat="47.35925583638936" lon="95.91794617483012">
        <ele>1461</ele>
      </trkpt>
      <trkpt lat="47.354056206575926" lon="95.92748763048641">
        <ele>1466</ele>
      </trkpt>
      <trkpt lat="47.35107346442281" lon="95.94336345800751">
        <ele>1469</ele>
      </trkpt>
      <trkpt lat="47.358095878877336" lon="95.91711528045535">
      </trkpt>
      <trkpt lat="47.36753166657627" lon="95.91963102118663">
        <ele>1466</ele>
      </trkpt>
      <trkpt lat="47.403291226429744" lon="95.90646628543716">
        <ele>1463</ele>
      </trkpt>
      <trkpt lat="47.405999267816576" lon="95.90020939220771">
      </trkpt>
      <trkpt lat="47.41239018742685" lon="95.90696998880794">
        <ele>1460</ele>
      </trkpt>
      <trkpt lat="47.44623044510134" lon="95.90497559876731">
      </trkpt>
      <trkpt lat="47.41211417135541" lon="95.90722521775952">
        <ele>1460</ele>
      </trkpt>
      <trkpt lat="47.40640203007255" lon="95.90008827866605">
        <ele>1456</ele>
      </trkpt>
      <trkpt lat="47.42850356969997" lon="95.91386847982079">
      </trkpt>
      <trkpt lat="47.4604406439703" lon="95.91471397967292">
        <ele>1467</ele>
      </trkpt>
      <trkpt lat="47.47357809270268" lon="95.93052368387052">
        <ele>1465</ele>
      </trkpt>
      <trkpt lat="47.47870085097423" lon="95.95293504297543">
        <ele>1490</ele>
      </trkpt>
      <trkpt lat="47.47829730911383" lon="95.96354059983048">
        <ele>1501</ele>
      </trkpt>
      <trkpt lat="47.48441004108402" lon="95.98714853998385">
      </trkpt>
      <trkpt lat="47.48352008603954" lon="96.00581384622849">
        <ele>1576</ele>
      </trkpt>
      <trkpt lat="47.48208468811783" lon="96.01594755767583">
        <ele>1595</ele>
      </trkpt>
      <trkpt lat="47.47995431019506" lon="96.03122189610363">
      </trkpt>
      <trkpt lat="47.47656884738625" lon="96.06642677682002">
        <ele>1526</ele>
      </trkpt>
      <trkpt lat="47.477350624711505" lon="96.09823341197865">
        <ele>1522</ele>
      </trkpt>
      <trkpt lat="47.487849239466065" lon="96.12850998589596">
      </trkpt>
      <trkpt lat="47.50233513307525" lon="96.15423269578828">
        <ele>1528</ele>
      </trkpt>
      <trkpt lat="47.50824272213474" lon="96.18784338677968">
      </trkpt>
      <trkpt lat="47.513961779290575" lon="96.21707751984975">
        <ele>1535</ele>
      </trkpt>
      <trkpt lat="47.530098198859136" lon="96.23640542713518">
        <ele>1540</ele>
      </trkpt>
      <trkpt lat="47.543578819100865" lon="96.25743958409248">
        <ele>1545</ele>
      </trkpt>
      <trkpt lat="47.549590040042574" lon="96.282589556739">
        <ele>1550</ele>
      </trkpt>
      <trkpt lat="47.56071068816591" lon="96.31081419074565">
        <ele>1564</ele>
      </trkpt>
      <trkpt lat="47.56729320472665" lon="96.32925350974827">
        <ele>1586</ele>
      </trkpt>
      <trkpt lat="47.57231568456401" lon="96.34289517076346">
        <ele>1593</ele>
      </trkpt>
      <trkpt lat="47.5847563147988" lon="96.37393319056963">
        <ele>1617</ele>
      </trkpt>
      <trkpt lat="47.59500143122635" lon="96.39846819461918">
        <ele>1657</ele>
      </trkpt>
      <trkpt lat="47.601454868025705" lon="96.44576375381689">
        <ele>1672</ele>
      </trkpt>
      <trkpt lat="47.5996841292757" lon="96.48015813785773">
        <ele>1642</ele>
      </trkpt>
      <trkpt lat="47.60286839217655" lon="96.49625147701846">
        <ele>1629</ele>
      </trkpt>
      <trkpt lat="47.61477628009055" lon="96.51555493165263">
        <ele>1636</ele>
      </trkpt>
      <trkpt lat="47.6217334251658" lon="96.52244383827087">
        <ele>1632</ele>
      </trkpt>
      <trkpt lat="47.6320607404213" lon="96.53052460524417">
      </trkpt>
      <trkpt lat="47.644201198288194" lon="96.54047415834356">
        <ele>1647</ele>
      </trkpt>
      <trkpt lat="47.64872177887381" lon="96.54112701859994">
      </trkpt>
      <trkpt lat="47.688830428808316" lon="96.5869739555731">
        <ele>1680</ele>
      </trkpt>
      <trkpt lat="47.72059008385174" lon="96.69093323328183">
        <ele>1697</ele>
      </trkpt>
      <trkpt lat="47.738848594061785" lon="96.75062790522048">
        <ele>1723</ele>
      </trkpt>
      <trkpt lat="47.748865069476345" lon="96.80683303538792">
        <ele>1759</ele>
      </trkpt>
      <trkpt lat="47.75123964533932" lon="96.81981364274101">
      </trkpt>
      <trkpt lat="47.74248220466381" lon="96.83843138098237">
        <ele>1753</ele>
      </trkpt>
      <trkpt lat="47.74074780722355" lon="96.84770112724127">
      </trkpt>
      <trkpt lat="47.74471518532583" lon="96.85234362581726">
        <ele>1758</ele>
      </trkpt>
      <trkpt lat="47.76965594638787" lon="96.88319104500538">
        <ele>1790</ele>
      </trkpt>
      <trkpt lat="47.88004074715811" lon="96.93458662377384">
        <ele>1903</ele>
      </trkpt>
      <trkpt lat="48.00407300707698" lon="97.10321542815966">
      </trkpt>
      <trkpt lat="48.10915583749126" lon="97.17734053740014">
        <ele>2245</ele>
      </trkpt>
      <trkpt lat="48.25757319112146" lon="97.24114794293162">
        <ele>1983</ele>
      </trkpt>
      <trkpt lat="48.40903436261462" lon="97.36774925418857">
        <ele>1870</ele>
      </trkpt>
      <trkpt lat="48.532484234355884" lon="97.46968581350286">
        <ele>1826</ele>
      </trkpt>
      <trkpt lat="48.6176067278732" lon="97.58302904363563">
      </trkpt>
      <trkpt lat="48.64952565175355" lon="97.57156038665917">
      </trkpt>
      <trkpt lat="48.639499554455874" lon="97.5473736506864">
        <ele>1882</ele>
      </trkpt>
      <trkpt lat="48.651034687691045" lon="97.58264712998418">
        <ele>1809</ele>
      </trkpt>
      <trkpt lat="48.64190450928184" lon="97.61229010923805">
        <ele>1804</ele>
      </trkpt>
      <trkpt lat="48.70418169540232" lon="97.71566860386889">
        <ele>1776</ele>
      </trkpt>
      <trkpt lat="48.794538150586924" lon="97.92622142480492">
        <ele>1784</ele>
      </trkpt>
      <trkpt lat="48.81815504287259" lon="98.14751833686432">
        <ele>1913</ele>
      </trkpt>
      <trkpt lat="48.75655664601247" lon="98.2744466700575">
        <ele>1715</ele>
      </trkpt>
      <trkpt lat="48.759102816015854" lon="98.28634565746822">
        <ele>1723</ele>
      </trkpt>
      <trkpt lat="48.730071972897754" lon="98.4244001081114">
        <ele>1699</ele>
      </trkpt>
      <trkpt lat="48.71513273571499" lon="98.670940613466">
        <ele>1658</ele>
      </trkpt>
      <trkpt lat="48.715922269084224" lon="98.79977633254491">
        <ele>1640</ele>
      </trkpt>
      <trkpt lat="48.7114185262333" lon="98.80264846800212">
        <ele>1632</ele>
      </trkpt>
      <trkpt lat="48.69804596715406" lon="98.8486331912885">
        <ele>1624</ele>
      </trkpt>
      <trkpt lat="48.66163161945214" lon="98.95286992666303">
        <ele>1610</ele>
      </trkpt>
      <trkpt lat="48.582073297360125" lon="98.95407559876617">
        <ele>1697</ele>
      </trkpt>
      <trkpt lat="48.45498142768485" lon="98.89549171561272">
        <ele>1888</ele>
      </trkpt>
      <trkpt lat="48.31554161844132" lon="98.91459766814626">
        <ele>2245</ele>
      </trkpt>
      <trkpt lat="48.29320705034611" lon="98.95393361346699">
      </trkpt>
      <trkpt lat="48.26380450748677" lon="98.9872112778006">
        <ele>2388</ele>
      </trkpt>
      <trkpt lat="48.19472174164671" lon="99.027838111016">
      </trkpt>
      <trkpt lat="48.1086721387819" lon="99.14257271097007">
        <ele>2116</ele>
      </trkpt>
      <trkpt lat="48.10749261644492" lon="99.18765351185499">
        <ele>2108</ele>
      </trkpt>
      <trkpt lat="48.10618453614042" lon="99.18925191440373">
        <ele>2109</ele>
      </trkpt>
      <trkpt lat="48.100857292346745" lon="99.19096444742678">
      </trkpt>
      <trkpt lat="48.07555370397237" lon="99.29182542190043">
        <ele>2098</ele>
      </trkpt>
      <trkpt lat="48.073070738509365" lon="99.41414351584335">
        <ele>2072</ele>
      </trkpt>
      <trkpt lat="48.10212752443572" lon="99.59428510874743">
        <ele>2061</ele>
      </trkpt>
      <trkpt lat="48.14398405939622" lon="99.7519625155401">
        <ele>2068</ele>
      </trkpt>
      <trkpt lat="48.162810887295834" lon="99.88920446651532">
      </trkpt>
      <trkpt lat="48.190431633878674" lon="99.85888074550408">
        <ele>2102</ele>
      </trkpt>
      <trkpt lat="48.19277341641687" lon="99.8517893654602">
        <ele>2088</ele>
      </trkpt>
      <trkpt lat="48.17127039194868" lon="99.88243734473352">
        <ele>2046</ele>
      </trkpt>
      <trkpt lat="48.15924203937246" lon="99.88902867322415">
        <ele>2056</ele>
      </trkpt>
      <trkpt lat="48.15354199455605" lon="99.87808541794081">
        <ele>2052</ele>
      </trkpt>
      <trkpt lat="48.15706192137445" lon="99.883091341445">
        <ele>2062</ele>
      </trkpt>
      <trkpt lat="48.15125625119372" lon="99.90908291200167">
        <ele>2063</ele>
      </trkpt>
      <trkpt lat="48.14787105195983" lon="100.03792508514601">
        <ele>2055</ele>
      </trkpt>
      <trkpt lat="48.15131083682575" lon="100.23462960836883">
        <ele>1928</ele>
      </trkpt>
      <trkpt lat="48.14717943462556" lon="100.27260578555014">
        <ele>1913</ele>
      </trkpt>
      <trkpt lat="48.15672481437042" lon="100.28202303694587">
        <ele>1858</ele>
      </trkpt>
      <trkpt lat="48.13957384791983" lon="100.27386417621771">
        <ele>1897</ele>
      </trkpt>
      <trkpt lat="48.10931148943315" lon="100.29149777265292">
        <ele>1870</ele>
      </trkpt>
      <trkpt lat="48.093335754142664" lon="100.32257305129627">
        <ele>1854</ele>
      </trkpt>
      <trkpt lat="48.028168732170194" lon="100.41337667002904">
        <ele>1876</ele>
      </trkpt>
      <trkpt lat="47.97895950177978" lon="100.50497550226036">
        <ele>1980</ele>
      </trkpt>
      <trkpt lat="47.955578057381565" lon="100.58135197731481">
        <ele>2022</ele>
      </trkpt>
      <trkpt lat="47.888011945049634" lon="100.69848152356724">
        <ele>1948</ele>
      </trkpt>
      <trkpt lat="47.830845220059004" lon="100.89795093061487">
        <ele>1782</ele>
      </trkpt>
      <trkpt lat="47.744950703389705" lon="100.96831466080711">
        <ele>1905</ele>
      </trkpt>
      <trkpt lat="47.640427197374066" lon="101.06104189539428">
        <ele>1794</ele>
      </trkpt>
      <trkpt lat="47.58692433596364" lon="101.2099464052368">
        <ele>1616</ele>
      </trkpt>
      <trkpt lat="47.52685692418478" lon="101.39424028804825">
        <ele>1714</ele>
      </trkpt>
      <trkpt lat="47.49983007558389" lon="101.4184998069903">
        <ele>1935</ele>
      </trkpt>
      <trkpt lat="47.47846665796589" lon="101.42921950677542">
        <ele>1767</ele>
      </trkpt>
      <trkpt lat="47.467723445016595" lon="101.48364111597324">
        <ele>1671</ele>
      </trkpt>
      <trkpt lat="47.4672346143494" lon="101.55138188982527">
        <ele>1678</ele>
      </trkpt>
      <trkpt lat="47.45086978659727" lon="101.75213702032505">
        <ele>1578</ele>
      </trkpt>
      <trkpt lat="47.446399466178796" lon="101.93287130454735">
        <ele>1552</ele>
      </trkpt>
      <trkpt lat="47.40624642004017" lon="102.1578176134286">
        <ele>1577</ele>
      </trkpt>
      <trkpt lat="47.39761248737451" lon="102.33624880650764">
        <ele>1572</ele>
      </trkpt>
      <trkpt lat="47.368847793012264" lon="102.49021640056976">
        <ele>1451</ele>
      </trkpt>
      <trkpt lat="47.33508272100923" lon="102.61736786002537">
        <ele>1451</ele>
      </trkpt>
      <trkpt lat="47.255598516247474" lon="102.75802432569">
        <ele>1489</ele>
      </trkpt>
      <trkpt lat="47.25725859349318" lon="102.78327841696377">
        <ele>1451</ele>
      </trkpt>
      <trkpt lat="47.227439847818786" lon="102.78566096918917">
        <ele>1469</ele>
      </trkpt>
      <trkpt lat="47.19175808601751" lon="102.83556975433866">
        <ele>1480</ele>
      </trkpt>
      <trkpt lat="47.19931846918129" lon="102.84332577934862">
        <ele>1462</ele>
      </trkpt>
      <trkpt lat="47.12805878568176" lon="102.95656738850866">
        <ele>1521</ele>
      </trkpt>
      <trkpt lat="47.15592989236783" lon="102.99345413232501">
        <ele>1486</ele>
      </trkpt>
      <trkpt lat="47.24781466186722" lon="103.13667939985463">
        <ele>1468</ele>
      </trkpt>
      <trkpt lat="47.31985894244761" lon="103.3179364288078">
        <ele>1390</ele>
      </trkpt>
      <trkpt lat="47.33390100311996" lon="103.54032957747454">
        <ele>1264</ele>
      </trkpt>
      <trkpt lat="47.34322452456443" lon="103.73627071278517">
        <ele>1272</ele>
      </trkpt>
      <trkpt lat="47.36794554387368" lon="103.93455928150036">
        <ele>1369</ele>
      </trkpt>
      <trkpt lat="47.35803497028291" lon="104.12665986465674">
        <ele>1276</ele>
      </trkpt>
      <trkpt lat="47.35009093773304" lon="104.33841867382111">
        <ele>1283</ele>
      </trkpt>
      <trkpt lat="47.35612356108368" lon="104.33052602233768">
        <ele>1295</ele>
      </trkpt>
      <trkpt lat="47.35368071958691" lon="104.32774205707426">
        <ele>1281</ele>
      </trkpt>
      <trkpt lat="47.338581238742094" lon="104.47682040859308">
        <ele>1361</ele>
      </trkpt>
      <trkpt lat="47.38097477243038" lon="104.5059783664574">
        <ele>1335</ele>
      </trkpt>
      <trkpt lat="47.51849520662522" lon="104.61082705190577">
        <ele>1235</ele>
      </trkpt>
      <trkpt lat="47.59530791551582" lon="104.78070337335093">
        <ele>1191</ele>
      </trkpt>
      <trkpt lat="47.667180556063315" lon="104.94850427329322">
        <ele>1145</ele>
      </trkpt>
      <trkpt lat="47.75501397329779" lon="105.091873396068">
        <ele>1112</ele>
      </trkpt>
      <trkpt lat="47.855866500221055" lon="105.18438437963387">
        <ele>1010</ele>
      </trkpt>
      <trkpt lat="47.886095792099724" lon="105.32691428447637">
        <ele>1042</ele>
      </trkpt>
      <trkpt lat="47.89308231786546" lon="105.50023837729947">
        <ele>1045</ele>
      </trkpt>
      <trkpt lat="47.907099553620625" lon="105.6693742375815">
        <ele>1090</ele>
      </trkpt>
      <trkpt lat="47.87432864640045" lon="105.86710786270993">
        <ele>1192</ele>
      </trkpt>
      <trkpt lat="47.86228326619404" lon="105.87293718951369">
        <ele>1202</ele>
      </trkpt>
      <trkpt lat="47.82463123020035" lon="105.87389486486434">
        <ele>1240</ele>
      </trkpt>
      <trkpt lat="47.786750667772985" lon="105.8731800970676">
        <ele>1318</ele>
      </trkpt>
      <trkpt lat="47.763781738511994" lon="105.87780045355287">
        <ele>1338</ele>
      </trkpt>
      <trkpt lat="47.791344453625186" lon="105.87558444599236">
        <ele>1315</ele>
      </trkpt>
      <trkpt lat="47.800940140195" lon="105.89160477752414">
        <ele>1294</ele>
      </trkpt>
      <trkpt lat="47.801026399117646" lon="105.89121451293127">
        <ele>1294</ele>
      </trkpt>
      <trkpt lat="47.80161039039407" lon="105.88976344114829">
        <ele>1294</ele>
      </trkpt>
      <trkpt lat="47.842994621068094" lon="105.87156373086">
        <ele>1227</ele>
      </trkpt>
      <trkpt lat="47.875205838965584" lon="105.86910475941633">
        <ele>1191</ele>
      </trkpt>
      <trkpt lat="47.89849711120864" lon="106.01362240510622">
        <ele>1364</ele>
      </trkpt>
      <trkpt lat="47.90898098665015" lon="106.07956685249025">
        <ele>1283</ele>
      </trkpt>
      <trkpt lat="47.91600926891741" lon="106.25774275103652">
        <ele>1351</ele>
      </trkpt>
      <trkpt lat="47.89978465535482" lon="106.43730866732675">
        <ele>1398</ele>
      </trkpt>
      <trkpt lat="47.91035364191399" lon="106.55082472246514">
        <ele>1422</ele>
      </trkpt>
      <trkpt lat="47.877176487167425" lon="106.60972156435821">
        <ele>1381</ele>
      </trkpt>
      <trkpt lat="47.902229334961085" lon="106.73999039803803">
        <ele>1256</ele>
      </trkpt>
      <trkpt lat="47.90680387576041" lon="106.77775798401926">
        <ele>1263</ele>
      </trkpt>
      <trkpt lat="47.90743703958383" lon="106.78741992461195">
        <ele>1266</ele>
      </trkpt>
      <trkpt lat="47.909596385478885" lon="106.80357981483154">
        <ele>1269</ele>
      </trkpt>
      <trkpt lat="47.91022368711224" lon="106.8195625954371">
        <ele>1269</ele>
      </trkpt>
      <trkpt lat="47.91231592082004" lon="106.84772242877385">
        <ele>1278</ele>
      </trkpt>
      <trkpt lat="47.91361444872391" lon="106.86958485135642">
        <ele>1280</ele>
      </trkpt>
      <trkpt lat="47.90896672175726" lon="106.89166304238945">
        <ele>1287</ele>
      </trkpt>
      <trkpt lat="47.911160862952926" lon="106.90724498047794">
        <ele>1294</ele>
      </trkpt>
      <trkpt lat="47.91281606559017" lon="106.90074773930553">
        <ele>1293</ele>
      </trkpt>
      <trkpt lat="47.91467133357034" lon="106.91083052028522">
        <ele>1296</ele>
      </trkpt>
      <trkpt lat="47.91675838249441" lon="106.9186756011574">
        <ele>1297</ele>
      </trkpt>
      <trkpt lat="47.923262563892635" lon="106.92315901474478">
        <ele>1302</ele>
      </trkpt>
      <trkpt lat="47.91707091170642" lon="106.91671743904556">
        <ele>1297</ele>
      </trkpt>
      <trkpt lat="47.914047266885646" lon="106.90763342052315">
        <ele>1294</ele>
      </trkpt>
      <trkpt lat="47.91244778724632" lon="106.90122704879725">
        <ele>1288</ele>
      </trkpt>
      <trkpt lat="47.915083515871615" lon="106.89864791399029">
        <ele>1295</ele>
      </trkpt>
      <trkpt lat="47.91681280144764" lon="106.91224183973513">
        <ele>1298</ele>
      </trkpt>
      <trkpt lat="47.91772546125127" lon="106.91971068431214">
        <ele>1297</ele>
      </trkpt>
      <trkpt lat="47.91684839353735" lon="106.91211911821242">
        <ele>1298</ele>
      </trkpt>
      <trkpt lat="47.91375082900599" lon="106.90650922693399">
        <ele>1294</ele>
      </trkpt>
      <trkpt lat="47.91376044573247" lon="106.90700552342874">
        <ele>1294</ele>
      </trkpt>
      <trkpt lat="47.91243161923314" lon="106.90108350655764">
        <ele>1288</ele>
      </trkpt>
      <trkpt lat="47.912823832682115" lon="106.89896552884301">
        <ele>1293</ele>
      </trkpt>
      <trkpt lat="47.9137033923044" lon="106.90653716223957">
        <ele>1294</ele>
      </trkpt>
      <trkpt lat="47.91862483675994" lon="106.94348841373983">
        <ele>1306</ele>
      </trkpt>
      <trkpt lat="47.91065407277518" lon="107.00469014225344">
        <ele>1319</ele>
      </trkpt>
      <trkpt lat="47.906361427816485" lon="107.01559629270714">
        <ele>1319</ele>
      </trkpt>
      <trkpt lat="47.90324287600709" lon="107.0257638719818">
        <ele>1311</ele>
      </trkpt>
      <trkpt lat="47.8801256922118" lon="107.0970284446501">
        <ele>1349</ele>
      </trkpt>
      <trkpt lat="47.80701091810616" lon="107.19689366387301">
        <ele>1481</ele>
      </trkpt>
      <trkpt lat="47.78851055766025" lon="107.25552877671085">
        <ele>1435</ele>
      </trkpt>
      <trkpt lat="47.78014491252556" lon="107.34786095503323">
        <ele>1413</ele>
      </trkpt>
      <trkpt lat="47.79590240684132" lon="107.50044554481981">
        <ele>1479</ele>
      </trkpt>
      <trkpt lat="47.807240708359174" lon="107.530301712533">
        <ele>1505</ele>
      </trkpt>
      <trkpt lat="47.80661154753481" lon="107.53126600899557">
        <ele>1491</ele>
      </trkpt>
      <trkpt lat="47.82903368123605" lon="107.16454161341038">
        <ele>1421</ele>
      </trkpt>
      <trkpt lat="47.87870559380192" lon="107.09970532926461">
        <ele>1347</ele>
      </trkpt>
      <trkpt lat="47.9020580671123" lon="107.02975419699558">
        <ele>1312</ele>
      </trkpt>
      <trkpt lat="47.913019962841844" lon="106.99506186897938">
      </trkpt>
      <trkpt lat="47.90805021904005" lon="106.94764468151803">
        <ele>1292</ele>
      </trkpt>
      <trkpt lat="47.907918412282974" lon="106.91562247472528">
        <ele>1289</ele>
      </trkpt>
      <trkpt lat="47.911437397398174" lon="106.908414994729">
        <ele>1290</ele>
      </trkpt>
      <trkpt lat="47.911853826608734" lon="106.90830284118672">
        <ele>1294</ele>
      </trkpt>
      <trkpt lat="47.90985429663947" lon="106.8949216884625">
      </trkpt>
      <trkpt lat="47.87597826790558" lon="106.84782321636042">
        <ele>1291</ele>
      </trkpt>
      <trkpt lat="47.85508180405148" lon="106.77987640055224">
      </trkpt>
      <trkpt lat="47.85429681045189" lon="106.78004607295006">
        <ele>1306</ele>
      </trkpt>
      <trkpt lat="47.885712249213164" lon="106.78513160902212">
        <ele>1262</ele>
      </trkpt>
      <trkpt lat="47.90651161394261" lon="106.7714791047441">
      </trkpt>
      <trkpt lat="47.90083457254609" lon="106.71638404960437">
        <ele>1252</ele>
      </trkpt>
      <trkpt lat="47.88274946823661" lon="106.59713491054049">
        <ele>1393</ele>
      </trkpt>
      <trkpt lat="47.909392907252425" lon="106.55611019035771">
      </trkpt>
      <trkpt lat="47.89986439631218" lon="106.4281156613467">
        <ele>1406</ele>
      </trkpt>
      <trkpt lat="47.91403420249636" lon="106.31152344620315">
        <ele>1420</ele>
      </trkpt>
      <trkpt lat="47.91700125210724" lon="106.15795056345515">
        <ele>1299</ele>
      </trkpt>
      <trkpt lat="47.90917910093878" lon="105.59051989040654">
        <ele>1086</ele>
      </trkpt>
      <trkpt lat="47.90063355793602" lon="105.41520444056029">
        <ele>1030</ele>
      </trkpt>
      <trkpt lat="47.87198070906835" lon="105.28310190896065">
        <ele>1015</ele>
      </trkpt>
      <trkpt lat="47.862402036717796" lon="105.19502251112081">
        <ele>996</ele>
      </trkpt>
      <trkpt lat="47.76516240560241" lon="105.11187370876326">
        <ele>1159</ele>
      </trkpt>
      <trkpt lat="47.6810879772973" lon="104.97133945124686">
        <ele>1145</ele>
      </trkpt>
      <trkpt lat="47.66398311131416" lon="104.93324973630249">
        <ele>1154</ele>
      </trkpt>
      <trkpt lat="47.608908936425685" lon="104.83613071972955">
        <ele>1207</ele>
      </trkpt>
      <trkpt lat="47.5379859674259" lon="104.64035271724705">
        <ele>1204</ele>
      </trkpt>
      <trkpt lat="47.39800524902287" lon="104.52422241690059">
        <ele>1320</ele>
      </trkpt>
      <trkpt lat="47.339207413650435" lon="104.47931662211612">
        <ele>1363</ele>
      </trkpt>
      <trkpt lat="47.34001806727037" lon="104.38373768139314">
        <ele>1317</ele>
      </trkpt>
      <trkpt lat="47.35505580544378" lon="104.19018185020778">
        <ele>1278</ele>
      </trkpt>
      <trkpt lat="47.36825485718191" lon="103.94204299906636">
        <ele>1367</ele>
      </trkpt>
      <trkpt lat="47.34352912292568" lon="103.73588799508636">
      </trkpt>
      <trkpt lat="47.30532063935861" lon="103.63871390765955">
        <ele>1258</ele>
      </trkpt>
      <trkpt lat="47.33623087410567" lon="103.50050018178625">
      </trkpt>
      <trkpt lat="47.311873575929425" lon="103.30278030646393">
        <ele>1371</ele>
      </trkpt>
      <trkpt lat="47.22698726647854" lon="103.10808528061672">
        <ele>1496</ele>
      </trkpt>
      <trkpt lat="47.14324564211736" lon="102.92831375273217">
        <ele>1534</ele>
      </trkpt>
      <trkpt lat="47.192526245533664" lon="102.84230545172733">
        <ele>1482</ele>
      </trkpt>
      <trkpt lat="47.190224616832275" lon="102.8230557405416">
        <ele>1483</ele>
      </trkpt>
      <trkpt lat="47.178999160917336" lon="102.80800543449557">
        <ele>1526</ele>
      </trkpt>
      <trkpt lat="47.17378077493727" lon="102.80396013740108">
        <ele>1480</ele>
      </trkpt>
      <trkpt lat="47.15622313586292" lon="102.80222588164014">
        <ele>1491</ele>
      </trkpt>
      <trkpt lat="47.13010203205429" lon="102.78155098658772">
        <ele>1491</ele>
      </trkpt>
      <trkpt lat="47.12305207393692" lon="102.779431797856">
        <ele>1499</ele>
      </trkpt>
      <trkpt lat="47.101034072701076" lon="102.7753381253138">
        <ele>1503</ele>
      </trkpt>
      <trkpt lat="47.0876944950289" lon="102.74434061730535">
        <ele>1506</ele>
      </trkpt>
      <trkpt lat="47.069784252557106" lon="102.73611038200363">
        <ele>1513</ele>
      </trkpt>
      <trkpt lat="47.05723302443238" lon="102.71935776816935">
        <ele>1530</ele>
      </trkpt>
      <trkpt lat="47.046866271360365" lon="102.70876372467013">
        <ele>1556</ele>
      </trkpt>
      <trkpt lat="47.02992320036139" lon="102.69147873139501">
        <ele>1533</ele>
      </trkpt>
      <trkpt lat="47.00573079262084" lon="102.64517284575858">
        <ele>1544</ele>
      </trkpt>
      <trkpt lat="46.97820699061621" lon="102.62668288078073">
        <ele>1583</ele>
      </trkpt>
      <trkpt lat="46.97349423301871" lon="102.59022023907248">
        <ele>1552</ele>
      </trkpt>
      <trkpt lat="46.963828252769765" lon="102.58125984921566">
        <ele>1557</ele>
      </trkpt>
      <trkpt lat="46.931188150407216" lon="102.53263815940227">
        <ele>1575</ele>
      </trkpt>
      <trkpt lat="46.92501903738307" lon="102.54748619975337">
        <ele>1588</ele>
      </trkpt>
      <trkpt lat="46.91813915725982" lon="102.54880244110831">
        <ele>1592</ele>
      </trkpt>
      <trkpt lat="46.90659802877057" lon="102.48378857048459">
        <ele>1591</ele>
      </trkpt>
      <trkpt lat="46.894046296409236" lon="102.42395234303774">
        <ele>1621</ele>
      </trkpt>
      <trkpt lat="46.887624961213035" lon="102.40318764501087">
        <ele>1638</ele>
      </trkpt>
      <trkpt lat="46.89366894438458" lon="102.38860380322326">
        <ele>1650</ele>
      </trkpt>
      <trkpt lat="46.89303920243266" lon="102.39332785207384">
        <ele>1631</ele>
      </trkpt>
      <trkpt lat="46.893416328673055" lon="102.42617012620055">
        <ele>1620</ele>
      </trkpt>
      <trkpt lat="46.902745917168716" lon="102.47587255440166">
        <ele>1598</ele>
      </trkpt>
      <trkpt lat="46.91239298770806" lon="102.50585890601089">
        <ele>1618</ele>
      </trkpt>
      <trkpt lat="46.91850825536266" lon="102.53029238738986">
        <ele>1612</ele>
      </trkpt>
      <trkpt lat="46.931582302830115" lon="102.58334076972919">
        <ele>1625</ele>
      </trkpt>
      <trkpt lat="46.934050857133165" lon="102.63772901157162">
        <ele>1677</ele>
      </trkpt>
      <trkpt lat="46.92597086851927" lon="102.65401929283132">
        <ele>1661</ele>
      </trkpt>
      <trkpt lat="46.92373241619399" lon="102.69284371162203">
        <ele>1681</ele>
      </trkpt>
      <trkpt lat="46.90698215434744" lon="102.75621664324267">
        <ele>1648</ele>
      </trkpt>
      <trkpt lat="46.89668117469436" lon="102.78268698725623">
        <ele>1673</ele>
      </trkpt>
      <trkpt lat="46.85957282785965" lon="102.81256084339955">
        <ele>1760</ele>
      </trkpt>
      <trkpt lat="46.82775797326754" lon="102.82578463675718">
      </trkpt>
      <trkpt lat="46.79179755509532" lon="102.85973696047706">
      </trkpt>
      <trkpt lat="46.76578515679274" lon="102.92587084705282">
        <ele>1790</ele>
      </trkpt>
      <trkpt lat="46.75662411381188" lon="103.03350890064895">
        <ele>1757</ele>
      </trkpt>
      <trkpt lat="46.726400270170274" lon="103.09364017108743">
      </trkpt>
      <trkpt lat="46.69711387132983" lon="103.12149407858968">
        <ele>1803</ele>
      </trkpt>
      <trkpt lat="46.654341048604486" lon="103.15651500607203">
        <ele>1763</ele>
      </trkpt>
      <trkpt lat="46.5487581362696" lon="103.02694532282736">
      </trkpt>
      <trkpt lat="46.46333863963044" lon="102.86907272422953">
        <ele>1844</ele>
      </trkpt>
      <trkpt lat="46.36083072987046" lon="102.81488028364518">
      </trkpt>
      <trkpt lat="46.27012466058869" lon="102.79417267061423">
        <ele>1818</ele>
      </trkpt>
      <trkpt lat="46.264208464362135" lon="102.7906266327174">
        <ele>1815</ele>
      </trkpt>
      <trkpt lat="46.267706612168126" lon="102.78253812352455">
      </trkpt>
      <trkpt lat="46.2592418976704" lon="102.76750868292602">
        <ele>1854</ele>
      </trkpt>
      <trkpt lat="46.26291761179107" lon="102.77342741387223">
        <ele>1834</ele>
      </trkpt>
      <trkpt lat="46.213573766915324" lon="102.7620877047095">
      </trkpt>
      <trkpt lat="46.18206848506236" lon="102.7427649241229">
        <ele>1760</ele>
      </trkpt>
      <trkpt lat="46.148355173929765" lon="102.72392849867788">
        <ele>1764</ele>
      </trkpt>
      <trkpt lat="46.110135423993796" lon="102.70854402343065">
        <ele>1789</ele>
      </trkpt>
      <trkpt lat="46.104149052089646" lon="102.71433695092037">
        <ele>1789</ele>
      </trkpt>
      <trkpt lat="46.066695466657826" lon="102.7114653082355">
        <ele>1839</ele>
      </trkpt>
      <trkpt lat="46.056306302540726" lon="102.70964787754143">
        <ele>1815</ele>
      </trkpt>
      <trkpt lat="46.00037255701447" lon="102.71489593427845">
        <ele>1832</ele>
      </trkpt>
      <trkpt lat="45.960918285214916" lon="102.70243430436433">
        <ele>1814</ele>
      </trkpt>
      <trkpt lat="45.914112782432504" lon="102.69910742382355">
        <ele>1764</ele>
      </trkpt>
      <trkpt lat="45.89912387857903" lon="102.69403780504354">
        <ele>1744</ele>
      </trkpt>
      <trkpt lat="45.84769652695008" lon="102.67576357359317">
        <ele>1696</ele>
      </trkpt>
      <trkpt lat="45.79920005057547" lon="102.65860305177296">
        <ele>1688</ele>
      </trkpt>
      <trkpt lat="45.73351976597447" lon="102.64345803415607">
        <ele>1599</ele>
      </trkpt>
      <trkpt lat="45.682426398503175" lon="102.63938787133897">
        <ele>1566</ele>
      </trkpt>
      <trkpt lat="45.63691513151455" lon="102.6312549972">
        <ele>1660</ele>
      </trkpt>
      <trkpt lat="45.59018321339561" lon="102.60272576483209">
        <ele>1638</ele>
      </trkpt>
      <trkpt lat="45.57851405352879" lon="102.59302547211072">
        <ele>1627</ele>
      </trkpt>
      <trkpt lat="45.57877816729767" lon="102.58353103893118">
        <ele>1627</ele>
      </trkpt>
      <trkpt lat="45.52674083661147" lon="102.54416046411544">
        <ele>1520</ele>
      </trkpt>
      <trkpt lat="45.50380950332201" lon="102.50902882786701">
        <ele>1498</ele>
      </trkpt>
      <trkpt lat="45.4590747570854" lon="102.42527328821619">
        <ele>1474</ele>
      </trkpt>
      <trkpt lat="45.41656663179902" lon="102.40964828999937">
        <ele>1478</ele>
      </trkpt>
      <trkpt lat="45.33550524622699" lon="102.38577646212875">
        <ele>1454</ele>
      </trkpt>
      <trkpt lat="45.3078644677991" lon="102.38041706288254">
        <ele>1485</ele>
      </trkpt>
      <trkpt lat="45.26451365242546" lon="102.36323797061078">
        <ele>1454</ele>
      </trkpt>
      <trkpt lat="45.199785140202565" lon="102.33529330091385">
        <ele>1358</ele>
      </trkpt>
      <trkpt lat="45.13700002808602" lon="102.31492951521865">
        <ele>1298</ele>
      </trkpt>
      <trkpt lat="45.08484094703063" lon="102.29638180711991">
        <ele>1258</ele>
      </trkpt>
      <trkpt lat="45.01985094514212" lon="102.25968715744303">
        <ele>1304</ele>
      </trkpt>
      <trkpt lat="44.97085964311377" lon="102.25324574867473">
      </trkpt>
      <trkpt lat="44.9450855572462" lon="102.21462332528185">
        <ele>1351</ele>
      </trkpt>
      <trkpt lat="44.885896257730266" lon="102.17226495160011">
        <ele>1444</ele>
      </trkpt>
      <trkpt lat="44.83145101262662" lon="102.1548694791496">
        <ele>1495</ele>
      </trkpt>
      <trkpt lat="44.78665831037311" lon="102.14252851912951">
        <ele>1506</ele>
      </trkpt>
      <trkpt lat="44.746603880866886" lon="102.15797905438122">
        <ele>1521</ele>
      </trkpt>
      <trkpt lat="44.67802041234434" lon="102.17331315631388">
        <ele>1517</ele>
      </trkpt>
      <trkpt lat="44.67169297319093" lon="102.17312473064959">
        <ele>1523</ele>
      </trkpt>
      <trkpt lat="44.66749985784504" lon="102.15821658982132">
        <ele>1553</ele>
      </trkpt>
      <trkpt lat="44.65787191939598" lon="102.11718786795164">
        <ele>1620</ele>
      </trkpt>
      <trkpt lat="44.656646610279246" lon="102.04729769388403">
        <ele>1594</ele>
      </trkpt>
      <trkpt lat="44.67854156628687" lon="101.96373850116689">
        <ele>1640</ele>
      </trkpt>
      <trkpt lat="44.69299634172483" lon="101.88237471418466">
        <ele>1710</ele>
      </trkpt>
      <trkpt lat="44.69857281440964" lon="101.84973008348324">
        <ele>1742</ele>
      </trkpt>
      <trkpt lat="44.69344315654511" lon="101.8060211668114">
        <ele>1792</ele>
      </trkpt>
      <trkpt lat="44.66862719684306" lon="101.77577529552747">
        <ele>1821</ele>
      </trkpt>
      <trkpt lat="44.61347181718703" lon="101.73676827070251">
        <ele>1649</ele>
      </trkpt>
      <trkpt lat="44.56846752208151" lon="101.6850012448632">
        <ele>1523</ele>
      </trkpt>
      <trkpt lat="44.51733292550269" lon="101.60748984674142">
        <ele>1395</ele>
      </trkpt>
      <trkpt lat="44.48417642157942" lon="101.5896202159129">
        <ele>1336</ele>
      </trkpt>
      <trkpt lat="44.430911802549474" lon="101.56745366576823">
        <ele>1249</ele>
      </trkpt>
      <trkpt lat="44.3584393663745" lon="101.53758200826266">
        <ele>1178</ele>
      </trkpt>
      <trkpt lat="44.295492530841656" lon="101.51803390132405">
        <ele>1088</ele>
      </trkpt>
      <trkpt lat="44.23699732408322" lon="101.5306898207418">
        <ele>1042</ele>
      </trkpt>
      <trkpt lat="44.17738589927943" lon="101.5025247820667">
        <ele>1035</ele>
      </trkpt>
      <trkpt lat="44.129106891382605" lon="101.51971212597705">
        <ele>1020</ele>
      </trkpt>
      <trkpt lat="44.07196527816734" lon="101.51199004622318">
        <ele>984</ele>
      </trkpt>
      <trkpt lat="44.033462487988885" lon="101.50667055585514">
        <ele>953</ele>
      </trkpt>
      <trkpt lat="43.99388303053006" lon="101.48870830433582">
        <ele>954</ele>
      </trkpt>
      <trkpt lat="43.97573176775498" lon="101.48348537283157">
      </trkpt>
      <trkpt lat="43.94474483682166" lon="101.45493205146603">
        <ele>986</ele>
      </trkpt>
      <trkpt lat="43.91128157841575" lon="101.43226616098892">
        <ele>1009</ele>
      </trkpt>
      <trkpt lat="43.864962444681545" lon="101.39791871430482">
      </trkpt>
      <trkpt lat="43.792461915913776" lon="101.3685236313393">
        <ele>1209</ele>
      </trkpt>
      <trkpt lat="43.727561845484864" lon="101.35756094018123">
      </trkpt>
      <trkpt lat="43.67927660553471" lon="101.3537727097033">
        <ele>1474</ele>
      </trkpt>
      <trkpt lat="43.662755610461964" lon="101.3304986246874">
        <ele>1558</ele>
      </trkpt>
      <trkpt lat="43.65030978428027" lon="101.32818016285785">
        <ele>1579</ele>
      </trkpt>
      <trkpt lat="43.61791519452223" lon="101.28471809448794">
        <ele>1598</ele>
      </trkpt>
      <trkpt lat="43.573995824012506" lon="101.27647290015712">
        <ele>1496</ele>
      </trkpt>
      <trkpt lat="43.53505130635516" lon="101.26322728735168">
      </trkpt>
      <trkpt lat="43.49583440929977" lon="101.25733986506356">
        <ele>1356</ele>
      </trkpt>
      <trkpt lat="43.44775159831146" lon="101.25796421886582">
      </trkpt>
      <trkpt lat="43.413693476508755" lon="101.23480746531973">
        <ele>1362</ele>
      </trkpt>
      <trkpt lat="43.36337724704608" lon="101.20027922103293">
      </trkpt>
      <trkpt lat="43.340538069646186" lon="101.1760908086795">
        <ele>1457</ele>
      </trkpt>
      <trkpt lat="43.30027509484747" lon="101.12165831038833">
        <ele>1549</ele>
      </trkpt>
      <trkpt lat="43.232160873030885" lon="101.05315839532858">
        <ele>1723</ele>
      </trkpt>
      <trkpt lat="43.228247552098516" lon="101.048968617431">
        <ele>1727</ele>
      </trkpt>
      <trkpt lat="43.226318602925424" lon="101.04311350743248">
        <ele>1734</ele>
      </trkpt>
      <trkpt lat="43.22691401115536" lon="101.05165193976262">
        <ele>1731</ele>
      </trkpt>
      <trkpt lat="43.27642712418084" lon="101.09054183924495">
        <ele>1615</ele>
      </trkpt>
      <trkpt lat="43.31422509629588" lon="101.07707153083857">
        <ele>1593</ele>
      </trkpt>
      <trkpt lat="43.36389727800016" lon="101.00117748652278">
        <ele>1598</ele>
      </trkpt>
      <trkpt lat="43.40616161286063" lon="100.91021304930261">
        <ele>1589</ele>
      </trkpt>
      <trkpt lat="43.43068035826218" lon="100.80164367985479">
        <ele>1610</ele>
      </trkpt>
      <trkpt lat="43.45369803723269" lon="100.67917286427755">
        <ele>1630</ele>
      </trkpt>
      <trkpt lat="43.44544923868351" lon="100.52891559908215">
        <ele>1589</ele>
      </trkpt>
      <trkpt lat="43.48273491956618" lon="100.44184003034647">
        <ele>1489</ele>
      </trkpt>
      <trkpt lat="43.523424448483404" lon="100.32706433191632">
        <ele>1315</ele>
      </trkpt>
      <trkpt lat="43.538139048073006" lon="100.20578845413422">
        <ele>1219</ele>
      </trkpt>
      <trkpt lat="43.550716649181396" lon="100.18093282917532">
        <ele>1187</ele>
      </trkpt>
      <trkpt lat="43.55562306944612" lon="100.12823833161977">
        <ele>1153</ele>
      </trkpt>
      <trkpt lat="43.54881683179035" lon="100.12136699730425">
        <ele>1171</ele>
      </trkpt>
      <trkpt lat="43.53573277131052" lon="100.0887480006554">
        <ele>1173</ele>
      </trkpt>
      <trkpt lat="43.50499277007161" lon="100.05819152118643">
        <ele>1254</ele>
      </trkpt>
      <trkpt lat="43.49394998183856" lon="100.01478442058105">
        <ele>1226</ele>
      </trkpt>
      <trkpt lat="43.48846030425605" lon="99.96920362124216">
        <ele>1169</ele>
      </trkpt>
      <trkpt lat="43.49111057821986" lon="99.92859791042277">
      </trkpt>
      <trkpt lat="43.49524172492651" lon="99.89347748467688">
        <ele>1082</ele>
      </trkpt>
      <trkpt lat="43.49694526292709" lon="99.86298135491074">
      </trkpt>
      <trkpt lat="43.499697244649035" lon="99.81755157247422">
        <ele>1011</ele>
      </trkpt>
      <trkpt lat="43.49783906907321" lon="99.81558642753858">
        <ele>991</ele>
      </trkpt>
      <trkpt lat="43.48480877004888" lon="99.81957810008882">
        <ele>975</ele>
      </trkpt>
      <trkpt lat="43.47505101938124" lon="99.83271287763475">
        <ele>1006</ele>
      </trkpt>
      <trkpt lat="43.474365421611324" lon="99.83098737904785">
        <ele>1001</ele>
      </trkpt>
      <trkpt lat="43.48685235894198" lon="99.8159275234038">
      </trkpt>
      <trkpt lat="43.49892035174935" lon="99.80999164695704">
        <ele>954</ele>
      </trkpt>
      <trkpt lat="43.502167431104894" lon="99.83848268608772">
        <ele>992</ele>
      </trkpt>
      <trkpt lat="43.49645915399789" lon="99.88261433414641">
        <ele>1057</ele>
      </trkpt>
      <trkpt lat="43.490182156715065" lon="99.92543617272742">
      </trkpt>
      <trkpt lat="43.48995551737132" lon="99.97268846887532">
        <ele>1183</ele>
      </trkpt>
      <trkpt lat="43.49625499256579" lon="100.0290547134357">
        <ele>1236</ele>
      </trkpt>
      <trkpt lat="43.51675179862988" lon="100.07521242728278">
        <ele>1242</ele>
      </trkpt>
      <trkpt lat="43.548827064264145" lon="100.12107423516001">
        <ele>1171</ele>
      </trkpt>
      <trkpt lat="43.55294167580487" lon="100.12425145693577">
        <ele>1159</ele>
      </trkpt>
      <trkpt lat="43.5699112806875" lon="100.14315946036963">
        <ele>1137</ele>
      </trkpt>
      <trkpt lat="43.53891057950363" lon="100.20278816875137">
        <ele>1219</ele>
      </trkpt>
      <trkpt lat="43.52787771266282" lon="100.29346676552696">
        <ele>1276</ele>
      </trkpt>
      <trkpt lat="43.48801204007444" lon="100.4250665009957">
        <ele>1466</ele>
      </trkpt>
      <trkpt lat="43.44542006966047" lon="100.5276474171323">
        <ele>1589</ele>
      </trkpt>
      <trkpt lat="43.45228510380316" lon="100.64831990672796">
        <ele>1633</ele>
      </trkpt>
      <trkpt lat="43.43355820983968" lon="100.77996927322891">
        <ele>1607</ele>
      </trkpt>
      <trkpt lat="43.41403512288203" lon="100.8918777388529">
        <ele>1587</ele>
      </trkpt>
      <trkpt lat="43.37327158082591" lon="100.98055659802722">
        <ele>1583</ele>
      </trkpt>
      <trkpt lat="43.337633069644994" lon="101.04840165013545">
        <ele>1595</ele>
      </trkpt>
      <trkpt lat="43.277463133627755" lon="101.09064178145456">
        <ele>1612</ele>
      </trkpt>
      <trkpt lat="43.23217183821204" lon="101.05293315844708">
        <ele>1723</ele>
      </trkpt>
      <trkpt lat="43.225806902134764" lon="101.04522524311243">
        <ele>1734</ele>
      </trkpt>
      <trkpt lat="43.2300967547634" lon="101.05228388799385">
        <ele>1726</ele>
      </trkpt>
      <trkpt lat="43.258874478488174" lon="101.07379716371086">
        <ele>1657</ele>
      </trkpt>
      <trkpt lat="43.34634806839675" lon="101.23369871396208">
        <ele>1416</ele>
      </trkpt>
      <trkpt lat="43.376547731499535" lon="101.3615974971106">
        <ele>1345</ele>
      </trkpt>
      <trkpt lat="43.38057213466929" lon="101.3950218447497">
        <ele>1353</ele>
      </trkpt>
      <trkpt lat="43.42629428655732" lon="101.5360243715471">
        <ele>1376</ele>
      </trkpt>
      <trkpt lat="43.41916451234689" lon="101.53434458198168">
        <ele>1367</ele>
      </trkpt>
      <trkpt lat="43.43513431949661" lon="101.62647202748309">
        <ele>1386</ele>
      </trkpt>
      <trkpt lat="43.4467644347916" lon="101.72846793059304">
      </trkpt>
      <trkpt lat="43.44591363802873" lon="101.77041987897992">
        <ele>1461</ele>
      </trkpt>
      <trkpt lat="43.44395935539477" lon="101.79004493178967">
        <ele>1455</ele>
      </trkpt>
      <trkpt lat="43.43905782796762" lon="101.80881075570528">
        <ele>1447</ele>
      </trkpt>
      <trkpt lat="43.4305327210582" lon="101.85307028454031">
        <ele>1442</ele>
      </trkpt>
      <trkpt lat="43.419974832836" lon="101.89373862939131">
        <ele>1436</ele>
      </trkpt>
      <trkpt lat="43.41898794755658" lon="101.9407780376281">
        <ele>1452</ele>
      </trkpt>
      <trkpt lat="43.41399836823662" lon="101.98777419524453">
        <ele>1455</ele>
      </trkpt>
      <trkpt lat="43.40888515584488" lon="102.04106700616147">
        <ele>1455</ele>
      </trkpt>
      <trkpt lat="43.414401789236265" lon="102.08392392853469">
        <ele>1460</ele>
      </trkpt>
      <trkpt lat="43.42184194052265" lon="102.1453534214409">
        <ele>1464</ele>
      </trkpt>
      <trkpt lat="43.424665764945956" lon="102.16707307854868">
        <ele>1457</ele>
      </trkpt>
      <trkpt lat="43.423840799319336" lon="102.16699946683039">
        <ele>1457</ele>
      </trkpt>
      <trkpt lat="43.4380199250214" lon="102.25884688411945">
        <ele>1456</ele>
      </trkpt>
      <trkpt lat="43.406690099814426" lon="102.46770330754914">
        <ele>1455</ele>
      </trkpt>
      <trkpt lat="43.34945804909184" lon="102.67468524175014">
        <ele>1443</ele>
      </trkpt>
      <trkpt lat="43.284076270687656" lon="102.88489365028485">
      </trkpt>
      <trkpt lat="43.20840817880184" lon="103.0825517513818">
      </trkpt>
      <trkpt lat="43.26936297122693" lon="103.26889545666359">
        <ele>1489</ele>
      </trkpt>
      <trkpt lat="43.36415387615475" lon="103.31492336598816">
      </trkpt>
      <trkpt lat="43.36826598677308" lon="103.2673198368329">
        <ele>1638</ele>
      </trkpt>
      <trkpt lat="43.36742989192925" lon="103.2379408256877">
      </trkpt>
      <trkpt lat="43.36403820202068" lon="103.31507924022462">
        <ele>1591</ele>
      </trkpt>
      <trkpt lat="43.41986637100896" lon="103.39260136718246">
      </trkpt>
      <trkpt lat="43.47607625186767" lon="103.54574292907822">
        <ele>1584</ele>
      </trkpt>
      <trkpt lat="43.52749256421209" lon="103.77142642634341">
        <ele>1989</ele>
      </trkpt>
      <trkpt lat="43.570512508541164" lon="103.90615117982425">
        <ele>2218</ele>
      </trkpt>
      <trkpt lat="43.583158471866966" lon="104.11281573931798">
        <ele>1834</ele>
      </trkpt>
      <trkpt lat="43.61894459931054" lon="104.25146328770911">
        <ele>1511</ele>
      </trkpt>
      <trkpt lat="43.611515556206996" lon="104.29730664448226">
        <ele>1488</ele>
      </trkpt>
      <trkpt lat="43.57469790467753" lon="104.38355020734646">
        <ele>1490</ele>
      </trkpt>
      <trkpt lat="43.57297046579753" lon="104.41582102338263">
        <ele>1472</ele>
      </trkpt>
      <trkpt lat="43.567908466297524" lon="104.41943057690291">
        <ele>1471</ele>
      </trkpt>
      <trkpt lat="43.568615012845356" lon="104.39379680037393">
        <ele>1489</ele>
      </trkpt>
      <trkpt lat="43.584653334371396" lon="104.35611291659497">
        <ele>1487</ele>
      </trkpt>
      <trkpt lat="43.570156372376864" lon="104.06887224243202">
        <ele>1980</ele>
      </trkpt>
      <trkpt lat="43.57489310674702" lon="104.0765213315413">
        <ele>1952</ele>
      </trkpt>
      <trkpt lat="43.577472471945725" lon="104.10128415038345">
        <ele>1881</ele>
      </trkpt>
      <trkpt lat="43.59987490814514" lon="104.14546131166084">
      </trkpt>
      <trkpt lat="43.61090111917041" lon="104.20459161765572">
        <ele>1577</ele>
      </trkpt>
      <trkpt lat="43.61682727940806" lon="104.28317338990645">
        <ele>1489</ele>
      </trkpt>
      <trkpt lat="43.57772287920731" lon="104.3735768820806">
      </trkpt>
      <trkpt lat="43.57499565933232" lon="104.38245082283801">
        <ele>1489</ele>
      </trkpt>
      <trkpt lat="43.58200251128858" lon="104.40478876242824">
      </trkpt>
      <trkpt lat="43.58616898771734" lon="104.42430744888672">
        <ele>1452</ele>
      </trkpt>
      <trkpt lat="43.588813771534326" lon="104.43233597102056">
        <ele>1447</ele>
      </trkpt>
      <trkpt lat="43.56768438948611" lon="104.43064891279676">
      </trkpt>
      <trkpt lat="43.574104427115955" lon="104.42682217772591">
        <ele>1468</ele>
      </trkpt>
      <trkpt lat="43.57270626157333" lon="104.4160581926623">
        <ele>1472</ele>
      </trkpt>
      <trkpt lat="43.58849189183768" lon="104.4332294259227">
        <ele>1447</ele>
      </trkpt>
      <trkpt lat="43.58904355940849" lon="104.4321181132826">
        <ele>1447</ele>
      </trkpt>
      <trkpt lat="43.58848318390564" lon="104.43231169290877">
        <ele>1447</ele>
      </trkpt>
      <trkpt lat="43.577657569359666" lon="104.4423480603824">
        <ele>1451</ele>
      </trkpt>
      <trkpt lat="43.61015904233196" lon="104.50426384816366">
        <ele>1406</ele>
      </trkpt>
      <trkpt lat="43.68234609355184" lon="104.63815883493366">
        <ele>1434</ele>
      </trkpt>
      <trkpt lat="43.80659977251525" lon="104.83090263848392">
        <ele>1534</ele>
      </trkpt>
      <trkpt lat="43.85597987555465" lon="104.8883134628227">
        <ele>1576</ele>
      </trkpt>
      <trkpt lat="44.0159815410562" lon="105.00805243859534">
        <ele>1514</ele>
      </trkpt>
      <trkpt lat="44.14341285214688" lon="105.06301849632969">
        <ele>1324</ele>
      </trkpt>
      <trkpt lat="44.27445562807992" lon="105.15087384741733">
        <ele>1254</ele>
      </trkpt>
      <trkpt lat="44.39424812403775" lon="105.29747231861658">
        <ele>1247</ele>
      </trkpt>
      <trkpt lat="44.57735847853905" lon="105.36291109121431">
        <ele>1257</ele>
      </trkpt>
      <trkpt lat="44.71442503858797" lon="105.39482312286775">
        <ele>1250</ele>
      </trkpt>
      <trkpt lat="44.814939145040526" lon="105.48021158213305">
        <ele>1211</ele>
      </trkpt>
      <trkpt lat="44.96381171983197" lon="105.56065765219327">
        <ele>1216</ele>
      </trkpt>
      <trkpt lat="45.05221234038004" lon="105.57520266578871">
        <ele>1241</ele>
      </trkpt>
      <trkpt lat="45.09492061582181" lon="105.57219807844878">
        <ele>1276</ele>
      </trkpt>
      <trkpt lat="45.15811354111118" lon="105.56686118343718">
        <ele>1305</ele>
      </trkpt>
      <trkpt lat="45.189131357570375" lon="105.56365935980064">
        <ele>1320</ele>
      </trkpt>
      <trkpt lat="45.22221296299975" lon="105.56913194921229">
      </trkpt>
      <trkpt lat="45.2725222170083" lon="105.60825394574563">
        <ele>1362</ele>
      </trkpt>
      <trkpt lat="45.342324888375906" lon="105.65297400588696">
        <ele>1333</ele>
      </trkpt>
      <trkpt lat="45.365961391900896" lon="105.68556395693714">
        <ele>1347</ele>
      </trkpt>
      <trkpt lat="45.42500157392203" lon="105.73009699215201">
        <ele>1445</ele>
      </trkpt>
      <trkpt lat="45.53533476315954" lon="105.82680394882878">
        <ele>1426</ele>
      </trkpt>
      <trkpt lat="45.65546830063425" lon="105.95620172735558">
        <ele>1473</ele>
      </trkpt>
      <trkpt lat="45.761763130531456" lon="106.27953510347365">
        <ele>1413</ele>
      </trkpt>
      <trkpt lat="45.78315327138653" lon="106.28687158068672">
        <ele>1450</ele>
      </trkpt>
      <trkpt lat="45.78473510793947" lon="106.29386596745053">
        <ele>1454</ele>
      </trkpt>
      <trkpt lat="45.782939534012776" lon="106.28783340483815">
        <ele>1450</ele>
      </trkpt>
      <trkpt lat="45.77966635445478" lon="106.2833131453349">
        <ele>1450</ele>
      </trkpt>
      <trkpt lat="45.78978965349301" lon="106.29342372372237">
        <ele>1462</ele>
      </trkpt>
      <trkpt lat="45.85495996317832" lon="106.33452035620482">
        <ele>1414</ele>
      </trkpt>
      <trkpt lat="45.98544455603322" lon="106.34275602186689">
        <ele>1474</ele>
      </trkpt>
      <trkpt lat="46.12459366196881" lon="106.38198488565892">
        <ele>1397</ele>
      </trkpt>
      <trkpt lat="46.25661157945617" lon="106.43611292111514">
        <ele>1337</ele>
      </trkpt>
      <trkpt lat="46.318793350762284" lon="106.45210950471913">
        <ele>1363</ele>
      </trkpt>
      <trkpt lat="46.375703728069276" lon="106.47155243150377">
        <ele>1349</ele>
      </trkpt>
      <trkpt lat="46.4004206326325" lon="106.48637530176545">
        <ele>1334</ele>
      </trkpt>
      <trkpt lat="46.45884718662229" lon="106.51308209844613">
        <ele>1290</ele>
      </trkpt>
      <trkpt lat="46.52533053174725" lon="106.52110627708974">
        <ele>1352</ele>
      </trkpt>
      <trkpt lat="46.595342613309725" lon="106.54727946049077">
        <ele>1332</ele>
      </trkpt>
      <trkpt lat="46.73606724482657" lon="106.58631359236928">
        <ele>1490</ele>
      </trkpt>
      <trkpt lat="46.890563090508785" lon="106.62844880424323">
        <ele>1387</ele>
      </trkpt>
      <trkpt lat="47.040213444314" lon="106.59028275879714">
        <ele>1419</ele>
      </trkpt>
      <trkpt lat="47.16643602126014" lon="106.62450288432336">
        <ele>1480</ele>
      </trkpt>
      <trkpt lat="47.310290350622786" lon="106.67093527513246">
        <ele>1580</ele>
      </trkpt>
      <trkpt lat="47.46669322722355" lon="106.79204338240139">
        <ele>1493</ele>
      </trkpt>
      <trkpt lat="47.61853940789366" lon="106.89144730577887">
        <ele>1383</ele>
      </trkpt>
      <trkpt lat="47.72589174669626" lon="106.90576782759014">
        <ele>1554</ele>
      </trkpt>
      <trkpt lat="47.777243955105334" lon="106.74182144934939">
      </trkpt>
      <trkpt lat="47.82777106450399" lon="106.77991310956985">
        <ele>1338</ele>
      </trkpt>
      <trkpt lat="47.85518880089067" lon="106.78773540297145">
        <ele>1305</ele>
      </trkpt>
      <trkpt lat="47.86826927902473" lon="106.82157257204031">
      </trkpt>
      <trkpt lat="47.87198202408268" lon="106.83429435463555">
      </trkpt>
      <trkpt lat="47.87586098541308" lon="106.84793123054024">
        <ele>1295</ele>
      </trkpt>
      <trkpt lat="47.88288030514809" lon="106.86118558481333">
      </trkpt>
      <trkpt lat="47.89194510322799" lon="106.87284484515607">
        <ele>1282</ele>
      </trkpt>
      <trkpt lat="47.89526081648459" lon="106.8830452860397">
      </trkpt>
      <trkpt lat="47.89513345344378" lon="106.8840590236395">
        <ele>1287</ele>
      </trkpt>
      <trkpt lat="47.897678708841056" lon="106.8894829560856">
        <ele>1288</ele>
      </trkpt>
      <trkpt lat="47.8987581236734" lon="106.90903329300406">
        <ele>1288</ele>
      </trkpt>
      <trkpt lat="47.88336510343713" lon="106.97976069377012">
        <ele>1302</ele>
      </trkpt>
      <trkpt lat="47.88727820996393" lon="107.07610063502267">
        <ele>1329</ele>
      </trkpt>
      <trkpt lat="47.86128816664951" lon="107.12393900389515">
        <ele>1374</ele>
      </trkpt>
      <trkpt lat="47.80953645244968" lon="107.19277085746377">
        <ele>1478</ele>
      </trkpt>
      <trkpt lat="47.69439058400201" lon="107.22372955845161">
        <ele>1526</ele>
      </trkpt>
      <trkpt lat="47.67208103384648" lon="107.23880777311665">
        <ele>1543</ele>
      </trkpt>
      <trkpt lat="47.53567805052505" lon="107.37371980222629">
        <ele>1612</ele>
      </trkpt>
      <trkpt lat="47.386558280133116" lon="107.45485603838856">
        <ele>1483</ele>
      </trkpt>
      <trkpt lat="47.27450817362151" lon="107.5320179947722">
        <ele>1417</ele>
      </trkpt>
      <trkpt lat="46.983493692285364" lon="107.6863439195861">
      </trkpt>
      <trkpt lat="46.82831117887686" lon="107.80129711153712">
        <ele>1310</ele>
      </trkpt>
      <trkpt lat="46.735021169215315" lon="108.0063299872116">
        <ele>1294</ele>
      </trkpt>
      <trkpt lat="46.631736648312426" lon="108.20504978309218">
      </trkpt>
      <trkpt lat="46.490249697748354" lon="108.33126217920723">
        <ele>1275</ele>
      </trkpt>
      <trkpt lat="46.3678227207228" lon="108.37718929718544">
        <ele>1296</ele>
      </trkpt>
      <trkpt lat="46.3512810943691" lon="108.38738672432754">
        <ele>1265</ele>
      </trkpt>
      <trkpt lat="46.25912884881116" lon="108.56441007188748">
        <ele>1244</ele>
      </trkpt>
      <trkpt lat="46.11263053976467" lon="108.71235060052176">
        <ele>1245</ele>
      </trkpt>
      <trkpt lat="45.999209523767206" lon="108.88203774717113">
        <ele>1224</ele>
      </trkpt>
      <trkpt lat="45.92769664928339" lon="109.06346809037746">
        <ele>1114</ele>
      </trkpt>
      <trkpt lat="45.8700577214538" lon="109.23593862586618">
        <ele>1046</ele>
      </trkpt>
      <trkpt lat="45.7768076490511" lon="109.38615796133908">
        <ele>1040</ele>
      </trkpt>
      <trkpt lat="45.6399081132723" lon="109.55605695041363">
        <ele>1003</ele>
      </trkpt>
      <trkpt lat="45.476789090315044" lon="109.63170261396839">
        <ele>984</ele>
      </trkpt>
      <trkpt lat="45.32794304276075" lon="109.77672973729992">
        <ele>1006</ele>
      </trkpt>
      <trkpt lat="45.18235471709881" lon="109.93575666201095">
        <ele>914</ele>
      </trkpt>
      <trkpt lat="45.038407052488246" lon="110.08351213877063">
        <ele>941</ele>
      </trkpt>
      <trkpt lat="44.93757669818116" lon="110.1376408898366">
        <ele>960</ele>
      </trkpt>
      <trkpt lat="45.00653939325829" lon="110.0903260522616">
        <ele>913</ele>
      </trkpt>
      <trkpt lat="45.12944286227704" lon="109.99420129704288">
        <ele>935</ele>
      </trkpt>
      <trkpt lat="45.218079225202295" lon="109.9016561173926">
        <ele>928</ele>
      </trkpt>
      <trkpt lat="45.155404655922375" lon="109.9668841389186">
        <ele>934</ele>
      </trkpt>
      <trkpt lat="45.103881692130294" lon="110.02712138889345">
        <ele>945</ele>
      </trkpt>
      <trkpt lat="44.958284860518724" lon="110.10552805858674">
        <ele>929</ele>
      </trkpt>
      <trkpt lat="44.91454696881848" lon="110.14043718255185">
        <ele>979</ele>
      </trkpt>
      <trkpt lat="44.89895205922637" lon="110.15595399439226">
        <ele>964</ele>
      </trkpt>
      <trkpt lat="44.80024136665575" lon="110.3599439074178">
        <ele>995</ele>
      </trkpt>
      <trkpt lat="44.69736124393036" lon="110.53628043281896">
        <ele>1017</ele>
      </trkpt>
      <trkpt lat="44.537393376272675" lon="110.699048023774">
        <ele>988</ele>
      </trkpt>
      <trkpt lat="44.41490266291834" lon="110.85984187163018">
        <ele>998</ele>
      </trkpt>
      <trkpt lat="44.31722814686999" lon="110.91398659172555">
        <ele>1061</ele>
      </trkpt>
      <trkpt lat="44.22790601853675" lon="111.08568426231955">
        <ele>1116</ele>
      </trkpt>
      <trkpt lat="44.086386468302535" lon="111.18539697500987">
        <ele>1147</ele>
      </trkpt>
      <trkpt lat="44.043980776422494" lon="111.35926177904932">
        <ele>1072</ele>
      </trkpt>
      <trkpt lat="43.94265384417394" lon="111.53580713096217">
        <ele>995</ele>
      </trkpt>
      <trkpt lat="43.84968793489397" lon="111.73107672493134">
        <ele>966</ele>
      </trkpt>
      <trkpt lat="43.784352756461494" lon="111.80493961604903">
        <ele>957</ele>
      </trkpt>
      <trkpt lat="43.76270113051288" lon="111.83521818380042">
        <ele>960</ele>
      </trkpt>
      <trkpt lat="43.72856918260802" lon="111.86084174561488">
        <ele>965</ele>
      </trkpt>
      <trkpt lat="43.7107740668987" lon="111.90559884543708">
        <ele>959</ele>
      </trkpt>
      <trkpt lat="43.71072784070271" lon="111.90932854089132">
        <ele>962</ele>
      </trkpt>
    </trkseg>
  </trk>
</gpx>