<?xml version="1.0" encoding="UTF-8"?>
<gpx version="1.1" creator="Polarsteps-to-GPX" xmlns="http://www.topografix.com/GPX/1/1" xmlns:xsi="http://www.w3.org/2001/XMLSchema-instance" xsi:schemaLocation="http://www.topografix.com/GPX/1/1 http://www.topografix.com/GPX/1/1/gpx.xsd">
  <metadata><name>von Beijing nach Hamburg anstelle Riad</name></metadata>
  <wpt lat="43.6369001" lon="111.945339">
    <time>2025-10-29T11:28:34Z</time>
    <name>Erenhot City</name>
    <desc>...mässig nervös starteten wir heute morgen um 08:30 Uhr mit unserer Mission:
CHINA🇨🇳

...erstaunlicherweise lief alles absolut reibungslos &amp; rasch bis....ja, bis was?! ...und warum eigentlich?!

Bereits um 10:30 Uhr waren wir Peter &amp; ich bereits in China eingereist - wow! Wir waren recht happy🥳 hatten wir uns das ganze sooo schnell nie ausgemalt.

Aber dann! Frieda müsse nun noch im Zoll stehen bleiben - bis ca 15:00 Uhr - wieso auch immer - keine Info 🤷‍♀️

Peter &amp; ich warten geduldig - Frieda sowieso - bis 15:00 Uhr, dann bis 16:00 Uhr... unsere Geduld auf dem Probestand...
Unser sogenannte "Assistant" für den Grenzübergang ward bis jetzt nicht mehr gesehen - "ja, wo bleibt er denn..?!"

..Internet?! Schnell anrufen? Fehlanzeige! Unsere beiden e-Sim funktionieren nicht🥶

Da stehen wir nun in China! Ohne Frieda, ohne Internet, ohne Geld, ohne Plan...

17:00 Uhr: Heike könnte mal wieder heulen... - Peter ist nun wirklich sauer! Um 18:00 Uhr schliesst der Zoll!

17:15 Uhr: der "Assistant" ist da! Freut sich, uns zu sehen... wir uns eigentlich auch; können es aber nicht so zeigen... da total genervt seit 17 Uhr...

Dann geht alles sehr schnell - sodass wir mit den Leuten vom Zoll keine Fotos mehr gemacht haben - rein nach Erenhot  - Cash geholt beim Bankomat &amp; SIM-Karte "über die Gasse" gekauft...

Krass! Wir sind in China...😄</desc>
  </wpt>
  <wpt lat="40.9951003" lon="113.13561">
    <time>2025-10-30T12:30:22Z</time>
    <name>内蒙古智诚物联股份有限公司</name>
    <desc>..345 km waren heute zu bewältigen um nach Ulanqab zu gelangen...

Doch ein klitzekleines Intermezzo hielt uns am Morgen noch ein wenig auf! 
Frieda macht keinen Wank - Batterien sind tod - ja Bravo!

Wir sind zwar alleine unterwegs in China, allerdings mit einem Touranbieter in Kontakt - falls es ein Problem gibt. Wir sind der Meinung, das ist ein würdiges Problem &amp; nix wie "losgechattet"... 
Echo (so heisst unsere Kontaktperson) nimmt die Suche nach neuen Batterien sofort auf - hin &amp; her geht die Chatterei... Wir kommen fast nicht mehr nach mit lesen...
Dementsprechend rasch sind die neue Batterien gefunden &amp; der nette Mechaniker kommt direkt auf den Parkplatz &amp; baut sie ein.

Aufgrund des erneuten Intermezzos mit Frieda entscheiden wir uns auf dem direkten Weg zur Garage zu fahren. D.h. 700 km bis am Freitagabend 17:00 Uhr.

Auf gut ausgebautet Autobahn ein "Klacks", denn man hat das Gefühl, diese Strassen seien für einen selber gebaut worden - so leer, wie sie sind.

Das heisst heute ein Fahrtag mit Weiten, die uns nochmals wehmütig an die Mongolei erinnern (immerhin sind wir ja in der Provinz Innere Mongolei), vorbei an verwaisten Tankstellen, die vor sich hinrosten...</desc>
  </wpt>
  <wpt lat="39.90929592250971" lon="116.36613081111966">
    <time>2025-10-31T14:12:11Z</time>
    <name>Beijing</name>
    <desc>...weitere rund 370km heute bis nach Beijing stehen auf dem Programm...

Wir sind beide ziemlich angespannt - das Klackern in der Armatur bei Frieda ist wieder stärker, wir hoffen wohl beide - so kurz vor dem Ziel (der Garage) - dass Frieda nicht "aufgibt"... 

Frieda ist mega! Sie macht ihren Job!
Wir kommen sicher in der Garage an - es bleibt gut Zeit alle unsere Bedürfnisse zu erläutern &amp; das ist doch einiges... das Interesse scheint gross zu sein, versammeln sich immer mehr Mitarbeiter um unser Fahrzeug. 

Dann Sachen packen &amp; mit dem Taxi ab in die Grossstadt Beijing wo wir uns unauffällig unter all die rund 22,500 Mio Einwohner mischen - es ist surreal - die Massen, der Lärm, das Tempo...</desc>
  </wpt>
  <wpt lat="39.9093681" lon="116.3662345">
    <time>2025-11-01T13:52:16Z</time>
    <name>Beijing 2. Tag</name>
    <desc>...ein wenig schlendern, ein wenig schauen, ein wenig Sightseeing, ein wenig essen &amp; trinken...

...&amp; immer wieder diese vielen Menschen, eine Menge Schritte gelaufen &amp; ganz viel Staunen</desc>
  </wpt>
  <wpt lat="39.90929592250971" lon="116.36613081111966">
    <time>2025-11-02T10:23:22Z</time>
    <name>Beijing 3. Tag </name>
    <desc>...vor etwas mehr als 30 Jahren, als ich noch mit dem Jumbo, statt mit Frieda in der Welt unterwegs war, war ich schon einmal hier beim "Temple of Heaven"...
Allerdings, die Erinnerung ist schwach &amp; ich meinte, dass nicht so viele Menschen damals vor Ort waren... eindrücklich war es aber schon damals...

Wikipedia gab es damals auch noch nicht, darum lernen wir heute:
"Der Himmelstempel bzw. Himmelsaltar (chinesisch 天壇 / 天坛, Pinyin Tiāntán, umgangssprachlich auch 北京天壇 / 北京天坛, Běijīng Tiāntán – „der Himmelstempel von Peking“) ist eine Tempelanlage in Peking, in der die Kaiser der Ming- und Qing-Dynastien jedes Jahr für eine gute Ernte beteten. Er wurde 1406–20 in der Ming-Dynastie unter dem Kaiser Yongle erbaut.
Der Tempel wurde 1998 von der UNESCO in die Liste des Welterbes aufgenommen."

Zum Mittagessen sind wir ins legendäre "Lei Garden" bekannt für seine exzellenten "DimSum" - fantastisch wars...😋

...ein gelungener Tag in Peking - wir lieben es immer noch hier zu sein...</desc>
  </wpt>
  <wpt lat="39.921958" lon="116.404807">
    <time>2025-11-03T11:51:45Z</time>
    <name>Dongcheng District 4. Tag</name>
    <desc>...geplant war ja erst ab heute in Beijing zu sein, die Umstände "zwangen" uns bekannterweise zu zwei "Extra-Tagen".

...darum heute Hotel-Wechsel &amp; Verabschiedung von den süssen Hotel-Robotern, die den Hotelgäste das auswärts bestellte Essen in ihre Zimmer bringen...

Auch in Beijing herbstelt es - glücklicherweise scheint aber immer noch die Sonne von früh bis spät, was doch etwas Wärme spendet.

Ganz in der Nähe befindet sich der "Jingshan Park" - genau in der richtigen Distanz um die Beine etwas zu vertreten. Die Anlagen hier sind ja im Allgemeinen unbeschreiblich schön. Mal drinnen wähnt man sich in einer anderen Welt es ist ruhig &amp; entspannt... vom höchsten Punkt aus erhaschen wir einen Blick auf die "verbotene Stadt" - unser morgiges Ziel.

...ein feines kunstvoll geformtes Glacé sowie im Hotel, nach dem Ausflug, Kaffee &amp;  einen ebenfalls kustvollen "Chees Cake" genossen...

...und gegen Abend...?!
...die erste Nachricht von der Garage: 
- erst die schlechte -&gt; Frieda's Lichtmaschine hat den Geist aufgegeben &amp; die Gute?! -&gt; sie haben Ersatz gefunden🥳

...hoffen wir mal, dass es bei Frieda so weiter geht...🙏</desc>
  </wpt>
  <wpt lat="39.9219588" lon="116.404787">
    <time>2025-11-04T12:58:51Z</time>
    <name>"Forbidden City" 5. Tag</name>
    <desc>...auch heute wieder! Diese Dimensionen - unfassbar!

Der Tian'anmen-Platz, der sich direkt vor dem Eingang der "verbotenen Stadt" im Herzen von Peking befindet, ist mit seinen rund 400'000m2 der grösste Platz der Welt  - bis zu 1 Millionen Menschen können sich dort auf einmal versammeln (...auch wenn hier penibel darauf geachtet wird, dass genau das nicht passiert...)

...ungefähr in ähnlichen Dimensionen geht es dann weiter mit der "Forbidden City" -  diese erstreckt sich auf rund 720'000m2. 
Über 980 Gebäude umfasst diese Anlage &amp; man munkelt, dass sich in diesen Gebäuden rund 9'999  Räume befinden... ich sagte ja schon - unfassbar!

Vor allem wenn man bedenkt, dass in dieser Stadt lediglich der Kaiser mit seinen Konkubinen &amp; seinen Angestellten gelebt hat... allen anderen Menschen war der Zutritt verboten - daher auch der Name "forbidden City"
...okay, der Kaiser hatte diverse dieser Konkubinen... so hatte Kaiser Taizong z.B. 122 Geliebte... (wo wir wieder bei den Dimensionen wären...🙄)

Nachdem die "verbotene Stadt" 24 Kaisern als Residenz gedient hatte - 14 der Ming- &amp; 10 der Qing-Dynastie verlor sie 1912 mit der Abdankung von Puyi, dem letzten Kaiser Chinas ihre Rolle als politisches Zentrum des Landes.</desc>
  </wpt>
  <wpt lat="39.9219552" lon="116.4048276">
    <time>2025-11-05T13:48:36Z</time>
    <name>"The great Wall" 6. Tag</name>
    <desc>...ein paar Wortes zu unserer Reise to "the great Wall"...
Nicht nur, wenn es zur grossen Mauer geht, beinahe generell für jede Sehenswürdigkeit hier in Beijing benötigt es eine Registratur, ein Ticket, den Pass... die Kontrollen sind allgegenwärtig, Polizisten am Strassenrand gehören zum Stadtbild, in Kameras lächeln wir schon länger nicht mehr, die regelmässigen Kontrollen sind beinahe "normal" - der Pass ist immer griffbereit...

Für unsere Tour zur "great Wall" sind wir Nr. 43 - sie begleitet uns den ganzen Tag (...wie auch der Pass)
Morgen um 7:40 Uhr am Treffpunkt reihen wir uns heute das erste - aber nicht das letzte - Mal ein. Wir werden durchgezählt &amp; forwärts marsch dem Fähnchen nach - zu unserem Bus, der uns zur "great Wall" fährt.
Auf der 1 ½-Stunden langen Busfahrt wird uns genaustens erklärt - mehrfach und mit eingezeichnetem Plan - wie wir die Mauer zu begehen haben...
Natürlich können wir wählen zwischen 
a) East oder
b) West... 

....wir entscheiden uns für beide Varianten - können wir - "no Problem" - allerdings um Energie zu sparen, so unsere zuvorkommende Reiseleiterin mit dem charmant chinesischen Akzent beim Englisch sprechen - würde sie uns empfehlen...

Wir merken, denken müssen wir eigentlich nicht mehr gross... das Ziel ist klar, die Wege gegeben... 

...spätestens um 15 Uhr haben aber alle wieder am Treffpunkt zu sein, sodass die Fahrt zurück organisiert &amp; reibungslos verlaufen kann... krass! 

... dann sehen wir sie ein erstes Mal - eindrücklich, wie sie sich in die Landschaft schmiegt - das rund 21'000km lange Kunstwerk, das einzige - so sagt man - dass vom Mond aus erkennbar sein soll...

...dann gehen wir die ersten Schritte auf den uralten Steinen, die bereits tausende von Schritten abbekommen haben &amp; immer noch Stand halten - sie sehen abgenutzt &amp; gebraucht aus, sind aber nicht gebrochen...

... weiterer Meilenstein auf unserer Reise - unglaublich schön, hier stehen zu dürfen - ein zufriedenes Gefühl macht sich breit, auch wenn das Begehen dieser "great Wall" zuweilen sehr anstrengend &amp; herausfordernd ist...</desc>
  </wpt>
  <wpt lat="39.9219572" lon="116.4047832">
    <time>2025-11-06T10:59:41Z</time>
    <name>Art District 798 - 7. Tag</name>
    <desc>...bevor wir auf den heutigen Tag zu sprechen kommen - noch ein Hinweis zum gestrigen - Regeneration abgeschlossen - neuer Text &amp; Bilder zu sehen...🤗 
..BITTE NOCH EINMAL ZURÜCK BLÄTTERN..

Eigentlich hätte es heute wieder einmal einen ruhigeren Tag werden sollen - doch wir erhalten gegen Mittag die freudige Nachricht, dass unsere Frieda komplett hergestellt sei &amp; auf uns warte, dass wir sie abholen...

Darum heute nichts wie hin zur Kunst &amp; Moderne nach so viel Tradition &amp; Altertum...

Unser Ziel "District 798" ein Kunstbezirk, in dem sich seit 1995 eine florierende Künstlergemeinschaft inmitten der Gebäude eines alten Fabrikgeländes im Bauhaus-Stil niedergelassen hat. 
Dieses Viertel befindet sich in einem ehemals militärisch genutzte Gebiet &amp; hat sich über die Jahre zu einem bunten Szeneviertel mit vielen Künstlerateliers und Galerien gewandelt - so zumindest waren unsere Erwartungen...

Vielleicht haben wir aber auch zu viel erwartet... wir erlebten viele Museen, die geschlossen, oder im Umbau waren - teils witzige Kunst, allerdings wenig überraschendes... nur am Wetter, dass sich zunehmend verschlechtert, kann es auch nicht gelegen haben... 

Morgen geht es nun raus aus Beijing - Frieda braucht "Auslauf" &amp; wir neue Umgebung...

Aber Peking werden wir in ganz toller Erinnerung behalten🇨🇳</desc>
  </wpt>
  <wpt lat="39.7561431" lon="116.0063113">
    <time>2025-11-07T11:46:27Z</time>
    <name>RESTART Wu Lanshan Yingdi</name>
    <desc>...auch wenn wir Frieda wieder zurück haben und so quasi "back on the road" sind stellt sich heute kaum ein "Hochgefühl" ein... das Vertrauen in sie, dass sie nun wieder "rund" läuft müssen wir erst wieder aufbauen, wie wir merken.
Jedes Geräusch lässt uns innerlich zusammenzucken, hören dauernd genau hin - ist auch nicht so förderlich...

...vielleicht liegt es aber auch am tristen Wetter - es ist kühl &amp; regnet bereits schon seit der letzten Nacht. Sind wir uns so ja gar nicht gewohnt... 

...oder es ist einfach einer dieser Tage, die man irgendwie durchleiden muss...

...da haben auch die selbstgemachten Spätzle zum Z'Nacht nicht geholfen...🤔</desc>
  </wpt>
  <wpt lat="39.9709563" lon="116.3273135">
    <time>2025-11-08T10:44:11Z</time>
    <name>Haidian District</name>
    <desc>...und da waren sie wieder...unsere Probleme...

* das unangenehme Klackern
* das Herumhüpfen des Zeigers
* diese unangenehm rot leuchtenden Lämpchen...

...da wir gestern glücklicherweise noch nicht so weit gefahren waren entscheiden wir uns kurzerhand zum Umdrehen, zurück zur Garage - auf ein Neues!!</desc>
  </wpt>
  <wpt lat="39.9708556" lon="116.3293608">
    <time>2025-11-09T14:09:15Z</time>
    <name>Sommerpalast &amp; Olympia Parc</name>
    <desc>...er mag ja schon recht haben, der gute Monsieur Sartre...

...und vielleicht hätte uns diese Aussage schon früher mal etwas mehr Leichtigkeit bescheren können in Situationen  - die eh nicht zu ändern sind...

Zum Beispiel beim...
○ Schlafen (...oder eben NICHT)  bei plus 35° Grad in der Kabine - ohne Klimaanlage! 
○ Schlafen (...oder ebenfalls NICHT) bei -19° Grad draussen - ohne Heizung! 
○ Grenzübergang der unerwartet geschlossen ist - was einen "Umweg" von 800km bedeutet...!
○ Abbruch des Rückspiegel, der dermassen beansprucht wurde durch die schlechten Strassenverhältnisse! 
○ Einfrieren von Frieda bei -19° Grad weil es nur Sommerdiesel zu tanken gibt!
○ Verbringen der Nächte auf dem Klo anstatt im Bett bei Magenverstimmung

...und es gelingt uns nicht immer gleich, die Dinge "hinzunehmen" - aber den heutigen Tag haben wir genossen - trotzallem!</desc>
  </wpt>
  <wpt lat="39.9709745" lon="116.3275335">
    <time>2025-11-11T08:29:47Z</time>
    <name>"Red Brick Art Gallery", Beijing</name>
    <desc>...erneut einer "unserer Tage"...

Zeit genutzt um das "Red Brick Art Museum" zu besuchen - ein herrlich kreatives Gebäude, dass 2014 fertiggestellt wurde als Museum.
Eine Menge Inspirationen für eine allfällige zukünftige Gartenanlage konnten wir im teils verwunschen anmutenden Garten finden...wie es hier im Sommer aussieht lässt sich nur erahnen...

Überraschende Kunst erwartete uns im Inneren:

☆ Olafur  Eliasson
☆ Andreas Mühe
☆ Christopher Le Brun

Nebenbei waren wir heute noch Haare schneiden - im gleichen Laden, aber nicht beim gleichen Frisör - trotzdem haben wir nun fast die gleiche Frisur...🤣

..und dann kam sie! Die gute, erlösende Nachricht! Frieda soll wieder fit sein! Wir freuen uns vorsichtig - vor gut einer Woche waren wir nämlich schon mal soweit...

Morgen soll es endlich weitergehen  - Inshallah🙏</desc>
  </wpt>
  <wpt lat="37.7341108" lon="114.6587952">
    <time>2025-11-12T13:04:07Z</time>
    <name>Irgendwo auf der G4 </name>
    <desc>...raus aus dem Hotel - raus aus Beijing! Wir geben es zu, es hätte "schlimmere" Orte gegeben zum Warten... 

Aber nun ist es gut!

Frieda ist wieder im "Schosse der Familie" - oder wir sind wieder "Heim gekommen".

Doch, was war eigentlich die Wurzel des Übels?!

Wir hatten einen Kurzschluss, ausgelöst von einem Anschlusskabel am Alternator, wo die Isolation nicht mehr ok war.

Auch hier muss davon ausgegangen werden, dass die eisige Kälte in der Mongolei dem Material zugesetzt haben muss..! 

Auf jeden Fall haben Messungen ergeben, dass der Orginal-Alternator hinüber war und ersetzt werden musste &amp; fluggs wurde ein neuer eingesetzt! Geflickt, gut ist! Wir freuen uns, dass es so schnell gegangen ist und fahren los - das war letzten Samstag!

Nach wenigen Kilometern jedoch hatten wir wieder die verdächtigen Geräusche, das Klick-Klack hinter dem Armaturenbrett, das Herumtanzen des Drehzahlmessers und das permanente Leuchten der Batterie. Nicht gut - gleich wieder hin zur Garage!

Nach vielen Entschuldigungen für die "schlechte Arbeit" (O-Ton Werkstattchef) hat man das zweite Mal wohl gründlichere Ursachenforschung betrieben &amp; Defektes besser geflickt ... allem voran den Isolationsschaden - und einen weiteren Alternator eingebaut.

...denn (&amp; wir wollen uns wirklich nicht zu früh freuen, aber...) wir sind heute gut 300km gefahren - kein Gehüpfe des Zeigers, keine Geräusche, die unser Blut zu Eis erstarren liessen... lediglich zufriedenes, regelmässiges Schnurren von Frieda...

Ist das schön! 😊</desc>
  </wpt>
  <wpt lat="37.47956740941638" lon="112.50217831031104">
    <time>2025-11-13T09:29:49Z</time>
    <name>Jinzhong Tankstelle</name>
    <desc>Spektakulär heute war, dass Frieda friedlich &amp; ohne unangenehme Zwischentöne zuverlässig - wie eh &amp; je - ihre Kilometer spulte... &amp; heute waren es deren viele... &amp; es kam noch eine unfreiwillige Extrarunde dazu - &amp; dass war so:

An der Tankstelle "Taigu North Service Area" war es mal wieder soweit: wir mussten tanken. 
Das Tanken ansich war unspektakulär - beim Bezahlen nahm das Unheil seinen Lauf... Peter's Zahlungsmittel funktionierte nicht (...davor graut uns ja immer😶‍🌫️) 

In der Regel funktioniert meine "Alipay" oder "WeChat" hingegen tadellos - in der Regel... doch nicht so dieses Mal...

1. Versuch - frustran! 2. Versuch - frustran! 3. Versuch - ups! Kein Erfolg - aber wir haben ja noch  "WeChat"! Aber auch hier - erfolglose Versuche...🥶
Glücklicherweise haben wir immer Bares für Notfälle - den wie sagte schon Katie Webster "...i want chash! No trash..."
Alle 5 Mitarbeitender der Tankstelle, die bereits um uns herumstehen lachen erleichtert auf, dass wir Bargeld haben - wir auch!

Weiter geht's! Noch 45km! Wir sind müde, wollten nur noch ankommen...
Kurz vor Pingyao - unserem Ziel - wollte ich die Brille wechseln von Sonne zu normal...

MEINE BRILLE IST WEG! Shit! Die muss bei der Tankstelle liegen geblieben sein😱 
Weil in der Nähe brauche ich keine Brille &amp;  zieh sie dann aus &amp; lege sie irgendwo hin... "mierda"
Vor allem; wie sag ich's meinem Manne?!🤓

Sein Blick sagt viel! Er im Moment gar nix..!

Wir entscheiden umzudrehen &amp; die Brille sofort zu holen...
Bald bessert sich unsere Laune wieder, denn wir erinnern uns: "Vielleicht ist es nicht die beste Zeit  - aber es ist unsere..."</desc>
  </wpt>
  <wpt lat="37.19313554414209" lon="112.17558892628094">
    <time>2025-11-14T03:40:49Z</time>
    <name>Pingyao, Ancient City</name>
    <desc>Bereits gestern Abend sind wir durch diese uralte Stadt gewandelt ... Überall wird gearbeitet &amp; renoviert - man hört Gehämmer, sieht Arbeiter auf Leitern, heimliche Blicke in Hinterhöfe zeigen, es gibt noch viel zu tun...
Zunächst aber einige Fakten:

Pingyao (chinesisch 平遙 / 平遥, Pinyin Píngyáo) ist eine Mittelstadt in der Provinz Shanxi in China mit etwa 42.000 Einwohnern, rund 80 Kilometer südwestlich von der Provinzhauptstadt Taiyuan gelegen. Die Stadt ist vor allen Dingen wegen ihres ming-zeitlichen Stadtbildes bekannt, das von der UNESCO auch im Jahre 1997 in die Liste des Weltkulturerbes aufgenommen wurde.

Bereits im Jahr 424 n. Chr. erhielt die Stadt ihren endgültigen Namen Pingyao.

Pingyao besitzt heute die längste vollständig erhaltene ming-zeitliche Stadtmauer Chinas, die seit 1988 auf der Liste der Denkmäler der Volksrepublik China steht, und weist noch eine Vielzahl historischer Hofhäuser auf. 

Wo man hinschaut - Wunderbare Bauten, herrliche Tempel zu bestaunen....

Leider aber auch hier; eine Menge Tourismus, viel Lärm - trotz Elektomobilen, die wie Derwische durch die Gassen jagen... 
Das alles macht es unmöglich, sich ein wenig in die Zeit von damals zu versetzen...</desc>
  </wpt>
  <wpt lat="35.73622612463679" lon="113.63911830922913">
    <time>2025-11-17T10:09:19Z</time>
    <name>Huixian City</name>
    <desc>...Sehenswürdigkeit in Huixian: die Guoliang Tunnel - wir haben sie uns heute angeschaut.

...was wir in China bereits schon alles gesehen haben hat bei uns den Eindruck erweckt, dass hier nichts unmöglich scheint...
Die Guoliang Tunnel hier in der Provinz Henan haben aber ihre eigene Geschichte. 
Das kleine Dorf Guoliang lag - beinahe abgeschnitten vom Rest der Welt weit oben am Berg. Der einzige Abstieg war nur möglich über einen steilen Pfad mit einer gefährlichen Himmelsleiter - 720 Stufen aussen am Felden.
1972 dann fasste das Dorf den Entschluss einen Tunnel durch das Bermassiv zu schlagen.
Der Tunnelbau erfolgte in absoluter Handarbeit - mit Hammer &amp; Meissel - so die Berichte. 
Unglaubliches haben die 13 Männer während 5 Jahren geleistet - Tag um Tag...

Eindrücklich anzusehen, bewundernswert der Durchhaltewille dieser Männer, die hier gebaut haben...

Für die, die Lust haben unten ein lesenswerter Artikel der FAZ - wir meinten heute diesen Herrn "Song Bao Chun" sogar angetroffen zu haben...😉


https://www.faz.net/aktuell/stil/tunnel-zur-aussenwelt-wie-sich-13-chinesen-durch-einen-berg-gruben-110587819.html

Übrigens... die Busse fahren nicht mehr durch die Tunnel, man muss selber laufen &amp; die Preise sind auch ein wenig gestiegen... trotzallem: die Faszination bleibt.</desc>
  </wpt>
  <wpt lat="34.5680853" lon="112.4835102">
    <time>2025-11-18T12:41:13Z</time>
    <name>Longmen-Grotten, Luoyang 🇨🇳</name>
    <desc>China ist spannend für uns! Eine neue Welt - irgendwie komplett anders!

Es ist noch schwierig in Worte zu fassen, was ich damit meine - vielleicht, weil wir hier auch anders unterwegs sind?! 

Normalerweise suchen wir die unbesiedelten Landschaften, die Weite, die Einsamkeit - doch das alles können wir hier lange suchen... vor allem vermeiden wir meistens die sogenannten Touristen-Hotspots!

Wir haben das Gefühl, Frieda hat sich erholt &amp; wird uns nun (hoffentlich) zuverlässig - die verbleibenden gut 5 Wochen - durch dieses riesige Land kutschieren... 

Wir haben den Eindruck, dass es nun "richtig" los geht dieses Land ein bisschen kennen zu lernen, das Essen zu kosten (obwohl wir bis heute schon das eine oder andere Gericht gemieden haben...) den Menschen hier zu begegnen...

Wir freuen uns drauf!

...von einem Touristen-Hotspot zum nächsten...😉</desc>
  </wpt>
  <wpt lat="34.5680853" lon="112.4835102">
    <time>2025-11-19T12:30:46Z</time>
    <name>Luoyang "Touri-Hotspot N° III</name>
    <desc>...auf geht's ins Vergnügen - heute steht die Besichtigung der "Longman Grotto Luoyang" an!  Die Sonne strahlt!

Mit dem Pass den Eintritt für die Grotte &amp; mit dem QR-Code das Ticket für das Elektrogefährt erstanden... ist ja alles super-easy mit Alypay (...solange es funktioniert...)!

Sie sind spektakulär - die Longmen-Grotten (auch Drachentor-Grotten, chinesisch 龙门石窟, Pinyin lóngmén shíkū) am Yi-Fluss 13 Kilometer südlich der alten Hauptstadt Luoyang.
Der Bau dieser Grotten soll seinen Beginn in der Nördlichen Wei-Dynastie gehabt haben &amp; dauerte ca. 400 Jahre bis in die Zeit der Tang-Dynastie.
Unglaubliche 2345 Nischen gibt es hier mit über 100.000 Buddhastatuen und mehr als 2800 Inschriften. 
Die größte Statue ist der 17,14 Meter hohe Buddha Vairocana und die kleinste Mikrogravur-Buddhafigur ist nur 2 Zentimeter hoch.

Man kann sich kaum satt sehen, wie filigran &amp; teilweise perfekt diese Statuen in diesen Stein gemeißelt sind.

Irgendwann war dann aber auch genug mit Stein, mit Buddhas mit Kultur, mit Altertum, mit Staunen &amp; wir marschierten erfüllt von UNESCO Kulturerbe &amp; Sonne zurück zur Frieda...</desc>
  </wpt>
  <wpt lat="34.3928593" lon="109.2804344">
    <time>2025-11-20T12:22:11Z</time>
    <name>Lintong District</name>
    <desc>...wir sind 370km weiter - das ist ein klassischer Fahrtag, dafür benötigt Frieda - zusammen mit uns -  gut &amp; gerne sechs Stunden mit Pausen.

Ein paar Worte zum Reisen in China mit dem eigenen Fahrzeug. 
Normalerweise werden diese Trips durch China von Agenturen angeboten für 28 oder 30 Tage. Meistens in Begleitung eines Guides, der dann mit einem zusammen die ganze Strecke mitfährt... 
Im Klartext heisst das, dass man jeden Tag 300 - 400 km abspuhlt &amp; sich daneben noch die Sehenswürdigkeiten ansieht...

Wie sich das so anfühlen kann haben wir erfahren in der Provinz Xinjiang bei unserem Kurztrip von Khorgas nach Bulgan - 1200 km in vier Tagen- nicht lustig und vor allem stressig.
Doch dieser kurze Einblick in dieses fremde Land faszinierte uns dermassen und wir entschieden uns damals: ja! wir wollen nochmals nach China! Wir wollen ohne Guide reisen! In mehr als 60 Tagen. Wir trauen uns das zu. 
Bei uns war es dann so, dass wir eine Agentur fanden, die uns unter ihre Fittiche nahm ohne, dass wir einen Guide mit dabei haben müssen - aber, wir sind stets im Kontakt, dass,  wenn etwas wäre, würden sie uns helfen ... so hat die Agentur auch unsere Mercedes-Garage gefunden und den Kontakt vermittelt.
Nach wie vor braucht es auch eine solche Agentur für die jeweiligen Grenzübergänge... nur schon für die Formulare, das temporäre chinesische Nummernschild, den temporären chinsesichen Führerschein, das Hinterlegen eines Depot für das Fahrzeug und überhaupt, wenn an der Grenze oder eben unterwegs was wäre.

...&amp; nun sind wir unterwegs auf diesen Strassen - alleine! - meistens auf Autobahnen, weil es einfacher &amp; schneller ist und die Distanzen einfach weit.

Wir finden es unglaublich hier mit unserem Fahrzeug zu sein!</desc>
  </wpt>
  <wpt lat="34.3014256" lon="108.9039172">
    <time>2025-11-21T15:17:22Z</time>
    <name>The Terracotta Warriors - Hotspot n° IV</name>
    <desc>...falls ihr mal in die Nähe von Xi'an kommen solltet solltet ihr unbedingt auch bei  "the Terracotta Warriors" vorbeischauen...

Ich meine; wieviel Bilder hat man schon davon gesehen?! Aber wenn man sich dann tatsächlich in diese Halle vorgekämpft hat, kann man kaum fassen, was da vor einem steht...

Terracotta-Krieger sind eine Sammlung von Tausenden von lebensgrossen Tonfiguren, die die Armeen von Qin Shi Huang, dem ersten Kaiser Chinas, darstellen. 
Sie wurden über Jahrzente von rund 700'000 Arbeitern erbaut &amp; sollten den Kaiser im Jenseits beschützen. Der Bau begann 246 v. Chr. 
Die Krieger bestehen aus Bogenschützen, Generäle, Reiter, Soldaten, Pferden, Streitwagen und sogar Beamten, wobei jede Figur einzigartig gestaltet ist. 

Dass ein Mausoleum besteht war bekannt. Auf die "Terracotta Warriors" allerdings stiessen Bauern 1974 zufällig - sie waren auf der Suche nach Grundwasser, als sie eine Terrakotta-Figur fanden.

Der Fund ist immens! So wurden über 8.000 Soldaten, 130 Streitwagen mit 520 Pferden und 150 Kavalleriepferde ausgegraben, weitere 6.000 werden noch unter der Erde vermutet.

Wenn man bedenkt in welcher Zeit &amp; mit welchen Aufwand jede einzelne Figur hergestellt wurde, wird einem fast schwindlig... &amp; dann diese Präzision! Die Finessen bei den individuelle Gesichtern, Frisuren und eine Farbe, die die Vielfalt der kaiserlichen Armee widerspiegelt - gewaltig!

...&amp; die Restaurationen werden wohl noch lange anhalten, wenn man sieht, was noch "begraben" liegt &amp; wieviel Feinarbeit es braucht beim Zusammensuchen &amp; kleben der Figuren...

...Archäologe sollte man sein...</desc>
  </wpt>
  <wpt lat="34.3019377" lon="108.9041739">
    <time>2025-11-22T09:07:04Z</time>
    <name>Xi'an - Hotspot N° V + VI</name>
    <desc>...wir liessen es heute langsam angehen - zwar wieder früh wach, doch wir blieben liegen &amp; lauschten dem erwachenden Tag, der sich rasch lautstark mit Motorengeräuschen &amp; mit dem uns schon so vertrautem Gehupe meldete... da fühlte sich das Liegenbleiben schon  bald nicht mehr sooo romantisch an...

Geplant ist, dass wir hier ausharren bis Dienstag früh - auch wenn wir nicht so begeistet sind vom Stellplatz 🙄 - denn dann erhalten wir unsere neuen chinesischen Führerausweise. Die Zeit will genutzt werden - darum erstellten wir eine "To-do-liste", die länger &amp; länger wird...🤓

Das Wetter ist mässig, darum haben wir auch keine grosse Lust für Vieles...

Waschen ist dringend nötig - eine Waschmaschine ist zur Verfügung, aber das Wetter?! Denn aufgehängt wird ja draussen... Darum wird in Etappen gewaschen...

Nach einem Tag zu Hause, ausserordentlich vielen Telefonaten aus der CH - die uns total aufgestellt haben - haben wir Lust auf Pizza - es geht mit "Didi" (das chinesisches Pendant zu Uber) Downtown! Es ist schliesslich Samstag 🕺💃...

...und hier geht die Post ab - meine Güte! 
Zudem begegnen uns die beiden erwähnten Hotspots "the Drummtower" zum einen &amp; "the Belltower" zum zweiten. 

...wir staunen - schon wieder...😜</desc>
  </wpt>
  <wpt lat="34.3014435" lon="108.9039425">
    <time>2025-11-23T07:46:37Z</time>
    <name>Xi'an - Hotspot N° VI - Radfahren auf der Stadtmauer </name>
    <desc>...das Fahren auf der Antiken Stadtmauer hier in Xi'an soll unvergesslich sein!
...ist es auch! 

Wir als Nicht-Velo-Fahrer wurden dabei besonders gefordert- zum einen sind die Fahrräder überhaupt nicht auf uns eingestellt (Reklamation Peter), zum anderen ist die Stadtmauer 13.7 km lang😱 - für uns einfach sehr lange (..meint Peter)!
Und zum dritten fühlt man sich danach, wie wenn man das Radrennen "Paris-Roubaix" absolviert hätte (...meinen wir beide!)

Spannend war es trotzdem; 
all das Treiben auf, unter &amp; um die Mauer zu beobachten. Den zahlreichen Menschen zuzusehen, die - wie wir auch - die Sonne genossen haben.
Dann die unzähligen Wolkenkratzer bestaunen &amp; sich fragen; wie lebt es sich wohl darin...🤔

Leider waren wir aber zu lange auf der Mauer oder zu langsam gefahren... 
sodass wir die "grosse Wildganspagode" nur noch von aussen sehen konnten, wie auch nur noch das Ende der grössten Springbrunnen-Show in Asien - sehr schade!</desc>
  </wpt>
  <wpt lat="32.705704" lon="106.0438952">
    <time>2025-11-25T10:14:23Z</time>
    <name>Guangyuan</name>
    <desc>Oh, oh... heute wird der Step etwas länger... mit gaaanz viel Lehrreichem denn es geht ums Essen!

Auch Peter &amp; ich essen hier viel mehr auswärts - eigentlich immer.
Nicht weil uns das Kochen keinen Spass mehr machen würde, viel mehr, weil wir uns hier immer &amp; überall in der Nähe von Gekochtem, Gebratenem, um wohlriechende Food-Stände oder Restaurants aufhalten...
Darum sei hier die Frage nach der chinesischen Esskultur erlaubt...

Grundprinzipien der chinesischen Esskultur:
● Yin &amp; Yang in der Ernährung
Essen soll ein Gleichgewicht schaffen:
Yin (kühlend): Gurke, Tofu, Melone, grüner Tee
Yang (wärmend): Ingwer, Lamm, Chili, Knoblauch

●Fünf Geschmacksrichtungen
Viele Gerichte streben eine Balance an:
süss / sauer / bitter / salzig / umami

● China hat nicht eine Küche, sondern viele:
☆ Sichuan (Sìchuān) 
berühmt für Scharfes &amp; betäubenden Sichuanpfeffer
Klassiker: Mapo Tofu, Hotpot

☆ Kanton (Guǎngdōng)
milde, frische Aromen, Fokus auf Zutatenqualität
Dim Sum, gedämpfter Fisch, Hühnergerichte

☆ Shandong (Shāndōng)
sehr alte Tradition, beliebt bei Hofküchen
kräftige Suppen, Meeresfrüchte

☆ Jiangsu (Jiāngsū)
süsslich, elegant, viel Flussfisch
kunstvolle Präsentation

☆ Zhejiang (Zhèjiāng)
mild, frisch, viel Gemüse &amp; Meeresfrüchte

☆ Hunan ( Húnán )
noch schärfer als Sichuan, aber ohne Sichuanpfeffer
stark aromatisch, viel Knoblauch

☆ Fujian (Fújiàn)
bekannt für klare, aromatische Suppen
Einflüsse der Inselküche

☆ Anhui (Ānhuī)
wild, rustikal, traditionelle Kräuter

Diese „Acht Grossen Küchen“ bilden die Grundlage der chinesischen Esskultur.

🍜 In China ist eine Mahlzeit ein soziales Ereignis - es bedeutet:
• Beziehungen pflegen
• Harmonie zeigen
• Respekt ausdrücken
• Zugehörigkeit spüren

Deshalb wird beim Essen viel geredet, gelacht und diskutiert.
Stille am Tisch wirkt im chinesischen Kontext oft unangenehm oder „komisch“, weil Essen kommunikativer Teil des Alltags ist.

🍜 Tische sind meistens voll mit verschiedenen, gefüllten Schälchen - aus folgenden Gründen hat man das Gefühl es wird unglaublich viel gegessen:

Zum einen hat das kulturelle Bedeutung-&gt;
Essen = Fürsorge
Zum anderen eine traditionelle Komponente-&gt; Essen steht für Wohlstand; wenn der Tisch voll ist, signalisiert das:
„Uns geht es gut.“
„Wir teilen gerne.“
„Du bist willkommen.“

Es macht riesen Spass sich durch all dieses Essen durchzuprobieren! Mal sehen, wo das noch hinführt....</desc>
  </wpt>
  <wpt lat="30.7302202" lon="104.1417195">
    <time>2025-11-27T12:25:38Z</time>
    <name>Research Base of Giant Panda, Hotspot N° VII</name>
    <desc>...was gibt es nicht alles zu sehen in der "Research Base of Giant Panda Breeding"?! 
Ich denke alles! Alles mögliche &amp; unmögliche, was man nur in Verbindung mit einem Panda bringen kann...

Angefangen von einem Museum, einer Kunstgalerie, Plüschtiere, Bekleidung, Glacé, Chapucchino-Dekor, Becher/Tassen in Panda-Form, Bonbons, ect...&amp; nicht zuletzt auch Pandas in allen Größen &amp; Altersklassen...

Seit dem Jahr 1987 gibt es diese Institution bereits, die damals mit sechs Großen Pandas gegründet wurde. Diese sechs Pandas sind damals in der Wildnis gerettet worden. 
Die Aufzuchtstation hat die größte Population an künstlich gezüchteten Großen Pandas. Mittlerweile leben zwischen 230 &amp; 260 Tiere hier - je nach Quelle...
In freier Wildbahn - so schätzt man - leben noch rund 1600 Tiere.

...und weil es soooo schön war, gehen wir morgen gleich nochmals hin, dann gibt es hier dann noch ein paar Panda-Bilder mehr &amp; Informationen zum Tier selber...</desc>
  </wpt>
  <wpt lat="30.7302202" lon="104.1417195">
    <time>2025-11-28T12:30:58Z</time>
    <name>"Research Base of Giant Panda Breeding - zum Zweiten...</name>
    <desc>...plötzlich waren sie wieder da! Nach dem gestrigen ruhigen Tag - die Menschenmassen...

Doch wer will es ihnen verdenken...
... denn mit einem Panda mal Auge in Auge zu stehen geht weiter über den "jööö-Effekt" hinaus - es geht direkt ins Herz❤️

Diese Tiere sind zu speziell, um sie nur einen Tage zu besuchen - darum war für uns von Anfang an klar, dass wir zwei Tage im Park verbringen würden  - volle Dröhnung Panda! 

Putzig sind sie allemal zu beobachten diese Bären! Fressen &amp; Ausruhen ist ihr Leben &amp; süss sein! 
Gegessen wird zu 99% Bambus &amp; da  Bambus nicht sehr gehaltvoll ist - muss mit dem Energiehaushalt sorgfältig umgegangen werden - das heisst: nach dem Essen erst mal Ausruhen! 

Und wir? Wir konnten uns kaum satt sehen an diesen drolligen Wesen - täglich 10 Stunden wandelten wir durch diese riesige Anlage &amp; schauten, schauten &amp; schauten mit einem "big smile" im Gesicht, denn es geht bei dieser Ansicht gar nicht anders...

Und wenn wir um uns blickten, stellten wir fest, dass die meisten Menschen um uns herum zufriedene &amp; fröhliche Gesichter hatten - ich würde soweit gehen und sagen: Panda's machen glücklich!</desc>
  </wpt>
  <wpt lat="30.728237686654648" lon="104.14590786066506">
    <time>2025-11-29T02:00:16Z</time>
    <name>Chengdu</name>
    <desc>Am vergangenen Samstag erreichte mich eine Nachricht, die mich tief erschüttert und für eine Weile vollkommen aus der Bahn geworfen hat. Das Nachhallen dessen spüre ich noch immer und vermutlich wird es mich noch einige Zeit begleiten.

Ich brauchte einen Moment des Innehaltens, denn im Angesicht dessen rückte die Bedeutung unserer Reise plötzlich in den Hintergrund. Jetzt aber fühlt es sich so an, als dürfe es behutsam wieder weitergehen...</desc>
  </wpt>
  <wpt lat="30.602882984794277" lon="104.12609565806063">
    <time>2025-11-30T02:46:27Z</time>
    <name>Wenshu-Tempel; Hotspot N° VIII</name>
    <desc>...wettertechnisch ist es heute sonnig, aber doch empfindlich kühl...
Auf dem Programm steht das Wenshu-Kloster. Es ist der Hauptsitz der buddhistischen Gesellschaft der Sichuan-Provinz und Chengdu-Stadt.

Wie viele dieser Kloster-Anlagen ist auch dieses eindrücklich in seiner Grösse; neben einer elfstöckigen Pagode, dem sogenannten Friedensturm im rechts gelegenen Tempelabschnitt, machen die Bibliothek und eine große Sammlung kultureller Altertümer das Hauptbild des Wenshu-Klosters aus.
Überliefert ist, dass einige der ausgestellten Sutrentexte im 18. Jahrhundert von drei buddhistischen Mönchen mit dem Blut ihrer Zungenspitzen geschrieben worden sein sollen. Zu guter Letzt beherbergt das Kloster circa 300 verschiedene Buddhastatuen aus verschiedensten Materialien, wie z. B. Holz, Stein, Eisen, aber auch Jade, viele von ihnen sind reich verziert und mannigfaltig dekoriert.

Bekannt ist das Wenshu-Kloster auch für seine feine vegetarischen Mahlzeiten, welche wir uns zum Mittagessen gönnten.

Den Tag liessen wir zusammen mit Sonja &amp; Gerd, aus den Niederlande, ausklingen. Wir trafen sie einen Tag zuvor auf dem Parkplatz....
Es ging in ein traditionelles chinesisches Restaurant zum Essen &amp; anschliessend auf ein Bier in Frieda's Stube.</desc>
  </wpt>
  <wpt lat="30.6033316116423" lon="104.14311848539795">
    <time>2025-12-01T02:59:59Z</time>
    <name>Chengdu; Hotspot N° IX / X &amp; XI</name>
    <desc>Hotspot N° IX: 
Volkspark mit dem traditionellen Heming-Teehous 
...eine Parkanlage die uns von ihrer Grösse her eher enttäuscht hat - überschaubar, im Vergleich zu anderen Anlagen, die wir schon gesehen haben...
Der Park sollte uns einen Einblick in das traditionelle Freizeit-Gebaren der Chinesen gewähren - da waren wir ja gespannt... Böötlifahren auf dem See konnte man z.B. taten allerdings nur wenige. Inmitten des Parks viele Gelegenheiten sich an Brettspielen zu beteiligen, wo wir aber beim besten Willen nicht herausfinden konnten, wie die Regeln waren... die patriotischen  Gesänge in ohrenbetäubender Lautstärke fanden grossen Anklang bei der Bevölkerung. 
Was uns sehr faszinierte, die Anzeigen in einer Ecke mit blauen oder rosa Zetteln: Kontaktanzeigen! Das im Zeitalter von Handy &amp; Computer...

Hotspot N° X: Kuanzhai Alley 
...sind Gassen aus der Qing-Dynastie mit restaurierten Innenhöfen, Boutiquen &amp; Gelegenheiten mal die Ohren professionell putzen zu lassen... (ist eine Erfahrung wert😉)

Hotspot N° XI: 
Anshun Bridge im Yulin District versprach eine spektakuläre Brücke sowie tolle Bars mit Livemusik - die Brücke gefiel uns sehr, die Livemusik, die aus jeder Bar dröhnte und dabei versuchte mit ihrer Lautstärke die Nebenbaren auszustechen schreckte uns eher ab - wir wollten fast schon aufgeben, fanden dann aber noch etwas schnuckeliges für einen "Schlummi"...</desc>
  </wpt>
  <wpt lat="29.561242554719144" lon="106.57912289970379">
    <time>2025-12-02T04:02:37Z</time>
    <name>Chongqing Hotspot N° XII / XIII / XIV</name>
    <desc>..wenn einer eine Reise in China tut, muss er auch mal mit dem Hochgeschwindigkeitszug (dem Bullet-Train) fahren...

Bullet-Train Hotspot N° XII
Spannender, als die eigentliche Fahrt mit dem Zug war für das ganze Drumherum - wie im Flughafen! Scannen des Gepäcks - zigmal Kontrolle der Tickets... überraschende ruhig dann aber die Fahrt - blitzschnell maximal 348km/h haben wir beobachtet geht es übers Land, doch der Zug ist ruhig, man bemerkt es kaum, das man beinahe fliegt...

...für uns ging es nach Chongqing - für uns auch ein Hotspot, nämlich N° XIII
Chongqing bezeichnet sich stolz als die
bevölkerungsdichteste Stadt mit rund 34 Mio Einwohnern!! Die Meinungen dazu gehen allerdings auseinander, denn es ist nicht ganz klar, welche Gebiete da alle dazu gezählt werden... aber eindrücklich ist sie allemal...

...einchecken im Hotel und gleich weiter zum.... 
Hotspot N° XIV zum Hongya Cave
Der Name ist irreführend; bei diesen "Caves" handelt es sich um einen grossen - riesigen (...wie ein bisschen alles in China😌...) mehrstöckigen Gebäudekomplex, der an eine Steilklippe gebaut wurde.
Die Architektur ist im traditionellen Bayu-Stil (Holz, Laternen), aber modern rekonstruiert.
Spektakulär wird es aber vor allem, wenn es eindunkelt und mit einem Schlag die dramatische Beleuchtung eingeschaltet wird - eine unvergessliche Show... (wie so vieles in China😂)</desc>
  </wpt>
  <wpt lat="29.561242554719144" lon="106.57912289970379">
    <time>2025-12-03T04:02:37Z</time>
    <name>Chongqing; Hotspot N° XV / XVI / XVII</name>
    <desc>...ein weiterer Tag in Chongqing, weitere Hotspots...

N° XV: Auf unserer Liste steht das "Three Gorges Museum". Die verschiedenen Austellungen erstrecken sich über drei Stockwerke. Das Museum ist gratis, da es auch als "Lehrmittel" für die Bevölkerung gilt... Dementsprechend werden auch all die glorreichen Bauten &amp; Errungenschafften hervorgehoben... dass wegen des Stausees 1,3 Mio Menschen umgesiedelt werden mussten &amp; zahlreiche Dörfer &amp; viel Kulturhistorisches "versenkt" wurden ist lediglich eine Randnotiz...
Allerdings...für all diese Infos wäre es ratsam gewesen einen Guide zu nehmen, denn all die Sehenswürdigkeiten in China sind auf den chinesischen Tourismus ausgelegt. Sprich: die Informationen auf Englisch sind eher spärlich - schade. 

N° XVI
Nach der Fussgängerzone die eine wahre Wohltat ist nach dem Verkehrsaufkommen in den Strassen von Chongqing, geht es zum Fusse des "Raffel'City" (ein weiteres riesiges Einkaufszentrum). Hier liegt der "Chaotianmen Square" - Hotspot N° XVII.
Chaotianmen Square ist ein Sinnbild für die rasche Entwicklung von Chonqing.
Wenn man auf diesem Platz steht, hat man einen wunderbarenbaren Blick auf den Yangtze Fluss - im Rücken &amp; gegenüber die Stadt...
Der Chaotianmen Square wurde im Sommer 1998 fertiggestellt &amp; umfasst 800'000m2.

...und last, but not least N° XVIII
...die Metro-Station "Liziba" dort fährt die Meteo doch tatsächlich durch ein Wohnhaus! Gebaut wurde dies auf diese Weise, um Platz zu sparen...
Bei uns? Unmöglich! In China? Ein Hotspot!</desc>
  </wpt>
  <wpt lat="30.60331037736554" lon="104.14333038041752">
    <time>2025-12-04T10:04:20Z</time>
    <name>Chengdu</name>
    <desc>Peter &amp; ich gönnen uns von Zeit zu Zeit gerne mal eine gehobene Küche. Und da der Guide Michelin in China präsent ist, nahmen wir uns vor, hier in China etwas Feines auszusuchen. 
Nachdem wir in Hotelrestaurants, Kantinen, Streetfood-Ständen und kleinen Restaurants verschiedene Küchenstile ausprobiert haben – Shandong, Sichuan, kantonesische Küche, Zhejiang, Hunan und weitere – fiel die Wahl auf die Königin des Feuers: Sichuan. Wir sind ja im Pfefferland Chengdu.

Die Wahl fiel auf das Restaurant «Silver Pot», das sich auf innovative, moderne Sichuan-Küche spezialisiert hat. Ich hatte gehörigen Respekt davor, was wohl auf einem chinesischen Tasting-Menu landen würde. Die Vorfreude war riesig, wurde dann aber bereits beim Bestellen durch die sprachlichen Schwierigkeiten etwas gedämpft. Das Personal sprach leider kein Englisch.
Nachdem wir klargemacht hatten, dass wir gerne das Tastingmenu möchten, ging es sofort los. Auf die Frage nach einer Weinkarte wurde mit der Übersetzungs-App die Gegenfrage gestellt: «Es ist eine Weinbegleitung dabei. Wollen Sie noch anderen Wein?» Nun denn, Weinbegleitung klingt gut, nehmen wir.
Als Apéritif erhielten wir einen kalt gebrühten Sichuan-Pfefferkorn-Tee, angenehm mild, leicht jasminartig mit herber Note, dazu Gewürznüsse und Orangenschnitze. Ein guter Einstieg, aber auch nicht mehr.
Der Pre-Meal-Snack kam als Tableside-Spektakel daher: ein grüner Weizen-Pancake, wahlweise süsslich oder scharf, erklärt über die allgegenwärtige Übersetzungs-App. Geschmacklich gut, aber leider völlig unklar, woraus die Füllung bestand.
Was dann folgte, sorgte eher für Verwirrung als für kulinarische Dramaturgie. Die irgendwo aufgetriebene, geschriebene Version des Tastingmenus brachte mehr Chaos als Klarheit: Die Abfolge stimmte nicht mit den servierten Tellern überein. Entrée und Starter fehlten, vom Pre-Meal-Snack waren noch zwei ausstehend, während die Appetizers bereits komplett auf dem Tisch standen. Kaum damit begonnen, wurde einer der fehlenden Snacks nachgereicht – Focaccia mit Sichuan-Pfeffer und Saubohnen-Dip – gleichzeitig mit dem ersten warmen Gericht, Wagyu mit verschiedenen Gewürzen und Saucen.
Das Wagyu konnte leider nicht überzeugen, es war zu stark gebraten. Die sehr guten Gewürze und Saucen vermochten das nicht zu retten. Danach assen wir uns weiter durch die Appetizers, immer wieder unterbrochen von warmen Gängen. Geschmacklich bewegte sich vieles auf hohem Niveau, meist mit viel Umami, auch wenn nicht jedes Produkt unser persönlicher Favorit war. Die Seegurke liess Heike beispielsweise stehen.
Laut Karte hätte nun eine tibetanische Pilzsuppe folgen sollen, stattdessen kam der «Starter»: marinierte Krabbe in Weinsauce, hervorragend und präzise zubereitet. Der eifrig bemühte Kellner brachte uns dazu zwei Gläser chinesischen Rotwein aufs Haus, was die Stimmung merklich auflockerte – trotz der weiterhin ungewohnten und verwirrenden Menüabfolge.
Das letzte Gericht vor dem Dessert waren gekochte Reisnudeln mit fermentierter Chili-Suppe. Das Gericht enthielt die typischen Sichuan-Pfefferkörner. Von der Schärfe her moderat. Sichuan-Pfeffer erzeugt ein einzigartiges prickelndes und vibrierendes Gefühl im Mund, das als «ma» in der chinesischen Küche bekannt ist.
Die Wirkstoffe aktivieren Nervenrezeptoren und lösen Vibrationen von etwa 50 Hz pro Sekunde aus. Dies führt zu einem Kribbeln auf Zunge und Lippen, gefolgt von vorübergehender Taubheit, ohne echtes Brennen wie bei Chilis. Zunächst schmeckt es blumig-zitrusartig mit Noten von Zitrone und Minze, bevor das sensorische Prickeln einsetzt, das Peter als angenehm und appetitanregend empfindet. Die Taubheit erinnert an einen Zahnarztbesuch, ist aber einiges milder.

Diese Taubheit im Mund hatte Peter schon ein paar Mal, er wählt ja meist Gerichte aus Sichuan in Restaurants. Es ist ein einzigartiges kulinarisches Erlebnis.

Fazit:
«Silver Pot» hat uns mit intensiven Umami-Aromen und handwerklich präzise gekochten Gerichten gut gefallen. Geschmacklich waren viele Gänge echte Umami-Bomben. Die Freude wurde jedoch durch die chaotische Menüfolge, die mühsame Kommunikation via Übersetzungs-App und der "Weinbegleitung" mit einem Frutchwein deutlich gedämpft.</desc>
  </wpt>
  <wpt lat="29.6672483487331" lon="103.66874534646391">
    <time>2025-12-05T06:42:40Z</time>
    <name>Leshan</name>
    <desc>🎼...working at the car wash
Working at the car wash, yeah🎶
Come ond &amp; sing it with me, car wash🎶
Sing it with the feeling now, car wash🎶 yeah..🎼

Eigentlich wollten wir ja nur mal Frieda wieder etwas "auffrischen / abstauben" lassen...
Schon beim Herfahren - schienen die Autowäscher Freude an Frieda zu haben  - mal was anderes, als so ein dreckiger roter chinesischer Dongfeng - sondern ein dreckiger Mercedes..🤷‍♀️
Alles Handarbeit - mit viel Liebe &amp; Herz!

Doch viel mehr waren die Frauen interessiert an mir - woran genau habe ich nicht wirklich verstanden - dachte mir zeige halt mal meine Tochter/Familie...

Viele "Ahs" &amp; "Ohs" begleitet von Ausrufen &amp; Fragen, die wir nicht verstanden - aber schlussendlich in herzlichem Gelächter endeten...

In gut einer halben Stunde strahlte Frieda wieder in alter Frische - wir vor Freude über die schöne, unerwartete Begegnung☺️</desc>
  </wpt>
  <wpt lat="29.582903510912463" lon="103.59932382407526">
    <time>2025-12-06T03:06:11Z</time>
    <name>Hotspot N° XVIII</name>
    <desc>....schon länger wünschten wir uns mal wieder etwas Laufen zu können, mal wieder ein paar Kilometer in die Beine zu bekommen und etas Natur zu geniessen ...

Auch wenn wir relativ spät los sind - denn mit der späteren Stunde kommen die Massen - war es bitter kalt, als wir bei der Talstation mit dem Bus nach 2h Fahrt ankamen. Unser Ziel war es von hier (~2500m.ü.M) zum Gipfel (3099 m.ü.M) insgesamt eine 3.1 km-Strecke.
Los ging es! Tritt um Tritt - denn der gewünschte "Wanderweg" war ein "Stairway to heaven" - so quasi... meine Gedanken bei jedem Schritt erinnert mich an die früheren Fitness-Stunden "Bauch, Beine, Po..."
Peter bekam Kopfweh, je höher es ging - ich müde Beine - als wir uns fragten, ob es ein Fehler war zu gehen - waren wir aber schon zu weit, denn HIER wieder runter zu steigen wollten wir noch weniger - es war dermassen steil - also hoch!
Wenigstens hatten wir so warm...

Müde oben - ich zufrieden heute die tägliche Schritt- (...oder sollte ich sagen Tritt-Zahl) erreicht zu haben - Peter wäre vermutlich zufriedener mit der Bahn gewesen...😆
Aber dann! Ich meine: hat man schon eine solche Statue gesehen?! Also ich - auf 3000m &amp;  in Gold - bestimmt noch nicht! Umwerfend schön!

Leider wollte das Kopfweh bei Peter nicht abklingen &amp; die Kälte in dieser Höhe gepaart mit dem Wind kroch unter unsere Kleider, sodass wir uns bald entschieden die Bahn runter zu nehmen.
Mission für heute - Natur &amp; was in Beine -  zur Genüge erfüllt...😉</desc>
  </wpt>
  <wpt lat="29.588248590974793" lon="103.46895083477047">
    <time>2025-12-08T06:13:47Z</time>
    <name>Toller Campground</name>
    <desc>Leider meint es das Wetter die letzten Tage nicht so gut mit uns - oft war es bewölkt, neblig, Temperaturen kommen kaum über 11° hinaus... 
In direktem Zusammenhang mit dem Wetter - sprich Sonne - steht ja unser - oder besser gesagt Frieda's - Energistatus.
Und da unsere Prozente mit jedem trüben Tag mehr sanken, machten wir uns auf die Suche nach einem Camping mit Strom &amp; Wasser. Und wurden fündig in der Nähe des "Giant Buddha".
Wir wurden so freudig &amp; nett aufgenommen &amp; es gefiel uns hier sofort so gut, dass wir 3 Nächte blieben - eher ungewöhnlich. 
Denn, mit den Campgrounds hier ist es so eine Sache - oft sind sie sehr runtergwirtschaftet &amp; ungepflegt, nicht eben einladend. Wir haben den Eindruck, Camping steht in China nicht sooo hoch im Kurs - oder wir verstehen das Camping anders wie die Chinesen...🤷‍♀️ 

Öfters stehen wir dann auch mal auf einem grossen Public Parkplatz - total unromantisch - aber ist die Türe mal zu, ist es einfach unsere gemütliche Stube🫶</desc>
  </wpt>
  <wpt lat="29.53297896837489" lon="103.76344536386897">
    <time>2025-12-09T08:53:27Z</time>
    <name>Oriental Buddha Capital - Hotspot N° XIX</name>
    <desc>...DAS hatten wir wirklich nicht erwartet!

Wir haben ja doch schon einiges an Buddha-Statuen &amp; Tempel gesehen, doch der "grosse Buddha von Leshan" schlägt alles bisher gesehene!
Er wurde während der Tang-Dynastie (618 - 907) am Zusammenfluss der Flüsse Min Jiang, Dadu &amp; Qingyi, aus dem Felsen gehauen. Sein Blick ist auf den Emei Shan (ihr erinnert euch...☝️) gerichtet.
Mit seinen 71 Meter Höhe &amp; 28 Meter Schulterbreite, ist er der weltgrösste, sitzende Buddha .. muss ein bequemer Stuhl sein.
...doch was wir im sogenannten "unterirdischen Palast" sehen durften war unglaublich - Buddha's Erleuchtung aus dem Stein gemeisselt - in einer Präzision, die unfassbar ist - und dann die Dimensionen von Buddhas aus dem Stein gehauen im Inneren - da können wir nur demütig staunen... 

...und vom liegenden Buddha draussen mit seinen 130 Meter Länge, haben wir noch gar nichts erwähnt...😉

...und es bleibt die Frage: "wie haben sie DAS so hinbekommen...🤔"</desc>
  </wpt>
  <wpt lat="27.77495648500114" lon="105.49262806452819">
    <time>2025-12-12T03:53:14Z</time>
    <name>Luzhou</name>
    <desc>🎼...wir fahr'n, fahr'n, fahr'n auf der Autobahn...🎶</desc>
  </wpt>
  <wpt lat="26.023135730089642" lon="105.68434478724905">
    <time>2025-12-13T05:16:37Z</time>
    <name>Anshun Wasserfälle Hotspot N° XX</name>
    <desc>...höchste Zeit mal wieder einen Ausflusg zu machen, höchste Zeit einen weiteren Hotspot aufzureihen...

Der Huangguoshu-Wasserfall befindet sich in  der Nähe von Ashun.
Mit einer Höhe von 74 Metern &amp; eine Breite von 101 Metern gehört er ja nicht zu den weltgrössten, aber mit seiner romantischen Lage vermutlich zu einem der hübscheren...

Ganz hübsch ist allerdings auch die überlieferte Geschichte über den Rhino-Pool, der sich durch den Wasserfall gebildet hat:

Der Nashornteich ist über hundert Meter breit und 17,7 Meter tief. 
Wenn die Sonne über den westlichen Bergen untergeht, bricht sich das Sonnenlicht im Nebel, der vom Teich aufsteigt, und erzeugt einen Regenbogen.

Dieses Schauspiel ist bekannt als „Schnee, der sich im Nashornteich spiegelt“. In alten Zeiten glaubte man, dass Regenbögen durch den Nebel eines mystischen Nashorns entstehen, das unter Wasser verborgen ist. Daher der Name „Nashornteich“. 
Laut den Annalen des Kreises Zhenning tauchte einst ein geschickter Schwimmer auf der Suche nach einem Schatz und fand ein schlafendes Nashorn am Grund des Teiches, umgeben von Juwelen. Der Schatzsucher versuchte, die Schätze zu stehlen, weckte dabei aber das Nashorn auf. Der Schatzsucher war dem Nashorn nicht gewachsen und konnte die Schätze nur zurück in den Teich werfen, woraufhin das Nashorn verschwand.  

...🥹</desc>
  </wpt>
  <wpt lat="25.69952599706659" lon="105.57345321411786">
    <time>2025-12-15T02:59:29Z</time>
    <name>Brücke Hotspot N° XX</name>
    <desc>..von mystischen Schätzen &amp; Nashörner zurück zu knallharten Fakten!

• Höhe: 625 Meter über Grund (doppelt so hoch, wie der Eiffelturm)
• Länge: 1400 - 3000 Meter (je nachd2m, wie gemessen wird...)
• Belastungstest: mit 96 Lastwagen über 5 Tage auf strategisch wi htigen Punkten = mit einem Gewicht von 3360 Tonnen
• Bauzeit: knapp 3 1/2 Jahre
• Kosten: 240 Mio Euro

...diese fanzen Zahlen alleine sind ja schon beeindruckend, allerdings auch noch erwähnenswert ist, dass bei der ganzen Konzeptionierung die Brücke bereits als eine Touristen-Attracktion geplant wurde.

In der Mitte der Brücke gibt es als Highlight jeden Mittag für 10 Minuten einen Wasservorhang zu bestaunen - als weiterer Fun-Faktor ist es möglich am Rande der Brücke (natürlich gesichert) zur Unterhaltungszone (ebenfalls in der Mitte, allerdings unter der Brücke angebracht) zu laufen😵‍💫
In der Unterhaktungszone - ich erinnere in einer Höhe von 625m - kann man über ein Seil oder auf hängenden Tritten balancieren... oder?! Für 350$ einen Bungeejump machen.

...wir waren noch am werweisen, was wir wohl probieren würden, doch leider wurde uns die Fahrt mit dem Lift nach oben verwehrt - wegen Bauarbeiten... ( hätte bestimmt tolle Bilder gegeben...😝)

..was ich noch vergass zu erwähnen - jeweils abends um 19:30 Uhr gibt es eine spektakuläre Lichtshow, dies mit 1000 von Lämpchen an den Aufhängungen der Hängebrücke - soo krass🤩!</desc>
  </wpt>
  <wpt lat="25.07087371726107" lon="104.87378860492106">
    <time>2025-12-16T04:42:44Z</time>
    <name>Qianxi'nan Buyizu Miaozu</name>
    <desc>...manchmal ist es ja ganz spannend, wo es einen hin verschlägt, wenn man einfach mal so auf "amap" (dem Pendant zu Googlemaps) einen Senic place anpeilt...

Ziel war einen ruhigen Übernachtungs-Spot zu finden &amp; noch Vorräte bis Laos zu besorgen...

Bereits die Fahrt zum auserwählten Ort war spannend - erinnerte uns eher an die "lost places" in Georgien, als an einen Vergnügungspark...🫣
Allerdings haben uns die Chinesen schon öfters überrascht... &amp; tatsächlich; auf einmal stehen wir auf einem grossen Parkplatz! Viel Personal, was eigentlich nichts zu tun hat...
Mit dem Taxi in die Stadt - zu einem Supermarkt sollte es gehen - auch hier wurden wir positiv überrascht - eine Halle voll Markt😍 - ich war begeistert! ...bis wir in die Fleisch-Abteilung kamen...

...ein weiterer Tag - auch wenn unfreundlich, da regnerisch &amp; kalt - geht versöhnlich zu Ende.</desc>
  </wpt>
  <wpt lat="23.651725212134096" lon="103.28417080464148">
    <time>2025-12-17T08:30:08Z</time>
    <name>Kaiyuan</name>
    <desc>..das Wetter wird besser... beinahe von einem Tag auf den anderen! 
Wir freuen uns sehr darüber. 

Eine weitere Parkmöglichkeit, die wir fanden erfreute unsere Gemüter, direkt an einem wunderschönen Park gelegen.
Gelegenheit die Sonne zu geniessen &amp; mal wieder bessere Möglichkeiten, etwas länger die Beine vertreten zu können...

Als Vollzeitgeniesser gönnen wir uns hier gleich zwei Nächte...😉</desc>
  </wpt>
  <wpt lat="23.12250299455369" lon="102.79213028966413">
    <time>2025-12-20T03:59:25Z</time>
    <name>Hotspot N° XXI Hani terrace of Yuanyang</name>
    <desc>...hoch hinaus soll es nochmals gehen - für drei Tage begeben wir uns auf knapp 2000m.ü.M  - wir fahren zu den Hani Reis-Terrassen.
Eng schlängelt sich die Strasse den Ailao Mountain hinauf zu Dörfern, die wie an die Hänge geklatscht aussehen. 

Die Hani-Reisterrassen sind eine beeindruckende UNESCO-Kulturlandschaft mit Tausenden von Terrassen, die sich über die Berghänge ziehen und eine einzigartige Landwirtschaftsform darstellen, bei der Reis und Fischzucht kombiniert werden, um eine nachhaltige Nutzung des Wassers zu gewährleisten.
Zudem sind die Hani-Terrassen ein Meisterwerk menschlicher Ingenieurskunst und ein lebendiges Beispiel für traditionelle, nachhaltige Landwirtschaft in einer spektakulären natürlichen Umgebung. 

Es gibt sowas wie ein Rundkurs, auf dem man vier Aussichts-Plattformen besichtigen kann. Wir waren auf deren drei - angefangen beim "Duoyishu scenic spot" über den "Bada scenic spot" bis zum "Laohuzui scenic spot". Sehr empfohlen wird, das Spektakel beim Sonnenaufgang &amp; -untergang  zu beobachten, da sich dann das Licht spektakulär auf den Reisflächen reflektiert.

Peter konnte in vollen Zügen seiner Fotografierlust frönen - ich staunte &amp; wurde demütig nur schon beim Schauen...</desc>
  </wpt>
  <wpt lat="22.0058971" lon="100.8280599">
    <time>2025-12-24T15:03:27Z</time>
    <name>Jinghong City</name>
    <desc>...euch allen friedliche &amp; fröhliche Weihnachten aus Jinghong City.
Wir feiern auch ein bisschen - auch wenn es füe uns nur wenig weihnächtlich ist...
... als goodie Impressionen eines Christkindel-Marktes der besonderen Art...🎄

...und übermorgen geht's nach Laos🇱🇦</desc>
  </wpt>
  <wpt lat="21.35727799965195" lon="101.68554933751159">
    <time>2025-12-25T07:54:07Z</time>
    <name>Xishuangbanna Daizu</name>
    <desc>...die Suche nach dem letzten Stellplatz in China stellte sich dann doch als eine Herausforderung heraus - dort wo wir wollten, durften wir nicht! Das 1. Mal, dass man uns weggeschickt hat...

So entschieden wir uns, dass wir vor dem morgigen Grenzübertritt - nur ernige Kilometer vor Mohan - auf der grossen Service-Raststätte nächtigen.

Weihnachtsessen: "Gehacktes mit Hörnli &amp; Apfelmus" mit einem feinen Rotwein😋

Bis zum Telefonat mit der Familie in der Schweizer um Mitternacht verkürzten wir uns mit unserer eigenen, kleinen Goa-Party🕺💃 - die Temperaturen lassen dies nun zu...</desc>
  </wpt>
  <wpt lat="20.944637283702328" lon="101.72884438196358">
    <time>2025-12-26T06:24:06Z</time>
    <name>Pangdou</name>
    <desc>... und Zack - wir sind da!

Pünktlich um 09:00 Uhr trafen wir Mr. Ai am Eingang des Grenzüberganges in Mohan - eigentlich ist die Strasse einfach fertig, ein ziemliches Chaos mit herumstehenden Autos &amp; Elektromofas ist, was wir sehen...
Aber Mr. Ai weiss wo es lang geht...
Den Ausreise-Stempel haben wir rasch, beim Checken des Fahrzeuges wird alles wieder genauer kontrolliert - nichtsdestotroz sind wir nach ca 1 Std durch.

LAOS ruft! 
So einen entspannten Grenzübergang wie hier haben wir selten mal erlebt! Geduldig &amp; freundlich werden unsere Sprachbarrieren weggelächelt &amp; wir sind noch schneller in Laos, wie aus China raus...
Nach einem kurzen Mittagessen nehmen wir die erste Fahrt in Laos unter die Räder...
Wow! Nach den Super-Autobahnen in China ein regelrechter Kulturschock! Einmal dachten wir, wir sind aus versehen in eine Kiesgrube gefahren - aber nein! Es war tatsächlich der Highway 🫣
So holpern wir wieder slowly, but surely zusammen mit riesen Sattelschleppen, wie drüben mit durchschnittlich 10km/h durch Laos...

Wir sind hier - aber noch nicht angekommen...</desc>
  </wpt>
  <wpt lat="19.964456018079037" lon="102.27632934237111">
    <time>2025-12-28T09:42:48Z</time>
    <name>Park Ou</name>
    <desc>...seit 250km sind wir nun auf Lao's Strassen unterwegs... 

Zwischenzeitlich waren diese versöhnlich gut zu befahren - ich höre Peter noch sagen: "...ich glaube, es wird nun immer besser..."
Ich kann euch verraten - es wurde nicht besser! Es wurde sogar sehr übel! Wir dachten ja schon auf dem Pamir "...schlimmer geht nimmer..." - doch, da kannten wir Laos ja noch nicht...
Herausforderung für Mensch &amp; Maschine!

Trotzallem haben wir gut Boden gemacht und sind kurz vor Luang Prabang - unser Ziel für Silvester.

Hier einen Tag ausruhen bei einer CH/Laotischen Familie im idyllischen Garten😍</desc>
  </wpt>
  <wpt lat="19.9134077" lon="102.1670547">
    <time>2025-12-31T06:41:16Z</time>
    <name>Khokva</name>
    <desc>...es ist der letzte Tag im Jahr, der 31. Dezember 2025 &amp; da sind wir nun - in Laos🇱🇦
...so viel ist passiert in den vergangenen 365 Tage - lasst mich kurz zurück blicken - ganz spontan ein Bild pro Monat (...wird nicht einfach...)

...2026 kann kommen... wir sind bereit &amp; freuen uns auf die Abenteuer, die uns noch erwarten...😄</desc>
  </wpt>
  <wpt lat="19.9135448" lon="102.1668989">
    <time>2026-01-01T14:09:31Z</time>
    <name>Khokva</name>
    <desc>...ich liebe ja Neuanfänge - sei es in Form einer neuen Agenda, eines frischen Schreibheftes, eines neuen Jahres oder Montage (...okay, die Montage in der Vergangenheit vielleicht nicht immer...) etc.

Ich meine, diesbezüglich war ja der Jahresanfang 2025 mit Montag,
neuer Monat, neues Jahr nicht zu toppen... Doch das nur am Rande.

Dementsprechend war die Latte dieses Jahr auch nicht soo hoch gelegt...
Ein leckeres Essen inklusive dem dazu passenden Wein musste schon sein - ich meine: wir haben ein fantastisches Jahr hinter uns - wenn das kein Grund zum Feiern ist?!🥳

Nach dem Essen trafen wir im "Sahai" Beate - für einmal " in echt"! Bisher hatten wir nur per WhatsApp mit ihr Kontakt... Im nullkommanichts war lockere Stimmung &amp; wir bewegten uns schon bald mit der Masse zum Hauptplatz...
Countdown, Feuerwerk, ein Telefon nach Hause - auch wenn meine Tochter vermutlich kaum ein Wort verstanden hat - einen coolen Rave aufs Parkett gelegt &amp; dann irgendwann  platt mit dem Tuck-Tuck Heim...

2026 wird unser Jahr! ...sagten wir letztes Jahr auch schon....🥂</desc>
  </wpt>
  <wpt lat="19.9119185" lon="102.1695256">
    <time>2026-01-03T04:37:58Z</time>
    <name>Luang Pragan </name>
    <desc>...das Neue Jahr geht mit grossen Schritten voran... mittlerweile sind wir bereits am 3. Tag angekommen.

Die Balance zu finden zwischen "was schauen wir uns alles an" &amp; "mal zur Ruhe kommen zu dürfen" ist manchmal schwierig... da ist im Hinterkopf immer mal das Gefühl, etwas zu "verpassen"...

Nach Luang Pragang kamen wir vor allem für Silvester, mit der Möglichkeit gut zu essen ... grundsätzlich sind wir aber auf der Suche nach Ruhe...

... aaaber da ist er schon wieder - der Gedanke: "...wenn wir schon mal hier sind... &amp; vielleicht kommen wir nie mehr hier her?!..."

&amp; zu sehen gibt es in Luang Prabang ja genug!

Am Neujahrstag mit dem Schiff über den Mekong zu den "Pak-ou- Höhlen" schön entspannend - vor allem die Schifffahrt tat gut, das ein wenig benebelte Hirn etwas zu lüften...

Super früh ging es bereits am 2. Neujahrstag raus. Nämlich um 5:00 Uhr; wir wollten dem Almosengang der Mönche in Luang Prabang beiwohnen. Die Vorfreude auf eine ehrwürdige Tradition wurde leider durch eine totale "Verkommerzialisierung" zerstörrt.

Abhacken &amp; weiter zur Besichtigung herrlicher Tempel, wie ein Auf- &amp; wieder Abstieg des "Phousi"-Mountains, dem Aussichtspunkt von Luang Prabang. 

Und weil wir gerade so im flow waren haben wir uns auch noch den "Royal Palace" mit dem Natiomalmuseum am Fusse des Phousi reingezogen...

...aber bald gönnen wir uns Ruhe - ganz bestimmt...🙏</desc>
  </wpt>
  <wpt lat="19.762462779294637" lon="101.98495028938235">
    <time>2026-01-05T08:44:25Z</time>
    <name>Kuang Si Wasserfälle</name>
    <desc>..was hatten wir heute für einen herrlichen Tag!
Die Kuang Si Wasserfälle sind wirklich ein wunderbarer Fleck auf dieser Erde - ich konnte mich nicht satt sehen an diesen Farben, dem klaren Wasser, an dieser wunderbaren Natur...

... heute freuen wir uns einfach mal an der Schönheit der Natur - lassen die "crude" &amp; verrückte Welt einfach mal beiseite...

...doch noch etwas zum Nachdenken:

"Die Welt wäre eine bessere,
wenn Menschen mehr daran denken würden, was sie aneinander haben - und nicht voneinander."</desc>
  </wpt>
  <wpt lat="18.9421927" lon="102.3370752">
    <time>2026-01-10T01:52:44Z</time>
    <name>Ban Nampoun</name>
    <desc>..."morgens um 7 ist die Welt noch in Ordnung..." 
...bin ich mal wieder versucht zu denken -  hier bei der Lagoone N°3 

...ausser, dass die drei Hähne hier seit 4 Uhr morgens pflichtbewusst ihre Schrei - Tiraden abhalten - ist es trügerisch ruhig &amp; friedlich.

Unvorstellbar, dass diese Ruhe schon bald wieder durchbrochen werden wird mit Motorrad- &amp; Tuck-Tuck-Geknatter &amp; von emsigen Kleinbussen, beladen mit zahlreichen Touristen, die diese Ruhe mutmaßlich ebenfalls suchen, aber im Touristen-Alltag hier leider wohl nicht finden...

Wir sind seit rund 500km in Laos unterwegs, die Strassen sind bisher eine einzige Herausforderung, das Suchen von hübschen Stellplätze eher Wunschdenken - die Kehrseite nicht als Backpacker unterwegs zu sein... 
... denn wir müssen attestieren - wir empfinden Laos als kein Overlander-Paradies - oder wir sind zu gross🙏

Nichtsdestotrotz - hat das Land eine Landschaft, die einen ruhiger atmen, immer wieder staunen lässt &amp; eine Atmosphäre der Gelassenheit, wie sie wohl nur in Asien zu finden ist...

...&amp; wir wünschen uns sehr diese Gelassenheit konservieren zu können - vor allem auch in der Frage "...wie weiter nach Thailand?"

Welt- &amp; geopolitische Umstände, aber auch lokale Neuigkeiten von zuhause, gehen nicht spurlos an uns vorbei. 

Sie beeinflussen uns - im besten Fall - dass wir noch demütiger &amp; dankbarer werden. 
Andererseits können sie aber auch vorsichtiger, misstrauischer machen, zuweilen leider auch ungekannte Ängste schüren - den Drang nach gewohnter Sicherheit verstärken...</desc>
  </wpt>
  <wpt lat="18.1178879" lon="101.976205">
    <time>2026-01-12T14:15:47Z</time>
    <name>Konkham</name>
    <desc>...Thailand kommt immer näher - das Internet wird immer schlechter...

Seit der Lagoone N°3 waren wir noch extrem mutig &amp; krakselten bis zur Nam Xay Aussichts-Plattform hoch. 
Es sind dies zwar nur 380m bis man oben ist, aber die wollen erlitten werden... 
die Sicht ist dann schon eindrücklich, ich hatte allerdings grössten Respekt vor dem Abstieg &amp; machte mich nach wenigen Minuten wieder auf den Weg runter...
Ursprünglich wollten wir ja Sonnen- Untergangt &amp; -Aufgang hoch steigen...
Für den Sonnenaufgang liess Peter dann allerdings lediglich die Drohne steigen😁

Was den Abstecher in die Hauptstadt Vientiane betrifft, waren wir eher etwas enttäuscht. Wir hatten uns aber auch im Vorfeld nicht wirklich schlau gemacht...
Die Stadt wirkt sehr baufällig, heruntergekommen... einzig, das COPE Visiter Center hat uns zutiefst beeindruckt.
 
Das Visiter Center informiert über das Bombardement der Amerikaner mit Streubomben über Laos in den Jahren 1974-1973,  womit das Land bis heute noch zu kämpfen hat... die Zahlen, die wir gehört haben sind unfassbar - so sollen bis heute immer nich 80 Mio Sprengsätze nicht entschärft sein... um nur eine Zahl zu nennen...

Der Weg führt uns Richtung Thailand - wir freuen uns drauf, obwohl wir uns in Laos sehr wohl fühlen...</desc>
  </wpt>
  <wpt lat="17.7689908" lon="101.3664164">
    <time>2026-01-16T01:37:14Z</time>
    <name>Houaylot</name>
    <desc>..was geht, wenn nix mehr geht...?!

Voller Vorfreude &amp; mit Thailand immer vor Augen  fuhren wir am 14. an die thailändische Grenze - &amp; hier befinden wir uns aktuell immer noch...

Nicht lustig! Allerdings, da wir in einer Gruppe von fünf Fahrzeugen sind - so à la "geteiltes Leid ist halbes Leid" usw... - ist es erträglich.

Mittlerweile überwiegt die Überzeugung, dass wir rüber kommen werden, die Frage ist bloss wann...?!

Wir bleiben positiv &amp; freuen uns weiterhin auf Thailand - denn: 
"Vorfreude ist ja bekanntlich die schönste Freude..."</desc>
  </wpt>
  <wpt lat="17.4801225" lon="101.3525021">
    <time>2026-01-17T02:27:19Z</time>
    <name>Phu Ruea</name>
    <desc>...nach zwei Tagen - mehr oder weniger -  geduldigem Warten &amp; viele  Diskussionen über unsere Situation, später dann über "Gott &amp; das Leben" ging es dann plötzlich schnell...
Der Ruf der Grenze erreichte uns!
Nichts wie los!
Tja, aber auch dann - endlich dort - hiess es wieder, sich in Geduld üben &amp; niemand richtig wissen, wie wo was... aber doch mit der Gewissheit, es wird werden!!

Dann wieder plötzlich - alles ist fertig!
Wir waren drin!</desc>
  </wpt>
  <wpt lat="16.792717287332557" lon="101.04653181517594">
    <time>2026-01-18T08:00:31Z</time>
    <name>Khaem Son</name>
    <desc>Wat Phra That Pha Sorn Kaew
วัดพระธาตุผาซ่อนแก้ว

...da fuhren wir so die Strasse rauf - es sind hier super Strassen, zweispurig, gute Beläge - wenn man bedenkt woher wir kommen... und weiter oben, noch ganz klein begrüsst uns der Buddha aus der Ferne  - was für ein Anblick - wunderschön!

Es ist eine Freude hier zu sein!

Die Temperaturen &amp; die Luftfeuchtigkeit scheinen täglich zu steigen... egal - wir freuen uns!

Mit Blick auf den Buddha lässt sich herrlich schlafen...</desc>
  </wpt>
  <wpt lat="16.569384" lon="100.6897179">
    <time>2026-01-21T04:41:21Z</time>
    <name>Ban Mung</name>
    <desc>"Und dann muss man ja auch noch Zeit haben, einfach dazusitzen und vor sich hin zu schauen"      Astrid Lindgren

... wenn nicht hier? Wo dann? 

Was wir machen...?!
... ein bisschen Maintenance an Frieda...
... ein wenig putzen in Frieda...
... nicht viel aufräumen...
... nichts nennenswertes umräumen...

Aber auch...
...viel überlegen &amp; nachdenken...
... lesen &amp; recherchieren
... viel geniessen &amp; Ausruhen...
... viel Ruhe (dies allerdings mehr innerlich, denn auch die Thailänder scheinen die laute Beschallung zu mögen...)

...&amp; jeden Abend: Das Schauspiel der Fledermäuse beobachten...</desc>
  </wpt>
  <wpt lat="17.4209627" lon="99.7838398">
    <time>2026-01-24T02:29:05Z</time>
    <name>Si Satchanalai</name>
    <desc>Wir sind auf dem Weg in Norden Richtung "goldenes Dreieck". Das Fahren hier ist - trotz Linksverkehr - entspannt. 

Unser Weg ist begleitet von unzähligen Tempelanlagen in den verschiedensten Arten &amp; Grössen - wunderbar anzusehen - in Thailand sind rund 44'000 solcher "Wat" offiziell gelistet...

Immer wieder finden wir "Perlen" um eine Rast einzulegen &amp; ein Capucchino zu geniessen.

Besonders beeindruckt hat uns aber der Si Satchanalai อุทยานประวัติศาสตร์ศรีสัชนาลัย ein Geschichtspark im Landkreis (Amphoe) Si Satchanalai, Provinz Sukhothai, Thailand.
Mit Mieträdern pedalten wir gemütlich durch die riesige Anlage. 
Noch mehr als die Ruinen der historischen Stadt gleichen Namens, die eine der wichtigsten Städte im vom 13. bis 15. Jahrhundert bestehenden Thai-Königreich Sukhothai war, faszinierte uns diese friedliche Stimmung!
Die Farben, die frische Luft am Morgen, die zahllosen Vogelstimmen rund um uns herum - atemberaubend...</desc>
  </wpt>
  <wpt lat="19.9021108" lon="99.8279378">
    <time>2026-01-29T05:57:39Z</time>
    <name>Chiang Rai City Municipality</name>
    <desc>Thailand ist gut zu uns. Wir sind in einem ganz anderen Tempo unterwegs - wir machen Ferien...
Zumindest ist dies unsere Absicht...
... nur, wie stellt man vom "Unterwegssein" um auf Ferien?!

Wir sind im Lande des Lächelns &amp; der unzähligen Tempel...?! Es ist warm, das Essen lecker, Land &amp; Leute wohlwollend &amp; unglaublich freundlich - wir fühlen uns richtig wohl.
Wir sehen uns Städte &amp; Stätten an, Tempel &amp; Museen - zur Entspannung mal eine Massage, zum Frisör - auch mal die Seele soll mal baumeln können...

Und doch - im Hinterkopf immer wieder die Frage: "wie weiter..?!"
Wir müssen ja 
a) hier wieder raus &amp; 
b) irgendwo wieder rein &amp; weiter...

Glücklicherweise gibt es ja Möglichkeiten, doch die eine oder andere haben so ihre Herausforderungen... die eine weite Wege / andere sind mit hohe Kosten verbunden / wiederrum andere nicht eben Material freundlich / dann gibt es da auch die gefährlichen Länder etc, etc... "da ist guter Rat teuer", andernfalls "kommt Zeit, kommt Rat" oder doch eher "...Geduld bringt Rosen"...?!

...nur, was sollen wir hier mit Rosen...?!🤔</desc>
  </wpt>
  <wpt lat="19.750477848205097" lon="99.36244000292469">
    <time>2026-01-30T06:02:41Z</time>
    <name>San Sai</name>
    <desc>... Hack &amp; Oli - eine Begegnung der besonderen Art...

...da fahren wir so durch die Highlands des thailändischen Nordens &amp; Peter meinte noch so: ..."jetzt ein Capucchino.
 - das wär's..."
Kaum ausgesprochen taucht auf der linken Seite - aus dem Nichts - "BanLungMa" - dieses Café auf!

Mein Herz hüpft! Was für eine Ausssicht! Welche Ambiente! Für mich: Liebe auf den ersten Blick!
Betrieben wird das "BanLungMa" von Hack &amp; Oli - zwei Schwestern.
Wir fragen, ob wir hier über Nacht stehen bleiben &amp; den Nachmittag auf der tollen Terrasse verbringen dürfen? Wir dürfen beides - mit Freuden beidseits!

Im Verlauf des Nachmittags lädt uns die CEO - wie Oli ihre ältere Schwester nennt - ein, ein kleines Dorf in der Nähe zu besuchen.
Für uns eine Gelegenheit, denn in solche Dörfer kommen wir mit Frieda nie...

Angekomen wird zunächst im dorfeigenen Kiosk massenhaft Chips &amp; Süsses eingekauft. Wir verstehen nicht so richtig, was das soll...?!
Die Schwestern geben uns zu verstehen, dass dies für die Kinder ist - mit einem etwas komischen Gefühl machen wir nach mehrfacher Aufforderung mit &amp; verteilen etwas widerwillig diese ungesunden Sachen an die Kinder... Diese scheinen das Ritual zu kennen &amp; freuen sich sichtlich über die Gaben.

Das Dorf ist sehr einfach, um nicht primitiv zu sagen... Überall brennen die typischen kleinen Feuer vor den Holzhäusern - die Kinder rennen uns Barfuß voran oder hinterher... die Neugier ist gross - die Kommunikation sehr schwierig &amp; extrem dürftig einzig ein bisschen Verständigung mit Oli per App ist möglich. Wir verstehen auch nicht, was Hack &amp; Oli über uns erzählen, es wird auf jeden Fall viel gelacht! Und wir lachen dann einfach mit...
Zu unseren Ehren werden noch Nudeln gekocht - ganz traditionell auf dem Feuer... ziemlich scharf &amp; sehr lecker.

Wieder zurück in Frieda - in unserer Stube - hallt die Einfachheit, das Ärmliche &amp; so ganz andere Leben, wie wir es eben NICHT kennen noch lange nach...</desc>
  </wpt>
  <wpt lat="18.793584319918907" lon="98.98059452797607">
    <time>2026-02-03T15:43:49Z</time>
    <name>Chiang Mai</name>
    <desc>Was den Charm von Chiang Rai betrifft, waren wir eher enttäuscht.
Chiang Mai soll es nun richten...😉

Eng &amp; immer enger wird die Fahrt, je näher wir uns ins Zentrum kämpfen. Aber, das sind wir uns ja mittlerweile etwas gewohnt... Erste Stellplatz ist nichts - der zweite dafür umso besser. Die Altstadt zu Fuss erreichbar, was willst man noch mehr?!

Natürlich - auch hier - Tempel über Tempel (an die 200 sollen alleine in Chiang Mai stehen). Peter gibt da schon mal Forfait - ich liebe es! Wie es glitzert &amp; glamoured... Der Buddha, als Figur &amp; seine Lehren im Allgemeinen haben es mir schon von jeher angetan🙏

Viel Spektakuläres machen wir hier nicht - üben uns mal wieder im "uns treiben lassen" oder beobachten einfach das Treiben. Statt zu Fuss mal im Tuck-Tuck unterweg, ab &amp; zu mal eine Massage - wahlweise "Thai" oder "Fuss" &amp; immer wieder etwas feines essen gehen, so bringen wir die zwei Tage komfortabel rum...</desc>
  </wpt>
  <wpt lat="15.7127259" lon="99.9480059">
    <time>2026-02-11T13:33:25Z</time>
    <name>Ban Dong Nong Luang</name>
    <desc>Seit 26 Tage reisen wir nun im Königreich Thailand rum. Nachdem wir uns vorwiegend im Norden aufgehalten haben, nähern wir uns Tag für Tag Bangkok.
Auf den rund 2000km im ehemaligen Siam, haben wir schon wieder so viele Eindrücke sammeln dürfen  - hügelige Landschaften mit Wäldern, die an den Dschungel erinnern, Reisfelder in verschiedenen Stadien des Anbaus, Bananen, Papaya, Mangos en Mass, es könnte auch das Paradies sein... dann wieder diese Gerüche wenn morgend vor den Hütten Holz verbrannt wird, irgendwo ein Grill für die Sathay-Spiesse entfacht wird und immer wieder reizende Begegnungen mit den Einheimischen. Nach wie vor herausfordend, was die Sprache betrifft, aber immer wohlwollend, freundlich, meistens mit einem Lächeln - die Bezeichnung "Land des Lächelns " macht den Menschen hier alle Ehre...

Thailand wird auch als das "Land der Freien" bezeichnet - Thai hat die Bedeutung "frei" &amp; so fühlen wir uns hier auch - egal, wo wir bisher waren.

Wie wir uns Bangkok nähern, klettert auch das Thermometer gnadenlos - mittlerweile messen wir tagsüber bis zu 34° gepaart mit einer Luftfeuchtigkeit, die ijres gleichen sucht... nachts kann es auf 25° abkühlen, wo man dann morgens schon mal kurz zur Decke greift um nicht kalt zu bekommen...

Wir haben das grosse Privileg weitere vier Wochen hier verbringen zu dürfen. Dann werden wir den Süden bereisen &amp; au h wieder berichten...

Aber zunächst freue ich mich unendlich auf den Besuch einer meiner engsten Freundinnen❤️

Dies hat allerdings zur Folge, dass ich mich hier auf Polarstep für diese Zeit "beurlaube" - ab dem 1. März werden wir dann wieder berichten:
- wie es war
- wie es ist
- wo wir sind
- was wir machen &amp;...
- wie es weiter geht🪷

Euch allen eine gute Zeit
Herzlichst
Heike &amp; Peter 🥰</desc>
  </wpt>
  <wpt lat="8.9176093" lon="98.2495648">
    <time>2026-03-03T04:21:28Z</time>
    <name>Phang-nga Province</name>
    <desc>...lieber spät wie nie... sind wir wieder auf diesem Kanal...

Die zwei Wochen Ferien mit meiner Freundin waren wohltuend &amp; fühlten sich tatsächlich wie Ferien an. Wir besuchten Strände in Phuket &amp; auf Krabi &amp; liessen mehrheitlich die Seele baumeln. Es war toll ein wenig Heimat hier zu haben.

Peter &amp; ich haben uns wieder - 
Seit dem 1. März sind wir erneut mit Frieda unterwegs &amp; wollen nun unsererseits auch noch etwas "Ferien" machen...

Bei Temperaturen bis 34° gepaart mit hoher Luftfeuchtigkeit ist auch kaum was anderes möglich...
Die Hitze setzt uns vor allem beim Schlafen zu - wenn es uns kaum gelingt unter 30° "runterzukühlen"...

Momentan stehen wir auf dem "Riverside Camping".</desc>
  </wpt>
  <wpt lat="8.9332364" lon="98.2582361">
    <time>2026-03-05T14:06:21Z</time>
    <name>Ko Kho Kao</name>
    <desc>Nachdem Peter zwei Wochen "me-Time" beanspruchen durfte &amp; ich dieses Zeit mit meiner Freundin Bettina genossen habe, ist es nun an der  Zeit unsere gemeinsamen Ferien anzugehen.

..uns dünkt, das ursprüngliche Thailand ist hier auf Ko Kho Kao zu finden - oder WIR haben es hier gefunden.

Mit der aufkommenden Wärme der Morgensonne schälen wir uns aus unserem Bett.
Noch vor dem Frühstück machen wir einen langen Marsch dem Strand entlang... dabei schrecken wir zahlreiche Krabben in verschiedensten Grössen auf. Fasziniert von diesen Wesen freuen wir uns am Beobachten des ihnen so eigenen Fluchtverhaltens. Wir bewundern die Muster die sie in den Sand kreieren, bevor diese schon bald wieder von der  Flut weggespült werden.
Wir passieren den einzigen FKK-Strand Thailands - schrecken dabei aber niemanden auf &amp; beobachten auch kaum...

Danach das Frühstück - bereits ein Highlight des Tages: Müäsli mit frischen Früchten "das machen wir dann auch zu Hause so - immer frische Früchte" meint Peter &amp; das meint er ernst.. als könnte es nicht besser werden gönnen wir uns noch einen dieser herrlichen Annanas- oder Mango-Säfte...

Den Rest des Tages flätzen wir auf den Liegen, die da rumstehen, springen ab &amp; zu ins Nass - kühl ist es immer noch nicht - sinnieren über unsere Zukunft &amp; erfreuen uns an unserem momentanen Leben...


...denn, daran, was im Rest der Welt los ist, mögen wir gerade nicht so denken...🫣</desc>
  </wpt>
  <wpt lat="8.9332352" lon="98.258232">
    <time>2026-03-08T04:36:21Z</time>
    <name>Hapla Beach Resort</name>
    <desc>...alles hat ein Ende...

...so auch unsere selbsternannten Ferien...

Schweren Herzens - wir denken öfters hier könnten wir für immer bleiben - werden wir morgen in Richtung Malaysia aufbrechen.

Mit Malaysia begeben wir uns so quasi in eine Sackgasse.
Aufgrund der Bestimmungen können wir nicht wieder nach Thailand einreisen. Unser Kontingent an Tagen für das FVP (Bewilligung für Frieda) haben wir ausgeschöpft. 
WIE es von Malaysia weiter gehen wird ist mittlerweile auch klar - per Fracht für Frieda &amp; mit Flugzeug für uns.
...nur wohin bleibt die Gretchen-Frage:

* Oman? unser ursprünglicher Wahlort - ist momentan keine Option🤷‍♀️

* Australien? Viele mühsame Auflagen, wie "Biocleaning" &amp; Verschiffung einer leeren Frieda mit Extra-Container für unsere "Personal belongings"... haben wir eigentlich schon verworfen.

* Afrika? Warum nicht?
* Amerika? Noch nicht...
* Südamerika? Auch eine Option ..

...es bleibt spannend...</desc>
  </wpt>
  <wpt lat="7.4358215" lon="99.3457524">
    <time>2026-03-12T14:19:05Z</time>
    <name>Hat Chang Lan</name>
    <desc>...interessanterweise empfinden wir meistens das Gleiche; oder wie die Thailänder/Innen es so schön ausdrücken:"...same, same, but different..."

Bisher war es zumindwst immer so, dass wenn wir vor einem Grenzübertitt standen wir in so eine komische Stimmung verfallen sind...
 
Irgendwie wollen wir am liebsten noch länger bleiben - wollen gar nicht raus. Denn wo wir gerade sind bewegen wir uns in gewohnten Gewässern, wissen, wie "der Hase läuft"...

Andererseits freuen wir uns auch auf das Neue.
Die Freude - meist gepaart mit einer spannungsgeladenen Ungewissheit, mit Informationen, die uns von anderen Reisenden mit auf den Weg gegeben wurden &amp; wir damit trotzdem noch nicht viel anfangen können...

Oder wie es Meister Eckhard sagte:

"...und plötzlich weisst du: es ist Zeit, etwas Neues zu beginnen und dem Zauber des Anfangs zu vertrauen..."

..am nächsten Sonntag ist es  soweit!</desc>
  </wpt>
  <wpt lat="5.794436777947279" lon="100.40246897386425">
    <time>2026-03-15T08:29:14Z</time>
    <name>Kedah</name>
    <desc>... das war mit Abstand der schnellste! 
Die Rede ist von unserem Grenzübertitt von Thailand nach Malaysia - zumindest wenn wir auf unsere Erfahrungen der letzten 16 Grenzübergänge zurückblicken... 

Ausreise Thailand; Ausreisedatum in Pass gesetzt, Formular für Frieda abgeben - ca 15' -  wenn ich nicht noch zur Toilette gemusst hätte...

Malaysia - Einreisestempel erhalten 90 Tage Visafrei im nullkommanichts - max 5'

Die Dame vom Zoll möchte zwar Frieda geöffnet bekommen - aber mehr wie ein Blick rein verbunden mit einem 👍 braucht es auch hier nicht...
Für das Carnet de Passage ist dann aber doch ein Gang ins Büro nötig, wobei wir überall freundlichst durchgewunken werden - und "zack"! Wir sind in Malaysia!

Wir stehen da noch eine Weile rum &amp; sind unsicher, ob das nun alles war, checken nochmals ChatGpt... das war's tatsächlich! Wir schätzen max 60 Minuten - krass!

Wir haben nach dem Grenzübertitt nicht einmal "Abgeklatscht", wie wir das Üblicherweise tun...
Das machten wir dann, als wir Geld geholt, eine Versicherung abgeschlossen und die sogenannte "touch n' go" card eingetüttet hatten...

Wir haben gelesen:

"Malaysia is a country unlike any other: Full of promise and fragility. Its history, cultural and religious diversity make it a rich, compelling and surprising country"

....da sind wir ja gespannt &amp; freuen uns drauf🙏</desc>
  </wpt>
  <wpt lat="5.7556036" lon="100.3628629">
    <time>2026-03-17T08:11:04Z</time>
    <name>Singkir Laut</name>
    <desc>...Seit gut drei Tagen sind wir bereits in Malaysia. 
Hier ein paar Fakten zum Land:

☆ Hauptstadt: Kuala Lumpur (~2Mio Einwohner)
☆ Regierungssitz: Putrajaya
☆ Sprache: Malayisch oder Malay, English
☆ Ethnien: ~53% Malaien, ~21% Chinesen, 11% Indigene Völker, 6% Inder, 9% Sonstige
☆ Staatsform: Föderale, parlamentarische Wahlmonarchie
☆ König: Ibrahim Ismail von Johor
☆ Fläche: 330'000km2
☆ Einwohner: 34.5 Mio
☆ Ringgit
☆ Telefonvorwahl: +60

Konkret verbringen wir die Zeit auf dem "Ombak Camping" - mit sonnig, heissen Tagen &amp; Temperaturen bis 34° - schattenspendene Bäume &amp; Palmen, wie auch die Brise vom Meer, tragen massgeblich zu unserem Wohlbefinden bei.

Wir planen die nächsten &amp; versuchen Klarheit für die über - &amp; übernächsten Tage zu bekommen... Garagen für Frieda werden gesucht, Agenten für die Verschiffung werden angefragt, Offerten eingeholt...

... kurz; wir sind sehr beschäftigt - nur dass ihr nicht das Gefühl bekommt, wir würden hier nur faul herum liegen...😎</desc>
  </wpt>
  <wpt lat="5.4654409" lon="100.2390595">
    <time>2026-03-20T14:30:20Z</time>
    <name>George Town</name>
    <desc>Georgetown - ein toller Name für eine Stadt - in meinen Augen.

Weltweit gibt es mind. ≈22 Städte namens „Georgetown“. Zählt man allerdings alle Orte, Dörfer und Ortsteile, kommt man auf über 100...
"Unser" Georgetown liegt auf der "Pulau Pinang" &amp; ist in Malaysia.

Dieses Georgetown gehört zum
UNESCO-Weltkulturerbe. Dies aufgrund einer einzigartigen Mischung aus kolonialer Architektur und asiatischen Einflüssen (chinesisch, malaiisch, indisch, europäisch).
Besonders stolz ist Georgetown  - berechtigterweise - für seine äußerst kreative Street Art, besonders die Werke des Künstlers Ernest Zacharevic stechen da einem ins Auge.

Im weiteren gilt die City als „Food Capital of Malaysia“.
Viele sagen sogar, es sei eines der besten Street-Food-Ziele der Welt.

Vorbildlich hier die multikulturelle Vielfalt. Hier leben verschiedene Kulturen friedlich zusammen:
chinesische Tempel
muslimische Moscheen
hinduistische Schreine
christliche Kirchen
Diese Vielfalt prägt Alltag, Feste und Architektur.

Dementsprechend ist es ein schillerndes Zusammenspiel aus Farben, Lärm und Leben – lebhaft, mitunter schrill, doch stets von mitreißender Fröhlichkeit getragen. Es drängt sich auf, fordert Aufmerksamkeit und hinterlässt Eindrücke, die nachhallen...</desc>
  </wpt>
  <wpt lat="5.4655851" lon="100.2391438">
    <time>2026-03-21T03:08:14Z</time>
    <name>Hari Raya Aidilfitri</name>
    <desc>Wie die"Jungfrau zum Kinde" kamen wir in den Genuss des "Zuckerfestes" - des "Hari Raya Aidilfitri"...

Das Hari Raya Aidilfitri zählt zu den wichtigsten Feiertage in Malaysia - Ist ungefähr gleich zu setzten wie Weihnachten in unseren Breitengraden. 
Die Bedeutung des Festes ist das Fastenbrechens (Eid al-Fitr). Dabei geht es vor allem darum viel
Zeit mit der Familie zu verbringen. Aber auch um Vergebung und Dankbarkeit.

Menschen reisen in dieser Zeit in ihre Heimat („Balik Kampung“) um ihre Familien zu besuchen. Es wird das "Open House' zelebriert - Gäste sind willkommen.

Und natürlich wird gegessen; viel gegessen... eigentlich nur...
...&amp; geredet: viel geredet... von früh bis spät laut &amp; eindringlich...
Dazwischen dröhnte die Musik in allen Stilrichtungen; laut, lauter am lautesten...

Und wir - mittendrin - auch mit einem "Open House" - Gefühl, denn kaum waren wir mal kurz weg(waschen im Wasch-Salon), wurden unsere Stühle &amp; der Tisch in Beschlag genommen oder "Gäste" wollten gerne Frieda mal von innen sehen...

Was dieses Zuckerfest allerdings mit Zucker zu tun hat ist uns ein Rätsel... viel Essen - ja! Aber das ist hier zu Lande ja eigentlich immer der Fall...🤷‍♀️</desc>
  </wpt>
  <wpt lat="5.465720135702875" lon="100.2392267524629">
    <time>2026-03-22T06:00:26Z</time>
    <name>George Town</name>
    <desc>...noch einmal George Town:

... noch einmal historische Gebäude 
... noch einmal StreetArt
... noch einmal viel Menschen
... noch einmal feste schwitzen
... noch einmal wunderschöne Fliesen...😍
&amp; zum ersten Mal Bus fahren...</desc>
  </wpt>
  <wpt lat="3.8179665339112825" lon="101.50146618931647">
    <time>2026-03-23T14:23:45Z</time>
    <name>Slim River</name>
    <desc>What a day...🫣

Diejenigen unter euch, die bereits von unserer Stau-Erfahrung in Ulaanbaatar gelesen haben wissen; dass wir dort dachten: "schlimmere geht nimmer..."

Nach dem heutigen Tag wissen wir hingegen - es gibt zumindest Situationen, die sich gleich oder noch schlimmer anfühlen...!!

Unsere Mission heute - ein Camping in der Nähe von KL (Kuala Lumpur) zu erreichen - ca 290km weit weg.
Wir wollen Dienstag unbedingt zur Mercedes Garage, Frieda checken lassen.

Relativ früh los, denn in Malaysia wird tendenziell auch eher länger geschlafen, was ein besseres Durchkommen auf der Strasse verspricht...
Stau durch die Stadt - musste erwartet werden...
Aber dann; über die ganze Strecke - gefühlt im Halbstundentakt - auf 2-3 spurigen Autobahnen - runter bremsen, Rollen, Stillstand für einige Sekunden - und weiter geht's!

Da ist so ein aufmunterndes "Happy Eid!" ja ganz nett, hilft aber nicht wirklich...

Dann aber - endlich - runter von der Bahn, einige Km in die Natur, eigentlich direkt in Jungel mit immer engeren Wegen. Aber dann:
RUHE!

Ich würde ja gerne noch etwas bleiben - aber Peter hat einen Plan...🙄</desc>
  </wpt>
  <wpt lat="3.1361086271118097" lon="101.69205117554182">
    <time>2026-03-26T06:41:30Z</time>
    <name>Kuala Lumpur</name>
    <desc>Falls ich es noch nicht dramatisch genug gesagt habe: Hier in Malaysia ist es tropisch. So richtig - tropisch tropisch...

Es ist heiss – Wir schwitzen. Immer... Beim Stehen, beim Gehen, beim Sitzen - vermutlich auch beim Schlafen - ohne Pause... gnadenlos!

Wir wussten das natürlich vorher… aber zwischen wissen und mittendrin stehen und langsam zerfliessen liegt ein kleiner, aber feiner Unterschied...

Intermonsun nennen sie das hier im März/April: 30–34 Grad, nachts „kühle“ 24. Fast täglich gibt’s kurze, heftige Regenschauer mit Gewitter – man hofft auf Abkühlung… und bekommt stattdessen noch mehr drückende Hitze.

Aber dann kommt dieser Duft nach Regen in der tropischen Luft…
Und man denkt sich, leicht zerflossen: Okay. Schon irgendwie genial🌺</desc>
  </wpt>
  <wpt lat="3.134724214073043" lon="101.7181631263766">
    <time>2026-03-28T07:07:15Z</time>
    <name>Kuala Lumpur</name>
    <desc>KUALA LUMPUR🪷
Was für ein hübscher Name für eine Stadt?!
Allerdings, die Bedeutung des Namens mutet weniger romantisch an: der Name, der aus dem Malaiischen stammt meint wörtlich „schlammige Flussmündung“. 😵‍💫
1857 ist die Stadt am Zusammenfluss der Flüsse Klang und Gombak gegründet, was sich im Namen widerspiegelt. 

Wir waren heute touristisch unterwegs mit dem "Hop-on, Hop-off" - Bus - auf der roten/der City-Route.

Krasse Tour mit einer Menge eindrücklicher Wolkenkratzer - viel Stau, Fakten &amp; Zahlen - ich lass mal die Bilder sprechen...😊</desc>
  </wpt>
  <wpt lat="3.1313381670072036" lon="101.71511415401633">
    <time>2026-03-29T06:48:18Z</time>
    <name>Kuala Lumpur</name>
    <desc>Kuala Lumpur zum zweiten:

...nochmals "Hop-on, Hop-off" - heute die grüne Tour.
Na ja, meiner Meinung nach, hätte man das auch gut in die "rote" integrieren können... 

Eigentlich wären heute Parks &amp; Shopping Trumpf! Shopping ist ja nicht unser beider Hobby - aber so ein Luxus-Schuppen muss man doch mal von innen gesehen haben... crazy! 
Ein Luxus-Label reiht sich an das nächste. Was daran sooo exciting sein soll?! Für mich rätselhaft.

Daneben &amp; dazwischen farbenfrohe Strassen mit zahlreichen Souvenirläden - auch hier frage ich mich immer wieder, wer den DAS alles kaufen soll...?!

Das einzige, was ich wollte; ein Badeanzug - für mich ein eher frustranes Erlebnis - Peter meinte, das sei Ansichtsache...🤷‍♀️</desc>
  </wpt>
  <wpt lat="3.48252465288584" lon="102.59293984939067">
    <time>2026-04-02T07:33:55Z</time>
    <name>Chenor</name>
    <desc>Wir hatten einen Plan &amp; der war gut!

Zugegeben: Unsere Erwartungen an Malaysia waren höher als an Thailand. Vor allem, was die Versorgung von Frieda betrifft. Peter‘s Recherchen diesbezüglich waren vielversprechend…

Wir malten uns aus, wie rund &amp; geschmeidig sie wieder fahren würde - unsere Frieda - nach der Garage. All die alten Kabel sollten ersetzt werden, Filter gewechselt, Spuren eingestellt… es sollte ein Jungbrunnen werden für unser „altes, Mädchen“. Und wir dementsprechend wieder bereit für weitere 50'000 Km.

Nun gestaltet sich aber alles ein bisschen komplizierter in Bezug auf die Maintenance, die Reparaturen &amp; im Besonderen was die Ersatzteile betrifft...
Es ist nun doch nicht sooo einfach, wie es uns das Internet vorgegaukelt hat...

Ist zwar doof, momentan sind wir etwas ratlos &amp; frustriert aber damit müssen wir nun klar kommen - dies ist "Part of the Game" wenn man unterwegs ist - auch wenn es nicht diesen Thrill ist, den wir suchen...

Wir sind nun auf dem Weg an die Ostküste, an den Beach, um uns an der Meeresbrise etwas abzukühlen - durchzuatmen &amp; zu Lösungen zu kommen - so ist zumindest der Plan &amp; der ist auch gut!</desc>
  </wpt>
  <wpt lat="3.7234098" lon="103.328932">
    <time>2026-04-06T04:19:13Z</time>
    <name>Kuantan</name>
    <desc>...heute, vor genau einem Jahr machten wir uns erneut auf den Weg.

365 Tage &amp; 14 Länder später sind wir immer noch froh &amp; dankbar, diesen Weg gegangen zu sein. 
Nie haben wir daran gedacht durch China, geschweige dann Thailand oder durch Malaysia zu fahren und doch sind wir nun da, wo wir sind…

Die Bilder von uns jeweils eins pro Monat, meistens am 6. aufgenommen…</desc>
  </wpt>
  <wpt lat="2.5236382" lon="103.82951">
    <time>2026-04-07T09:10:15Z</time>
    <name>Air Papan</name>
    <desc>...Reisen ist vieles - für die einen ist es das Abenteuer, für die anderen einfach ein Unterwgs sein - für wieder andere tolle Bilder auf Instagram, im Idealfall verbunden mit einer guten Story...

Bevor man reist, träumt man, es werden Pläne geschmiedet, Vorstellungen nehmen Gestalt an, Erwartungen wollen gelebt werden,  man freut sich auf das Gefühl von Freiheit, das das Reisen auch oft verspricht...

Dann, endlich; man ist unterwegs...
...Weisheiten wie "träume nicht ein Leben .. etc" werden real. 

Pläne werden geschmiedet &amp; wieder geändert, teils aus persönlichen Gründen, teils aufgrund aufgezwunger Begebenheiten, wie Visabestimmungen, Wetterbedingungen, Fahrzeugdefekte oder gar Kriege...

Vorstellungen platzen wie Seifenblasen, weil sie zu hoch gesteckt, zu unrealistisch oder schlicht falsch waren.

Erwartungen werden bitter enttäuscht, aufgrund falscher Informationen, zuwenig genauer Recherche oder Missverständnisse...

Das alles ist Reisealltag. Mit der Zeit lernt man evt besser zu Planen, Vorstellungen ein bisschen genauer zu verifizieren (wenn möglich) &amp; Erwartungen nicht all zu hoch zu halten.

"...denn erstens kommt es anders &amp; zweitens als man denkt.." oder "..es kommt eben doch so wie es muss..."🤷‍♀️

Langer Rede kurzer Sinn; wir werden in wenigen Wochen verschiffen - nicht nach Australien, nicht in Oman, nicht ins südliche Afrika &amp; vorerst auch nicht nach Südamerikas - nee!
...wer hätte das geahnt?! Wir verschiffen nach -  Hamburg.

Frei nach dem Motto:
„Leben ist das, was passiert, während du andere Pläne machst.“😊</desc>
  </wpt>
  <wpt lat="2.5235571060353177" lon="103.82942182021571">
    <time>2026-04-07T23:41:00Z</time>
    <name>Air Papan</name>
    <desc>Aufgrund der zahlreichen Nachfragen auf unseren letzen Step; ein Erklärungsversuch warum Frieda nach Europa verschifft wird…

Die Antwort, die uns zu dieser Entscheidung brachte klingt einfacher als sie ist: Weil für uns alle anderen Optionen wegfallen...🤷‍♀️

Die arabische Halbinsel war der ursprüngliche Plan (von Peking nach Riad) – doch kein Schiff macht diese Route derzeit.

Die Landrouten durch Myanmar, Indien und Pakistan sind geschlossen oder schlicht nicht fahrbar. 
Und zurück durch China? Die Strecke war grossartig – aber wir mochten den Weg nicht zweimal fahren….

Australien scheidet wegen der strengen Biosicherheitsauflagen nach langem dafür &amp; dawider aus. 

Bleibt noch Malaysia selbst: Ersatzteile für einen Mercedes von 1991 sind hier nicht zu bekommen, und wenn doch, reden wir eher von Monaten als von Wochen. Bis Mitte Juni müssen wir das Land aber verlassen haben...

Südamerika ist unsere logische Alternative. Die Verschiffung von Malaysia nach Chile ist in etwa gleich hoch wie Malaysia - Europa - Uruguay. Die Befürchtung, dass die Ersatzteile aber auch in Südamerika ihren Weg nicht zu uns finden, bewegt uns für den „safe way “ - zurück ins Mercedes-Mekka.

...in Anlehnung an den grossen Philosophen Immanuel Kant:

"Was will ich? Fragt der Verstand. Worauf kommt es an? Fragt die Urteilskraft. Was kommt heraus? Fragt die Vernunft."</desc>
  </wpt>
  <wpt lat="2.7703439380450403" lon="104.12072382858295">
    <time>2026-04-08T04:38:01Z</time>
    <name>Tioman</name>
    <desc>Zu Malaysia gehören über 870 Inseln.
👉 Die genaue Zahl variiert je nach Quelle (meist zwischen 878 und 879 Inseln), weil:
einige Inseln sehr klein sind,
manche nur bei Ebbe sichtbar sind,
und die Zählweise unterschiedlich ist.

Wir haben uns für die Insel Tioman entschieden - einfach so🤷‍♀️
Unser Bungalow ist klein, direkt am Meer, hat aber alles, was wir brauchen... Hängematte, bequemes Bett, Klimaanlage, gute Dusche - und so sind wir dem Inselgroove erlegen - machen wenig den lieben langen Tag...
Ausserdem vielleicht gestern, nach einem heftigen Gewitter in der Nacht machen wir am Morgen einen Marsch durch den Dschungel zum nächsten Dorf.
... aber meistens suchen wir den Schatten, machen es uns bequem in der Hängematte, schauen den Palmenblätten über uns im Wind zu und beobachten wie das Meer von Ebbe zu Flut wechselt...😎</desc>
  </wpt>
  <wpt lat="2.7913521" lon="104.2025477">
    <time>2026-04-14T08:30:53Z</time>
    <name>Bushman Camp, Tioman</name>
    <desc>"good bye Beach House"...
weiter ging es heute über die Insel rüber auf die andere Seite - zunächst mit dem Boot in die Marina, dann mit dem Auto über eine Passstrasse - die schon beinahe den  Verhältnissen am Pamir Konkurrenz macht - &amp; wieder runter an den Juara Beach.

..." vom Regen in die Traufe" zu sagen, wäre hier wohl etwas unangemessen...

...hier passt eher so „Ein leiser Wandel – und die Welt stand (noch) freundlicher da"...🤣

Mal ehrlich, wir getrauen uns ja beinahe keine Bilder mehr zu senden von unseren Orten - nachdem der europäische Winter euch so hart zugesetzt hat...
Aber seid etwas getröstet, auch wie werden nicht ewig so weiter machen können...
...bald wird das Verschiffungsdatum kommen, dann hat die Herrlichkeit ein Ende 🤷‍♀️
Bis dahin genießen wir einfach die Momente – und schicken euch ein bisschen davon mit 🙂</desc>
  </wpt>
  <wpt lat="2.523649238454118" lon="103.82936383908853">
    <time>2026-04-17T06:45:37Z</time>
    <name>Air Papan</name>
    <desc>...Bushman Camp auf Pulau Tioman - ist Geschichte - abenteuerlich die Fahrt über den Hügel von Ost nach nach West - leicht unterkühlt ging es mit der vollklimatisierten Fähre zurück aufs Festland.

Da sind wir nun wieder, am Beach, in Air Papan.

Unsere Köpfe voll mit Dingen, die entschieden werden müssen/sollen/dürfen… mit Arbeiten die angedacht/aufgegleist/eingetüttet gehören

So stellt sich zum Beispiel die Frage: 
Von wo fliegen wir nach Hause? nehmen wir Singapur noch mit? -&gt; das müssen wir morgen entscheiden

Wann geht es Heim? Wo werden wir dann wohnen?  &amp; wie werden wir uns in der CH bewegen können? -&gt;auch diese Herausforderungen sollten wir bald angehen

Was machen wir noch bis zur Rückkehr in die CH? Geht es nach Indonesien, auf die Philippinen oder nochmals nach Thailand? -&gt; das dürfen wir noch entscheiden

Unterkünfte, Flüge &amp; Transfers für eben einen solchen Zwischenhalt -&gt; sind vage angedacht

Der Agent der Schiffahrsgesellschaft benötigt zahlreiche Unterlagen -&gt; dank Peter's gutem Organisationstalent ist dies bereits aufgegleist

Mittlerweile ist klar, dass Frieda am 4. Mai sich auf den Seeweg macht &amp; (Inshallah) am 9. Juni in Hamburg eintreffen soll-&gt; das ist definitiv eingetüttet

...so viel zum Leben im "hier &amp; jetzt" das geht mal ab &amp; zu... aber oft ist es unterwegs ein vorausdenken, -planen &amp; -handeln.

Buddha hin oder her...</desc>
  </wpt>
  <wpt lat="2.218733857353763" lon="102.1857577636564">
    <time>2026-04-22T06:17:50Z</time>
    <name>Malacca City</name>
    <desc>In den alten Peranakan-Häusern von Malakka entdeckt man manchmal ein kleines Loch in der Mauer – auf Hüfthöhe, zur Nachbarswand hin. Wer nicht weiss, was es bedeutet, geht einfach vorbei.

Wer es weiss, bleibt stehen.

Über tausend Jahre lang wurden chinesischen Mädchen ab etwa fünf Jahren die Füsse gebrochen und eng bandagiert. Immer wieder. Bis die Knochen sich fügten. Das Ziel: ein Fuss von zehn Zentimetern. Der sogenannte Lotusschuh. Er galt als höchstes Schönheitsideal – und er entschied über Heiratschancen und sozialen Status. Wer kleine Füsse hatte, hatte Zukunft. Wer nicht, hatte es schwerer.

Der Preis dafür war ein Leben in Schmerz – und in Enge. Wer kaum gehen konnte, blieb zuhause. Das Haus war die Welt. Und die Welt endete an der Nachbarswand.

Deshalb das Loch.

Durch diese Öffnung flüsterten Frauen miteinander. Klatsch, Trost, Rezepte, Neuigkeiten, Geheimnisse. Es war der Chatroom des 18. und 19. Jahrhunderts. WhatsApp auf Backstein.

Wir standen lange vor diesen Wänden in Malakka. Und dachten daran, wie viel Geschichte plötzlich eine Wand erzählen kann.</desc>
  </wpt>
  <wpt lat="2.2189965" lon="102.1851862">
    <time>2026-04-24T00:31:12Z</time>
    <name>Malacca City</name>
    <desc>... wir fühlen uns wie im "holding"...

Melaka war dabei eher als Zeischenstop gedacht, mit einem akzeptablen Ort zum bleiben, ohne uns die restliche Zeit in KL bis zur Verschiffung um die Ohren zu schlagen...

Aber; Melaka hat uns überrascht! ...auch wenn es sehr touristisch ist. 

Gemeinsam mit George Town zählt Melaka zum UNESCO-Weltkulturerbe Malaysias.

Die koloniale Vergangenheit ist in dieser Stadt an allen enden &amp; Ecken bemerkbar &amp; macht dieses ganz besonderen Flair aus.
Nacheinander war Melaka von Portugal, Holland und Großbritannien über Jahrhunderte beherrscht, dazu Einflüsse aus dem arabischen und chinesischen Raum – die Architektur der Stadt erinnert noch heute daran. Nicht alle Bauwerke sind herausgeputzt. An vielen Ecken bröckelt der Putz, doch genau das macht den Reiz aus.
Und hinter den Fassaden immer wieder überaus reizvolle Nischen &amp; Ecken...

..nach dem gestrigen, (besorgniserregenden) Telefonat unseres Agenten - wegen des ICP (International Circulation Permit) für Frieda hoffen wir immer noch auf den 4.5. sodass unser "holding" bald vorüber sei...🙏</desc>
  </wpt>
  <wpt lat="3.0124822" lon="101.4113181">
    <time>2026-04-29T04:24:14Z</time>
    <name>3° 0'N 101° 24'E</name>
    <desc>...wenn man länger nichts von uns hört, ist das weil nichts berichtenswertes geschehen ist, oder nicht viel Gutes...

Unser Schiff wird am 4. Mai, wie geplant fahren - allerdings ohne Frieda...
Es fehlt noch ein wichtiges Papier, worum sich unser Agent kümmert, das dauert aber noch einige Tage - Mist!

Wir hielten die Hoffnung noch lange hoch, dass es vielleicht doch noch klappen würde - doch mittlerweile ist klar, dass Frieda erst am 10. Mai an Board gehen wird...

Jammern &amp; Frust nützt nichts. Der Umzug in ein Hotel findet statt - wir machen Frieda "seetauchlich":
...alles muss verstaut sein, noch penibler, wie beim Fahren - Kühlschrank leer, alle Lebensmittel kontrollieren, Frischware raus! 
Alle Kisten müssen kontrolliert sein - so auch diejenigen auf dem Dach - dummerweise sind die nicht (wie die Werbung versprach...) wasserdicht... viel Schimmel, noch mehr Abfall &amp; endlose Wehmut beim Entsorgen der "alten" Reiseführer unserer bisherigen Tour...😭

Mittlerweile haben wir Lösungen, erstens wo &amp; wie wir Frieda für die Tage bis zur definitiven Verschiffung unterbringen können &amp; zweitens, was wir machen werden in der Zeit, bis sie in See sticht…🙏

...wir können uns nur wiederholen:
"...es ist zwar nicht die beste Zeit die wir haben - aber es ist unsere!!"😎</desc>
  </wpt>
  <wpt lat="7.5927453" lon="99.0324938">
    <time>2026-05-09T01:24:29Z</time>
    <name>Sala Dan</name>
    <desc>...es ist vollbracht!

...doch die Warterei war mühselig

Bis zum definitiven "Okay" am Montag wussten wir nicht wann diese Verschiffung &amp; somit die Ausfuhr von Frieda stattfinden würde? 
DASS sie stattfinden wird (...eines Tages...) daran glaubten wir mittlerweile - es würde lediglich "a matter of time" werden

Noch hatten wir dies Zeit - wir hatten schon länger geplant noch bis am 21. Mai "in der Gegend zu bleiben"...
Nämlich in Thailand - nochmals Sonne, Strand &amp; Wärme an einem herrlichen Ort geniessen - doch wenn die Unsicherheit wie ein Damokles-Schwert über einem hängt, kann der Ort noch so schön sein...
Wir beschlossen zu fliegen wie geplant &amp; Peter würde dann zum gegeben Zeitpunkt zurück nach KL fliegen für die Beladung. Etwas umständlich, für uns aber immer noch besser, wie dass Peter in KL in einem Hotelzimmer wartet...
Tja, und da waren ja auch noch Frieda, die einen sicheren Ort für die Tage, die wir weg waren brauchte - diesen Ort war glücklicherweiserasch gefunden , dank unserem Agenten 🙏

Gestern ist Peter von KL hier nach Sala Dan, Thailand, zurückgekehrt.

Zufrieden, dass schlussendlich alles gut geklappt hat, aber mit einer Erkältung, die ihn etwas in der Euphorie dämpft...

...aber wir haben nun ja noch Zeit zur Erholung🙏</desc>
  </wpt>
  <wpt lat="7.607882148593299" lon="99.03329472998067">
    <time>2026-05-12T05:48:15Z</time>
    <name>7° 36'N 99° 2'E</name>
    <desc>Vor einigen Tagen, nachdem Peter Frieda beladen hat sind wir nochmals umgezogen...
Nach wie vor ist es hier heiss &amp; schwül, aber es regnet nun täglich mindestens einmal &amp; oft ist es bedeckt, was es von den Temperaturen her angenehm macht.
Sonntagnacht dann die Meldung, dass Frieda nun unterwegs ist - wir rechnen damit, dass das Schiff am 24. Juni in Hamburg einlaufen wird.

Unsere Zeit in Asien neigt sich dem Ende entgegen... am 18.5. fliegen wir nach Singapur (...wenn man schon mal hier ist?!) &amp; wenn alles nach Plan läuft, werden wir am 22. Mai in Zürich landen...</desc>
  </wpt>
  <wpt lat="7.6084791" lon="99.0328861">
    <time>2026-05-17T00:02:20Z</time>
    <name>Sala Dan</name>
    <desc>...noch einmal gegen die Wellen kämpfen, das letzte mal dem Strand entlang gehen, ein weiteres mal gutes thailändisches Essen geniessen, nochmals schwitzen, abermals links fahren...

...es macht fast den Anschein, dass uns Thailand den Abschied etwas einfacher machen möchte - heute stehen wir den dritten Tag mit Regen auf.

Es ist ja nicht nur dass wir heute aus  Thailand ausreisen, sondern auch, dass wir auf dem Weg sind, den asiatischen Raum zu verlassen... 
&amp; das  stimmt uns traurig...

Über Zentral- bis nach Südostasien durften wir dir letzten 14 Monate zahlreiche wertvolle Erfahrungen machen. Na klar, auf die schlechten hätten wir verzichten können. Diese waren aber eben so wertvoll...
Wir haben Kulturen, Landschaften, Essen, Menschen &amp; Naturgewalten kennengelernt - und wir haben es geliebt!

Das Kapitel Asien wird am nächsten Freitag definitiv Geschichte sein...

Asien war gut zu uns - ขอบคุณที่ให้เรามาต้อนรับ - thanks for having us🫶</desc>
  </wpt>
  <wpt lat="1.3050013" lon="103.8546379">
    <time>2026-05-20T12:45:21Z</time>
    <name>Singapore</name>
    <desc>S*I*N*G*A*P*U*R
...mit einer Fläche von 728,6 Quadratkilometern hat Singapur das kleinste Staatsgebiet Südostasiens. Mit sechs Millionen Einwohnern ist Singapur der bevölkerungsreichste Zwergstaat der Erde und weist mit 8286 Einwohnern pro Quadratkilometer die zweithöchste Bevölkerungsdichte aller Staaten auf (wer weiss, welcher Staat noch eine höhere Bevölkerungsdichte aufweist...??)

Wir haben uns knapp drei Tage Zeit gegeben. 
Was uns vor allem bleibt; Singapur ist heiss, feucht &amp;... teuer!

Zum Frühstück heute 2x Müsli mit 2 Cappuccino umgerechnet SFr. 34.- "wänn sie wänd so guät si"...
Da war es beim Inder am ersten Abend in der Foodhall deutlich billiger mit 2 Getränken und einem Masal Dosai für SGD 7.50 - was mal eben SFr. 4.50 wären😅

Aber ansonsten eine tolle Stadt - auch hier wieder multikulturelles Zusammenleben vom Feinsten!
"Little India" hier - "Chinatown" dort - unglaubliche "Marina Gardens" hüben &amp; der eindrückliche "botanical Garden" drüben...

...und vermutlich gäbe es noch sooo viel mehr zu sehen, aber wir müssen ja mal wieder Heim...</desc>
  </wpt>
  <wpt lat="47.5388367" lon="8.7909121">
    <time>2026-05-22T18:55:27Z</time>
    <name>Rickenbach Sulz</name>
    <desc>Was für ein Tag!
Wir sind gut geflogen, bestens gelandet, haben schon unseren fahrbaren Untersatz bewegt...

Sind groggy, aber zufrieden zu Hause angekommen.

Bis wir - voraussichtlich Ende August - wieder aufbrechen, geniessen wir nun ein wenig Familie, Freunde &amp; Europa.

Wir melden uns zur gegeben Zeit dann hier wieder, wenn es von Neuem los geht...
Euch allen einen schönen Sommer, der den Namen auch verdient…😎</desc>
  </wpt>
  <trk>
    <name>von Beijing nach Hamburg anstelle Riad</name>
    <trkseg>
      <trkpt lat="43.71170800250179" lon="111.90870814262524"><time>2025-10-28T23:58:25Z</time></trkpt>
      <trkpt lat="43.710733708035185" lon="111.90935326750568"><time>2025-10-28T23:58:30Z</time></trkpt>
      <trkpt lat="43.69674398080365" lon="111.93376316558371"><time>2025-10-29T00:44:18Z</time></trkpt>
      <trkpt lat="43.68551654279575" lon="111.94404772493237"><time>2025-10-29T01:25:28Z</time></trkpt>
      <trkpt lat="43.66244950335814" lon="111.96369121792908"><time>2025-10-29T09:30:51Z</time></trkpt>
      <trkpt lat="43.65172890033134" lon="111.97239535271441"><time>2025-10-29T09:35:55Z</time></trkpt>
      <trkpt lat="43.642393033992164" lon="111.95203609775002"><time>2025-10-29T10:25:53Z</time></trkpt>
      <trkpt lat="43.63705532717421" lon="111.9455944704694"><time>2025-10-29T10:32:17Z</time></trkpt>
      <trkpt lat="43.63324981437966" lon="111.94634264366391"><time>2025-10-30T04:36:14Z</time></trkpt>
      <trkpt lat="43.623823509148174" lon="111.95755380931337"><time>2025-10-30T04:41:30Z</time></trkpt>
      <trkpt lat="43.51438519548952" lon="112.08525982695825"><time>2025-10-30T04:55:31Z</time></trkpt>
      <trkpt lat="43.43392600775085" lon="112.1215768532009"><time>2025-10-30T05:02:43Z</time></trkpt>
      <trkpt lat="43.370906878303146" lon="112.14833138521028"><time>2025-10-30T05:10:47Z</time></trkpt>
      <trkpt lat="43.330346342755725" lon="112.20776783947558"><time>2025-10-30T05:15:48Z</time></trkpt>
      <trkpt lat="43.288540788052444" lon="112.27240859758749"><time>2025-10-30T05:20:49Z</time></trkpt>
      <trkpt lat="43.244852145533784" lon="112.33057951890193"><time>2025-10-30T05:25:50Z</time></trkpt>
      <trkpt lat="43.189272536400175" lon="112.36780260000555"><time>2025-10-30T05:30:51Z</time></trkpt>
      <trkpt lat="43.13539785278666" lon="112.41244556988545"><time>2025-10-30T05:35:52Z</time></trkpt>
      <trkpt lat="42.91072220545533" lon="112.54618814225546"><time>2025-10-30T05:55:48Z</time></trkpt>
      <trkpt lat="42.80327885523481" lon="112.60363605803164"><time>2025-10-30T06:11:13Z</time></trkpt>
      <trkpt lat="42.6431949902723" lon="112.7110710741139"><time>2025-10-30T06:26:13Z</time></trkpt>
      <trkpt lat="42.64293787539251" lon="112.71151062111622"><time>2025-10-30T06:26:15Z</time></trkpt>
      <trkpt lat="42.64272736389436" lon="112.7119157184965"><time>2025-10-30T06:26:17Z</time></trkpt>
      <trkpt lat="42.642469913738445" lon="112.71236171956426"><time>2025-10-30T06:26:19Z</time></trkpt>
      <trkpt lat="42.642210493835286" lon="112.71281358796423"><time>2025-10-30T06:26:21Z</time></trkpt>
      <trkpt lat="42.6419473020757" lon="112.71326176832682"><time>2025-10-30T06:26:23Z</time></trkpt>
      <trkpt lat="42.6416799864534" lon="112.71371004576099"><time>2025-10-30T06:26:25Z</time></trkpt>
      <trkpt lat="42.64140975569782" lon="112.71415724477649"><time>2025-10-30T06:26:27Z</time></trkpt>
      <trkpt lat="42.64113576484139" lon="112.7146044748305"><time>2025-10-30T06:26:29Z</time></trkpt>
      <trkpt lat="42.64086152764462" lon="112.71504696147038"><time>2025-10-30T06:26:31Z</time></trkpt>
      <trkpt lat="42.6405886590216" lon="112.7154869627357"><time>2025-10-30T06:26:33Z</time></trkpt>
      <trkpt lat="42.64030830025982" lon="112.71592282069484"><time>2025-10-30T06:26:35Z</time></trkpt>
      <trkpt lat="42.64002497017313" lon="112.7163584301998"><time>2025-10-30T06:26:37Z</time></trkpt>
      <trkpt lat="42.639742542091" lon="112.71679110283247"><time>2025-10-30T06:26:39Z</time></trkpt>
      <trkpt lat="42.63945899989585" lon="112.71722251108002"><time>2025-10-30T06:26:41Z</time></trkpt>
      <trkpt lat="42.639173100700255" lon="112.71765274518602"><time>2025-10-30T06:26:43Z</time></trkpt>
      <trkpt lat="42.638874084330524" lon="112.71806156809706"><time>2025-10-30T06:26:45Z</time></trkpt>
      <trkpt lat="42.638584150080604" lon="112.71848745795035"><time>2025-10-30T06:26:47Z</time></trkpt>
      <trkpt lat="42.63829474304913" lon="112.71891101638533"><time>2025-10-30T06:26:49Z</time></trkpt>
      <trkpt lat="42.638005968092344" lon="112.71932902238858"><time>2025-10-30T06:26:51Z</time></trkpt>
      <trkpt lat="42.63771121569885" lon="112.71974109935464"><time>2025-10-30T06:26:53Z</time></trkpt>
      <trkpt lat="42.54638660703091" lon="112.78640217158271"><time>2025-10-30T06:35:14Z</time></trkpt>
      <trkpt lat="42.37267996188474" lon="112.88619434471511"><time>2025-10-30T06:50:49Z</time></trkpt>
      <trkpt lat="42.372428714337175" lon="112.88675023253344"><time>2025-10-30T06:50:51Z</time></trkpt>
      <trkpt lat="42.37218463331682" lon="112.88717888306164"><time>2025-10-30T06:50:53Z</time></trkpt>
      <trkpt lat="42.37192127391917" lon="112.88764961074375"><time>2025-10-30T06:50:54Z</time></trkpt>
      <trkpt lat="42.37166457813454" lon="112.88812075752102"><time>2025-10-30T06:50:56Z</time></trkpt>
      <trkpt lat="42.371406373607336" lon="112.8885898088225"><time>2025-10-30T06:50:58Z</time></trkpt>
      <trkpt lat="42.371151018927215" lon="112.88906078796171"><time>2025-10-30T06:51:00Z</time></trkpt>
      <trkpt lat="42.370889131398755" lon="112.8895254733539"><time>2025-10-30T06:51:02Z</time></trkpt>
      <trkpt lat="42.37063082037936" lon="112.8899926688294"><time>2025-10-30T06:51:04Z</time></trkpt>
      <trkpt lat="42.37037714419313" lon="112.8904551723715"><time>2025-10-30T06:51:06Z</time></trkpt>
      <trkpt lat="42.37012086623551" lon="112.89090556792057"><time>2025-10-30T06:51:08Z</time></trkpt>
      <trkpt lat="42.19063403554465" lon="112.96741800393254"><time>2025-10-30T07:06:12Z</time></trkpt>
      <trkpt lat="42.02765987258593" lon="113.01007300625835"><time>2025-10-30T07:19:43Z</time></trkpt>
      <trkpt lat="42.027157167943216" lon="113.01005112949107"><time>2025-10-30T07:19:45Z</time></trkpt>
      <trkpt lat="42.02673886906544" lon="113.00997996713315"><time>2025-10-30T07:19:47Z</time></trkpt>
      <trkpt lat="42.02634030956963" lon="113.00991274426971"><time>2025-10-30T07:19:49Z</time></trkpt>
      <trkpt lat="42.025932362342274" lon="113.0098445155779"><time>2025-10-30T07:19:51Z</time></trkpt>
      <trkpt lat="42.02552135572026" lon="113.00978525552247"><time>2025-10-30T07:19:53Z</time></trkpt>
      <trkpt lat="42.02511005573163" lon="113.00973689194117"><time>2025-10-30T07:19:55Z</time></trkpt>
      <trkpt lat="42.02469483585127" lon="113.00969715413231"><time>2025-10-30T07:19:57Z</time></trkpt>
      <trkpt lat="42.02428137147495" lon="113.0096655418094"><time>2025-10-30T07:19:59Z</time></trkpt>
      <trkpt lat="42.023865119784524" lon="113.00963679703163"><time>2025-10-30T07:20:01Z</time></trkpt>
      <trkpt lat="42.0234496100379" lon="113.00961786832106"><time>2025-10-30T07:20:03Z</time></trkpt>
      <trkpt lat="41.86524184890265" lon="113.06434515874186"><time>2025-10-30T07:33:45Z</time></trkpt>
      <trkpt lat="41.71060948170881" lon="113.13140809546516"><time>2025-10-30T07:47:17Z</time></trkpt>
      <trkpt lat="41.7102722358347" lon="113.13133257451759"><time>2025-10-30T07:47:19Z</time></trkpt>
      <trkpt lat="41.70978101439933" lon="113.13117759312794"><time>2025-10-30T07:47:21Z</time></trkpt>
      <trkpt lat="41.70940307438533" lon="113.13113509687886"><time>2025-10-30T07:47:23Z</time></trkpt>
      <trkpt lat="41.70896365311156" lon="113.13108371581242"><time>2025-10-30T07:47:25Z</time></trkpt>
      <trkpt lat="41.70852527957569" lon="113.13104541051493"><time>2025-10-30T07:47:27Z</time></trkpt>
      <trkpt lat="41.70808878720819" lon="113.13103598013606"><time>2025-10-30T07:47:29Z</time></trkpt>
      <trkpt lat="41.70766083584947" lon="113.1310454143645"><time>2025-10-30T07:47:31Z</time></trkpt>
      <trkpt lat="41.70723348268094" lon="113.13106524091764"><time>2025-10-30T07:47:33Z</time></trkpt>
      <trkpt lat="41.706803491583855" lon="113.13111071672974"><time>2025-10-30T07:47:35Z</time></trkpt>
      <trkpt lat="41.70637752960709" lon="113.13117343838867"><time>2025-10-30T07:47:36Z</time></trkpt>
      <trkpt lat="41.54089738308041" lon="113.12402122530273"><time>2025-10-30T08:01:17Z</time></trkpt>
      <trkpt lat="41.54045541286042" lon="113.1242525353814"><time>2025-10-30T08:01:20Z</time></trkpt>
      <trkpt lat="41.540071154051965" lon="113.12442697595164"><time>2025-10-30T08:01:21Z</time></trkpt>
      <trkpt lat="41.539681269825934" lon="113.12462160374328"><time>2025-10-30T08:01:23Z</time></trkpt>
      <trkpt lat="41.53930190488839" lon="113.12480466450855"><time>2025-10-30T08:01:25Z</time></trkpt>
      <trkpt lat="41.53891692407572" lon="113.12499250295862"><time>2025-10-30T08:01:27Z</time></trkpt>
      <trkpt lat="41.538530817209946" lon="113.1251770727325"><time>2025-10-30T08:01:29Z</time></trkpt>
      <trkpt lat="41.53814519943054" lon="113.12536038836703"><time>2025-10-30T08:01:31Z</time></trkpt>
      <trkpt lat="41.537761736976385" lon="113.12554766304571"><time>2025-10-30T08:01:33Z</time></trkpt>
      <trkpt lat="41.537375376856126" lon="113.1257316792705"><time>2025-10-30T08:01:35Z</time></trkpt>
      <trkpt lat="41.536988455613994" lon="113.1259139951187"><time>2025-10-30T08:01:37Z</time></trkpt>
      <trkpt lat="41.53660192036336" lon="113.12609981518412"><time>2025-10-30T08:01:39Z</time></trkpt>
      <trkpt lat="41.536215941728884" lon="113.1262880170431"><time>2025-10-30T08:01:41Z</time></trkpt>
      <trkpt lat="41.53582729834735" lon="113.126474429299"><time>2025-10-30T08:01:43Z</time></trkpt>
      <trkpt lat="41.53543767593424" lon="113.12666175815276"><time>2025-10-30T08:01:45Z</time></trkpt>
      <trkpt lat="41.535048198505244" lon="113.12684666542886"><time>2025-10-30T08:01:47Z</time></trkpt>
      <trkpt lat="41.53467162817321" lon="113.12705236188688"><time>2025-10-30T08:01:49Z</time></trkpt>
      <trkpt lat="41.534287154494265" lon="113.12724528027799"><time>2025-10-30T08:01:51Z</time></trkpt>
      <trkpt lat="41.53389812999181" lon="113.1274348547672"><time>2025-10-30T08:01:53Z</time></trkpt>
      <trkpt lat="41.533508637235066" lon="113.12761433295863"><time>2025-10-30T08:01:55Z</time></trkpt>
      <trkpt lat="41.53312221106866" lon="113.12779372700335"><time>2025-10-30T08:01:57Z</time></trkpt>
      <trkpt lat="41.53273756422426" lon="113.12797773893995"><time>2025-10-30T08:01:59Z</time></trkpt>
      <trkpt lat="41.532353419050956" lon="113.1281595802079"><time>2025-10-30T08:02:01Z</time></trkpt>
      <trkpt lat="41.53196743839341" lon="113.12833503626499"><time>2025-10-30T08:02:03Z</time></trkpt>
      <trkpt lat="41.53158209292189" lon="113.1285095852937"><time>2025-10-30T08:02:05Z</time></trkpt>
      <trkpt lat="41.531195538909955" lon="113.1286781903605"><time>2025-10-30T08:02:07Z</time></trkpt>
      <trkpt lat="41.53080825447662" lon="113.128841011301"><time>2025-10-30T08:02:09Z</time></trkpt>
      <trkpt lat="41.53042389400362" lon="113.12899767045081"><time>2025-10-30T08:02:11Z</time></trkpt>
      <trkpt lat="41.530037403145464" lon="113.129153340874"><time>2025-10-30T08:02:13Z</time></trkpt>
      <trkpt lat="41.52964631294792" lon="113.1293066964111"><time>2025-10-30T08:02:15Z</time></trkpt>
      <trkpt lat="41.39272756412755" lon="113.16082036133218"><time>2025-10-30T08:15:49Z</time></trkpt>
      <trkpt lat="41.392378733287956" lon="113.16065459894702"><time>2025-10-30T08:15:51Z</time></trkpt>
      <trkpt lat="41.39202645244194" lon="113.16057791705244"><time>2025-10-30T08:15:52Z</time></trkpt>
      <trkpt lat="41.39161475783968" lon="113.160536779782"><time>2025-10-30T08:15:55Z</time></trkpt>
      <trkpt lat="41.39120377232077" lon="113.16049986537526"><time>2025-10-30T08:15:57Z</time></trkpt>
      <trkpt lat="41.3907864593455" lon="113.16046295115662"><time>2025-10-30T08:15:59Z</time></trkpt>
      <trkpt lat="41.39036772310863" lon="113.16042523841668"><time>2025-10-30T08:16:01Z</time></trkpt>
      <trkpt lat="41.38994568036143" lon="113.16039140926048"><time>2025-10-30T08:16:03Z</time></trkpt>
      <trkpt lat="41.38952387045384" lon="113.16035461923198"><time>2025-10-30T08:16:05Z</time></trkpt>
      <trkpt lat="41.38909854206997" lon="113.16032012936823"><time>2025-10-30T08:16:07Z</time></trkpt>
      <trkpt lat="41.38867418119563" lon="113.16028227954209"><time>2025-10-30T08:16:08Z</time></trkpt>
      <trkpt lat="41.23890738976952" lon="113.25774266515067"><time>2025-10-30T08:29:52Z</time></trkpt>
      <trkpt lat="41.216797283888994" lon="113.2662225422573"><time>2025-10-30T08:31:43Z</time></trkpt>
      <trkpt lat="41.216363143214224" lon="113.26630594219385"><time>2025-10-30T08:31:45Z</time></trkpt>
      <trkpt lat="41.215927787163494" lon="113.2663694770199"><time>2025-10-30T08:31:47Z</time></trkpt>
      <trkpt lat="41.21549566841464" lon="113.26642940431418"><time>2025-10-30T08:31:49Z</time></trkpt>
      <trkpt lat="41.215069946044764" lon="113.26648383965025"><time>2025-10-30T08:31:51Z</time></trkpt>
      <trkpt lat="41.21465861931297" lon="113.26652281025623"><time>2025-10-30T08:31:53Z</time></trkpt>
      <trkpt lat="41.21423850600826" lon="113.26655175656835"><time>2025-10-30T08:31:55Z</time></trkpt>
      <trkpt lat="41.21382436358329" lon="113.26657751833835"><time>2025-10-30T08:31:57Z</time></trkpt>
      <trkpt lat="41.213407205814796" lon="113.26659617164603"><time>2025-10-30T08:31:59Z</time></trkpt>
      <trkpt lat="41.21298875701455" lon="113.26660616866221"><time>2025-10-30T08:32:01Z</time></trkpt>
      <trkpt lat="41.2125680200721" lon="113.26660102933569"><time>2025-10-30T08:32:03Z</time></trkpt>
      <trkpt lat="41.085627164354776" lon="113.1054553310223"><time>2025-10-30T08:47:10Z</time></trkpt>
      <trkpt lat="41.04105576410986" lon="113.10368587273462"><time>2025-10-30T09:00:41Z</time></trkpt>
      <trkpt lat="41.001932644323446" lon="113.10213664557142"><time>2025-10-30T09:14:09Z</time></trkpt>
      <trkpt lat="40.97808759663345" lon="113.10284759859843"><time>2025-10-30T09:27:39Z</time></trkpt>
      <trkpt lat="40.976817822121994" lon="113.10172853070603"><time>2025-10-30T12:11:16Z</time></trkpt>
      <trkpt lat="40.97809909909051" lon="113.10276528845004"><time>2025-10-30T12:11:30Z</time></trkpt>
      <trkpt lat="40.98304101725784" lon="113.10389765921776"><time>2025-10-31T00:28:17Z</time></trkpt>
      <trkpt lat="40.979463332673156" lon="113.1116987161676"><time>2025-10-31T00:33:20Z</time></trkpt>
      <trkpt lat="40.96406437762603" lon="113.14170366011282"><time>2025-10-31T00:41:46Z</time></trkpt>
      <trkpt lat="40.956003257242365" lon="113.3946824437217"><time>2025-10-31T00:57:56Z</time></trkpt>
      <trkpt lat="40.93826063880922" lon="113.61046713805763"><time>2025-10-31T01:11:51Z</time></trkpt>
      <trkpt lat="40.86442808699538" lon="113.8076394425596"><time>2025-10-31T01:25:20Z</time></trkpt>
      <trkpt lat="40.809836726023" lon="113.977209146037"><time>2025-10-31T01:38:52Z</time></trkpt>
      <trkpt lat="40.72021909993209" lon="114.1471838672777"><time>2025-10-31T01:52:19Z</time></trkpt>
      <trkpt lat="40.71969502143629" lon="114.14785391661724"><time>2025-10-31T01:52:20Z</time></trkpt>
      <trkpt lat="40.71944000203229" lon="114.14812607701323"><time>2025-10-31T01:52:22Z</time></trkpt>
      <trkpt lat="40.719140600451006" lon="114.14842740643225"><time>2025-10-31T01:52:24Z</time></trkpt>
      <trkpt lat="40.7186685735739" lon="114.14889721210501"><time>2025-10-31T01:52:27Z</time></trkpt>
      <trkpt lat="40.71836154446073" lon="114.14922108884356"><time>2025-10-31T01:52:29Z</time></trkpt>
      <trkpt lat="40.71806809051768" lon="114.1495646300794"><time>2025-10-31T01:52:31Z</time></trkpt>
      <trkpt lat="40.71779701737028" lon="114.14994881662999"><time>2025-10-31T01:52:33Z</time></trkpt>
      <trkpt lat="40.717541047560246" lon="114.1503568532815"><time>2025-10-31T01:52:35Z</time></trkpt>
      <trkpt lat="40.7173010423406" lon="114.15079447747999"><time>2025-10-31T01:52:37Z</time></trkpt>
      <trkpt lat="40.717065396862104" lon="114.1512433597736"><time>2025-10-31T01:52:39Z</time></trkpt>
      <trkpt lat="40.71682963079805" lon="114.15169479794119"><time>2025-10-31T01:52:41Z</time></trkpt>
      <trkpt lat="40.71658713815956" lon="114.15214852894351"><time>2025-10-31T01:52:43Z</time></trkpt>
      <trkpt lat="40.71632993954098" lon="114.15259034596687"><time>2025-10-31T01:52:45Z</time></trkpt>
      <trkpt lat="40.71607032920103" lon="114.15302872688959"><time>2025-10-31T01:52:47Z</time></trkpt>
      <trkpt lat="40.71579842504297" lon="114.15344568289449"><time>2025-10-31T01:52:49Z</time></trkpt>
      <trkpt lat="40.715518149213146" lon="114.1538636195058"><time>2025-10-31T01:52:51Z</time></trkpt>
      <trkpt lat="40.715214268541516" lon="114.15425806349413"><time>2025-10-31T01:52:53Z</time></trkpt>
      <trkpt lat="40.71489052841625" lon="114.1546397146774"><time>2025-10-31T01:52:55Z</time></trkpt>
      <trkpt lat="40.71455708912414" lon="114.15500324931133"><time>2025-10-31T01:52:57Z</time></trkpt>
      <trkpt lat="40.68709633316909" lon="114.25423217016667"><time>2025-10-31T02:06:52Z</time></trkpt>
      <trkpt lat="40.69101956676756" lon="114.29605652588819"><time>2025-10-31T02:18:33Z</time></trkpt>
      <trkpt lat="40.691156904251024" lon="114.29695917304073"><time>2025-10-31T02:18:36Z</time></trkpt>
      <trkpt lat="40.691229240075394" lon="114.29740802395557"><time>2025-10-31T02:18:38Z</time></trkpt>
      <trkpt lat="40.691272323057696" lon="114.29787824872349"><time>2025-10-31T02:18:40Z</time></trkpt>
      <trkpt lat="40.69134218622063" lon="114.2983444501779"><time>2025-10-31T02:18:42Z</time></trkpt>
      <trkpt lat="40.6914084451652" lon="114.29881459112678"><time>2025-10-31T02:18:44Z</time></trkpt>
      <trkpt lat="40.69147818259959" lon="114.29928272041892"><time>2025-10-31T02:18:47Z</time></trkpt>
      <trkpt lat="40.69154673788271" lon="114.29975684431815"><time>2025-10-31T02:18:49Z</time></trkpt>
      <trkpt lat="40.69162334776547" lon="114.30025643150546"><time>2025-10-31T02:18:51Z</time></trkpt>
      <trkpt lat="40.69169910475548" lon="114.3007704912153"><time>2025-10-31T02:18:53Z</time></trkpt>
      <trkpt lat="40.72656984499297" lon="114.51914890152949"><time>2025-10-31T02:32:37Z</time></trkpt>
      <trkpt lat="40.73455148380318" lon="114.74275572236137"><time>2025-10-31T02:46:32Z</time></trkpt>
      <trkpt lat="40.734634087458936" lon="114.7432729696061"><time>2025-10-31T02:46:34Z</time></trkpt>
      <trkpt lat="40.7345367316536" lon="114.74379859875398"><time>2025-10-31T02:46:36Z</time></trkpt>
      <trkpt lat="40.73431729342857" lon="114.74432674247282"><time>2025-10-31T02:46:38Z</time></trkpt>
      <trkpt lat="40.73424110192874" lon="114.74493979487079"><time>2025-10-31T02:46:41Z</time></trkpt>
      <trkpt lat="40.73413808833876" lon="114.74549769434589"><time>2025-10-31T02:46:43Z</time></trkpt>
      <trkpt lat="40.73402882515182" lon="114.74605633853797"><time>2025-10-31T02:46:45Z</time></trkpt>
      <trkpt lat="40.73392040287493" lon="114.7466111815042"><time>2025-10-31T02:46:47Z</time></trkpt>
      <trkpt lat="40.733815163790254" lon="114.74716479634178"><time>2025-10-31T02:46:49Z</time></trkpt>
      <trkpt lat="40.73371058298516" lon="114.74772376184495"><time>2025-10-31T02:46:51Z</time></trkpt>
      <trkpt lat="40.73361177512407" lon="114.7482795750192"><time>2025-10-31T02:46:53Z</time></trkpt>
      <trkpt lat="40.66955070480766" lon="114.94248373444653"><time>2025-10-31T03:00:34Z</time></trkpt>
      <trkpt lat="40.600554177649634" lon="115.13820729056232"><time>2025-10-31T03:14:04Z</time></trkpt>
      <trkpt lat="40.6001552954518" lon="115.13841581867689"><time>2025-10-31T03:14:06Z</time></trkpt>
      <trkpt lat="40.5997228227482" lon="115.13862577987989"><time>2025-10-31T03:14:08Z</time></trkpt>
      <trkpt lat="40.59923852331992" lon="115.13882780458324"><time>2025-10-31T03:14:11Z</time></trkpt>
      <trkpt lat="40.598823032379705" lon="115.13902561749809"><time>2025-10-31T03:14:13Z</time></trkpt>
      <trkpt lat="40.59840787671562" lon="115.1392085106253"><time>2025-10-31T03:14:15Z</time></trkpt>
      <trkpt lat="40.59799002629656" lon="115.13937733696864"><time>2025-10-31T03:14:17Z</time></trkpt>
      <trkpt lat="40.597569231040914" lon="115.1395244494592"><time>2025-10-31T03:14:19Z</time></trkpt>
      <trkpt lat="40.597144652349584" lon="115.13965898886957"><time>2025-10-31T03:14:21Z</time></trkpt>
      <trkpt lat="40.59671921232365" lon="115.13977587949046"><time>2025-10-31T03:14:23Z</time></trkpt>
      <trkpt lat="40.59629208033119" lon="115.1398816910096"><time>2025-10-31T03:14:24Z</time></trkpt>
      <trkpt lat="40.519700883925445" lon="115.27750094431944"><time>2025-10-31T03:28:05Z</time></trkpt>
      <trkpt lat="40.51926913209308" lon="115.27783253240891"><time>2025-10-31T03:28:06Z</time></trkpt>
      <trkpt lat="40.51889408383567" lon="115.27809974748202"><time>2025-10-31T03:28:08Z</time></trkpt>
      <trkpt lat="40.518520795777924" lon="115.2784736641825"><time>2025-10-31T03:28:10Z</time></trkpt>
      <trkpt lat="40.51818547774155" lon="115.27882335718282"><time>2025-10-31T03:28:12Z</time></trkpt>
      <trkpt lat="40.5178555241232" lon="115.27917237963088"><time>2025-10-31T03:28:14Z</time></trkpt>
      <trkpt lat="40.51752716306645" lon="115.27952542539246"><time>2025-10-31T03:28:16Z</time></trkpt>
      <trkpt lat="40.5172017496045" lon="115.27988256502024"><time>2025-10-31T03:28:18Z</time></trkpt>
      <trkpt lat="40.51688185853449" lon="115.28024893440798"><time>2025-10-31T03:28:20Z</time></trkpt>
      <trkpt lat="40.51655570646541" lon="115.28060548784282"><time>2025-10-31T03:28:22Z</time></trkpt>
      <trkpt lat="40.516242464981225" lon="115.28097495642938"><time>2025-10-31T03:28:24Z</time></trkpt>
      <trkpt lat="40.515931282260766" lon="115.28134637718372"><time>2025-10-31T03:28:26Z</time></trkpt>
      <trkpt lat="40.515620729206546" lon="115.28171897215753"><time>2025-10-31T03:28:28Z</time></trkpt>
      <trkpt lat="40.51531522879734" lon="115.28209597883058"><time>2025-10-31T03:28:30Z</time></trkpt>
      <trkpt lat="40.515007626346915" lon="115.28246649723366"><time>2025-10-31T03:28:32Z</time></trkpt>
      <trkpt lat="40.51470690116709" lon="115.28284668840254"><time>2025-10-31T03:28:34Z</time></trkpt>
      <trkpt lat="40.51441197842075" lon="115.28323173141182"><time>2025-10-31T03:28:36Z</time></trkpt>
      <trkpt lat="40.51412682414663" lon="115.28362302547607"><time>2025-10-31T03:28:38Z</time></trkpt>
      <trkpt lat="40.51383501536503" lon="115.28401061386172"><time>2025-10-31T03:28:40Z</time></trkpt>
      <trkpt lat="40.513546019847055" lon="115.2844015373724"><time>2025-10-31T03:28:42Z</time></trkpt>
      <trkpt lat="40.51326220413871" lon="115.28479218766779"><time>2025-10-31T03:28:44Z</time></trkpt>
      <trkpt lat="40.51297882994297" lon="115.28518756230223"><time>2025-10-31T03:28:46Z</time></trkpt>
      <trkpt lat="40.51269770509043" lon="115.28558943285921"><time>2025-10-31T03:28:48Z</time></trkpt>
      <trkpt lat="40.512423505233386" lon="115.28599030040453"><time>2025-10-31T03:28:50Z</time></trkpt>
      <trkpt lat="40.512141422750965" lon="115.28639602903735"><time>2025-10-31T03:28:52Z</time></trkpt>
      <trkpt lat="40.51187010509055" lon="115.28680023403064"><time>2025-10-31T03:28:54Z</time></trkpt>
      <trkpt lat="40.51159852811705" lon="115.28721751590561"><time>2025-10-31T03:28:56Z</time></trkpt>
      <trkpt lat="40.51132907479755" lon="115.28763821308205"><time>2025-10-31T03:28:58Z</time></trkpt>
      <trkpt lat="40.511063361906054" lon="115.28805627269318"><time>2025-10-31T03:29:00Z</time></trkpt>
      <trkpt lat="40.51078528516679" lon="115.28845899986419"><time>2025-10-31T03:29:02Z</time></trkpt>
      <trkpt lat="40.51051352239361" lon="115.28886685116235"><time>2025-10-31T03:29:04Z</time></trkpt>
      <trkpt lat="40.43487279679667" lon="115.46285416010345"><time>2025-10-31T03:42:38Z</time></trkpt>
      <trkpt lat="40.434859972484816" lon="115.46352144341493"><time>2025-10-31T03:42:41Z</time></trkpt>
      <trkpt lat="40.43482581622939" lon="115.46414648193443"><time>2025-10-31T03:42:44Z</time></trkpt>
      <trkpt lat="40.43479610238265" lon="115.46469113800252"><time>2025-10-31T03:42:46Z</time></trkpt>
      <trkpt lat="40.43476936411153" lon="115.46522808271969"><time>2025-10-31T03:42:48Z</time></trkpt>
      <trkpt lat="40.434745736650676" lon="115.46576121066623"><time>2025-10-31T03:42:50Z</time></trkpt>
      <trkpt lat="40.43472967931157" lon="115.46629544862344"><time>2025-10-31T03:42:52Z</time></trkpt>
      <trkpt lat="40.43471130358654" lon="115.46682706895268"><time>2025-10-31T03:42:54Z</time></trkpt>
      <trkpt lat="40.43469258708048" lon="115.46735830415615"><time>2025-10-31T03:42:56Z</time></trkpt>
      <trkpt lat="40.434656218164605" lon="115.46789208312666"><time>2025-10-31T03:42:57Z</time></trkpt>
      <trkpt lat="40.41799554139414" lon="115.55704982030724"><time>2025-10-31T03:48:35Z</time></trkpt>
      <trkpt lat="40.345528791696154" lon="115.66867170866175"><time>2025-10-31T04:02:28Z</time></trkpt>
      <trkpt lat="40.325251542764505" lon="115.78289752361118"><time>2025-10-31T05:11:46Z</time></trkpt>
      <trkpt lat="40.354151440393366" lon="115.8703293267184"><time>2025-10-31T05:18:33Z</time></trkpt>
      <trkpt lat="40.35710277505252" lon="115.88900403130417"><time>2025-10-31T05:32:29Z</time></trkpt>
      <trkpt lat="40.35692981448057" lon="115.88865567940836"><time>2025-10-31T05:32:32Z</time></trkpt>
      <trkpt lat="40.16936520285327" lon="116.04043888794561"><time>2025-10-31T06:00:00Z</time></trkpt>
      <trkpt lat="40.1189840957896" lon="116.14909557636469"><time>2025-10-31T06:13:30Z</time></trkpt>
      <trkpt lat="40.11850487512791" lon="116.14908361095536"><time>2025-10-31T06:13:32Z</time></trkpt>
      <trkpt lat="40.11809847450715" lon="116.14906277597474"><time>2025-10-31T06:13:34Z</time></trkpt>
      <trkpt lat="40.117695706335475" lon="116.1490066620029"><time>2025-10-31T06:13:36Z</time></trkpt>
      <trkpt lat="40.117291129431635" lon="116.14900690194828"><time>2025-10-31T06:13:38Z</time></trkpt>
      <trkpt lat="40.11688680650069" lon="116.14900840678658"><time>2025-10-31T06:13:40Z</time></trkpt>
      <trkpt lat="40.116483146919755" lon="116.14901403531734"><time>2025-10-31T06:13:42Z</time></trkpt>
      <trkpt lat="40.11608074121437" lon="116.14902000659707"><time>2025-10-31T06:13:44Z</time></trkpt>
      <trkpt lat="40.115677241979654" lon="116.1490230037883"><time>2025-10-31T06:13:46Z</time></trkpt>
      <trkpt lat="40.115273917307285" lon="116.14902307290227"><time>2025-10-31T06:13:48Z</time></trkpt>
      <trkpt lat="39.978599076784114" lon="116.08969394644143"><time>2025-10-31T06:27:34Z</time></trkpt>
      <trkpt lat="39.97828163775269" lon="116.08984612166009"><time>2025-10-31T06:27:35Z</time></trkpt>
      <trkpt lat="39.97799773573928" lon="116.09004383776876"><time>2025-10-31T06:27:37Z</time></trkpt>
      <trkpt lat="39.97744021427775" lon="116.09028747789954"><time>2025-10-31T06:27:41Z</time></trkpt>
      <trkpt lat="39.97709671040553" lon="116.09044376822395"><time>2025-10-31T06:27:43Z</time></trkpt>
      <trkpt lat="39.97674817273126" lon="116.09057982405216"><time>2025-10-31T06:27:45Z</time></trkpt>
      <trkpt lat="39.976396516085074" lon="116.09070874895326"><time>2025-10-31T06:27:47Z</time></trkpt>
      <trkpt lat="39.97604461948967" lon="116.09083553265499"><time>2025-10-31T06:27:48Z</time></trkpt>
      <trkpt lat="39.97569177441355" lon="116.0909450880365"><time>2025-10-31T06:27:51Z</time></trkpt>
      <trkpt lat="39.97534267936494" lon="116.09104631524912"><time>2025-10-31T06:27:53Z</time></trkpt>
      <trkpt lat="39.97500623176966" lon="116.09113082533432"><time>2025-10-31T06:27:54Z</time></trkpt>
      <trkpt lat="39.974680746134474" lon="116.09122097649146"><time>2025-10-31T06:27:56Z</time></trkpt>
      <trkpt lat="39.97435135605516" lon="116.09129978359509"><time>2025-10-31T06:27:58Z</time></trkpt>
      <trkpt lat="39.97402354985232" lon="116.09138427772638"><time>2025-10-31T06:28:00Z</time></trkpt>
      <trkpt lat="39.97369533714455" lon="116.09146662734037"><time>2025-10-31T06:28:02Z</time></trkpt>
      <trkpt lat="39.973378024543855" lon="116.09154465515043"><time>2025-10-31T06:28:04Z</time></trkpt>
      <trkpt lat="39.972924010564455" lon="116.09167773970823"><time>2025-10-31T06:28:07Z</time></trkpt>
      <trkpt lat="39.972592722080684" lon="116.09176185533629"><time>2025-10-31T06:28:09Z</time></trkpt>
      <trkpt lat="39.97225928323363" lon="116.09184768753487"><time>2025-10-31T06:28:11Z</time></trkpt>
      <trkpt lat="39.971931980798296" lon="116.09193035821234"><time>2025-10-31T06:28:13Z</time></trkpt>
      <trkpt lat="39.971499134554236" lon="116.09203298554105"><time>2025-10-31T06:28:16Z</time></trkpt>
      <trkpt lat="39.97109236006332" lon="116.09215009102795"><time>2025-10-31T06:28:19Z</time></trkpt>
      <trkpt lat="39.97067721411027" lon="116.09225457376208"><time>2025-10-31T06:28:22Z</time></trkpt>
      <trkpt lat="39.97023436164232" lon="116.09236308761061"><time>2025-10-31T06:28:25Z</time></trkpt>
      <trkpt lat="39.96992209931794" lon="116.09244250301357"><time>2025-10-31T06:28:27Z</time></trkpt>
      <trkpt lat="39.969469216068376" lon="116.09255679778406"><time>2025-10-31T06:28:30Z</time></trkpt>
      <trkpt lat="39.969051376698864" lon="116.09265303508184"><time>2025-10-31T06:28:33Z</time></trkpt>
      <trkpt lat="39.8523095297067" lon="116.12469476658488"><time>2025-10-31T06:42:07Z</time></trkpt>
      <trkpt lat="39.85192949577324" lon="116.12437709124129"><time>2025-10-31T06:42:10Z</time></trkpt>
      <trkpt lat="39.85169514197824" lon="116.12401706258704"><time>2025-10-31T06:42:12Z</time></trkpt>
      <trkpt lat="39.85140243261975" lon="116.12371243614747"><time>2025-10-31T06:42:14Z</time></trkpt>
      <trkpt lat="39.85110300556707" lon="116.12341210585669"><time>2025-10-31T06:42:16Z</time></trkpt>
      <trkpt lat="39.85080464928316" lon="116.12311393204602"><time>2025-10-31T06:42:18Z</time></trkpt>
      <trkpt lat="39.85050507882893" lon="116.12282270213794"><time>2025-10-31T06:42:20Z</time></trkpt>
      <trkpt lat="39.85020907350908" lon="116.12252960219467"><time>2025-10-31T06:42:22Z</time></trkpt>
      <trkpt lat="39.84990981540786" lon="116.12224084352242"><time>2025-10-31T06:42:24Z</time></trkpt>
      <trkpt lat="39.8496144091769" lon="116.121949796643"><time>2025-10-31T06:42:26Z</time></trkpt>
      <trkpt lat="39.72204302499374" lon="116.08944571267175"><time>2025-10-31T06:56:09Z</time></trkpt>
      <trkpt lat="39.6370897636838" lon="116.06482879344121"><time>2025-10-31T07:09:39Z</time></trkpt>
      <trkpt lat="39.63732469758237" lon="116.06453935430876"><time>2025-10-31T07:09:57Z</time></trkpt>
      <trkpt lat="39.653873546085926" lon="116.07172583240651"><time>2025-10-31T08:34:52Z</time></trkpt>
      <trkpt lat="39.78908591260396" lon="116.19126694484915"><time>2025-10-31T08:49:37Z</time></trkpt>
      <trkpt lat="39.87848869431156" lon="116.28964705175912"><time>2025-10-31T09:02:53Z</time></trkpt>
      <trkpt lat="39.87858931367042" lon="116.29013773160304"><time>2025-10-31T09:02:55Z</time></trkpt>
      <trkpt lat="39.87867994914824" lon="116.29060148404722"><time>2025-10-31T09:02:57Z</time></trkpt>
      <trkpt lat="39.87877971381684" lon="116.29111824848486"><time>2025-10-31T09:03:00Z</time></trkpt>
      <trkpt lat="39.87886855607428" lon="116.29158363587209"><time>2025-10-31T09:03:02Z</time></trkpt>
      <trkpt lat="39.87895731078088" lon="116.29205997632928"><time>2025-10-31T09:03:04Z</time></trkpt>
      <trkpt lat="39.879043114648454" lon="116.29252027416693"><time>2025-10-31T09:03:06Z</time></trkpt>
      <trkpt lat="39.879149333316796" lon="116.29294944388958"><time>2025-10-31T09:03:08Z</time></trkpt>
      <trkpt lat="39.87923650288083" lon="116.29342043059245"><time>2025-10-31T09:03:10Z</time></trkpt>
      <trkpt lat="39.87932841735968" lon="116.29390981765995"><time>2025-10-31T09:03:12Z</time></trkpt>
      <trkpt lat="39.879438126657014" lon="116.29441594775713"><time>2025-10-31T09:03:14Z</time></trkpt>
      <trkpt lat="39.896182213015756" lon="116.32837878550993"><time>2025-10-31T09:17:53Z</time></trkpt>
      <trkpt lat="39.89789552567289" lon="116.35535095684448"><time>2025-10-31T09:32:39Z</time></trkpt>
      <trkpt lat="39.909377617705324" lon="116.36121197937756"><time>2025-10-31T09:46:43Z</time></trkpt>
      <trkpt lat="39.90929592250971" lon="116.36613081111966"><time>2025-10-31T13:47:54Z</time></trkpt>
      <trkpt lat="39.9096916996431" lon="116.36752400016968"><time>2025-11-01T03:15:42Z</time></trkpt>
      <trkpt lat="39.90601049065876" lon="116.37376192330271"><time>2025-11-01T04:19:34Z</time></trkpt>
      <trkpt lat="39.90557149911393" lon="116.38254099748495"><time>2025-11-01T04:39:59Z</time></trkpt>
      <trkpt lat="39.905621976624985" lon="116.36925308446328"><time>2025-11-01T05:44:05Z</time></trkpt>
      <trkpt lat="39.909604090450394" lon="116.36583703927529"><time>2025-11-01T07:34:36Z</time></trkpt>
      <trkpt lat="39.90940405644554" lon="116.36623756917575"><time>2025-11-02T08:42:13Z</time></trkpt>
      <trkpt lat="39.91445937197647" lon="116.37155128653754"><time>2025-11-03T02:26:14Z</time></trkpt>
      <trkpt lat="39.92199088890958" lon="116.40437779002443"><time>2025-11-03T02:40:18Z</time></trkpt>
      <trkpt lat="39.922015539427136" lon="116.40500205042143"><time>2025-11-03T03:44:24Z</time></trkpt>
      <trkpt lat="39.922250876416996" lon="116.40460445899646"><time>2025-11-04T06:26:22Z</time></trkpt>
      <trkpt lat="39.92200026582441" lon="116.40495612160868"><time>2025-11-04T14:53:01Z</time></trkpt>
      <trkpt lat="39.91305687002829" lon="116.37537033307959"><time>2025-11-07T03:18:38Z</time></trkpt>
      <trkpt lat="39.89265322223296" lon="116.30370740789576"><time>2025-11-07T03:31:22Z</time></trkpt>
      <trkpt lat="39.814810487478795" lon="116.20436467241142"><time>2025-11-07T03:45:15Z</time></trkpt>
      <trkpt lat="39.65614940043507" lon="116.07111403729401"><time>2025-11-07T04:00:07Z</time></trkpt>
      <trkpt lat="39.63551176206089" lon="116.06258034607269"><time>2025-11-07T04:10:04Z</time></trkpt>
      <trkpt lat="39.64190875734964" lon="116.06924618164909"><time>2025-11-07T05:41:51Z</time></trkpt>
      <trkpt lat="39.646499018591484" lon="116.05403586869855"><time>2025-11-07T05:46:49Z</time></trkpt>
      <trkpt lat="39.71044710877392" lon="116.00849589903707"><time>2025-11-07T06:05:03Z</time></trkpt>
      <trkpt lat="39.7560511917994" lon="116.00681041728042"><time>2025-11-07T06:20:17Z</time></trkpt>
      <trkpt lat="39.75612098672033" lon="116.0063087251956"><time>2025-11-07T07:01:59Z</time></trkpt>
      <trkpt lat="39.730120324566705" lon="116.00908393051104"><time>2025-11-08T01:09:05Z</time></trkpt>
      <trkpt lat="39.631428904868315" lon="115.98284916031731"><time>2025-11-08T01:23:50Z</time></trkpt>
      <trkpt lat="39.62655540957883" lon="115.91449998303429"><time>2025-11-08T01:28:54Z</time></trkpt>
      <trkpt lat="39.55468126576352" lon="115.74933520529022"><time>2025-11-08T01:43:24Z</time></trkpt>
      <trkpt lat="39.54661320033686" lon="115.8012898752112"><time>2025-11-08T01:56:43Z</time></trkpt>
      <trkpt lat="39.601289676539224" lon="115.86446123208465"><time>2025-11-08T02:11:38Z</time></trkpt>
      <trkpt lat="39.600417455695194" lon="115.96864317554605"><time>2025-11-08T02:26:53Z</time></trkpt>
      <trkpt lat="39.630294833369206" lon="116.05594002652546"><time>2025-11-08T02:41:38Z</time></trkpt>
      <trkpt lat="39.63545951064642" lon="116.0628241674193"><time>2025-11-08T02:55:55Z</time></trkpt>
      <trkpt lat="39.63886587418582" lon="116.06720739986382"><time>2025-11-08T04:54:54Z</time></trkpt>
      <trkpt lat="39.63927397902307" lon="116.06746954720954"><time>2025-11-08T04:54:58Z</time></trkpt>
      <trkpt lat="39.643916728713954" lon="116.07151762457974"><time>2025-11-08T04:55:42Z</time></trkpt>
      <trkpt lat="39.644236807194694" lon="116.07180753539714"><time>2025-11-08T04:55:46Z</time></trkpt>
      <trkpt lat="39.64459323809514" lon="116.07191789751884"><time>2025-11-08T04:55:48Z</time></trkpt>
      <trkpt lat="39.64491299776423" lon="116.07195033513351"><time>2025-11-08T04:55:51Z</time></trkpt>
      <trkpt lat="39.64527331231321" lon="116.07196319574354"><time>2025-11-08T04:55:55Z</time></trkpt>
      <trkpt lat="39.64563450369926" lon="116.0719543267868"><time>2025-11-08T04:55:59Z</time></trkpt>
      <trkpt lat="39.64598589820211" lon="116.07192459756796"><time>2025-11-08T04:56:03Z</time></trkpt>
      <trkpt lat="39.6463737565188" lon="116.07188798042466"><time>2025-11-08T04:56:07Z</time></trkpt>
      <trkpt lat="39.64678250749967" lon="116.07187491086604"><time>2025-11-08T04:56:11Z</time></trkpt>
      <trkpt lat="39.64710110130835" lon="116.07187681893812"><time>2025-11-08T04:56:14Z</time></trkpt>
      <trkpt lat="39.64748060695465" lon="116.0718710767091"><time>2025-11-08T04:56:18Z</time></trkpt>
      <trkpt lat="39.78495643696892" lon="116.1871203955649"><time>2025-11-08T05:11:00Z</time></trkpt>
      <trkpt lat="39.882294153831786" lon="116.26917539175253"><time>2025-11-08T05:25:45Z</time></trkpt>
      <trkpt lat="39.882659520991034" lon="116.26897833320895"><time>2025-11-08T05:25:51Z</time></trkpt>
      <trkpt lat="39.88301889508951" lon="116.26886559661129"><time>2025-11-08T05:25:56Z</time></trkpt>
      <trkpt lat="39.883391692273186" lon="116.26875539306634"><time>2025-11-08T05:26:00Z</time></trkpt>
      <trkpt lat="39.8837117779387" lon="116.2686538122222"><time>2025-11-08T05:26:03Z</time></trkpt>
      <trkpt lat="39.94523772042239" lon="116.27873361121516"><time>2025-11-08T05:40:30Z</time></trkpt>
      <trkpt lat="39.966054512225064" lon="116.3270448894392"><time>2025-11-08T05:55:16Z</time></trkpt>
      <trkpt lat="39.966021146246334" lon="116.32746292333736"><time>2025-11-08T05:55:37Z</time></trkpt>
      <trkpt lat="39.9707662499035" lon="116.33088197121903"><time>2025-11-08T07:43:47Z</time></trkpt>
      <trkpt lat="39.96590263213959" lon="116.31534702155396"><time>2025-11-12T00:45:46Z</time></trkpt>
      <trkpt lat="39.942672077702156" lon="116.30393473154164"><time>2025-11-12T00:50:59Z</time></trkpt>
      <trkpt lat="39.89026084991183" lon="116.3041988757853"><time>2025-11-12T00:56:56Z</time></trkpt>
      <trkpt lat="39.7827028530089" lon="116.17670087154598"><time>2025-11-12T01:13:18Z</time></trkpt>
      <trkpt lat="39.63563496245982" lon="116.06258544767385"><time>2025-11-12T01:31:27Z</time></trkpt>
      <trkpt lat="39.61535329468512" lon="116.03044630039113"><time>2025-11-12T02:22:25Z</time></trkpt>
      <trkpt lat="39.56700312443037" lon="116.03205218921977"><time>2025-11-12T02:32:43Z</time></trkpt>
      <trkpt lat="39.387457226439736" lon="115.97751340839636"><time>2025-11-12T02:48:18Z</time></trkpt>
      <trkpt lat="39.24168914094496" lon="115.86318475205066"><time>2025-11-12T03:02:11Z</time></trkpt>
      <trkpt lat="39.09693702593361" lon="115.72632797073176"><time>2025-11-12T03:17:11Z</time></trkpt>
      <trkpt lat="38.98170954232904" lon="115.66835519235444"><time>2025-11-12T03:32:11Z</time></trkpt>
      <trkpt lat="38.90327408799673" lon="115.59347326524015"><time>2025-11-12T04:17:59Z</time></trkpt>
      <trkpt lat="38.7617572909582" lon="115.50028488982049"><time>2025-11-12T04:32:18Z</time></trkpt>
      <trkpt lat="38.75582231677953" lon="115.49366419214337"><time>2025-11-12T04:47:01Z</time></trkpt>
      <trkpt lat="38.73803306840242" lon="115.39642020139414"><time>2025-11-12T05:15:56Z</time></trkpt>
      <trkpt lat="38.65175792951011" lon="115.20407262268961"><time>2025-11-12T05:29:57Z</time></trkpt>
      <trkpt lat="38.52733754556489" lon="115.03876497979745"><time>2025-11-12T05:44:27Z</time></trkpt>
      <trkpt lat="38.432369409164814" lon="114.85828064392773"><time>2025-11-12T05:59:11Z</time></trkpt>
      <trkpt lat="38.28491333409984" lon="114.75473782058316"><time>2025-11-12T06:13:54Z</time></trkpt>
      <trkpt lat="38.10813245832744" lon="114.77884945470353"><time>2025-11-12T06:28:39Z</time></trkpt>
      <trkpt lat="37.93637779079185" lon="114.74242589447157"><time>2025-11-12T06:43:23Z</time></trkpt>
      <trkpt lat="37.78604756112935" lon="114.67689810331414"><time>2025-11-12T06:58:06Z</time></trkpt>
      <trkpt lat="37.73469624289446" lon="114.65906982170472"><time>2025-11-12T07:12:51Z</time></trkpt>
      <trkpt lat="37.723160656204186" lon="114.65579004037627"><time>2025-11-13T01:31:15Z</time></trkpt>
      <trkpt lat="37.653553728049296" lon="114.63835719052203"><time>2025-11-13T01:37:14Z</time></trkpt>
      <trkpt lat="37.63832930013317" lon="114.55659315000712"><time>2025-11-13T01:44:28Z</time></trkpt>
      <trkpt lat="37.6415089751013" lon="114.43819558258582"><time>2025-11-13T01:52:45Z</time></trkpt>
      <trkpt lat="37.654474438203174" lon="114.31313926364696"><time>2025-11-13T02:03:48Z</time></trkpt>
      <trkpt lat="37.85585674460778" lon="114.2510893755725"><time>2025-11-13T02:23:11Z</time></trkpt>
      <trkpt lat="37.97316177286019" lon="114.1447508522441"><time>2025-11-13T02:38:11Z</time></trkpt>
      <trkpt lat="37.9545802250858" lon="113.95360775302532"><time>2025-11-13T02:53:13Z</time></trkpt>
      <trkpt lat="37.840169360073816" lon="113.83574198507885"><time>2025-11-13T03:08:12Z</time></trkpt>
      <trkpt lat="37.785674901714344" lon="113.75224459926947"><time>2025-11-13T03:18:49Z</time></trkpt>
      <trkpt lat="37.781317192426215" lon="113.72339709433795"><time>2025-11-13T03:38:13Z</time></trkpt>
      <trkpt lat="37.77920245180833" lon="113.71391249270214"><time>2025-11-13T03:53:57Z</time></trkpt>
      <trkpt lat="37.781073991244455" lon="113.65438847813164"><time>2025-11-13T03:59:06Z</time></trkpt>
      <trkpt lat="37.86001915581325" lon="113.34267161797112"><time>2025-11-13T04:28:24Z</time></trkpt>
      <trkpt lat="37.88765362001759" lon="113.15330690714825"><time>2025-11-13T04:43:33Z</time></trkpt>
      <trkpt lat="37.8903686441834" lon="112.95234767730622"><time>2025-11-13T04:58:30Z</time></trkpt>
      <trkpt lat="37.83492746567097" lon="112.87749147804678"><time>2025-11-13T05:13:40Z</time></trkpt>
      <trkpt lat="37.82830772950706" lon="112.873643016019"><time>2025-11-13T06:15:56Z</time></trkpt>
      <trkpt lat="37.76851681064606" lon="112.80350712138488"><time>2025-11-13T06:24:45Z</time></trkpt>
      <trkpt lat="37.60278873149082" lon="112.76864603172314"><time>2025-11-13T06:39:54Z</time></trkpt>
      <trkpt lat="37.52429974125247" lon="112.65513552168592"><time>2025-11-13T06:50:17Z</time></trkpt>
      <trkpt lat="37.49719213232165" lon="112.58150126795525"><time>2025-11-13T06:55:37Z</time></trkpt>
      <trkpt lat="37.47856490317497" lon="112.50277164402651"><time>2025-11-13T07:10:59Z</time></trkpt>
      <trkpt lat="37.45886571243169" lon="112.45201670575183"><time>2025-11-13T07:27:57Z</time></trkpt>
      <trkpt lat="37.38661932296807" lon="112.28176122541751"><time>2025-11-13T07:42:51Z</time></trkpt>
      <trkpt lat="37.213558332470654" lon="112.23913056932078"><time>2025-11-13T07:57:53Z</time></trkpt>
      <trkpt lat="37.17222442750202" lon="112.18015754008877"><time>2025-11-13T08:05:30Z</time></trkpt>
      <trkpt lat="37.23445873711" lon="112.25082512955392"><time>2025-11-13T08:30:16Z</time></trkpt>
      <trkpt lat="37.41031798071918" lon="112.28963577199009"><time>2025-11-13T08:45:23Z</time></trkpt>
      <trkpt lat="37.47741134375099" lon="112.5027081930195"><time>2025-11-13T09:00:32Z</time></trkpt>
      <trkpt lat="37.49774022497004" lon="112.56408015276544"><time>2025-11-13T09:13:44Z</time></trkpt>
      <trkpt lat="37.479529744049046" lon="112.50213269154774"><time>2025-11-14T02:17:45Z</time></trkpt>
      <trkpt lat="37.41327494852004" lon="112.30544999252288"><time>2025-11-14T03:05:22Z</time></trkpt>
      <trkpt lat="37.256211876515195" lon="112.25397563615442"><time>2025-11-14T03:20:49Z</time></trkpt>
      <trkpt lat="37.18084188181644" lon="112.17760149399952"><time>2025-11-14T03:35:47Z</time></trkpt>
      <trkpt lat="37.19313554414209" lon="112.17558892628094"><time>2025-11-14T03:40:49Z</time></trkpt>
      <trkpt lat="37.19403151891864" lon="112.17630129317955"><time>2025-11-14T06:31:01Z</time></trkpt>
      <trkpt lat="37.19384463257292" lon="112.17595497213075"><time>2025-11-14T13:47:19Z</time></trkpt>
      <trkpt lat="37.17512750946975" lon="112.17874208340855"><time>2025-11-16T01:10:55Z</time></trkpt>
      <trkpt lat="37.145277131383445" lon="112.1398380865456"><time>2025-11-16T01:22:49Z</time></trkpt>
      <trkpt lat="37.1064444026324" lon="112.18392983089404"><time>2025-11-16T01:31:11Z</time></trkpt>
      <trkpt lat="37.10817027224138" lon="112.551349816604"><time>2025-11-16T02:01:37Z</time></trkpt>
      <trkpt lat="37.07726548314943" lon="112.72817062327327"><time>2025-11-16T02:16:36Z</time></trkpt>
      <trkpt lat="37.0856605517092" lon="112.75214918899606"><time>2025-11-16T02:29:38Z</time></trkpt>
      <trkpt lat="37.09646208249668" lon="112.92148371864772"><time>2025-11-16T02:57:41Z</time></trkpt>
      <trkpt lat="36.9521628599958" lon="112.92429906326618"><time>2025-11-16T03:12:42Z</time></trkpt>
      <trkpt lat="36.799741429311034" lon="112.8819411994078"><time>2025-11-16T03:27:41Z</time></trkpt>
      <trkpt lat="36.745827393640525" lon="112.89169580686175"><time>2025-11-16T03:32:44Z</time></trkpt>
      <trkpt lat="36.58204830997732" lon="112.92811675621539"><time>2025-11-16T03:48:10Z</time></trkpt>
      <trkpt lat="36.4382589957919" lon="112.94311470902493"><time>2025-11-16T04:03:09Z</time></trkpt>
      <trkpt lat="36.26448610963768" lon="112.98681826977445"><time>2025-11-16T04:18:09Z</time></trkpt>
      <trkpt lat="36.14827359144379" lon="113.03716657108946"><time>2025-11-16T04:29:21Z</time></trkpt>
      <trkpt lat="35.97676691207071" lon="113.03507891778798"><time>2025-11-16T04:44:56Z</time></trkpt>
      <trkpt lat="35.81150322690216" lon="112.95331000360935"><time>2025-11-16T05:00:18Z</time></trkpt>
      <trkpt lat="35.74247481770417" lon="112.96753291982502"><time>2025-11-16T05:13:48Z</time></trkpt>
      <trkpt lat="35.70853840043532" lon="112.9912105214234"><time>2025-11-16T06:01:14Z</time></trkpt>
      <trkpt lat="35.75196292254678" lon="113.17733698535075"><time>2025-11-16T06:15:09Z</time></trkpt>
      <trkpt lat="35.737455535002184" lon="113.36035012585356"><time>2025-11-16T06:28:38Z</time></trkpt>
      <trkpt lat="35.68914516634557" lon="113.52415196246405"><time>2025-11-16T06:42:09Z</time></trkpt>
      <trkpt lat="35.717572071691166" lon="113.6300180651106"><time>2025-11-16T06:55:39Z</time></trkpt>
      <trkpt lat="35.700468581114464" lon="113.69964610154129"><time>2025-11-16T07:22:38Z</time></trkpt>
      <trkpt lat="35.72646277104362" lon="113.73573393007209"><time>2025-11-16T07:36:09Z</time></trkpt>
      <trkpt lat="35.76813613649677" lon="113.70501726887792"><time>2025-11-16T07:49:39Z</time></trkpt>
      <trkpt lat="35.73696393466199" lon="113.63758488342451"><time>2025-11-16T08:03:07Z</time></trkpt>
      <trkpt lat="35.73622612463679" lon="113.63911830922913"><time>2025-11-16T09:14:04Z</time></trkpt>
      <trkpt lat="35.756153413127876" lon="113.68246240551926"><time>2025-11-18T01:52:11Z</time></trkpt>
      <trkpt lat="35.7722071465438" lon="113.70423054333189"><time>2025-11-18T01:57:39Z</time></trkpt>
      <trkpt lat="35.72341114285935" lon="113.71457171636979"><time>2025-11-18T02:11:36Z</time></trkpt>
      <trkpt lat="35.60990944508054" lon="113.68857557895936"><time>2025-11-18T02:24:38Z</time></trkpt>
      <trkpt lat="35.49806535247294" lon="113.71193527254621"><time>2025-11-18T02:37:39Z</time></trkpt>
      <trkpt lat="35.42152944024226" lon="113.75763491738006"><time>2025-11-18T02:51:39Z</time></trkpt>
      <trkpt lat="35.31819063242089" lon="113.65727470266972"><time>2025-11-18T03:05:39Z</time></trkpt>
      <trkpt lat="35.216333284075574" lon="113.49534396092733"><time>2025-11-18T03:19:39Z</time></trkpt>
      <trkpt lat="35.16051326039278" lon="113.33491149380161"><time>2025-11-18T03:32:40Z</time></trkpt>
      <trkpt lat="35.141334780524616" lon="113.26210116046784"><time>2025-11-18T04:29:07Z</time></trkpt>
      <trkpt lat="35.10202671404472" lon="113.04405106242098"><time>2025-11-18T04:44:15Z</time></trkpt>
      <trkpt lat="35.056043467517064" lon="112.86295618872424"><time>2025-11-18T04:57:45Z</time></trkpt>
      <trkpt lat="35.05652907307731" lon="112.67787320549849"><time>2025-11-18T05:12:28Z</time></trkpt>
      <trkpt lat="34.89097127228499" lon="112.62866791348218"><time>2025-11-18T05:27:12Z</time></trkpt>
      <trkpt lat="34.75800344258059" lon="112.57163241516106"><time>2025-11-18T05:40:58Z</time></trkpt>
      <trkpt lat="34.614024222860685" lon="112.52488075766016"><time>2025-11-18T05:54:07Z</time></trkpt>
      <trkpt lat="34.57003398335964" lon="112.48255558322414"><time>2025-11-18T06:06:47Z</time></trkpt>
      <trkpt lat="34.56807318381903" lon="112.48347744305484"><time>2025-11-18T12:17:33Z</time></trkpt>
      <trkpt lat="34.621041258829294" lon="112.43230263713042"><time>2025-11-20T01:23:50Z</time></trkpt>
      <trkpt lat="34.740630690972075" lon="112.423331737623"><time>2025-11-20T01:38:32Z</time></trkpt>
      <trkpt lat="34.75291940138506" lon="112.3956573113733"><time>2025-11-20T01:47:07Z</time></trkpt>
      <trkpt lat="34.753229990633905" lon="112.23191639418921"><time>2025-11-20T01:58:38Z</time></trkpt>
      <trkpt lat="34.75907697257317" lon="112.03371078072908"><time>2025-11-20T02:12:55Z</time></trkpt>
      <trkpt lat="34.751413690635744" lon="111.94427626533682"><time>2025-11-20T02:27:40Z</time></trkpt>
      <trkpt lat="34.7596777277391" lon="111.90768820244065"><time>2025-11-20T02:42:22Z</time></trkpt>
      <trkpt lat="34.77551302875837" lon="111.72330996963356"><time>2025-11-20T02:56:28Z</time></trkpt>
      <trkpt lat="34.701566495964954" lon="111.5799640865173"><time>2025-11-20T03:09:59Z</time></trkpt>
      <trkpt lat="34.71652630719795" lon="111.40890335674528"><time>2025-11-20T03:22:44Z</time></trkpt>
      <trkpt lat="34.7501504428958" lon="111.20039644923818"><time>2025-11-20T03:37:45Z</time></trkpt>
      <trkpt lat="34.713455816453724" lon="111.01752396848258"><time>2025-11-20T03:51:16Z</time></trkpt>
      <trkpt lat="34.62074462691503" lon="110.8653893987318"><time>2025-11-20T04:05:42Z</time></trkpt>
      <trkpt lat="34.57375855062907" lon="110.75648909157123"><time>2025-11-20T04:20:50Z</time></trkpt>
      <trkpt lat="34.57793112548645" lon="110.54693760065125"><time>2025-11-20T05:16:41Z</time></trkpt>
      <trkpt lat="34.57907578977877" lon="110.48694688971898"><time>2025-11-20T05:30:41Z</time></trkpt>
      <trkpt lat="34.603982912408746" lon="110.30913454490742"><time>2025-11-20T05:45:27Z</time></trkpt>
      <trkpt lat="34.580825599873975" lon="110.1254380961043"><time>2025-11-20T05:58:55Z</time></trkpt>
      <trkpt lat="34.54365931920199" lon="109.9449545984249"><time>2025-11-20T06:12:05Z</time></trkpt>
      <trkpt lat="34.49990662739365" lon="109.7289622188193"><time>2025-11-20T06:27:10Z</time></trkpt>
      <trkpt lat="34.493751295205804" lon="109.55168872289856"><time>2025-11-20T06:41:53Z</time></trkpt>
      <trkpt lat="34.47951085403047" lon="109.35607158589116"><time>2025-11-20T06:56:38Z</time></trkpt>
      <trkpt lat="34.40915642185842" lon="109.24795546392723"><time>2025-11-20T07:11:23Z</time></trkpt>
      <trkpt lat="34.39419640697017" lon="109.28019105466946"><time>2025-11-20T07:24:18Z</time></trkpt>
      <trkpt lat="34.39387662461384" lon="109.28024530294145"><time>2025-11-20T12:11:42Z</time></trkpt>
      <trkpt lat="34.398684323910146" lon="109.28171270837252"><time>2025-11-21T06:19:18Z</time></trkpt>
      <trkpt lat="34.3575228145666" lon="109.15871984335516"><time>2025-11-21T06:32:46Z</time></trkpt>
      <trkpt lat="34.30112626872426" lon="109.04444617229424"><time>2025-11-21T06:46:16Z</time></trkpt>
      <trkpt lat="34.311579549717074" lon="108.95807610834851"><time>2025-11-21T06:59:48Z</time></trkpt>
      <trkpt lat="34.30132621902442" lon="108.90410092669437"><time>2025-11-21T07:13:16Z</time></trkpt>
      <trkpt lat="34.297670897749335" lon="108.9008632940985"><time>2025-11-25T01:20:45Z</time></trkpt>
      <trkpt lat="34.28964421858788" lon="108.86215952548221"><time>2025-11-25T01:25:46Z</time></trkpt>
      <trkpt lat="34.309180607804464" lon="108.84216357508897"><time>2025-11-25T01:30:46Z</time></trkpt>
      <trkpt lat="34.337010529074696" lon="108.84094364826254"><time>2025-11-25T01:35:47Z</time></trkpt>
      <trkpt lat="34.34334724683079" lon="108.82940343990316"><time>2025-11-25T01:40:48Z</time></trkpt>
      <trkpt lat="34.306744017901515" lon="108.78297062504168"><time>2025-11-25T01:45:48Z</time></trkpt>
      <trkpt lat="34.25322317299942" lon="108.79101865907899"><time>2025-11-25T01:50:49Z</time></trkpt>
      <trkpt lat="34.19963851338963" lon="108.81469042940651"><time>2025-11-25T01:55:49Z</time></trkpt>
      <trkpt lat="34.167915976601876" lon="108.76990128658852"><time>2025-11-25T02:00:50Z</time></trkpt>
      <trkpt lat="34.142858775476846" lon="108.70557821191166"><time>2025-11-25T02:05:50Z</time></trkpt>
      <trkpt lat="34.098158131424874" lon="108.6590385915768"><time>2025-11-25T02:10:51Z</time></trkpt>
      <trkpt lat="34.0839446191007" lon="108.59057491807344"><time>2025-11-25T02:15:51Z</time></trkpt>
      <trkpt lat="34.03917916842354" lon="108.54359917389448"><time>2025-11-25T02:20:51Z</time></trkpt>
      <trkpt lat="33.99221825314947" lon="108.52828096661935"><time>2025-11-25T02:25:52Z</time></trkpt>
      <trkpt lat="33.94641873706863" lon="108.52512880519197"><time>2025-11-25T02:30:52Z</time></trkpt>
      <trkpt lat="33.90994645097931" lon="108.51150315483498"><time>2025-11-25T02:35:53Z</time></trkpt>
      <trkpt lat="33.87581762425609" lon="108.50086596095187"><time>2025-11-25T02:40:53Z</time></trkpt>
      <trkpt lat="33.83432530456561" lon="108.51092493992613"><time>2025-11-25T02:45:53Z</time></trkpt>
      <trkpt lat="33.77817667312984" lon="108.48608767686488"><time>2025-11-25T02:54:17Z</time></trkpt>
      <trkpt lat="33.612145436958976" lon="108.4330598452207"><time>2025-11-25T04:06:56Z</time></trkpt>
      <trkpt lat="33.50346928465506" lon="108.31543575982406"><time>2025-11-25T04:21:54Z</time></trkpt>
      <trkpt lat="33.411286750264146" lon="108.2307175517174"><time>2025-11-25T04:36:55Z</time></trkpt>
      <trkpt lat="33.40128742849471" lon="108.22702668231223"><time>2025-11-25T04:50:24Z</time></trkpt>
      <trkpt lat="33.37813891939202" lon="108.18743471066298"><time>2025-11-25T05:21:12Z</time></trkpt>
      <trkpt lat="33.30839849747287" lon="108.05065591063016"><time>2025-11-25T05:36:13Z</time></trkpt>
      <trkpt lat="33.284569429264664" lon="107.90433643395816"><time>2025-11-25T05:51:11Z</time></trkpt>
      <trkpt lat="33.25787607910437" lon="107.7287469319352"><time>2025-11-25T06:06:12Z</time></trkpt>
      <trkpt lat="33.203648105294626" lon="107.56042719828667"><time>2025-11-25T06:21:12Z</time></trkpt>
      <trkpt lat="33.16045955292243" lon="107.4264257961022"><time>2025-11-25T06:34:41Z</time></trkpt>
      <trkpt lat="33.09326812162352" lon="107.2564333398894"><time>2025-11-25T06:48:11Z</time></trkpt>
      <trkpt lat="33.02520069762415" lon="107.05681638802128"><time>2025-11-25T07:03:11Z</time></trkpt>
      <trkpt lat="33.054996938475455" lon="106.84674250903245"><time>2025-11-25T07:18:11Z</time></trkpt>
      <trkpt lat="33.057967275411876" lon="106.648900676618"><time>2025-11-25T07:33:11Z</time></trkpt>
      <trkpt lat="33.05786350745061" lon="106.64851108575859"><time>2025-11-25T07:33:13Z</time></trkpt>
      <trkpt lat="33.05775324351439" lon="106.64810900586345"><time>2025-11-25T07:33:18Z</time></trkpt>
      <trkpt lat="33.05779406619834" lon="106.64773620851012"><time>2025-11-25T07:33:32Z</time></trkpt>
      <trkpt lat="33.058039031614975" lon="106.64746764961234"><time>2025-11-25T07:33:46Z</time></trkpt>
      <trkpt lat="32.9736640630597" lon="106.5060560313114"><time>2025-11-25T07:48:43Z</time></trkpt>
      <trkpt lat="32.86684693306021" lon="106.40514504174367"><time>2025-11-25T08:03:44Z</time></trkpt>
      <trkpt lat="32.80650385192857" lon="106.23049987489938"><time>2025-11-25T08:18:44Z</time></trkpt>
      <trkpt lat="32.80633089498026" lon="106.230107985874"><time>2025-11-25T08:18:45Z</time></trkpt>
      <trkpt lat="32.8060945447099" lon="106.22957340628376"><time>2025-11-25T08:18:47Z</time></trkpt>
      <trkpt lat="32.80593092065989" lon="106.229117874995"><time>2025-11-25T08:18:49Z</time></trkpt>
      <trkpt lat="32.805749774521864" lon="106.22854107419433"><time>2025-11-25T08:18:52Z</time></trkpt>
      <trkpt lat="32.80557939662533" lon="106.22808855592776"><time>2025-11-25T08:18:54Z</time></trkpt>
      <trkpt lat="32.805403517589724" lon="106.22764080772755"><time>2025-11-25T08:18:56Z</time></trkpt>
      <trkpt lat="32.80522097731985" lon="106.22719695585822"><time>2025-11-25T08:18:58Z</time></trkpt>
      <trkpt lat="32.80502059750869" lon="106.22676086640962"><time>2025-11-25T08:19:00Z</time></trkpt>
      <trkpt lat="32.80481209807338" lon="106.22633002461843"><time>2025-11-25T08:19:02Z</time></trkpt>
      <trkpt lat="32.80458909334596" lon="106.22590362109841"><time>2025-11-25T08:19:04Z</time></trkpt>
      <trkpt lat="32.7227790131357" lon="106.0897223887165"><time>2025-11-25T08:34:16Z</time></trkpt>
      <trkpt lat="32.72282958919773" lon="106.08911768998817"><time>2025-11-25T08:34:19Z</time></trkpt>
      <trkpt lat="32.72298941857435" lon="106.0885964334999"><time>2025-11-25T08:34:21Z</time></trkpt>
      <trkpt lat="32.72310651376166" lon="106.0881545395647"><time>2025-11-25T08:34:23Z</time></trkpt>
      <trkpt lat="32.72321635860272" lon="106.08771935115203"><time>2025-11-25T08:34:25Z</time></trkpt>
      <trkpt lat="32.7233236050538" lon="106.08728332454905"><time>2025-11-25T08:34:27Z</time></trkpt>
      <trkpt lat="32.72342332755751" lon="106.08683762247455"><time>2025-11-25T08:34:29Z</time></trkpt>
      <trkpt lat="32.723502717566426" lon="106.0863933410695"><time>2025-11-25T08:34:31Z</time></trkpt>
      <trkpt lat="32.72355814775291" lon="106.08595994428032"><time>2025-11-25T08:34:33Z</time></trkpt>
      <trkpt lat="32.723592322238005" lon="106.08551372458857"><time>2025-11-25T08:34:35Z</time></trkpt>
      <trkpt lat="32.723596412371656" lon="106.08506495917938"><time>2025-11-25T08:34:37Z</time></trkpt>
      <trkpt lat="32.72357997200183" lon="106.08461477014902"><time>2025-11-25T08:34:39Z</time></trkpt>
      <trkpt lat="32.72353248236393" lon="106.08417588545335"><time>2025-11-25T08:34:41Z</time></trkpt>
      <trkpt lat="32.723465054773094" lon="106.08375761133594"><time>2025-11-25T08:34:43Z</time></trkpt>
      <trkpt lat="32.72337403284276" lon="106.08334106221099"><time>2025-11-25T08:34:45Z</time></trkpt>
      <trkpt lat="32.72325729781051" lon="106.0829211736384"><time>2025-11-25T08:34:47Z</time></trkpt>
      <trkpt lat="32.72312981775979" lon="106.08250365148102"><time>2025-11-25T08:34:49Z</time></trkpt>
      <trkpt lat="32.722962464635735" lon="106.08210108957617"><time>2025-11-25T08:34:51Z</time></trkpt>
      <trkpt lat="32.722793503089505" lon="106.0817060550619"><time>2025-11-25T08:34:53Z</time></trkpt>
      <trkpt lat="32.722609318874305" lon="106.08131635553265"><time>2025-11-25T08:34:55Z</time></trkpt>
      <trkpt lat="32.722413296188556" lon="106.0809410292421"><time>2025-11-25T08:34:57Z</time></trkpt>
      <trkpt lat="32.72219950349195" lon="106.08057423963089"><time>2025-11-25T08:34:59Z</time></trkpt>
      <trkpt lat="32.72196829913752" lon="106.08021614560059"><time>2025-11-25T08:35:01Z</time></trkpt>
      <trkpt lat="32.72172382682563" lon="106.07986198744969"><time>2025-11-25T08:35:03Z</time></trkpt>
      <trkpt lat="32.721471814517834" lon="106.07952754698648"><time>2025-11-25T08:35:05Z</time></trkpt>
      <trkpt lat="32.72121115022762" lon="106.0792167675862"><time>2025-11-25T08:35:07Z</time></trkpt>
      <trkpt lat="32.72094740725885" lon="106.07892497818405"><time>2025-11-25T08:35:09Z</time></trkpt>
      <trkpt lat="32.720673776269074" lon="106.0786401837414"><time>2025-11-25T08:35:11Z</time></trkpt>
      <trkpt lat="32.72038175301563" lon="106.07836721783335"><time>2025-11-25T08:35:13Z</time></trkpt>
      <trkpt lat="32.72008559242129" lon="106.07811923460957"><time>2025-11-25T08:35:15Z</time></trkpt>
      <trkpt lat="32.705704977409404" lon="106.04398760539999"><time>2025-11-25T08:50:18Z</time></trkpt>
      <trkpt lat="32.67728312502987" lon="105.98125036020434"><time>2025-11-26T01:03:00Z</time></trkpt>
      <trkpt lat="32.603535228195184" lon="105.87175106317589"><time>2025-11-26T01:17:19Z</time></trkpt>
      <trkpt lat="32.46954348043733" lon="105.81929472010587"><time>2025-11-26T01:32:18Z</time></trkpt>
      <trkpt lat="32.358018401201555" lon="105.69334332645613"><time>2025-11-26T01:47:19Z</time></trkpt>
      <trkpt lat="32.29511036074934" lon="105.53981822925203"><time>2025-11-26T02:02:20Z</time></trkpt>
      <trkpt lat="32.27274877269873" lon="105.46849990130346"><time>2025-11-26T02:17:21Z</time></trkpt>
      <trkpt lat="32.272699440048136" lon="105.4681111117544"><time>2025-11-26T02:17:23Z</time></trkpt>
      <trkpt lat="32.27256378968171" lon="105.46761367021412"><time>2025-11-26T02:17:25Z</time></trkpt>
      <trkpt lat="32.272382786472136" lon="105.46723244153955"><time>2025-11-26T02:17:27Z</time></trkpt>
      <trkpt lat="32.2721694345863" lon="105.46686604060326"><time>2025-11-26T02:17:29Z</time></trkpt>
      <trkpt lat="32.27191784422125" lon="105.46652250933039"><time>2025-11-26T02:17:31Z</time></trkpt>
      <trkpt lat="32.27164483311177" lon="105.46621077342805"><time>2025-11-26T02:17:33Z</time></trkpt>
      <trkpt lat="32.271342271418824" lon="105.46593758146797"><time>2025-11-26T02:17:35Z</time></trkpt>
      <trkpt lat="32.27101837830089" lon="105.46570111801162"><time>2025-11-26T02:17:37Z</time></trkpt>
      <trkpt lat="32.27067282061304" lon="105.46550951668803"><time>2025-11-26T02:17:39Z</time></trkpt>
      <trkpt lat="32.270315480224475" lon="105.46535985218068"><time>2025-11-26T02:17:41Z</time></trkpt>
      <trkpt lat="32.269964038005206" lon="105.46523837341256"><time>2025-11-26T02:17:43Z</time></trkpt>
      <trkpt lat="32.26961205399021" lon="105.4651645428783"><time>2025-11-26T02:17:45Z</time></trkpt>
      <trkpt lat="32.26926432227231" lon="105.46507746224653"><time>2025-11-26T02:17:47Z</time></trkpt>
      <trkpt lat="32.268920760263036" lon="105.46498135207985"><time>2025-11-26T02:17:49Z</time></trkpt>
      <trkpt lat="32.268574745643136" lon="105.46485354019272"><time>2025-11-26T02:17:51Z</time></trkpt>
      <trkpt lat="32.26823725008646" lon="105.46473130725768"><time>2025-11-26T02:17:53Z</time></trkpt>
      <trkpt lat="32.26791606746777" lon="105.46452159718802"><time>2025-11-26T02:17:55Z</time></trkpt>
      <trkpt lat="32.26761832106019" lon="105.46427496159585"><time>2025-11-26T02:17:57Z</time></trkpt>
      <trkpt lat="32.26732726730887" lon="105.46399915401925"><time>2025-11-26T02:17:59Z</time></trkpt>
      <trkpt lat="32.172788176715535" lon="105.31036337847384"><time>2025-11-26T02:33:24Z</time></trkpt>
      <trkpt lat="32.172596356861455" lon="105.31003648425015"><time>2025-11-26T02:33:26Z</time></trkpt>
      <trkpt lat="32.1723263757603" lon="105.30959752398105"><time>2025-11-26T02:33:28Z</time></trkpt>
      <trkpt lat="31.927260104596545" lon="105.0397511200095"><time>2025-11-26T03:03:26Z</time></trkpt>
      <trkpt lat="31.80010286162775" lon="104.88794739367896"><time>2025-11-26T03:18:55Z</time></trkpt>
      <trkpt lat="31.644884808949794" lon="104.7821172327779"><time>2025-11-26T03:33:53Z</time></trkpt>
      <trkpt lat="31.520024668454674" lon="104.65949627580555"><time>2025-11-26T03:48:53Z</time></trkpt>
      <trkpt lat="31.381631610012967" lon="104.55134868631563"><time>2025-11-26T04:03:55Z</time></trkpt>
      <trkpt lat="31.35619990671757" lon="104.52739597346513"><time>2025-11-26T04:17:24Z</time></trkpt>
      <trkpt lat="31.305409009221165" lon="104.46534716267305"><time>2025-11-26T05:01:37Z</time></trkpt>
      <trkpt lat="31.145137050218082" lon="104.42185683185646"><time>2025-11-26T05:16:37Z</time></trkpt>
      <trkpt lat="31.003802729219576" lon="104.34034890227316"><time>2025-11-26T05:31:37Z</time></trkpt>
      <trkpt lat="30.888300994439877" lon="104.2219051905947"><time>2025-11-26T05:46:36Z</time></trkpt>
      <trkpt lat="30.887965005851246" lon="104.22188012870421"><time>2025-11-26T05:46:37Z</time></trkpt>
      <trkpt lat="30.887618414155103" lon="104.2218119000124"><time>2025-11-26T05:46:39Z</time></trkpt>
      <trkpt lat="30.887279785266973" lon="104.22172036962976"><time>2025-11-26T05:46:40Z</time></trkpt>
      <trkpt lat="30.886942832759473" lon="104.22164132828286"><time>2025-11-26T05:46:42Z</time></trkpt>
      <trkpt lat="30.886593684582863" lon="104.22155750925114"><time>2025-11-26T05:46:44Z</time></trkpt>
      <trkpt lat="30.886240471183214" lon="104.22148198830357"><time>2025-11-26T05:46:46Z</time></trkpt>
      <trkpt lat="30.885886219614825" lon="104.22140435180562"><time>2025-11-26T05:46:48Z</time></trkpt>
      <trkpt lat="30.885526785176925" lon="104.2213209639068"><time>2025-11-26T05:46:50Z</time></trkpt>
      <trkpt lat="30.885167074458806" lon="104.22124048735787"><time>2025-11-26T05:46:52Z</time></trkpt>
      <trkpt lat="30.884805119468254" lon="104.22115823444487"><time>2025-11-26T05:46:54Z</time></trkpt>
      <trkpt lat="30.884442854983924" lon="104.22107531031624"><time>2025-11-26T05:46:56Z</time></trkpt>
      <trkpt lat="30.88407905665673" lon="104.22099080584819"><time>2025-11-26T05:46:58Z</time></trkpt>
      <trkpt lat="30.88371390779316" lon="104.22091036898424"><time>2025-11-26T05:47:00Z</time></trkpt>
      <trkpt lat="30.883352453210332" lon="104.22083181649656"><time>2025-11-26T05:47:02Z</time></trkpt>
      <trkpt lat="30.882990458571225" lon="104.2207510206697"><time>2025-11-26T05:47:04Z</time></trkpt>
      <trkpt lat="30.882634437994117" lon="104.22067123539694"><time>2025-11-26T05:47:06Z</time></trkpt>
      <trkpt lat="30.88232414690417" lon="104.22058373920375"><time>2025-11-26T05:47:08Z</time></trkpt>
      <trkpt lat="30.881994280582024" lon="104.22050600060666"><time>2025-11-26T05:47:10Z</time></trkpt>
      <trkpt lat="30.881662621014474" lon="104.22042893093253"><time>2025-11-26T05:47:12Z</time></trkpt>
      <trkpt lat="30.881323715598192" lon="104.22035421384834"><time>2025-11-26T05:47:14Z</time></trkpt>
      <trkpt lat="30.789455012447004" lon="104.1837623343842"><time>2025-11-26T06:02:39Z</time></trkpt>
      <trkpt lat="30.7164817419283" lon="104.13498819199611"><time>2025-11-26T06:17:40Z</time></trkpt>
      <trkpt lat="30.73034221586029" lon="104.14120752212945"><time>2025-11-26T06:32:39Z</time></trkpt>
      <trkpt lat="30.729659480488696" lon="104.14014887106306"><time>2025-11-26T07:02:12Z</time></trkpt>
      <trkpt lat="30.728237686654648" lon="104.14590786066506"><time>2025-11-29T02:16:16Z</time></trkpt>
      <trkpt lat="30.671288801049798" lon="104.16032854338253"><time>2025-11-29T02:31:27Z</time></trkpt>
      <trkpt lat="30.602882984794277" lon="104.12609565806063"><time>2025-11-29T02:46:27Z</time></trkpt>
      <trkpt lat="30.6033316116423" lon="104.14311848539795"><time>2025-11-29T02:59:59Z</time></trkpt>
      <trkpt lat="30.630029383080526" lon="104.13854356975966"><time>2025-12-02T00:34:41Z</time></trkpt>
      <trkpt lat="29.561242554719144" lon="106.57912289970379"><time>2025-12-02T04:02:37Z</time></trkpt>
      <trkpt lat="29.557273294804208" lon="106.49438858973467"><time>2025-12-04T04:25:45Z</time></trkpt>
      <trkpt lat="29.556699659917427" lon="106.45608458349422"><time>2025-12-04T04:53:50Z</time></trkpt>
      <trkpt lat="30.629912493742903" lon="104.1379958895918"><time>2025-12-04T07:32:45Z</time></trkpt>
      <trkpt lat="30.60371669012178" lon="104.14419329734905"><time>2025-12-04T08:00:14Z</time></trkpt>
      <trkpt lat="30.60331037736554" lon="104.14333038041752"><time>2025-12-04T10:04:20Z</time></trkpt>
      <trkpt lat="30.58074713221805" lon="104.10810668962459"><time>2025-12-05T02:58:23Z</time></trkpt>
      <trkpt lat="30.52231872922789" lon="104.10921762707095"><time>2025-12-05T03:13:23Z</time></trkpt>
      <trkpt lat="30.372515637455855" lon="104.11557555208365"><time>2025-12-05T03:28:23Z</time></trkpt>
      <trkpt lat="30.367814560093322" lon="104.03446283857666"><time>2025-12-05T03:43:24Z</time></trkpt>
      <trkpt lat="30.380428575518405" lon="103.86789859015474"><time>2025-12-05T03:58:23Z</time></trkpt>
      <trkpt lat="30.240989578915983" lon="103.8445658237709"><time>2025-12-05T04:11:51Z</time></trkpt>
      <trkpt lat="30.10315546768727" lon="103.80987438382935"><time>2025-12-05T04:25:38Z</time></trkpt>
      <trkpt lat="30.024068816592937" lon="103.77751529226431"><time>2025-12-05T05:11:17Z</time></trkpt>
      <trkpt lat="29.859592993771525" lon="103.72437369088057"><time>2025-12-05T05:26:16Z</time></trkpt>
      <trkpt lat="29.78215501640617" lon="103.67223623639272"><time>2025-12-05T05:41:17Z</time></trkpt>
      <trkpt lat="29.782137892667542" lon="103.67160361096309"><time>2025-12-05T05:56:20Z</time></trkpt>
      <trkpt lat="29.769551109044077" lon="103.6769956510352"><time>2025-12-05T06:27:36Z</time></trkpt>
      <trkpt lat="29.667562879649612" lon="103.66857443945824"><time>2025-12-05T06:42:38Z</time></trkpt>
      <trkpt lat="29.6672483487331" lon="103.66874534646391"><time>2025-12-05T06:42:40Z</time></trkpt>
      <trkpt lat="29.666769951609584" lon="103.66906084129928"><time>2025-12-05T06:42:43Z</time></trkpt>
      <trkpt lat="29.66642470101795" lon="103.66925974386155"><time>2025-12-05T06:42:45Z</time></trkpt>
      <trkpt lat="29.66607601384601" lon="103.66946141245185"><time>2025-12-05T06:42:47Z</time></trkpt>
      <trkpt lat="29.66572546752683" lon="103.66965789222014"><time>2025-12-05T06:42:49Z</time></trkpt>
      <trkpt lat="29.665369027200494" lon="103.66984598050605"><time>2025-12-05T06:42:50Z</time></trkpt>
      <trkpt lat="29.66500747307765" lon="103.67002405102714"><time>2025-12-05T06:42:53Z</time></trkpt>
      <trkpt lat="29.664642286481648" lon="103.67019767872183"><time>2025-12-05T06:42:54Z</time></trkpt>
      <trkpt lat="29.66427227455361" lon="103.67036528122193"><time>2025-12-05T06:42:56Z</time></trkpt>
      <trkpt lat="29.663901223486548" lon="103.67052584301541"><time>2025-12-05T06:42:58Z</time></trkpt>
      <trkpt lat="29.621525863213115" lon="103.80683586011064"><time>2025-12-05T06:56:40Z</time></trkpt>
      <trkpt lat="29.55849960914772" lon="103.78770601014028"><time>2025-12-05T07:11:39Z</time></trkpt>
      <trkpt lat="29.5580295266967" lon="103.78761784446587"><time>2025-12-05T07:11:41Z</time></trkpt>
      <trkpt lat="29.557580573720678" lon="103.78762070290601"><time>2025-12-05T07:11:44Z</time></trkpt>
      <trkpt lat="29.557131654473345" lon="103.78761915463085"><time>2025-12-05T07:11:47Z</time></trkpt>
      <trkpt lat="29.556701649007906" lon="103.7876220234705"><time>2025-12-05T07:11:50Z</time></trkpt>
      <trkpt lat="29.556273075292864" lon="103.78767466255987"><time>2025-12-05T07:11:53Z</time></trkpt>
      <trkpt lat="29.555847447407753" lon="103.78774854852077"><time>2025-12-05T07:11:56Z</time></trkpt>
      <trkpt lat="29.543907973011528" lon="103.77949308613667"><time>2025-12-05T07:27:13Z</time></trkpt>
      <trkpt lat="29.518816414236838" lon="103.7711180837993"><time>2025-12-06T02:48:37Z</time></trkpt>
      <trkpt lat="29.582903510912463" lon="103.59932382407526"><time>2025-12-06T03:06:11Z</time></trkpt>
      <trkpt lat="29.563250723322447" lon="103.50199911753042"><time>2025-12-06T03:21:12Z</time></trkpt>
      <trkpt lat="29.58913527333085" lon="103.44470934733728"><time>2025-12-06T03:36:11Z</time></trkpt>
      <trkpt lat="29.581060497887986" lon="103.43913434616044"><time>2025-12-06T03:51:10Z</time></trkpt>
      <trkpt lat="29.580078441677223" lon="103.43819757933117"><time>2025-12-08T01:46:42Z</time></trkpt>
      <trkpt lat="29.588248590974793" lon="103.46895083477047"><time>2025-12-08T06:13:47Z</time></trkpt>
      <trkpt lat="29.604621198987218" lon="103.52017083214923"><time>2025-12-08T06:26:56Z</time></trkpt>
      <trkpt lat="29.602685859454425" lon="103.55587857785035"><time>2025-12-08T06:55:35Z</time></trkpt>
      <trkpt lat="29.581373361898194" lon="103.60618667686694"><time>2025-12-08T07:07:37Z</time></trkpt>
      <trkpt lat="29.56511927200945" lon="103.7176439289159"><time>2025-12-08T07:22:45Z</time></trkpt>
      <trkpt lat="29.535148370682702" lon="103.75495041579836"><time>2025-12-08T07:37:31Z</time></trkpt>
      <trkpt lat="29.5319030341036" lon="103.76351080844532"><time>2025-12-08T07:50:33Z</time></trkpt>
      <trkpt lat="29.532931981949467" lon="103.76341979524824"><time>2025-12-08T13:45:02Z</time></trkpt>
      <trkpt lat="29.533220275280758" lon="103.76316205712982"><time>2025-12-08T14:35:29Z</time></trkpt>
      <trkpt lat="29.53297896837489" lon="103.76344536386897"><time>2025-12-09T08:53:27Z</time></trkpt>
      <trkpt lat="29.522399610005653" lon="103.74671553715393"><time>2025-12-11T03:25:36Z</time></trkpt>
      <trkpt lat="29.41880555360524" lon="103.76833216296859"><time>2025-12-11T03:40:35Z</time></trkpt>
      <trkpt lat="29.372944389497277" lon="103.78645903440545"><time>2025-12-11T03:55:18Z</time></trkpt>
      <trkpt lat="29.282375453067274" lon="103.86139936754839"><time>2025-12-11T04:10:17Z</time></trkpt>
      <trkpt lat="29.145705313120438" lon="103.95866478851036"><time>2025-12-11T04:25:04Z</time></trkpt>
      <trkpt lat="29.145601677195266" lon="103.95911357269787"><time>2025-12-11T04:25:06Z</time></trkpt>
      <trkpt lat="29.145470952867086" lon="103.95950778158793"><time>2025-12-11T04:25:08Z</time></trkpt>
      <trkpt lat="29.145319041858034" lon="103.95993443935882"><time>2025-12-11T04:25:10Z</time></trkpt>
      <trkpt lat="29.14515467400998" lon="103.96046068980955"><time>2025-12-11T04:25:12Z</time></trkpt>
      <trkpt lat="29.14500054953767" lon="103.9608696228432"><time>2025-12-11T04:25:14Z</time></trkpt>
      <trkpt lat="29.144859718227313" lon="103.96134686748901"><time>2025-12-11T04:25:16Z</time></trkpt>
      <trkpt lat="29.14473328481788" lon="103.96178851500811"><time>2025-12-11T04:25:18Z</time></trkpt>
      <trkpt lat="29.14459554029396" lon="103.96223462298818"><time>2025-12-11T04:25:20Z</time></trkpt>
      <trkpt lat="29.14445536969465" lon="103.9626823921493"><time>2025-12-11T04:25:22Z</time></trkpt>
      <trkpt lat="29.144315243367682" lon="103.96312457909956"><time>2025-12-11T04:25:24Z</time></trkpt>
      <trkpt lat="29.144181213494047" lon="103.9635663377043"><time>2025-12-11T04:25:26Z</time></trkpt>
      <trkpt lat="29.144044260045533" lon="103.96400010481975"><time>2025-12-11T04:25:28Z</time></trkpt>
      <trkpt lat="29.143907157915496" lon="103.96443256968932"><time>2025-12-11T04:25:30Z</time></trkpt>
      <trkpt lat="29.143776818040376" lon="103.96486418968395"><time>2025-12-11T04:25:32Z</time></trkpt>
      <trkpt lat="29.143642523602885" lon="103.96529211940128"><time>2025-12-11T04:25:34Z</time></trkpt>
      <trkpt lat="29.143495199071335" lon="103.96571716883825"><time>2025-12-11T04:25:36Z</time></trkpt>
      <trkpt lat="29.143359676808608" lon="103.96614797445797"><time>2025-12-11T04:25:38Z</time></trkpt>
      <trkpt lat="29.143226267849485" lon="103.9665820232551"><time>2025-12-11T04:25:40Z</time></trkpt>
      <trkpt lat="29.1430948902923" lon="103.96701227079468"><time>2025-12-11T04:25:42Z</time></trkpt>
      <trkpt lat="29.142958133367888" lon="103.96744018293656"><time>2025-12-11T04:25:44Z</time></trkpt>
      <trkpt lat="29.08157420484328" lon="104.13294945073247"><time>2025-12-11T04:39:50Z</time></trkpt>
      <trkpt lat="28.995763482552945" lon="104.2936013081151"><time>2025-12-11T04:54:12Z</time></trkpt>
      <trkpt lat="28.995277857680993" lon="104.29408605113348"><time>2025-12-11T04:54:15Z</time></trkpt>
      <trkpt lat="28.99496962647715" lon="104.29441055729514"><time>2025-12-11T04:54:17Z</time></trkpt>
      <trkpt lat="28.994691223385658" lon="104.29476263175033"><time>2025-12-11T04:54:19Z</time></trkpt>
      <trkpt lat="28.994407586435397" lon="104.29511801353212"><time>2025-12-11T04:54:21Z</time></trkpt>
      <trkpt lat="28.994136248135558" lon="104.29547506164873"><time>2025-12-11T04:54:23Z</time></trkpt>
      <trkpt lat="28.99387269283551" lon="104.2958379351574"><time>2025-12-11T04:54:25Z</time></trkpt>
      <trkpt lat="28.993619153872004" lon="104.29621008547373"><time>2025-12-11T04:54:27Z</time></trkpt>
      <trkpt lat="28.993371355884857" lon="104.29658308488774"><time>2025-12-11T04:54:29Z</time></trkpt>
      <trkpt lat="28.993132776845712" lon="104.2969611581943"><time>2025-12-11T04:54:31Z</time></trkpt>
      <trkpt lat="28.992900085916986" lon="104.29733835163775"><time>2025-12-11T04:54:33Z</time></trkpt>
      <trkpt lat="28.953069252920294" lon="104.34558000425281"><time>2025-12-11T04:59:28Z</time></trkpt>
      <trkpt lat="28.924478909065716" lon="104.41378430594027"><time>2025-12-11T05:14:36Z</time></trkpt>
      <trkpt lat="28.818543900966766" lon="104.47828750136387"><time>2025-12-11T05:29:21Z</time></trkpt>
      <trkpt lat="28.700089668881798" lon="104.51934280815026"><time>2025-12-11T05:44:05Z</time></trkpt>
      <trkpt lat="28.699753053626694" lon="104.51951765062906"><time>2025-12-11T05:44:07Z</time></trkpt>
      <trkpt lat="28.69935862525057" lon="104.51972648336148"><time>2025-12-11T05:44:09Z</time></trkpt>
      <trkpt lat="28.69898868412306" lon="104.5198512107839"><time>2025-12-11T05:44:11Z</time></trkpt>
      <trkpt lat="28.69861255463665" lon="104.51997168951333"><time>2025-12-11T05:44:13Z</time></trkpt>
      <trkpt lat="28.698236577272276" lon="104.52009261972958"><time>2025-12-11T05:44:15Z</time></trkpt>
      <trkpt lat="28.697860429352033" lon="104.5202159012607"><time>2025-12-11T05:44:17Z</time></trkpt>
      <trkpt lat="28.69748821871338" lon="104.52034075802848"><time>2025-12-11T05:44:19Z</time></trkpt>
      <trkpt lat="28.697117321475204" lon="104.52043625215116"><time>2025-12-11T05:44:21Z</time></trkpt>
      <trkpt lat="28.69674874740762" lon="104.52056828656973"><time>2025-12-11T05:44:23Z</time></trkpt>
      <trkpt lat="28.69638305787714" lon="104.52068485521042"><time>2025-12-11T05:44:25Z</time></trkpt>
      <trkpt lat="28.615920273613757" lon="104.57363574775361"><time>2025-12-11T05:58:50Z</time></trkpt>
      <trkpt lat="28.615515092414444" lon="104.57376767890953"><time>2025-12-11T05:58:52Z</time></trkpt>
      <trkpt lat="28.615151150178736" lon="104.57389240162873"><time>2025-12-11T05:58:54Z</time></trkpt>
      <trkpt lat="28.614804348935014" lon="104.57402542243206"><time>2025-12-11T05:58:56Z</time></trkpt>
      <trkpt lat="28.61442213415039" lon="104.5741613769015"><time>2025-12-11T05:58:58Z</time></trkpt>
      <trkpt lat="28.606919054370866" lon="104.579400127882"><time>2025-12-11T05:59:43Z</time></trkpt>
      <trkpt lat="28.60658353570588" lon="104.57961255481295"><time>2025-12-11T05:59:45Z</time></trkpt>
      <trkpt lat="28.606235409116955" lon="104.57983246494508"><time>2025-12-11T05:59:47Z</time></trkpt>
      <trkpt lat="28.60588764949123" lon="104.58005262399428"><time>2025-12-11T05:59:49Z</time></trkpt>
      <trkpt lat="28.524969558061763" lon="104.68499997921172"><time>2025-12-11T06:13:34Z</time></trkpt>
      <trkpt lat="28.48756151212967" lon="104.7991867948444"><time>2025-12-11T06:28:19Z</time></trkpt>
      <trkpt lat="28.40831923919188" lon="104.87781287368215"><time>2025-12-11T06:43:03Z</time></trkpt>
      <trkpt lat="28.345050523083977" lon="105.0364626479382"><time>2025-12-11T06:57:31Z</time></trkpt>
      <trkpt lat="28.34496540485727" lon="105.03683949830479"><time>2025-12-11T06:57:32Z</time></trkpt>
      <trkpt lat="28.344937199753097" lon="105.03732573250777"><time>2025-12-11T06:57:34Z</time></trkpt>
      <trkpt lat="28.344927895840577" lon="105.03773644576317"><time>2025-12-11T06:57:36Z</time></trkpt>
      <trkpt lat="28.344914945800177" lon="105.03820449123629"><time>2025-12-11T06:57:38Z</time></trkpt>
      <trkpt lat="28.344898349631897" lon="105.03866113732107"><time>2025-12-11T06:57:41Z</time></trkpt>
      <trkpt lat="28.344873581108025" lon="105.03910856331237"><time>2025-12-11T06:57:43Z</time></trkpt>
      <trkpt lat="28.301893706374653" lon="105.20174401505032"><time>2025-12-11T07:12:17Z</time></trkpt>
      <trkpt lat="28.2953476812954" lon="105.22115587266647"><time>2025-12-11T07:27:01Z</time></trkpt>
      <trkpt lat="28.29578737566652" lon="105.2203002992288"><time>2025-12-11T08:11:55Z</time></trkpt>
      <trkpt lat="28.27970608605843" lon="105.26941484781473"><time>2025-12-12T02:29:02Z</time></trkpt>
      <trkpt lat="28.212234154369877" lon="105.4248018377511"><time>2025-12-12T02:43:44Z</time></trkpt>
      <trkpt lat="28.096223250057637" lon="105.51149519170217"><time>2025-12-12T02:56:35Z</time></trkpt>
      <trkpt lat="27.96806168162421" lon="105.5670376535293"><time>2025-12-12T03:11:54Z</time></trkpt>
      <trkpt lat="27.949196831349234" lon="105.59620253751575"><time>2025-12-12T03:23:20Z</time></trkpt>
      <trkpt lat="27.865611445184673" lon="105.58164409371612"><time>2025-12-12T03:39:43Z</time></trkpt>
      <trkpt lat="27.77495648500114" lon="105.49262806452819"><time>2025-12-12T03:53:14Z</time></trkpt>
      <trkpt lat="27.70340326244729" lon="105.36625801595427"><time>2025-12-12T04:05:55Z</time></trkpt>
      <trkpt lat="27.609825935240472" lon="105.37546830261627"><time>2025-12-12T04:18:55Z</time></trkpt>
      <trkpt lat="27.470112825380035" lon="105.40115989877914"><time>2025-12-12T04:32:08Z</time></trkpt>
      <trkpt lat="27.33592642008079" lon="105.39829633208494"><time>2025-12-12T04:44:04Z</time></trkpt>
      <trkpt lat="27.271268712382085" lon="105.33988997350012"><time>2025-12-12T04:59:01Z</time></trkpt>
      <trkpt lat="27.280993221852903" lon="105.28853555644756"><time>2025-12-12T05:12:56Z</time></trkpt>
      <trkpt lat="27.269881758686484" lon="105.34128951347157"><time>2025-12-12T05:25:51Z</time></trkpt>
      <trkpt lat="27.26250937211072" lon="105.36337430598714"><time>2025-12-12T05:41:00Z</time></trkpt>
      <trkpt lat="27.20640946182162" lon="105.31529009352002"><time>2025-12-12T06:07:10Z</time></trkpt>
      <trkpt lat="27.016944838712938" lon="105.23766553970542"><time>2025-12-12T06:24:35Z</time></trkpt>
      <trkpt lat="26.99584511576872" lon="105.23443188528086"><time>2025-12-12T06:39:18Z</time></trkpt>
      <trkpt lat="26.993525215672726" lon="105.23403657984514"><time>2025-12-12T14:22:08Z</time></trkpt>
      <trkpt lat="26.98899814560274" lon="105.23534238350051"><time>2025-12-13T02:43:56Z</time></trkpt>
      <trkpt lat="26.849267547975153" lon="105.25571462708083"><time>2025-12-13T02:57:38Z</time></trkpt>
      <trkpt lat="26.751654669667364" lon="105.15412797229844"><time>2025-12-13T03:10:53Z</time></trkpt>
      <trkpt lat="26.632035272220737" lon="105.05336173819848"><time>2025-12-13T03:24:00Z</time></trkpt>
      <trkpt lat="26.542169116462155" lon="105.00324902134481"><time>2025-12-13T03:39:18Z</time></trkpt>
      <trkpt lat="26.481672688411997" lon="105.1321895980324"><time>2025-12-13T03:52:04Z</time></trkpt>
      <trkpt lat="26.36675059332174" lon="105.25882582190005"><time>2025-12-13T04:06:52Z</time></trkpt>
      <trkpt lat="26.30708472805685" lon="105.41879897015673"><time>2025-12-13T04:21:58Z</time></trkpt>
      <trkpt lat="26.200921438177062" lon="105.51035628823728"><time>2025-12-13T04:34:54Z</time></trkpt>
      <trkpt lat="26.14312091379067" lon="105.57130652489658"><time>2025-12-13T04:48:41Z</time></trkpt>
      <trkpt lat="26.101868329594005" lon="105.72375683123778"><time>2025-12-13T05:01:50Z</time></trkpt>
      <trkpt lat="26.023135730089642" lon="105.68434478724905"><time>2025-12-13T05:16:37Z</time></trkpt>
      <trkpt lat="25.998763795364344" lon="105.68219454999263"><time>2025-12-13T05:30:55Z</time></trkpt>
      <trkpt lat="25.998648846691417" lon="105.68157030199012"><time>2025-12-13T13:12:59Z</time></trkpt>
      <trkpt lat="26.004705472315145" lon="105.65638021560046"><time>2025-12-15T02:00:32Z</time></trkpt>
      <trkpt lat="25.933909532638204" lon="105.5322011747449"><time>2025-12-15T02:15:52Z</time></trkpt>
      <trkpt lat="25.84267679138653" lon="105.59653999293744"><time>2025-12-15T02:28:49Z</time></trkpt>
      <trkpt lat="25.761640928709657" lon="105.59584412733614"><time>2025-12-15T02:44:19Z</time></trkpt>
      <trkpt lat="25.69952599706659" lon="105.57345321411786"><time>2025-12-15T02:59:29Z</time></trkpt>
      <trkpt lat="25.70039837701501" lon="105.57376588581333"><time>2025-12-15T03:31:28Z</time></trkpt>
      <trkpt lat="25.571033726470144" lon="105.61170763345957"><time>2025-12-16T01:40:37Z</time></trkpt>
      <trkpt lat="25.51343921254632" lon="105.61590238704123"><time>2025-12-16T01:45:58Z</time></trkpt>
      <trkpt lat="25.453343004943292" lon="105.60550720440746"><time>2025-12-16T02:01:18Z</time></trkpt>
      <trkpt lat="25.329665089981006" lon="105.5983478856325"><time>2025-12-16T03:01:55Z</time></trkpt>
      <trkpt lat="25.235009137564557" lon="105.45855048122392"><time>2025-12-16T03:16:15Z</time></trkpt>
      <trkpt lat="25.116911809914853" lon="105.36782727586605"><time>2025-12-16T03:29:38Z</time></trkpt>
      <trkpt lat="25.111431847349845" lon="105.21351082260274"><time>2025-12-16T03:44:48Z</time></trkpt>
      <trkpt lat="25.189706794941042" lon="105.03399375835902"><time>2025-12-16T04:00:36Z</time></trkpt>
      <trkpt lat="25.12450992132083" lon="104.88833933147126"><time>2025-12-16T04:14:06Z</time></trkpt>
      <trkpt lat="25.097302631571434" lon="104.85858841533286"><time>2025-12-16T04:27:36Z</time></trkpt>
      <trkpt lat="25.07087371726107" lon="104.87378860492106"><time>2025-12-16T04:42:44Z</time></trkpt>
      <trkpt lat="25.069603962792552" lon="104.87390715409028"><time>2025-12-16T14:30:41Z</time></trkpt>
      <trkpt lat="25.08652586026591" lon="104.86626123087933"><time>2025-12-17T02:27:06Z</time></trkpt>
      <trkpt lat="25.124349324056062" lon="104.84269240880836"><time>2025-12-17T02:40:34Z</time></trkpt>
      <trkpt lat="25.140235387499313" lon="104.75361583522036"><time>2025-12-17T02:52:32Z</time></trkpt>
      <trkpt lat="25.061390036601207" lon="104.64505802872445"><time>2025-12-17T03:27:07Z</time></trkpt>
      <trkpt lat="25.020667905942556" lon="104.46429776037527"><time>2025-12-17T03:41:51Z</time></trkpt>
      <trkpt lat="24.94778893424659" lon="104.38386057513243"><time>2025-12-17T03:56:19Z</time></trkpt>
      <trkpt lat="24.864656797393412" lon="104.2331403516991"><time>2025-12-17T04:11:19Z</time></trkpt>
      <trkpt lat="24.86434641938711" lon="104.23288986635316"><time>2025-12-17T04:11:21Z</time></trkpt>
      <trkpt lat="24.863974764034957" lon="104.23256571414343"><time>2025-12-17T04:11:23Z</time></trkpt>
      <trkpt lat="24.863640996650666" lon="104.23229648741356"><time>2025-12-17T04:11:25Z</time></trkpt>
      <trkpt lat="24.863295536511448" lon="104.23204008499555"><time>2025-12-17T04:11:27Z</time></trkpt>
      <trkpt lat="24.86294483768275" lon="104.23179298649005"><time>2025-12-17T04:11:29Z</time></trkpt>
      <trkpt lat="24.862589075809854" lon="104.23156013725134"><time>2025-12-17T04:11:31Z</time></trkpt>
      <trkpt lat="24.862225041864583" lon="104.23134534287634"><time>2025-12-17T04:11:33Z</time></trkpt>
      <trkpt lat="24.86185098163887" lon="104.23114472863965"><time>2025-12-17T04:11:35Z</time></trkpt>
      <trkpt lat="24.861470081152856" lon="104.2309569867635"><time>2025-12-17T04:11:37Z</time></trkpt>
      <trkpt lat="24.861086913614905" lon="104.23077382074342"><time>2025-12-17T04:11:39Z</time></trkpt>
      <trkpt lat="24.8606960602351" lon="104.23061105610955"><time>2025-12-17T04:11:41Z</time></trkpt>
      <trkpt lat="24.860307042853865" lon="104.23043867941259"><time>2025-12-17T04:11:43Z</time></trkpt>
      <trkpt lat="24.85991969098951" lon="104.23026530726526"><time>2025-12-17T04:11:45Z</time></trkpt>
      <trkpt lat="24.85953911420952" lon="104.2300810298497"><time>2025-12-17T04:11:47Z</time></trkpt>
      <trkpt lat="24.859166892791517" lon="104.2298691046251"><time>2025-12-17T04:11:49Z</time></trkpt>
      <trkpt lat="24.85880886091678" lon="104.2296403360552"><time>2025-12-17T04:11:51Z</time></trkpt>
      <trkpt lat="24.85845649535818" lon="104.22938872369927"><time>2025-12-17T04:11:53Z</time></trkpt>
      <trkpt lat="24.858126375004254" lon="104.22910080491422"><time>2025-12-17T04:11:55Z</time></trkpt>
      <trkpt lat="24.85781443297978" lon="104.22879392774965"><time>2025-12-17T04:11:57Z</time></trkpt>
      <trkpt lat="24.85752853227043" lon="104.22846989859764"><time>2025-12-17T04:11:59Z</time></trkpt>
      <trkpt lat="24.790994036034487" lon="104.08954521650828"><time>2025-12-17T04:27:05Z</time></trkpt>
      <trkpt lat="24.749910541393746" lon="104.0178870887693"><time>2025-12-17T04:39:57Z</time></trkpt>
      <trkpt lat="24.67399285177204" lon="103.9665737283453"><time>2025-12-17T05:38:09Z</time></trkpt>
      <trkpt lat="24.646092838939328" lon="103.8693600625949"><time>2025-12-17T05:55:07Z</time></trkpt>
      <trkpt lat="24.627014566389608" lon="103.81635479806565"><time>2025-12-17T06:10:05Z</time></trkpt>
      <trkpt lat="24.498225473821627" lon="103.78174639316627"><time>2025-12-17T06:25:06Z</time></trkpt>
      <trkpt lat="24.41569623541795" lon="103.62406364217344"><time>2025-12-17T06:40:07Z</time></trkpt>
      <trkpt lat="24.348623170540062" lon="103.4817778599481"><time>2025-12-17T06:53:35Z</time></trkpt>
      <trkpt lat="24.22601235567054" lon="103.44078280972637"><time>2025-12-17T07:08:36Z</time></trkpt>
      <trkpt lat="24.05123060571407" lon="103.3973382321218"><time>2025-12-17T07:25:07Z</time></trkpt>
      <trkpt lat="23.98909597659855" lon="103.37854617284925"><time>2025-12-17T07:31:55Z</time></trkpt>
      <trkpt lat="23.847012282371377" lon="103.27975513423166"><time>2025-12-17T07:47:28Z</time></trkpt>
      <trkpt lat="23.71281017551545" lon="103.288059756256"><time>2025-12-17T08:02:53Z</time></trkpt>
      <trkpt lat="23.690054932077196" lon="103.27324070429438"><time>2025-12-17T08:14:33Z</time></trkpt>
      <trkpt lat="23.651725212134096" lon="103.28417080464148"><time>2025-12-17T08:30:08Z</time></trkpt>
      <trkpt lat="23.65847226700155" lon="103.27271240772984"><time>2025-12-17T08:43:20Z</time></trkpt>
      <trkpt lat="23.67714295631617" lon="103.26176983313938"><time>2025-12-19T01:33:34Z</time></trkpt>
      <trkpt lat="23.70315745137835" lon="103.27858779286262"><time>2025-12-19T01:39:41Z</time></trkpt>
      <trkpt lat="23.625552384204813" lon="103.32191552045133"><time>2025-12-19T01:55:06Z</time></trkpt>
      <trkpt lat="23.512226035840353" lon="103.2874540799328"><time>2025-12-19T02:10:05Z</time></trkpt>
      <trkpt lat="23.493665317095342" lon="103.25773612605713"><time>2025-12-19T02:25:04Z</time></trkpt>
      <trkpt lat="23.436666321962548" lon="103.13892499553332"><time>2025-12-19T02:56:32Z</time></trkpt>
      <trkpt lat="23.436123132727513" lon="103.13849089676806"><time>2025-12-19T02:56:35Z</time></trkpt>
      <trkpt lat="23.432956784985432" lon="103.13530845577189"><time>2025-12-19T02:56:58Z</time></trkpt>
      <trkpt lat="23.34057211878089" lon="103.09253174821202"><time>2025-12-19T03:06:10Z</time></trkpt>
      <trkpt lat="23.288409942782753" lon="103.04612349728406"><time>2025-12-19T03:21:45Z</time></trkpt>
      <trkpt lat="23.28823069578343" lon="103.04640714088738"><time>2025-12-19T03:21:46Z</time></trkpt>
      <trkpt lat="23.287881296149724" lon="103.04610983478189"><time>2025-12-19T03:21:51Z</time></trkpt>
      <trkpt lat="23.287670617013504" lon="103.04584278734684"><time>2025-12-19T03:21:54Z</time></trkpt>
      <trkpt lat="23.28739767973824" lon="103.04554612181663"><time>2025-12-19T03:21:58Z</time></trkpt>
      <trkpt lat="23.287090675729665" lon="103.04527467337662"><time>2025-12-19T03:22:02Z</time></trkpt>
      <trkpt lat="23.222367139208" lon="102.97806109888039"><time>2025-12-19T03:37:11Z</time></trkpt>
      <trkpt lat="23.194633587285125" lon="102.90861309515583"><time>2025-12-19T03:52:10Z</time></trkpt>
      <trkpt lat="23.194704540095472" lon="102.90815410213816"><time>2025-12-19T03:52:12Z</time></trkpt>
      <trkpt lat="23.194736181779945" lon="102.9077424668734"><time>2025-12-19T03:52:14Z</time></trkpt>
      <trkpt lat="23.19478974214121" lon="102.90724910805272"><time>2025-12-19T03:52:17Z</time></trkpt>
      <trkpt lat="23.194815809860074" lon="102.9068446812247"><time>2025-12-19T03:52:19Z</time></trkpt>
      <trkpt lat="23.19484430840127" lon="102.90643515740847"><time>2025-12-19T03:52:21Z</time></trkpt>
      <trkpt lat="23.19487951611668" lon="102.9060170260306"><time>2025-12-19T03:52:23Z</time></trkpt>
      <trkpt lat="23.194908870419653" lon="102.90559455860576"><time>2025-12-19T03:52:25Z</time></trkpt>
      <trkpt lat="23.194937139940755" lon="102.90517065469825"><time>2025-12-19T03:52:27Z</time></trkpt>
      <trkpt lat="23.19497066223005" lon="102.90475445899673"><time>2025-12-19T03:52:29Z</time></trkpt>
      <trkpt lat="23.195000587321868" lon="102.90433892378002"><time>2025-12-19T03:52:31Z</time></trkpt>
      <trkpt lat="23.215051484315854" lon="102.84780305819851"><time>2025-12-19T04:07:42Z</time></trkpt>
      <trkpt lat="23.22962363252717" lon="102.82509790743032"><time>2025-12-19T04:22:44Z</time></trkpt>
      <trkpt lat="23.229643497637685" lon="102.82474938789645"><time>2025-12-19T04:22:48Z</time></trkpt>
      <trkpt lat="23.229725263103123" lon="102.82433599243203"><time>2025-12-19T04:22:55Z</time></trkpt>
      <trkpt lat="23.22983390403032" lon="102.8239489563975"><time>2025-12-19T04:22:59Z</time></trkpt>
      <trkpt lat="23.22998423439509" lon="102.82363699631034"><time>2025-12-19T04:23:03Z</time></trkpt>
      <trkpt lat="23.210910712806573" lon="102.76106592646879"><time>2025-12-19T04:38:15Z</time></trkpt>
      <trkpt lat="23.210680536959376" lon="102.76081964549653"><time>2025-12-19T04:38:18Z</time></trkpt>
      <trkpt lat="23.21040647843414" lon="102.76063247039362"><time>2025-12-19T04:38:21Z</time></trkpt>
      <trkpt lat="23.210098695800255" lon="102.76046106300193"><time>2025-12-19T04:38:25Z</time></trkpt>
      <trkpt lat="23.20976565594101" lon="102.76030409310367"><time>2025-12-19T04:38:30Z</time></trkpt>
      <trkpt lat="23.209436144194754" lon="102.7601729676592"><time>2025-12-19T04:38:34Z</time></trkpt>
      <trkpt lat="23.209083606196533" lon="102.76002777615243"><time>2025-12-19T04:38:38Z</time></trkpt>
      <trkpt lat="23.20871471310594" lon="102.75987226260091"><time>2025-12-19T04:38:42Z</time></trkpt>
      <trkpt lat="23.20841146111718" lon="102.75972818926009"><time>2025-12-19T04:38:45Z</time></trkpt>
      <trkpt lat="23.208107826507806" lon="102.75953225818125"><time>2025-12-19T04:38:48Z</time></trkpt>
      <trkpt lat="23.207834651828072" lon="102.75931068646736"><time>2025-12-19T04:38:51Z</time></trkpt>
      <trkpt lat="23.20756350551226" lon="102.75908801455131"><time>2025-12-19T04:38:54Z</time></trkpt>
      <trkpt lat="23.207284894459026" lon="102.75889573773931"><time>2025-12-19T04:38:57Z</time></trkpt>
      <trkpt lat="23.206989144028235" lon="102.75875396178022"><time>2025-12-19T04:39:00Z</time></trkpt>
      <trkpt lat="23.20667587743744" lon="102.75865427061964"><time>2025-12-19T04:39:03Z</time></trkpt>
      <trkpt lat="23.206349331585333" lon="102.75856982734763"><time>2025-12-19T04:39:06Z</time></trkpt>
      <trkpt lat="23.20605861660338" lon="102.75843515034433"><time>2025-12-19T04:39:09Z</time></trkpt>
      <trkpt lat="23.205789496004314" lon="102.75821944466477"><time>2025-12-19T04:39:12Z</time></trkpt>
      <trkpt lat="23.20556283269905" lon="102.75797228391355"><time>2025-12-19T04:39:15Z</time></trkpt>
      <trkpt lat="23.15259330977372" lon="102.70348367643038"><time>2025-12-19T04:54:11Z</time></trkpt>
      <trkpt lat="23.129923510378724" lon="102.66074587961569"><time>2025-12-19T05:09:21Z</time></trkpt>
      <trkpt lat="23.113274551543412" lon="102.68102310161218"><time>2025-12-19T05:24:20Z</time></trkpt>
      <trkpt lat="23.112104783180445" lon="102.68035393624253"><time>2025-12-19T05:39:23Z</time></trkpt>
      <trkpt lat="23.113386044824153" lon="102.68109303180704"><time>2025-12-19T05:39:41Z</time></trkpt>
      <trkpt lat="23.11673670543648" lon="102.71397742452352"><time>2025-12-19T06:43:03Z</time></trkpt>
      <trkpt lat="23.114156009142917" lon="102.73969998617892"><time>2025-12-19T06:56:12Z</time></trkpt>
      <trkpt lat="23.105803309029998" lon="102.76971875699495"><time>2025-12-19T07:09:33Z</time></trkpt>
      <trkpt lat="23.113006716615626" lon="102.76856406601404"><time>2025-12-19T07:24:20Z</time></trkpt>
      <trkpt lat="23.100136597662324" lon="102.80062995860614"><time>2025-12-19T07:39:28Z</time></trkpt>
      <trkpt lat="23.091757041423666" lon="102.79448736468589"><time>2025-12-19T07:54:11Z</time></trkpt>
      <trkpt lat="23.089895548518115" lon="102.79266845074312"><time>2025-12-19T13:28:05Z</time></trkpt>
      <trkpt lat="23.12250299455369" lon="102.79213028966413"><time>2025-12-20T03:59:25Z</time></trkpt>
      <trkpt lat="23.11561126033423" lon="102.7689357071879"><time>2025-12-20T04:14:39Z</time></trkpt>
      <trkpt lat="23.10089993758416" lon="102.7611003165159"><time>2025-12-21T02:29:49Z</time></trkpt>
      <trkpt lat="23.09402082583224" lon="102.72914330484599"><time>2025-12-21T02:43:50Z</time></trkpt>
      <trkpt lat="23.076182595938683" lon="102.74684296403781"><time>2025-12-21T02:57:38Z</time></trkpt>
      <trkpt lat="23.08594463246003" lon="102.72835075357521"><time>2025-12-22T02:18:15Z</time></trkpt>
      <trkpt lat="23.122174304348874" lon="102.73758126481913"><time>2025-12-22T02:32:18Z</time></trkpt>
      <trkpt lat="23.107190555914404" lon="102.68957242379216"><time>2025-12-22T02:45:10Z</time></trkpt>
      <trkpt lat="23.15562597012441" lon="102.71329857418566"><time>2025-12-22T03:00:17Z</time></trkpt>
      <trkpt lat="23.22170847563373" lon="102.76758749047552"><time>2025-12-22T03:13:02Z</time></trkpt>
      <trkpt lat="23.26248974541506" lon="102.75513181472455"><time>2025-12-22T03:28:12Z</time></trkpt>
      <trkpt lat="23.29692407047683" lon="102.63391507799051"><time>2025-12-22T03:42:34Z</time></trkpt>
      <trkpt lat="23.32533604001936" lon="102.5216015988053"><time>2025-12-22T03:57:43Z</time></trkpt>
      <trkpt lat="23.354141102933582" lon="102.3634109292655"><time>2025-12-22T04:11:23Z</time></trkpt>
      <trkpt lat="23.44002257952598" lon="102.20277536072828"><time>2025-12-22T04:26:08Z</time></trkpt>
      <trkpt lat="23.440125358547576" lon="102.20244797989328"><time>2025-12-22T04:26:10Z</time></trkpt>
      <trkpt lat="23.44030411620447" lon="102.20206651844313"><time>2025-12-22T04:26:12Z</time></trkpt>
      <trkpt lat="23.440468142550923" lon="102.20170793570371"><time>2025-12-22T04:26:14Z</time></trkpt>
      <trkpt lat="23.440694532680148" lon="102.2013204818022"><time>2025-12-22T04:26:16Z</time></trkpt>
      <trkpt lat="23.440903078411054" lon="102.20093254350047"><time>2025-12-22T04:26:18Z</time></trkpt>
      <trkpt lat="23.441113174736987" lon="102.200549937929"><time>2025-12-22T04:26:20Z</time></trkpt>
      <trkpt lat="23.441315997955407" lon="102.20016111460392"><time>2025-12-22T04:26:22Z</time></trkpt>
      <trkpt lat="23.441523248257905" lon="102.199775124651"><time>2025-12-22T04:26:24Z</time></trkpt>
      <trkpt lat="23.44173142234882" lon="102.1993869091208"><time>2025-12-22T04:26:26Z</time></trkpt>
      <trkpt lat="23.441938309035322" lon="102.19899938515138"><time>2025-12-22T04:26:28Z</time></trkpt>
      <trkpt lat="23.442149106921903" lon="102.19861281301003"><time>2025-12-22T04:26:30Z</time></trkpt>
      <trkpt lat="23.44235786435685" lon="102.19822386742794"><time>2025-12-22T04:26:32Z</time></trkpt>
      <trkpt lat="23.442567485245842" lon="102.19784465464123"><time>2025-12-22T04:26:34Z</time></trkpt>
      <trkpt lat="23.442766366862724" lon="102.19749133885861"><time>2025-12-22T04:26:36Z</time></trkpt>
      <trkpt lat="23.44297972014397" lon="102.1971336834959"><time>2025-12-22T04:26:38Z</time></trkpt>
      <trkpt lat="23.443204128838502" lon="102.1967746527054"><time>2025-12-22T04:26:40Z</time></trkpt>
      <trkpt lat="23.443424139199102" lon="102.1964175552097"><time>2025-12-22T04:26:42Z</time></trkpt>
      <trkpt lat="23.443654708911236" lon="102.1960729837421"><time>2025-12-22T04:26:44Z</time></trkpt>
      <trkpt lat="23.443888767372755" lon="102.19572956826059"><time>2025-12-22T04:26:46Z</time></trkpt>
      <trkpt lat="23.444123928733728" lon="102.19538795727897"><time>2025-12-22T04:26:48Z</time></trkpt>
      <trkpt lat="23.53550530506627" lon="102.05203254716662"><time>2025-12-22T04:40:52Z</time></trkpt>
      <trkpt lat="23.576844822538277" lon="101.98461367005144"><time>2025-12-22T04:54:41Z</time></trkpt>
      <trkpt lat="23.652604419261667" lon="101.88354485134084"><time>2025-12-23T03:39:58Z</time></trkpt>
      <trkpt lat="23.58704630661664" lon="101.78342467458597"><time>2025-12-23T03:54:56Z</time></trkpt>
      <trkpt lat="23.49282669762243" lon="101.69369009611722"><time>2025-12-23T04:09:58Z</time></trkpt>
      <trkpt lat="23.431967491327526" lon="101.67766098794395"><time>2025-12-23T04:23:13Z</time></trkpt>
      <trkpt lat="23.39174739209604" lon="101.58523596356794"><time>2025-12-23T04:38:29Z</time></trkpt>
      <trkpt lat="23.359840882565617" lon="101.54051534681413"><time>2025-12-23T04:45:00Z</time></trkpt>
      <trkpt lat="23.3105396904659" lon="101.49297502199309"><time>2025-12-23T05:00:22Z</time></trkpt>
      <trkpt lat="23.298674756682754" lon="101.38495702305937"><time>2025-12-23T05:15:22Z</time></trkpt>
      <trkpt lat="23.2369272526077" lon="101.31844970917602"><time>2025-12-23T05:30:22Z</time></trkpt>
      <trkpt lat="23.258278090528453" lon="101.15841186614814"><time>2025-12-23T05:45:20Z</time></trkpt>
      <trkpt lat="23.112565780895775" lon="101.17067924270212"><time>2025-12-23T06:00:28Z</time></trkpt>
      <trkpt lat="23.09513088317876" lon="101.15201655784729"><time>2025-12-23T06:09:57Z</time></trkpt>
      <trkpt lat="22.9892623750707" lon="101.07743253940816"><time>2025-12-23T06:40:22Z</time></trkpt>
      <trkpt lat="22.885386055136614" lon="101.01868962990605"><time>2025-12-23T06:53:53Z</time></trkpt>
      <trkpt lat="22.821569354526577" lon="100.97190536998492"><time>2025-12-23T07:08:53Z</time></trkpt>
      <trkpt lat="22.82495562983475" lon="100.96742819787116"><time>2025-12-23T07:23:40Z</time></trkpt>
      <trkpt lat="22.793918905910935" lon="100.94834192266458"><time>2025-12-24T01:56:02Z</time></trkpt>
      <trkpt lat="22.739945305532533" lon="100.93494219714863"><time>2025-12-24T02:01:19Z</time></trkpt>
      <trkpt lat="22.447902129817066" lon="101.05998559769635"><time>2025-12-24T02:31:44Z</time></trkpt>
      <trkpt lat="22.35546321610208" lon="100.99620418632496"><time>2025-12-24T02:45:13Z</time></trkpt>
      <trkpt lat="22.214207570089226" lon="100.88569625290192"><time>2025-12-24T03:00:12Z</time></trkpt>
      <trkpt lat="22.082992051444645" lon="100.90315292154209"><time>2025-12-24T03:15:13Z</time></trkpt>
      <trkpt lat="22.01454305614097" lon="100.82119526770892"><time>2025-12-24T03:30:13Z</time></trkpt>
      <trkpt lat="21.99512016961537" lon="100.83157086754295"><time>2025-12-24T03:45:13Z</time></trkpt>
      <trkpt lat="21.99467802422307" lon="100.83146676430556"><time>2025-12-24T03:45:16Z</time></trkpt>
      <trkpt lat="21.994106797521926" lon="100.83134455615732"><time>2025-12-24T03:45:21Z</time></trkpt>
      <trkpt lat="21.993704214712597" lon="100.83130105407986"><time>2025-12-24T03:45:24Z</time></trkpt>
      <trkpt lat="21.993362602935775" lon="100.83128423434249"><time>2025-12-24T03:45:27Z</time></trkpt>
      <trkpt lat="21.9930427031732" lon="100.83126967382712"><time>2025-12-24T03:45:31Z</time></trkpt>
      <trkpt lat="21.99271894245277" lon="100.83125483631582"><time>2025-12-24T03:45:50Z</time></trkpt>
      <trkpt lat="21.99350086219395" lon="100.83186853190305"><time>2025-12-24T04:58:31Z</time></trkpt>
      <trkpt lat="22.011835863834257" lon="100.8244078607306"><time>2025-12-24T09:09:12Z</time></trkpt>
      <trkpt lat="22.005947375282368" lon="100.82805490562527"><time>2025-12-24T09:23:51Z</time></trkpt>
      <trkpt lat="22.013573189833593" lon="100.82811517140183"><time>2025-12-25T03:00:33Z</time></trkpt>
      <trkpt lat="22.042553946396374" lon="100.90578021491031"><time>2025-12-25T03:16:09Z</time></trkpt>
      <trkpt lat="21.985646746986184" lon="101.0057215897312"><time>2025-12-25T03:30:59Z</time></trkpt>
      <trkpt lat="21.90851436337983" lon="101.17174821995647"><time>2025-12-25T03:46:30Z</time></trkpt>
      <trkpt lat="21.92338851282552" lon="101.23044183487187"><time>2025-12-25T03:51:37Z</time></trkpt>
      <trkpt lat="21.922837026155708" lon="101.23915803973608"><time>2025-12-25T04:41:33Z</time></trkpt>
      <trkpt lat="21.877228408140947" lon="101.27417064281299"><time>2025-12-25T04:46:45Z</time></trkpt>
      <trkpt lat="21.77446891555728" lon="101.36685303421818"><time>2025-12-25T05:02:18Z</time></trkpt>
      <trkpt lat="21.656383596150178" lon="101.37390559297101"><time>2025-12-25T05:12:28Z</time></trkpt>
      <trkpt lat="21.56206352638226" lon="101.47715653302285"><time>2025-12-25T05:27:19Z</time></trkpt>
      <trkpt lat="21.47893571540387" lon="101.54629607164662"><time>2025-12-25T05:42:26Z</time></trkpt>
      <trkpt lat="21.46645228846135" lon="101.5668692999534"><time>2025-12-25T05:47:58Z</time></trkpt>
      <trkpt lat="21.496663543648204" lon="101.58609462947743"><time>2025-12-25T05:56:48Z</time></trkpt>
      <trkpt lat="21.54775420854474" lon="101.5879699314666"><time>2025-12-25T06:07:54Z</time></trkpt>
      <trkpt lat="21.58088507308556" lon="101.5822889599797"><time>2025-12-25T06:13:57Z</time></trkpt>
      <trkpt lat="21.600716211853175" lon="101.58600233504696"><time>2025-12-25T06:20:08Z</time></trkpt>
      <trkpt lat="21.59464044568357" lon="101.58577821203059"><time>2025-12-25T06:56:28Z</time></trkpt>
      <trkpt lat="21.56177252894851" lon="101.57980356515269"><time>2025-12-25T07:02:23Z</time></trkpt>
      <trkpt lat="21.537239294307504" lon="101.57927527336744"><time>2025-12-25T07:07:27Z</time></trkpt>
      <trkpt lat="21.50328322590985" lon="101.57187580570806"><time>2025-12-25T07:13:57Z</time></trkpt>
      <trkpt lat="21.483226935511535" lon="101.56555235493055"><time>2025-12-25T07:20:07Z</time></trkpt>
      <trkpt lat="21.47020545376809" lon="101.5665240104338"><time>2025-12-25T07:25:07Z</time></trkpt>
      <trkpt lat="21.445889552143818" lon="101.57426280910296"><time>2025-12-25T07:31:46Z</time></trkpt>
      <trkpt lat="21.426970716585803" lon="101.57806023033483"><time>2025-12-25T07:37:50Z</time></trkpt>
      <trkpt lat="21.41003629660365" lon="101.65182709703376"><time>2025-12-25T07:47:11Z</time></trkpt>
      <trkpt lat="21.35727799965195" lon="101.68554933751159"><time>2025-12-25T07:54:07Z</time></trkpt>
      <trkpt lat="21.35498517194889" lon="101.68595368052058"><time>2025-12-25T15:24:19Z</time></trkpt>
      <trkpt lat="21.255785096456535" lon="101.71141379522318"><time>2025-12-26T00:39:31Z</time></trkpt>
      <trkpt lat="21.19097320698832" lon="101.68761075886151"><time>2025-12-26T00:54:47Z</time></trkpt>
      <trkpt lat="21.185905359406743" lon="101.68323056250482"><time>2025-12-26T01:09:55Z</time></trkpt>
      <trkpt lat="21.18691059119916" lon="101.68003439359589"><time>2025-12-26T01:55:38Z</time></trkpt>
      <trkpt lat="21.154222623464793" lon="101.67288704784742"><time>2025-12-26T04:35:19Z</time></trkpt>
      <trkpt lat="21.140231639772022" lon="101.66458852142881"><time>2025-12-26T04:44:34Z</time></trkpt>
      <trkpt lat="21.12394423232824" lon="101.65451296992406"><time>2025-12-26T04:52:37Z</time></trkpt>
      <trkpt lat="21.11305488535002" lon="101.64800736539821"><time>2025-12-26T04:57:47Z</time></trkpt>
      <trkpt lat="21.079661567648564" lon="101.63630892431854"><time>2025-12-26T05:13:18Z</time></trkpt>
      <trkpt lat="21.066405409964112" lon="101.642349829397"><time>2025-12-26T05:18:34Z</time></trkpt>
      <trkpt lat="21.04457569159627" lon="101.64883682539157"><time>2025-12-26T05:27:25Z</time></trkpt>
      <trkpt lat="21.02670026123911" lon="101.6537185504368"><time>2025-12-26T05:32:53Z</time></trkpt>
      <trkpt lat="21.011511695335027" lon="101.66289637894984"><time>2025-12-26T05:39:52Z</time></trkpt>
      <trkpt lat="20.96852914432154" lon="101.68111053304904"><time>2025-12-26T05:55:23Z</time></trkpt>
      <trkpt lat="20.94792248761197" lon="101.71967038069559"><time>2025-12-26T06:08:34Z</time></trkpt>
      <trkpt lat="20.944637283702328" lon="101.72884438196358"><time>2025-12-26T06:24:06Z</time></trkpt>
      <trkpt lat="20.924852377278935" lon="101.75506213819557"><time>2025-12-27T02:25:49Z</time></trkpt>
      <trkpt lat="20.89276736218316" lon="101.76943382749819"><time>2025-12-27T02:36:34Z</time></trkpt>
      <trkpt lat="20.868843672816517" lon="101.79908565255049"><time>2025-12-27T02:50:11Z</time></trkpt>
      <trkpt lat="20.852557508900706" lon="101.81653960199202"><time>2025-12-27T03:03:09Z</time></trkpt>
      <trkpt lat="20.845933123511116" lon="101.84372800411828"><time>2025-12-27T03:16:10Z</time></trkpt>
      <trkpt lat="20.82183870949163" lon="101.85273442929483"><time>2025-12-27T03:26:06Z</time></trkpt>
      <trkpt lat="20.80376166516388" lon="101.86082915911354"><time>2025-12-27T03:37:51Z</time></trkpt>
      <trkpt lat="20.794104672987753" lon="101.8701541331614"><time>2025-12-27T03:50:28Z</time></trkpt>
      <trkpt lat="20.796900875885783" lon="101.90626722769989"><time>2025-12-27T04:46:50Z</time></trkpt>
      <trkpt lat="20.766353907202266" lon="101.93487120572192"><time>2025-12-27T05:00:24Z</time></trkpt>
      <trkpt lat="20.735268787102676" lon="101.95405007397584"><time>2025-12-27T05:11:57Z</time></trkpt>
      <trkpt lat="20.7062056984447" lon="101.96479426457647"><time>2025-12-27T05:23:09Z</time></trkpt>
      <trkpt lat="20.669378246728805" lon="101.96013019410226"><time>2025-12-27T05:33:54Z</time></trkpt>
      <trkpt lat="20.64772454092339" lon="101.974814934751"><time>2025-12-27T05:44:38Z</time></trkpt>
      <trkpt lat="20.61770576258732" lon="101.99763395741203"><time>2025-12-27T05:58:00Z</time></trkpt>
      <trkpt lat="20.60838305898392" lon="102.04951360490493"><time>2025-12-27T06:13:10Z</time></trkpt>
      <trkpt lat="20.586238704689016" lon="102.08534679752567"><time>2025-12-27T06:26:29Z</time></trkpt>
      <trkpt lat="20.57663573419729" lon="102.12415345953976"><time>2025-12-27T06:38:50Z</time></trkpt>
      <trkpt lat="20.56420662907936" lon="102.17665753336826"><time>2025-12-27T06:53:55Z</time></trkpt>
      <trkpt lat="20.565462518817622" lon="102.2109748764418"><time>2025-12-27T07:09:04Z</time></trkpt>
      <trkpt lat="20.562813556772248" lon="102.23016902813895"><time>2025-12-27T07:22:57Z</time></trkpt>
      <trkpt lat="20.56318089367874" lon="102.23057513134762"><time>2025-12-27T07:30:02Z</time></trkpt>
      <trkpt lat="20.56346717439948" lon="102.23043128291862"><time>2025-12-27T15:37:18Z</time></trkpt>
      <trkpt lat="20.5640802376033" lon="102.23710840154783"><time>2025-12-28T02:50:29Z</time></trkpt>
      <trkpt lat="20.580688761566375" lon="102.27971965456594"><time>2025-12-28T03:06:29Z</time></trkpt>
      <trkpt lat="20.578465126473994" lon="102.28809325965334"><time>2025-12-28T03:20:08Z</time></trkpt>
      <trkpt lat="20.573730820844347" lon="102.3043634070264"><time>2025-12-28T03:34:01Z</time></trkpt>
      <trkpt lat="20.572103020329468" lon="102.34715992151851"><time>2025-12-28T03:49:03Z</time></trkpt>
      <trkpt lat="20.577059223515096" lon="102.41436009604197"><time>2025-12-28T04:04:03Z</time></trkpt>
      <trkpt lat="20.608367985435944" lon="102.45274654468824"><time>2025-12-28T04:18:54Z</time></trkpt>
      <trkpt lat="20.57163697669336" lon="102.41014324138165"><time>2025-12-28T04:49:30Z</time></trkpt>
      <trkpt lat="20.535242081011454" lon="102.37186656325478"><time>2025-12-28T04:59:52Z</time></trkpt>
      <trkpt lat="20.508544899811028" lon="102.36384249120259"><time>2025-12-28T05:05:24Z</time></trkpt>
      <trkpt lat="20.494911968727124" lon="102.35716248871978"><time>2025-12-28T05:10:36Z</time></trkpt>
      <trkpt lat="20.48476596830458" lon="102.34598429883117"><time>2025-12-28T05:18:46Z</time></trkpt>
      <trkpt lat="20.482259512070108" lon="102.34213372411179"><time>2025-12-28T06:04:50Z</time></trkpt>
      <trkpt lat="20.459306964042028" lon="102.33802122525582"><time>2025-12-28T06:09:59Z</time></trkpt>
      <trkpt lat="20.43394556354981" lon="102.32748766328201"><time>2025-12-28T06:18:52Z</time></trkpt>
      <trkpt lat="20.382976515121207" lon="102.31611962816008"><time>2025-12-28T06:34:27Z</time></trkpt>
      <trkpt lat="20.372522084929546" lon="102.32406539762732"><time>2025-12-28T06:39:48Z</time></trkpt>
      <trkpt lat="20.36742075734274" lon="102.3798077113341"><time>2025-12-28T06:53:32Z</time></trkpt>
      <trkpt lat="20.347922224865737" lon="102.41805226717013"><time>2025-12-28T07:05:32Z</time></trkpt>
      <trkpt lat="20.309415725631922" lon="102.42298371286911"><time>2025-12-28T07:21:04Z</time></trkpt>
      <trkpt lat="20.290597605854703" lon="102.41609212055467"><time>2025-12-28T07:27:48Z</time></trkpt>
      <trkpt lat="20.279942921596138" lon="102.39991352907353"><time>2025-12-28T07:32:53Z</time></trkpt>
      <trkpt lat="20.273263645377263" lon="102.38497892404197"><time>2025-12-28T07:37:58Z</time></trkpt>
      <trkpt lat="20.25495322721052" lon="102.36045905613263"><time>2025-12-28T07:49:52Z</time></trkpt>
      <trkpt lat="20.242057719012905" lon="102.34334330144378"><time>2025-12-28T07:54:57Z</time></trkpt>
      <trkpt lat="20.197899026075696" lon="102.32889491060061"><time>2025-12-28T08:05:11Z</time></trkpt>
      <trkpt lat="20.144467968364534" lon="102.31396060578669"><time>2025-12-28T08:20:46Z</time></trkpt>
      <trkpt lat="20.118189890714024" lon="102.29000515605145"><time>2025-12-28T08:30:54Z</time></trkpt>
      <trkpt lat="20.0955027643778" lon="102.27197569819542"><time>2025-12-28T08:41:13Z</time></trkpt>
      <trkpt lat="20.08362443932922" lon="102.26522446898701"><time>2025-12-28T08:46:11Z</time></trkpt>
      <trkpt lat="20.06774321167815" lon="102.26528928487568"><time>2025-12-28T08:51:17Z</time></trkpt>
      <trkpt lat="20.031422687192737" lon="102.26453367223472"><time>2025-12-28T09:01:55Z</time></trkpt>
      <trkpt lat="20.015205137408284" lon="102.2532156324646"><time>2025-12-28T09:07:09Z</time></trkpt>
      <trkpt lat="19.99449596076369" lon="102.24593710146084"><time>2025-12-28T09:12:47Z</time></trkpt>
      <trkpt lat="19.974381680360008" lon="102.24925801751473"><time>2025-12-28T09:17:51Z</time></trkpt>
      <trkpt lat="19.95711452438823" lon="102.2699341996891"><time>2025-12-28T09:32:03Z</time></trkpt>
      <trkpt lat="19.964456018079037" lon="102.27632934237111"><time>2025-12-28T09:42:48Z</time></trkpt>
      <trkpt lat="19.959607673827524" lon="102.27222329946446"><time>2025-12-30T04:52:02Z</time></trkpt>
      <trkpt lat="19.97063907246259" lon="102.25967851448112"><time>2025-12-30T05:04:26Z</time></trkpt>
      <trkpt lat="19.97147206017704" lon="102.24702592668234"><time>2025-12-30T05:09:26Z</time></trkpt>
      <trkpt lat="19.941427778506622" lon="102.23138168716221"><time>2025-12-30T05:19:37Z</time></trkpt>
      <trkpt lat="19.93069542156767" lon="102.20807319182079"><time>2025-12-30T05:25:48Z</time></trkpt>
      <trkpt lat="19.91841030274161" lon="102.18015779035417"><time>2025-12-30T05:32:06Z</time></trkpt>
      <trkpt lat="19.910217937004862" lon="102.16878612389647"><time>2025-12-30T05:42:07Z</time></trkpt>
      <trkpt lat="19.91358153243188" lon="102.167350918851"><time>2025-12-30T06:15:59Z</time></trkpt>
      <trkpt lat="19.913665390218284" lon="102.1670242312107"><time>2025-12-30T15:13:48Z</time></trkpt>
      <trkpt lat="19.913665390218288" lon="102.16702423121072"><time>2025-12-30T15:13:49Z</time></trkpt>
      <trkpt lat="19.91353542442181" lon="102.16733384700261"><time>2025-12-31T07:35:32Z</time></trkpt>
      <trkpt lat="19.91819912210704" lon="102.17978465494"><time>2026-01-04T03:08:43Z</time></trkpt>
      <trkpt lat="19.928399904547152" lon="102.20320589334274"><time>2026-01-04T03:18:03Z</time></trkpt>
      <trkpt lat="19.925395343471248" lon="102.19444996686856"><time>2026-01-04T03:40:07Z</time></trkpt>
      <trkpt lat="19.90538509701176" lon="102.16423612243172"><time>2026-01-04T03:51:22Z</time></trkpt>
      <trkpt lat="19.894446341815136" lon="102.15055256972693"><time>2026-01-04T03:56:27Z</time></trkpt>
      <trkpt lat="19.88498924767588" lon="102.14916790845072"><time>2026-01-04T04:07:50Z</time></trkpt>
      <trkpt lat="19.87024177386202" lon="102.12865400127575"><time>2026-01-04T04:20:20Z</time></trkpt>
      <trkpt lat="19.87687279937777" lon="102.12141282865974"><time>2026-01-04T04:31:35Z</time></trkpt>
      <trkpt lat="19.867343455571557" lon="102.11019893186364"><time>2026-01-04T04:46:23Z</time></trkpt>
      <trkpt lat="19.86053054415633" lon="102.10209177593609"><time>2026-01-04T05:05:00Z</time></trkpt>
      <trkpt lat="19.827682804334746" lon="102.06062802123097"><time>2026-01-04T05:19:50Z</time></trkpt>
      <trkpt lat="19.825195971131212" lon="102.05528971454552"><time>2026-01-04T06:00:32Z</time></trkpt>
      <trkpt lat="19.812542437867062" lon="102.00670254861335"><time>2026-01-04T06:12:33Z</time></trkpt>
      <trkpt lat="19.79188225221157" lon="101.9829676961286"><time>2026-01-04T06:25:27Z</time></trkpt>
      <trkpt lat="19.758739484849308" lon="101.99255820499299"><time>2026-01-04T06:39:43Z</time></trkpt>
      <trkpt lat="19.762462779294637" lon="101.98495028938235"><time>2026-01-05T08:44:25Z</time></trkpt>
      <trkpt lat="19.811254455359222" lon="102.0063668302147"><time>2026-01-05T08:59:30Z</time></trkpt>
      <trkpt lat="19.830733937708676" lon="102.0238633554148"><time>2026-01-05T09:04:42Z</time></trkpt>
      <trkpt lat="19.823256803816285" lon="102.04405964156055"><time>2026-01-05T09:09:53Z</time></trkpt>
      <trkpt lat="19.859284908546133" lon="102.09925654721846"><time>2026-01-05T09:22:16Z</time></trkpt>
      <trkpt lat="19.867608189727633" lon="102.11011972584181"><time>2026-01-05T09:27:27Z</time></trkpt>
      <trkpt lat="19.87090154170583" lon="102.11486044609669"><time>2026-01-05T09:42:39Z</time></trkpt>
      <trkpt lat="19.88324262669299" lon="102.12806353355025"><time>2026-01-05T09:49:24Z</time></trkpt>
      <trkpt lat="19.88354645753206" lon="102.1292803264481"><time>2026-01-05T10:03:43Z</time></trkpt>
      <trkpt lat="19.878465989623106" lon="102.13318378674064"><time>2026-01-06T02:28:47Z</time></trkpt>
      <trkpt lat="19.870217502030393" lon="102.12897590405211"><time>2026-01-06T02:35:55Z</time></trkpt>
      <trkpt lat="19.849623240380758" lon="102.13765604890334"><time>2026-01-06T04:15:37Z</time></trkpt>
      <trkpt lat="19.844393128984834" lon="102.19229990269878"><time>2026-01-06T04:47:12Z</time></trkpt>
      <trkpt lat="19.816408342752936" lon="102.1981863957198"><time>2026-01-06T04:59:36Z</time></trkpt>
      <trkpt lat="19.794825701992767" lon="102.19220981942694"><time>2026-01-06T05:09:02Z</time></trkpt>
      <trkpt lat="19.7738622268846" lon="102.1798515413908"><time>2026-01-06T05:19:55Z</time></trkpt>
      <trkpt lat="19.76498674702648" lon="102.17749410172883"><time>2026-01-06T05:27:16Z</time></trkpt>
      <trkpt lat="19.719015201572066" lon="102.14688685732162"><time>2026-01-06T05:42:09Z</time></trkpt>
      <trkpt lat="19.674330859011643" lon="102.11101729509164"><time>2026-01-06T05:55:58Z</time></trkpt>
      <trkpt lat="19.65706709316525" lon="102.0965738862058"><time>2026-01-06T06:01:11Z</time></trkpt>
      <trkpt lat="19.640378099430244" lon="102.07855306212949"><time>2026-01-06T06:12:20Z</time></trkpt>
      <trkpt lat="19.618956039569962" lon="102.05331376691109"><time>2026-01-06T06:25:31Z</time></trkpt>
      <trkpt lat="19.59637957626916" lon="102.02825132766927"><time>2026-01-06T06:38:13Z</time></trkpt>
      <trkpt lat="19.577050907555574" lon="102.0074228850212"><time>2026-01-06T06:48:38Z</time></trkpt>
      <trkpt lat="19.570121538308378" lon="102.00371071056374"><time>2026-01-06T06:54:26Z</time></trkpt>
      <trkpt lat="19.555576526848743" lon="101.99760908568055"><time>2026-01-06T07:54:16Z</time></trkpt>
      <trkpt lat="19.519768267154785" lon="101.98423293032648"><time>2026-01-06T08:09:51Z</time></trkpt>
      <trkpt lat="19.49655621202747" lon="102.04511595708236"><time>2026-01-06T08:25:18Z</time></trkpt>
      <trkpt lat="19.470671041921534" lon="102.0584050787097"><time>2026-01-06T08:40:16Z</time></trkpt>
      <trkpt lat="19.463265744592757" lon="102.09787851947532"><time>2026-01-06T08:55:17Z</time></trkpt>
      <trkpt lat="19.424183894898206" lon="102.14020664813197"><time>2026-01-06T09:10:15Z</time></trkpt>
      <trkpt lat="19.390058500173375" lon="102.14384546714881"><time>2026-01-06T09:25:17Z</time></trkpt>
      <trkpt lat="19.39017421439265" lon="102.13913518495012"><time>2026-01-06T09:40:17Z</time></trkpt>
      <trkpt lat="19.383640168252757" lon="102.15258521037376"><time>2026-01-07T05:04:39Z</time></trkpt>
      <trkpt lat="19.3661388382496" lon="102.15768869975783"><time>2026-01-07T05:19:49Z</time></trkpt>
      <trkpt lat="19.317082522072557" lon="102.17791621584139"><time>2026-01-07T05:34:33Z</time></trkpt>
      <trkpt lat="19.270942917221326" lon="102.18947163761769"><time>2026-01-07T05:49:18Z</time></trkpt>
      <trkpt lat="19.272619895108065" lon="102.22482127548987"><time>2026-01-07T06:00:27Z</time></trkpt>
      <trkpt lat="19.23054048013664" lon="102.252727857314"><time>2026-01-07T06:14:03Z</time></trkpt>
      <trkpt lat="19.2111788003084" lon="102.24477536902828"><time>2026-01-07T06:27:19Z</time></trkpt>
      <trkpt lat="19.204872068435694" lon="102.23970386352278"><time>2026-01-07T06:57:21Z</time></trkpt>
      <trkpt lat="19.146283362078616" lon="102.21438313843888"><time>2026-01-07T07:23:42Z</time></trkpt>
      <trkpt lat="19.12827273694198" lon="102.23881895445953"><time>2026-01-07T07:34:48Z</time></trkpt>
      <trkpt lat="19.1331053299651" lon="102.28448779732207"><time>2026-01-07T07:50:03Z</time></trkpt>
      <trkpt lat="19.138329787309903" lon="102.32204656475706"><time>2026-01-07T08:04:38Z</time></trkpt>
      <trkpt lat="19.13031988988165" lon="102.33646540568057"><time>2026-01-07T08:09:39Z</time></trkpt>
      <trkpt lat="19.115487621183615" lon="102.37007740894553"><time>2026-01-07T08:19:54Z</time></trkpt>
      <trkpt lat="19.080655365268775" lon="102.42292245859505"><time>2026-01-07T08:39:37Z</time></trkpt>
      <trkpt lat="19.046080758195814" lon="102.43414389249214"><time>2026-01-07T08:54:06Z</time></trkpt>
      <trkpt lat="19.006861007155155" lon="102.44756339333125"><time>2026-01-07T09:05:58Z</time></trkpt>
      <trkpt lat="18.94990245924099" lon="102.44854839634107"><time>2026-01-07T09:19:33Z</time></trkpt>
      <trkpt lat="18.942772651731516" lon="102.44397273718877"><time>2026-01-07T09:27:42Z</time></trkpt>
      <trkpt lat="18.930926285701737" lon="102.44995736526553"><time>2026-01-07T09:40:33Z</time></trkpt>
      <trkpt lat="18.917736313323413" lon="102.4482251611561"><time>2026-01-07T09:45:49Z</time></trkpt>
      <trkpt lat="18.91615793865653" lon="102.44245551580732"><time>2026-01-08T05:50:03Z</time></trkpt>
      <trkpt lat="18.920029057207444" lon="102.43878613235655"><time>2026-01-08T05:56:47Z</time></trkpt>
      <trkpt lat="18.912026976682437" lon="102.40930402268106"><time>2026-01-09T02:25:25Z</time></trkpt>
      <trkpt lat="18.91532924092584" lon="102.40211302919458"><time>2026-01-09T02:46:01Z</time></trkpt>
      <trkpt lat="18.945952416791556" lon="102.34428409532433"><time>2026-01-09T03:00:35Z</time></trkpt>
      <trkpt lat="18.944921954795877" lon="102.33407717216741"><time>2026-01-09T03:15:47Z</time></trkpt>
      <trkpt lat="18.94266581164333" lon="102.33631862336986"><time>2026-01-10T02:18:03Z</time></trkpt>
      <trkpt lat="18.944908132098004" lon="102.33424379219841"><time>2026-01-10T03:18:22Z</time></trkpt>
      <trkpt lat="18.94458030661361" lon="102.33453478139282"><time>2026-01-10T03:25:13Z</time></trkpt>
      <trkpt lat="18.944895485623253" lon="102.33432098468795"><time>2026-01-10T03:29:59Z</time></trkpt>
      <trkpt lat="18.942726800609687" lon="102.33637268281481"><time>2026-01-10T03:31:51Z</time></trkpt>
      <trkpt lat="18.9486632291459" lon="102.34865821210313"><time>2026-01-10T07:46:14Z</time></trkpt>
      <trkpt lat="18.921949192591565" lon="102.38923002401296"><time>2026-01-10T08:01:17Z</time></trkpt>
      <trkpt lat="18.921892137049515" lon="102.38831679481417"><time>2026-01-10T08:13:19Z</time></trkpt>
      <trkpt lat="18.91933555241245" lon="102.3979255949423"><time>2026-01-11T02:43:22Z</time></trkpt>
      <trkpt lat="18.91195037940543" lon="102.40854730417065"><time>2026-01-11T02:48:49Z</time></trkpt>
      <trkpt lat="18.919559461082255" lon="102.43260456258658"><time>2026-01-11T02:53:55Z</time></trkpt>
      <trkpt lat="18.91711820767132" lon="102.45110614007135"><time>2026-01-11T03:02:00Z</time></trkpt>
      <trkpt lat="18.79883453251682" lon="102.40872669974566"><time>2026-01-11T03:18:04Z</time></trkpt>
      <trkpt lat="18.722500167074045" lon="102.36488546271886"><time>2026-01-11T03:31:58Z</time></trkpt>
      <trkpt lat="18.634739901007805" lon="102.32147995621555"><time>2026-01-11T03:40:27Z</time></trkpt>
      <trkpt lat="18.49654521217659" lon="102.39449704569178"><time>2026-01-11T03:54:25Z</time></trkpt>
      <trkpt lat="18.352358080694728" lon="102.41545492347804"><time>2026-01-11T04:07:12Z</time></trkpt>
      <trkpt lat="18.289845474081382" lon="102.45940980511016"><time>2026-01-11T04:14:01Z</time></trkpt>
      <trkpt lat="18.21380287876186" lon="102.48006398799129"><time>2026-01-11T04:22:27Z</time></trkpt>
      <trkpt lat="18.16285431852393" lon="102.49248043643543"><time>2026-01-11T04:43:33Z</time></trkpt>
      <trkpt lat="18.04100981915187" lon="102.5285802875669"><time>2026-01-11T04:58:18Z</time></trkpt>
      <trkpt lat="18.019545618010117" lon="102.54677807554363"><time>2026-01-11T05:03:25Z</time></trkpt>
      <trkpt lat="17.979933679753103" lon="102.55465156712886"><time>2026-01-11T05:14:38Z</time></trkpt>
      <trkpt lat="17.969487425626635" lon="102.57743063239727"><time>2026-01-11T05:19:53Z</time></trkpt>
      <trkpt lat="17.958202292535873" lon="102.6105451474556"><time>2026-01-11T05:30:12Z</time></trkpt>
      <trkpt lat="17.955973495835504" lon="102.61469094942389"><time>2026-01-11T05:46:19Z</time></trkpt>
      <trkpt lat="17.96464278599587" lon="102.6004717204981"><time>2026-01-12T04:56:48Z</time></trkpt>
      <trkpt lat="17.96919836664383" lon="102.58678145716208"><time>2026-01-12T05:02:05Z</time></trkpt>
      <trkpt lat="17.97256621533816" lon="102.56435609432175"><time>2026-01-12T05:07:16Z</time></trkpt>
      <trkpt lat="17.977630551632174" lon="102.53844360980234"><time>2026-01-12T05:13:17Z</time></trkpt>
      <trkpt lat="17.97497781460916" lon="102.51347073363374"><time>2026-01-12T05:18:36Z</time></trkpt>
      <trkpt lat="17.987095162827835" lon="102.43681214981054"><time>2026-01-12T05:28:45Z</time></trkpt>
      <trkpt lat="18.015074543785055" lon="102.39748932735527"><time>2026-01-12T05:33:53Z</time></trkpt>
      <trkpt lat="18.055522162484056" lon="102.31849526064686"><time>2026-01-12T05:44:05Z</time></trkpt>
      <trkpt lat="18.110572113672372" lon="102.2430482414572"><time>2026-01-12T05:58:08Z</time></trkpt>
      <trkpt lat="18.15253224801996" lon="102.20181759628124"><time>2026-01-12T06:05:52Z</time></trkpt>
      <trkpt lat="18.193817210688774" lon="102.1794943050891"><time>2026-01-12T06:11:15Z</time></trkpt>
      <trkpt lat="18.220837659961035" lon="102.07919719702963"><time>2026-01-12T06:26:28Z</time></trkpt>
      <trkpt lat="18.147428347746047" lon="102.01314101936482"><time>2026-01-12T06:41:47Z</time></trkpt>
      <trkpt lat="18.117782478237636" lon="101.97619317108948"><time>2026-01-12T06:57:11Z</time></trkpt>
      <trkpt lat="18.11819813681591" lon="101.97608102122506"><time>2026-01-12T08:47:21Z</time></trkpt>
      <trkpt lat="18.117924604048394" lon="101.97628315137736"><time>2026-01-12T08:58:03Z</time></trkpt>
      <trkpt lat="18.110301359960513" lon="101.98082448923505"><time>2026-01-12T09:08:26Z</time></trkpt>
      <trkpt lat="18.11785028783429" lon="101.97632040837964"><time>2026-01-12T09:20:45Z</time></trkpt>
      <trkpt lat="18.110795969999998" lon="101.98389433999999"><time>2026-01-12T09:49:35Z</time></trkpt>
      <trkpt lat="18.11793158638641" lon="101.9762713637382"><time>2026-01-12T10:03:56Z</time></trkpt>
      <trkpt lat="18.11020088" lon="101.98044586000002"><time>2026-01-12T10:49:29Z</time></trkpt>
      <trkpt lat="18.117916923964504" lon="101.97627757685443"><time>2026-01-12T11:04:14Z</time></trkpt>
      <trkpt lat="18.110124281496983" lon="101.98432541230238"><time>2026-01-12T13:14:07Z</time></trkpt>
      <trkpt lat="18.117866364727323" lon="101.97604799932341"><time>2026-01-12T13:19:16Z</time></trkpt>
      <trkpt lat="18.11020088" lon="101.98044586000002"><time>2026-01-12T13:32:11Z</time></trkpt>
      <trkpt lat="18.117837714979533" lon="101.97623843336662"><time>2026-01-12T13:47:36Z</time></trkpt>
      <trkpt lat="18.11086845" lon="101.98393249"><time>2026-01-12T15:26:24Z</time></trkpt>
      <trkpt lat="18.118001706915084" lon="101.97632602425476"><time>2026-01-12T15:33:58Z</time></trkpt>
      <trkpt lat="18.110868450000005" lon="101.98393248999999"><time>2026-01-13T01:38:52Z</time></trkpt>
      <trkpt lat="18.117835554416224" lon="101.97625048075093"><time>2026-01-13T02:12:12Z</time></trkpt>
      <trkpt lat="18.080789842386917" lon="101.92976714827395"><time>2026-01-13T02:27:17Z</time></trkpt>
      <trkpt lat="18.059714664721916" lon="101.83671285407789"><time>2026-01-13T02:42:04Z</time></trkpt>
      <trkpt lat="18.063032212661856" lon="101.75240718546368"><time>2026-01-13T02:55:29Z</time></trkpt>
      <trkpt lat="18.06315015537484" lon="101.70704447673792"><time>2026-01-13T03:06:12Z</time></trkpt>
      <trkpt lat="18.069342873076042" lon="101.69059750633471"><time>2026-01-13T03:14:56Z</time></trkpt>
      <trkpt lat="18.13455713914534" lon="101.63250689404236"><time>2026-01-13T03:28:10Z</time></trkpt>
      <trkpt lat="18.122003981860466" lon="101.56691833408695"><time>2026-01-13T03:42:04Z</time></trkpt>
      <trkpt lat="18.133277141070256" lon="101.49381614411116"><time>2026-01-13T03:56:49Z</time></trkpt>
      <trkpt lat="18.15765315627881" lon="101.44998570085971"><time>2026-01-13T04:10:08Z</time></trkpt>
      <trkpt lat="18.16164061894469" lon="101.40357633130755"><time>2026-01-13T04:54:36Z</time></trkpt>
      <trkpt lat="18.096941796669114" lon="101.36698238214204"><time>2026-01-13T05:13:20Z</time></trkpt>
      <trkpt lat="18.041383023390583" lon="101.36162264282011"><time>2026-01-13T05:28:22Z</time></trkpt>
      <trkpt lat="17.951272743009703" lon="101.35390103025954"><time>2026-01-13T05:43:22Z</time></trkpt>
      <trkpt lat="17.886143472255778" lon="101.34429658522258"><time>2026-01-13T05:56:52Z</time></trkpt>
      <trkpt lat="17.803599060338897" lon="101.34910975222702"><time>2026-01-13T06:11:50Z</time></trkpt>
      <trkpt lat="17.768950319947397" lon="101.36637106653212"><time>2026-01-13T06:26:53Z</time></trkpt>
      <trkpt lat="17.764369784016555" lon="101.37001596373548"><time>2026-01-15T07:36:25Z</time></trkpt>
      <trkpt lat="17.73702710188013" lon="101.38747856329714"><time>2026-01-15T07:41:59Z</time></trkpt>
      <trkpt lat="17.719588975819104" lon="101.38451901370762"><time>2026-01-15T07:48:03Z</time></trkpt>
      <trkpt lat="17.695272017935896" lon="101.39715894545787"><time>2026-01-15T07:56:59Z</time></trkpt>
      <trkpt lat="17.701378746418957" lon="101.39309978885633"><time>2026-01-15T10:01:47Z</time></trkpt>
      <trkpt lat="17.716960429029804" lon="101.38478909875131"><time>2026-01-15T10:08:20Z</time></trkpt>
      <trkpt lat="17.731560854497296" lon="101.3922415411597"><time>2026-01-15T10:20:22Z</time></trkpt>
      <trkpt lat="17.757787012475788" lon="101.37350716389078"><time>2026-01-15T11:10:38Z</time></trkpt>
      <trkpt lat="17.769060479493596" lon="101.36638565929734"><time>2026-01-15T11:21:26Z</time></trkpt>
      <trkpt lat="17.759118999984047" lon="101.37261984416794"><time>2026-01-16T04:04:11Z</time></trkpt>
      <trkpt lat="17.705910528113716" lon="101.38341133911382"><time>2026-01-16T04:15:49Z</time></trkpt>
      <trkpt lat="17.69550866407098" lon="101.39725037554246"><time>2026-01-16T04:25:48Z</time></trkpt>
      <trkpt lat="17.691141385601544" lon="101.39504925357308"><time>2026-01-16T05:43:08Z</time></trkpt>
      <trkpt lat="17.65945816879874" lon="101.40573492283131"><time>2026-01-16T07:19:12Z</time></trkpt>
      <trkpt lat="17.627131892384615" lon="101.42284657815604"><time>2026-01-16T07:29:56Z</time></trkpt>
      <trkpt lat="17.622191179560144" lon="101.41940002339092"><time>2026-01-16T09:25:02Z</time></trkpt>
      <trkpt lat="17.57309925376629" lon="101.41656280633934"><time>2026-01-16T09:32:04Z</time></trkpt>
      <trkpt lat="17.531254235671398" lon="101.44219628544658"><time>2026-01-16T09:44:11Z</time></trkpt>
      <trkpt lat="17.48137583492089" lon="101.46282448442788"><time>2026-01-16T09:59:19Z</time></trkpt>
      <trkpt lat="17.454126854443412" lon="101.41833845535425"><time>2026-01-16T10:12:49Z</time></trkpt>
      <trkpt lat="17.457151087017223" lon="101.37399609210097"><time>2026-01-16T10:17:58Z</time></trkpt>
      <trkpt lat="17.46462120676177" lon="101.35509104477367"><time>2026-01-16T10:27:11Z</time></trkpt>
      <trkpt lat="17.48152159579941" lon="101.35196998165556"><time>2026-01-16T10:32:28Z</time></trkpt>
      <trkpt lat="17.481222907097525" lon="101.35184716442726"><time>2026-01-16T10:32:32Z</time></trkpt>
      <trkpt lat="17.462298908328396" lon="101.35561292356417"><time>2026-01-18T03:57:37Z</time></trkpt>
      <trkpt lat="17.44926090099157" lon="101.35400830432589"><time>2026-01-18T04:03:38Z</time></trkpt>
      <trkpt lat="17.43830390510959" lon="101.32515090693394"><time>2026-01-18T04:08:36Z</time></trkpt>
      <trkpt lat="17.40767799319458" lon="101.29585898490743"><time>2026-01-18T04:14:26Z</time></trkpt>
      <trkpt lat="17.366717965597307" lon="101.25964239370593"><time>2026-01-18T04:20:23Z</time></trkpt>
      <trkpt lat="17.32052918435999" lon="101.24337159815956"><time>2026-01-18T04:26:25Z</time></trkpt>
      <trkpt lat="17.27048999512678" lon="101.23790183358498"><time>2026-01-18T04:32:28Z</time></trkpt>
      <trkpt lat="17.219423630857747" lon="101.1803772807917"><time>2026-01-18T04:45:29Z</time></trkpt>
      <trkpt lat="17.141702855021823" lon="101.17222046489006"><time>2026-01-18T04:59:24Z</time></trkpt>
      <trkpt lat="17.06248875708977" lon="101.16989230746512"><time>2026-01-18T05:13:35Z</time></trkpt>
      <trkpt lat="16.981646348738092" lon="101.20323685938604"><time>2026-01-18T05:27:03Z</time></trkpt>
      <trkpt lat="16.98120479015407" lon="101.20341188510575"><time>2026-01-18T05:27:05Z</time></trkpt>
      <trkpt lat="16.980844323219568" lon="101.20356366932708"><time>2026-01-18T05:27:07Z</time></trkpt>
      <trkpt lat="16.980485787072485" lon="101.20370798303549"><time>2026-01-18T05:27:10Z</time></trkpt>
      <trkpt lat="16.980170629529514" lon="101.20384777939081"><time>2026-01-18T05:27:12Z</time></trkpt>
      <trkpt lat="16.979860531912383" lon="101.20398414854438"><time>2026-01-18T05:27:14Z</time></trkpt>
      <trkpt lat="16.97955534657076" lon="101.20411679981828"><time>2026-01-18T05:27:16Z</time></trkpt>
      <trkpt lat="16.979260165527048" lon="101.2042469261627"><time>2026-01-18T05:27:18Z</time></trkpt>
      <trkpt lat="16.978967948215676" lon="101.20438101196672"><time>2026-01-18T05:27:20Z</time></trkpt>
      <trkpt lat="16.978673726988056" lon="101.20451308809716"><time>2026-01-18T05:27:22Z</time></trkpt>
      <trkpt lat="16.978377219986758" lon="101.20464256027552"><time>2026-01-18T05:27:24Z</time></trkpt>
      <trkpt lat="16.978084224493664" lon="101.2047704859967"><time>2026-01-18T05:27:26Z</time></trkpt>
      <trkpt lat="16.977793031943047" lon="101.20489999869203"><time>2026-01-18T05:27:28Z</time></trkpt>
      <trkpt lat="16.97736180872125" lon="101.20509141871958"><time>2026-01-18T05:27:31Z</time></trkpt>
      <trkpt lat="16.97694092424873" lon="101.20528091041044"><time>2026-01-18T05:27:34Z</time></trkpt>
      <trkpt lat="16.976521312241875" lon="101.20547307144895"><time>2026-01-18T05:27:37Z</time></trkpt>
      <trkpt lat="16.976126579200667" lon="101.20564664411685"><time>2026-01-18T05:27:40Z</time></trkpt>
      <trkpt lat="16.97574101732005" lon="101.20582001178485"><time>2026-01-18T05:27:43Z</time></trkpt>
      <trkpt lat="16.855195940475934" lon="101.247411013424"><time>2026-01-18T05:42:57Z</time></trkpt>
      <trkpt lat="16.79836418100705" lon="101.21739997757614"><time>2026-01-18T05:56:26Z</time></trkpt>
      <trkpt lat="16.767321393834482" lon="101.18127273760896"><time>2026-01-18T06:11:27Z</time></trkpt>
      <trkpt lat="16.76754661410197" lon="101.18101452845207"><time>2026-01-18T06:11:29Z</time></trkpt>
      <trkpt lat="16.76769210360851" lon="101.18063890732259"><time>2026-01-18T06:11:32Z</time></trkpt>
      <trkpt lat="16.767875373091382" lon="101.18022417589533"><time>2026-01-18T06:11:35Z</time></trkpt>
      <trkpt lat="16.768018935510238" lon="101.17981673215677"><time>2026-01-18T06:11:38Z</time></trkpt>
      <trkpt lat="16.76815583924039" lon="101.17941896672318"><time>2026-01-18T06:11:41Z</time></trkpt>
      <trkpt lat="16.768268731817894" lon="101.17903299556416"><time>2026-01-18T06:11:44Z</time></trkpt>
      <trkpt lat="16.75060522278468" lon="101.16492292853181"><time>2026-01-18T06:24:33Z</time></trkpt>
      <trkpt lat="16.772273951225703" lon="101.13317043529929"><time>2026-01-18T07:34:21Z</time></trkpt>
      <trkpt lat="16.770134135165037" lon="101.05578225115413"><time>2026-01-18T07:47:23Z</time></trkpt>
      <trkpt lat="16.76991021262181" lon="101.05554462419921"><time>2026-01-18T07:47:30Z</time></trkpt>
      <trkpt lat="16.770238006118895" lon="101.0556448081797"><time>2026-01-18T07:47:43Z</time></trkpt>
      <trkpt lat="16.792717287332557" lon="101.04653181517594"><time>2026-01-18T08:00:31Z</time></trkpt>
      <trkpt lat="16.7925208547198" lon="101.04696092806569"><time>2026-01-18T08:29:18Z</time></trkpt>
      <trkpt lat="16.79034861519119" lon="101.05052518445535"><time>2026-01-18T09:26:56Z</time></trkpt>
      <trkpt lat="16.79268178997263" lon="101.04686943823569"><time>2026-01-18T11:42:56Z</time></trkpt>
      <trkpt lat="16.785546024345592" lon="101.0482572299438"><time>2026-01-19T03:44:24Z</time></trkpt>
      <trkpt lat="16.769059020072547" lon="101.0314946108676"><time>2026-01-19T03:51:12Z</time></trkpt>
      <trkpt lat="16.836756127326456" lon="100.8887177554997"><time>2026-01-19T04:10:26Z</time></trkpt>
      <trkpt lat="16.860085286352682" lon="100.86760047229521"><time>2026-01-19T04:15:45Z</time></trkpt>
      <trkpt lat="16.857094753134938" lon="100.7357785134826"><time>2026-01-19T04:31:10Z</time></trkpt>
      <trkpt lat="16.857094594100115" lon="100.73542655267231"><time>2026-01-19T04:31:12Z</time></trkpt>
      <trkpt lat="16.857138856363605" lon="100.73508774076748"><time>2026-01-19T04:31:14Z</time></trkpt>
      <trkpt lat="16.857172210397554" lon="100.7346642784671"><time>2026-01-19T04:31:16Z</time></trkpt>
      <trkpt lat="16.857245517831185" lon="100.73431356105688"><time>2026-01-19T04:31:18Z</time></trkpt>
      <trkpt lat="16.857324098433065" lon="100.73396218443753"><time>2026-01-19T04:31:20Z</time></trkpt>
      <trkpt lat="16.857401679566365" lon="100.73361311102266"><time>2026-01-19T04:31:22Z</time></trkpt>
      <trkpt lat="16.85748529428634" lon="100.73326076744131"><time>2026-01-19T04:31:24Z</time></trkpt>
      <trkpt lat="16.857575249236085" lon="100.73291497551604"><time>2026-01-19T04:31:26Z</time></trkpt>
      <trkpt lat="16.85765620898603" lon="100.73258482453892"><time>2026-01-19T04:31:28Z</time></trkpt>
      <trkpt lat="16.85773737833258" lon="100.7322591227873"><time>2026-01-19T04:31:30Z</time></trkpt>
      <trkpt lat="16.85781197258511" lon="100.73192689160786"><time>2026-01-19T04:31:32Z</time></trkpt>
      <trkpt lat="16.857896968902615" lon="100.73157418743301"><time>2026-01-19T04:31:34Z</time></trkpt>
      <trkpt lat="16.857987000120502" lon="100.7312142761401"><time>2026-01-19T04:31:36Z</time></trkpt>
      <trkpt lat="16.85808765726036" lon="100.73084618375634"><time>2026-01-19T04:31:38Z</time></trkpt>
      <trkpt lat="16.85819957081176" lon="100.73048273326027"><time>2026-01-19T04:31:40Z</time></trkpt>
      <trkpt lat="16.858299223778317" lon="100.73011818888891"><time>2026-01-19T04:31:42Z</time></trkpt>
      <trkpt lat="16.858413316299778" lon="100.72976340984944"><time>2026-01-19T04:31:44Z</time></trkpt>
      <trkpt lat="16.858538446076178" lon="100.72941685915237"><time>2026-01-19T04:31:46Z</time></trkpt>
      <trkpt lat="16.858664396029695" lon="100.72907354517467"><time>2026-01-19T04:31:48Z</time></trkpt>
      <trkpt lat="16.858796946338213" lon="100.72874223099865"><time>2026-01-19T04:31:50Z</time></trkpt>
      <trkpt lat="16.855565509774586" lon="100.6210111734463"><time>2026-01-19T04:47:12Z</time></trkpt>
      <trkpt lat="16.863346676397775" lon="100.48329249049691"><time>2026-01-19T05:02:12Z</time></trkpt>
      <trkpt lat="16.863104544109373" lon="100.48281177382175"><time>2026-01-19T05:02:14Z</time></trkpt>
      <trkpt lat="16.86272816397576" lon="100.48242571373089"><time>2026-01-19T05:02:17Z</time></trkpt>
      <trkpt lat="16.862490243465594" lon="100.48217579008721"><time>2026-01-19T05:02:19Z</time></trkpt>
      <trkpt lat="16.862253561317196" lon="100.48192759008303"><time>2026-01-19T05:02:21Z</time></trkpt>
      <trkpt lat="16.86201257632753" lon="100.48168013813019"><time>2026-01-19T05:02:23Z</time></trkpt>
      <trkpt lat="16.86176287664348" lon="100.48142759245997"><time>2026-01-19T05:02:25Z</time></trkpt>
      <trkpt lat="16.86151290460828" lon="100.48119126320921"><time>2026-01-19T05:02:27Z</time></trkpt>
      <trkpt lat="16.861273342394874" lon="100.48095509542226"><time>2026-01-19T05:02:29Z</time></trkpt>
      <trkpt lat="16.861026924380283" lon="100.48072514483212"><time>2026-01-19T05:02:31Z</time></trkpt>
      <trkpt lat="16.86074771652815" lon="100.48053700910883"><time>2026-01-19T05:02:33Z</time></trkpt>
      <trkpt lat="16.747297479309108" lon="100.43201615135591"><time>2026-01-19T05:17:45Z</time></trkpt>
      <trkpt lat="16.692652664911304" lon="100.54950386152997"><time>2026-01-19T05:32:45Z</time></trkpt>
      <trkpt lat="16.692788584651943" lon="100.54983732315954"><time>2026-01-19T05:32:47Z</time></trkpt>
      <trkpt lat="16.692898472335585" lon="100.55017042528354"><time>2026-01-19T05:32:49Z</time></trkpt>
      <trkpt lat="16.693049156774663" lon="100.55054183004"><time>2026-01-19T05:32:51Z</time></trkpt>
      <trkpt lat="16.693158924199746" lon="100.55087232930224"><time>2026-01-19T05:32:53Z</time></trkpt>
      <trkpt lat="16.69326227510102" lon="100.55120282800776"><time>2026-01-19T05:32:55Z</time></trkpt>
      <trkpt lat="16.693370164067648" lon="100.55153226985193"><time>2026-01-19T05:32:57Z</time></trkpt>
      <trkpt lat="16.693477200623253" lon="100.55186318641205"><time>2026-01-19T05:32:59Z</time></trkpt>
      <trkpt lat="16.6935882874121" lon="100.5521951538082"><time>2026-01-19T05:33:01Z</time></trkpt>
      <trkpt lat="16.693687509641713" lon="100.55253051383552"><time>2026-01-19T05:33:03Z</time></trkpt>
      <trkpt lat="16.693797762058107" lon="100.55285902042903"><time>2026-01-19T05:33:05Z</time></trkpt>
      <trkpt lat="16.674132009471197" lon="100.61408504301652"><time>2026-01-19T05:48:16Z</time></trkpt>
      <trkpt lat="16.59805771247937" lon="100.62385681370912"><time>2026-01-19T06:16:46Z</time></trkpt>
      <trkpt lat="16.59773795780492" lon="100.62397711183358"><time>2026-01-19T06:16:48Z</time></trkpt>
      <trkpt lat="16.56592867485204" lon="100.69238920964463"><time>2026-01-19T07:49:12Z</time></trkpt>
      <trkpt lat="16.56988415503669" lon="100.69085384151376"><time>2026-01-19T14:01:45Z</time></trkpt>
      <trkpt lat="16.569814612173076" lon="100.69142846399983"><time>2026-01-19T14:28:25Z</time></trkpt>
      <trkpt lat="16.56940231352155" lon="100.68902130185097"><time>2026-01-20T13:20:39Z</time></trkpt>
      <trkpt lat="16.570511033115196" lon="100.69072120289482"><time>2026-01-22T03:09:50Z</time></trkpt>
      <trkpt lat="16.570222116946763" lon="100.69058548814162"><time>2026-01-22T03:10:04Z</time></trkpt>
      <trkpt lat="16.562592737355654" lon="100.69223295099711"><time>2026-01-22T03:14:37Z</time></trkpt>
      <trkpt lat="16.57621339896375" lon="100.63177295038535"><time>2026-01-22T03:24:42Z</time></trkpt>
      <trkpt lat="16.63856231143385" lon="100.61733562508655"><time>2026-01-22T03:31:43Z</time></trkpt>
      <trkpt lat="16.678568989964074" lon="100.60896817920374"><time>2026-01-22T03:36:40Z</time></trkpt>
      <trkpt lat="16.704556723140836" lon="100.57146314540931"><time>2026-01-22T03:42:43Z</time></trkpt>
      <trkpt lat="16.69646772557562" lon="100.51909318203154"><time>2026-01-22T03:49:12Z</time></trkpt>
      <trkpt lat="16.714678583682247" lon="100.4693761748266"><time>2026-01-22T03:54:53Z</time></trkpt>
      <trkpt lat="16.735053816825836" lon="100.43179289447184"><time>2026-01-22T04:00:28Z</time></trkpt>
      <trkpt lat="16.774001210012262" lon="100.43320893319364"><time>2026-01-22T04:06:02Z</time></trkpt>
      <trkpt lat="16.8179536306217" lon="100.43594613877285"><time>2026-01-22T04:10:59Z</time></trkpt>
      <trkpt lat="16.83892537841279" lon="100.39297680379859"><time>2026-01-22T04:17:29Z</time></trkpt>
      <trkpt lat="16.822208217360846" lon="100.35050234766709"><time>2026-01-22T04:23:52Z</time></trkpt>
      <trkpt lat="16.81743162780338" lon="100.29879228257245"><time>2026-01-22T04:30:25Z</time></trkpt>
      <trkpt lat="16.81862135720504" lon="100.27114473907737"><time>2026-01-22T04:36:25Z</time></trkpt>
      <trkpt lat="16.81906567422377" lon="100.27084166193406"><time>2026-01-22T04:36:29Z</time></trkpt>
      <trkpt lat="16.819347599536943" lon="100.27063286872605"><time>2026-01-22T04:36:32Z</time></trkpt>
      <trkpt lat="16.81961737109052" lon="100.2704178729097"><time>2026-01-22T04:36:35Z</time></trkpt>
      <trkpt lat="16.819848879256117" lon="100.27017169641356"><time>2026-01-22T04:36:38Z</time></trkpt>
      <trkpt lat="16.820119914586833" lon="100.26984964725277"><time>2026-01-22T04:36:42Z</time></trkpt>
      <trkpt lat="16.82028448005493" lon="100.26952541225495"><time>2026-01-22T04:36:46Z</time></trkpt>
      <trkpt lat="16.8203893974427" lon="100.26916565480923"><time>2026-01-22T04:36:50Z</time></trkpt>
      <trkpt lat="16.820425150006887" lon="100.26878408095413"><time>2026-01-22T04:36:55Z</time></trkpt>
      <trkpt lat="16.820421484398853" lon="100.2684536418592"><time>2026-01-22T04:37:03Z</time></trkpt>
      <trkpt lat="16.8248679417434" lon="100.26501392489074"><time>2026-01-22T04:42:42Z</time></trkpt>
      <trkpt lat="16.83239564083231" lon="100.26559664156277"><time>2026-01-22T06:27:27Z</time></trkpt>
      <trkpt lat="16.851538980601877" lon="100.25912246304355"><time>2026-01-22T06:32:48Z</time></trkpt>
      <trkpt lat="16.851285500467615" lon="100.25847952822247"><time>2026-01-22T06:32:52Z</time></trkpt>
      <trkpt lat="16.851095776089327" lon="100.25819689044752"><time>2026-01-22T06:32:55Z</time></trkpt>
      <trkpt lat="16.85097373557915" lon="100.25787368426123"><time>2026-01-22T06:32:58Z</time></trkpt>
      <trkpt lat="16.850872901283996" lon="100.25749825881817"><time>2026-01-22T06:33:02Z</time></trkpt>
      <trkpt lat="16.85078507501144" lon="100.2571280521965"><time>2026-01-22T06:33:06Z</time></trkpt>
      <trkpt lat="16.85068584229991" lon="100.25674261555234"><time>2026-01-22T06:33:10Z</time></trkpt>
      <trkpt lat="16.8651995016419" lon="100.22559212530052"><time>2026-01-22T06:39:33Z</time></trkpt>
      <trkpt lat="16.865087351777465" lon="100.22521401764845"><time>2026-01-22T06:39:35Z</time></trkpt>
      <trkpt lat="16.865085340120704" lon="100.2247918211857"><time>2026-01-22T06:39:37Z</time></trkpt>
      <trkpt lat="16.865094057300002" lon="100.22437867717838"><time>2026-01-22T06:39:38Z</time></trkpt>
      <trkpt lat="16.865101223827214" lon="100.223973328341"><time>2026-01-22T06:39:40Z</time></trkpt>
      <trkpt lat="16.86511978974274" lon="100.22357309246456"><time>2026-01-22T06:39:42Z</time></trkpt>
      <trkpt lat="16.865143073773545" lon="100.22317525160001"><time>2026-01-22T06:39:44Z</time></trkpt>
      <trkpt lat="16.865145540724107" lon="100.22279407762703"><time>2026-01-22T06:39:46Z</time></trkpt>
      <trkpt lat="16.865155156369184" lon="100.22241633199083"><time>2026-01-22T06:39:48Z</time></trkpt>
      <trkpt lat="16.86515666990052" lon="100.22204439971848"><time>2026-01-22T06:39:50Z</time></trkpt>
      <trkpt lat="16.865154173584614" lon="100.22167778468102"><time>2026-01-22T06:39:52Z</time></trkpt>
      <trkpt lat="16.8651404448542" lon="100.22131062395721"><time>2026-01-22T06:39:54Z</time></trkpt>
      <trkpt lat="16.865122467300022" lon="100.22094897716218"><time>2026-01-22T06:39:56Z</time></trkpt>
      <trkpt lat="16.86510014255535" lon="100.22060660663307"><time>2026-01-22T06:39:58Z</time></trkpt>
      <trkpt lat="16.86505195698683" lon="100.22026307553364"><time>2026-01-22T06:40:00Z</time></trkpt>
      <trkpt lat="16.864981945278913" lon="100.21991896342473"><time>2026-01-22T06:40:02Z</time></trkpt>
      <trkpt lat="16.864915360149038" lon="100.21956152151283"><time>2026-01-22T06:40:04Z</time></trkpt>
      <trkpt lat="16.86482734720491" lon="100.21922424391931"><time>2026-01-22T06:40:06Z</time></trkpt>
      <trkpt lat="16.864722513291277" lon="100.21887512367752"><time>2026-01-22T06:40:08Z</time></trkpt>
      <trkpt lat="16.86461576376279" lon="100.21852024333683"><time>2026-01-22T06:40:10Z</time></trkpt>
      <trkpt lat="16.864498012315057" lon="100.21819315852302"><time>2026-01-22T06:40:12Z</time></trkpt>
      <trkpt lat="16.864372953694055" lon="100.21788605427292"><time>2026-01-22T06:40:14Z</time></trkpt>
      <trkpt lat="16.900560613737348" lon="100.1933998336086"><time>2026-01-22T06:53:18Z</time></trkpt>
      <trkpt lat="16.90248771284278" lon="100.1923906601774"><time>2026-01-22T06:53:35Z</time></trkpt>
      <trkpt lat="16.904090233162886" lon="100.191498063598"><time>2026-01-22T06:53:41Z</time></trkpt>
      <trkpt lat="16.904426934213287" lon="100.19133511940035"><time>2026-01-22T06:53:43Z</time></trkpt>
      <trkpt lat="16.90470957198823" lon="100.19112641001138"><time>2026-01-22T06:53:45Z</time></trkpt>
      <trkpt lat="16.90505033826167" lon="100.19094108613226"><time>2026-01-22T06:53:46Z</time></trkpt>
      <trkpt lat="16.905373879724092" lon="100.19076406033727"><time>2026-01-22T06:53:48Z</time></trkpt>
      <trkpt lat="16.90569838510538" lon="100.19058913001808"><time>2026-01-22T06:53:50Z</time></trkpt>
      <trkpt lat="16.906021088377486" lon="100.19041084693762"><time>2026-01-22T06:53:52Z</time></trkpt>
      <trkpt lat="16.906342844670533" lon="100.19023170802274"><time>2026-01-22T06:53:54Z</time></trkpt>
      <trkpt lat="16.906664719529584" lon="100.19005229243196"><time>2026-01-22T06:53:56Z</time></trkpt>
      <trkpt lat="16.90698673518168" lon="100.1898749941681"><time>2026-01-22T06:53:58Z</time></trkpt>
      <trkpt lat="16.90730732032204" lon="100.18970030259527"><time>2026-01-22T06:54:00Z</time></trkpt>
      <trkpt lat="16.907615039890572" lon="100.1895276259197"><time>2026-01-22T06:54:02Z</time></trkpt>
      <trkpt lat="16.90791999404775" lon="100.1893635706809"><time>2026-01-22T06:54:04Z</time></trkpt>
      <trkpt lat="16.908221786604656" lon="100.18919614723073"><time>2026-01-22T06:54:06Z</time></trkpt>
      <trkpt lat="16.90852202694153" lon="100.18903016366535"><time>2026-01-22T06:54:08Z</time></trkpt>
      <trkpt lat="16.908821272596843" lon="100.18886292937967"><time>2026-01-22T06:54:10Z</time></trkpt>
      <trkpt lat="16.909122293736335" lon="100.188698509768"><time>2026-01-22T06:54:12Z</time></trkpt>
      <trkpt lat="16.90942719970995" lon="100.18853101043041"><time>2026-01-22T06:54:14Z</time></trkpt>
      <trkpt lat="16.90972749945462" lon="100.18836659611"><time>2026-01-22T06:54:16Z</time></trkpt>
      <trkpt lat="16.910030261378527" lon="100.18819891323795"><time>2026-01-22T06:54:18Z</time></trkpt>
      <trkpt lat="16.96497683880568" lon="100.0680492260494"><time>2026-01-22T07:06:25Z</time></trkpt>
      <trkpt lat="16.965086851284806" lon="100.06762191662571"><time>2026-01-22T07:06:27Z</time></trkpt>
      <trkpt lat="16.965104746648077" lon="100.06722168074927"><time>2026-01-22T07:06:29Z</time></trkpt>
      <trkpt lat="16.96517046076894" lon="100.06683435300371"><time>2026-01-22T07:06:30Z</time></trkpt>
      <trkpt lat="16.96521387902737" lon="100.06645699972293"><time>2026-01-22T07:06:32Z</time></trkpt>
      <trkpt lat="16.965261655875448" lon="100.06606967197737"><time>2026-01-22T07:06:34Z</time></trkpt>
      <trkpt lat="16.96531353895018" lon="100.06567672457984"><time>2026-01-22T07:06:36Z</time></trkpt>
      <trkpt lat="16.9653624949869" lon="100.06527957760713"><time>2026-01-22T07:06:38Z</time></trkpt>
      <trkpt lat="16.965413252780312" lon="100.06488281819799"><time>2026-01-22T07:06:40Z</time></trkpt>
      <trkpt lat="16.965461155046306" lon="100.06448519331578"><time>2026-01-22T07:06:42Z</time></trkpt>
      <trkpt lat="16.96550861698373" lon="100.06410818654679"><time>2026-01-22T07:06:44Z</time></trkpt>
      <trkpt lat="16.96934091860146" lon="99.95356240319083"><time>2026-01-22T07:21:04Z</time></trkpt>
      <trkpt lat="16.971095139326934" lon="99.95239013447156"><time>2026-01-22T07:21:23Z</time></trkpt>
      <trkpt lat="16.972436816447388" lon="99.95154823185871"><time>2026-01-22T07:21:26Z</time></trkpt>
      <trkpt lat="16.972822216355215" lon="99.95126090021799"><time>2026-01-22T07:21:28Z</time></trkpt>
      <trkpt lat="16.97321746499927" lon="99.95110231460998"><time>2026-01-22T07:21:30Z</time></trkpt>
      <trkpt lat="16.973555046149503" lon="99.95087977508078"><time>2026-01-22T07:21:32Z</time></trkpt>
      <trkpt lat="16.973914504067015" lon="99.95070442566643"><time>2026-01-22T07:21:34Z</time></trkpt>
      <trkpt lat="16.97425472551675" lon="99.95049722502003"><time>2026-01-22T07:21:36Z</time></trkpt>
      <trkpt lat="16.974589792096033" lon="99.95029698135326"><time>2026-01-22T07:21:38Z</time></trkpt>
      <trkpt lat="16.974921552140753" lon="99.95010228917612"><time>2026-01-22T07:21:40Z</time></trkpt>
      <trkpt lat="16.975245150327453" lon="99.94989952422301"><time>2026-01-22T07:21:42Z</time></trkpt>
      <trkpt lat="16.975562342571067" lon="99.94969504300585"><time>2026-01-22T07:21:44Z</time></trkpt>
      <trkpt lat="16.975872562829778" lon="99.9494788930989"><time>2026-01-22T07:21:46Z</time></trkpt>
      <trkpt lat="17.066496899367372" lon="99.86615281561377"><time>2026-01-22T07:34:16Z</time></trkpt>
      <trkpt lat="17.066961341787145" lon="99.86383693835447"><time>2026-01-22T07:34:37Z</time></trkpt>
      <trkpt lat="17.067537847922246" lon="99.86250610100092"><time>2026-01-22T07:34:38Z</time></trkpt>
      <trkpt lat="17.067563957550625" lon="99.86194585459293"><time>2026-01-22T07:34:40Z</time></trkpt>
      <trkpt lat="17.067765500412385" lon="99.86161979855956"><time>2026-01-22T07:34:42Z</time></trkpt>
      <trkpt lat="17.067826185391347" lon="99.86126432204605"><time>2026-01-22T07:34:43Z</time></trkpt>
      <trkpt lat="17.428845567644974" lon="99.80945007884857"><time>2026-01-22T08:40:31Z</time></trkpt>
      <trkpt lat="17.430665728040548" lon="99.80954769884696"><time>2026-01-22T10:52:21Z</time></trkpt>
      <trkpt lat="17.42885533256217" lon="99.80957463392971"><time>2026-01-22T10:52:33Z</time></trkpt>
      <trkpt lat="17.430795110503222" lon="99.81075900822006"><time>2026-01-22T14:06:45Z</time></trkpt>
      <trkpt lat="17.430232804019173" lon="99.80202297392671"><time>2026-01-23T00:40:30Z</time></trkpt>
      <trkpt lat="17.425049571336643" lon="99.7892191820776"><time>2026-01-23T00:45:53Z</time></trkpt>
      <trkpt lat="17.419633017869124" lon="99.78741589942928"><time>2026-01-23T09:24:47Z</time></trkpt>
      <trkpt lat="17.429083446056982" lon="99.78016144605333"><time>2026-01-23T09:33:48Z</time></trkpt>
      <trkpt lat="17.427763975351873" lon="99.7779166697538"><time>2026-01-24T02:24:43Z</time></trkpt>
      <trkpt lat="17.419134140299775" lon="99.78915405331782"><time>2026-01-24T02:29:14Z</time></trkpt>
      <trkpt lat="17.432904629984343" lon="99.80154510596748"><time>2026-01-24T02:34:23Z</time></trkpt>
      <trkpt lat="17.478099474699683" lon="99.76420816974692"><time>2026-01-24T02:40:25Z</time></trkpt>
      <trkpt lat="17.516693822124523" lon="99.76258518183582"><time>2026-01-24T02:45:38Z</time></trkpt>
      <trkpt lat="17.55151539111282" lon="99.77196889007442"><time>2026-01-24T02:51:33Z</time></trkpt>
      <trkpt lat="17.583880517648144" lon="99.73167817117621"><time>2026-01-24T02:56:48Z</time></trkpt>
      <trkpt lat="17.68675781788089" lon="99.75661617713025"><time>2026-01-24T03:12:29Z</time></trkpt>
      <trkpt lat="17.735775878254746" lon="99.77439718757833"><time>2026-01-24T03:27:35Z</time></trkpt>
      <trkpt lat="17.754689916053557" lon="99.79803971024211"><time>2026-01-24T04:13:01Z</time></trkpt>
      <trkpt lat="17.856647302413226" lon="99.87415694640937"><time>2026-01-24T04:28:29Z</time></trkpt>
      <trkpt lat="17.947044996561434" lon="99.95886546568941"><time>2026-01-24T04:43:27Z</time></trkpt>
      <trkpt lat="17.973887203277997" lon="100.07920000711464"><time>2026-01-24T04:58:27Z</time></trkpt>
      <trkpt lat="18.10384735466736" lon="100.13448544787255"><time>2026-01-24T05:13:27Z</time></trkpt>
      <trkpt lat="18.186485711502083" lon="100.18549159178527"><time>2026-01-24T05:28:27Z</time></trkpt>
      <trkpt lat="18.302809136762775" lon="100.28697001117192"><time>2026-01-24T06:16:22Z</time></trkpt>
      <trkpt lat="18.402958956256697" lon="100.18549777454396"><time>2026-01-24T06:31:27Z</time></trkpt>
      <trkpt lat="18.48944562023365" lon="100.13479038150993"><time>2026-01-24T06:46:27Z</time></trkpt>
      <trkpt lat="18.569957488233754" lon="100.08993739271544"><time>2026-01-24T07:34:43Z</time></trkpt>
      <trkpt lat="18.647009180876097" lon="100.01771749006585"><time>2026-01-24T07:49:45Z</time></trkpt>
      <trkpt lat="18.71773266235247" lon="99.96327627459537"><time>2026-01-24T07:59:47Z</time></trkpt>
      <trkpt lat="18.680835482681804" lon="99.934893809352"><time>2026-01-24T08:04:45Z</time></trkpt>
      <trkpt lat="18.556153122352953" lon="99.85535751106204"><time>2026-01-24T08:21:54Z</time></trkpt>
      <trkpt lat="18.451321455667216" lon="99.78789056660587"><time>2026-01-24T08:36:56Z</time></trkpt>
      <trkpt lat="18.432334475236416" lon="99.75366784268967"><time>2026-01-24T08:51:56Z</time></trkpt>
      <trkpt lat="18.438955861339775" lon="99.7580361105765"><time>2026-01-24T08:59:46Z</time></trkpt>
      <trkpt lat="18.441328962169845" lon="99.76010964751777"><time>2026-01-24T09:24:26Z</time></trkpt>
      <trkpt lat="18.441643878198466" lon="99.76003615039333"><time>2026-01-27T01:54:53Z</time></trkpt>
      <trkpt lat="18.431199062632796" lon="99.75333005199185"><time>2026-01-27T03:00:41Z</time></trkpt>
      <trkpt lat="18.506607525067874" lon="99.81449137451109"><time>2026-01-27T03:15:24Z</time></trkpt>
      <trkpt lat="18.546797299456077" lon="99.84399523138349"><time>2026-01-27T03:20:23Z</time></trkpt>
      <trkpt lat="18.579465793463008" lon="99.88826276743774"><time>2026-01-27T03:25:51Z</time></trkpt>
      <trkpt lat="18.666882044653097" lon="99.92566072391338"><time>2026-01-27T03:35:13Z</time></trkpt>
      <trkpt lat="18.72333311477557" lon="99.96678200559687"><time>2026-01-27T03:42:10Z</time></trkpt>
      <trkpt lat="18.767302483337716" lon="99.97240726845337"><time>2026-01-27T03:47:57Z</time></trkpt>
      <trkpt lat="18.953860430064566" lon="99.92246445277698"><time>2026-01-27T04:05:26Z</time></trkpt>
      <trkpt lat="19.06568184962409" lon="99.92853328594931"><time>2026-01-27T04:20:46Z</time></trkpt>
      <trkpt lat="19.063985394331684" lon="99.9292780180461"><time>2026-01-27T04:36:01Z</time></trkpt>
      <trkpt lat="19.06226787069871" lon="99.92990277620984"><time>2026-01-27T04:36:07Z</time></trkpt>
      <trkpt lat="19.08111100552518" lon="99.92312922151751"><time>2026-01-27T04:46:10Z</time></trkpt>
      <trkpt lat="19.133328376355703" lon="99.91036785775786"><time>2026-01-27T05:17:08Z</time></trkpt>
      <trkpt lat="19.176306249591686" lon="99.90229994067913"><time>2026-01-27T05:28:21Z</time></trkpt>
      <trkpt lat="19.245331306028408" lon="99.85913489954532"><time>2026-01-27T05:43:42Z</time></trkpt>
      <trkpt lat="19.371341443638663" lon="99.79103688159938"><time>2026-01-27T05:58:46Z</time></trkpt>
      <trkpt lat="19.47948031594928" lon="99.75143750207475"><time>2026-01-27T06:08:42Z</time></trkpt>
      <trkpt lat="19.58176681773698" lon="99.74493691707006"><time>2026-01-27T06:24:03Z</time></trkpt>
      <trkpt lat="19.66919773725762" lon="99.73264519134511"><time>2026-01-27T06:39:07Z</time></trkpt>
      <trkpt lat="19.69712292777346" lon="99.72058790745187"><time>2026-01-27T07:24:50Z</time></trkpt>
      <trkpt lat="19.822139348853213" lon="99.76362898023777"><time>2026-01-27T07:39:49Z</time></trkpt>
      <trkpt lat="19.822165919486267" lon="99.76351984785848"><time>2026-01-27T07:39:50Z</time></trkpt>
      <trkpt lat="19.82352294976332" lon="99.76126723454912"><time>2026-01-27T08:10:18Z</time></trkpt>
      <trkpt lat="19.825516288762604" lon="99.76188848603661"><time>2026-01-27T10:06:44Z</time></trkpt>
      <trkpt lat="19.83065223" lon="99.76390838"><time>2026-01-27T16:22:22Z</time></trkpt>
      <trkpt lat="19.825558117305256" lon="99.76189952106553"><time>2026-01-27T16:29:00Z</time></trkpt>
      <trkpt lat="19.82985106199294" lon="99.76361126648393"><time>2026-01-27T16:40:27Z</time></trkpt>
      <trkpt lat="19.825543847721605" lon="99.76189325303763"><time>2026-01-27T16:50:18Z</time></trkpt>
      <trkpt lat="19.829833481620916" lon="99.76412444083275"><time>2026-01-27T17:22:18Z</time></trkpt>
      <trkpt lat="19.82556073572324" lon="99.76185872184114"><time>2026-01-27T17:38:49Z</time></trkpt>
      <trkpt lat="19.83065223" lon="99.76390838000003"><time>2026-01-27T20:39:55Z</time></trkpt>
      <trkpt lat="19.825542009831615" lon="99.76193079191259"><time>2026-01-27T20:46:27Z</time></trkpt>
      <trkpt lat="19.83074805770031" lon="99.76447719696935"><time>2026-01-28T13:54:34Z</time></trkpt>
      <trkpt lat="19.825591885306753" lon="99.76191292436995"><time>2026-01-28T14:00:11Z</time></trkpt>
      <trkpt lat="19.830064936873242" lon="99.76415423909637"><time>2026-01-28T16:06:48Z</time></trkpt>
      <trkpt lat="19.82548494754239" lon="99.76205592736886"><time>2026-01-28T16:12:48Z</time></trkpt>
      <trkpt lat="19.83089539519252" lon="99.76273225441071"><time>2026-01-29T01:48:01Z</time></trkpt>
      <trkpt lat="19.82549287729949" lon="99.76194438780014"><time>2026-01-29T01:53:51Z</time></trkpt>
      <trkpt lat="19.839371619764567" lon="99.73417027862718"><time>2026-01-29T09:53:16Z</time></trkpt>
      <trkpt lat="19.850852480176698" lon="99.73951650792708"><time>2026-01-29T10:00:29Z</time></trkpt>
      <trkpt lat="19.857114745778816" lon="99.72847641238754"><time>2026-01-29T10:08:51Z</time></trkpt>
      <trkpt lat="19.857179392147675" lon="99.72976491795828"><time>2026-01-29T10:08:55Z</time></trkpt>
      <trkpt lat="19.856249168533697" lon="99.73901057625164"><time>2026-01-30T04:09:41Z</time></trkpt>
      <trkpt lat="19.85045869715674" lon="99.73863544935114"><time>2026-01-30T04:15:35Z</time></trkpt>
      <trkpt lat="19.807661413233546" lon="99.67651477092846"><time>2026-01-30T04:25:43Z</time></trkpt>
      <trkpt lat="19.744330518897385" lon="99.6660539881323"><time>2026-01-30T04:43:32Z</time></trkpt>
      <trkpt lat="19.714136188762215" lon="99.59237978202214"><time>2026-01-30T04:56:29Z</time></trkpt>
      <trkpt lat="19.655659957807188" lon="99.54026131899984"><time>2026-01-30T05:09:21Z</time></trkpt>
      <trkpt lat="19.649152206275286" lon="99.46418951274777"><time>2026-01-30T05:22:13Z</time></trkpt>
      <trkpt lat="19.6980337472816" lon="99.4064746611746"><time>2026-01-30T05:35:06Z</time></trkpt>
      <trkpt lat="19.73807095551839" lon="99.3644327950658"><time>2026-01-30T05:49:56Z</time></trkpt>
      <trkpt lat="19.750477848205097" lon="99.36244000292469"><time>2026-01-30T06:02:41Z</time></trkpt>
      <trkpt lat="19.770916448924478" lon="99.33948397645665"><time>2026-01-31T03:34:34Z</time></trkpt>
      <trkpt lat="19.78595836089904" lon="99.31773662576389"><time>2026-01-31T03:39:56Z</time></trkpt>
      <trkpt lat="19.799836655165812" lon="99.28524317229099"><time>2026-01-31T03:45:25Z</time></trkpt>
      <trkpt lat="19.81723937207816" lon="99.2179038004011"><time>2026-01-31T03:54:23Z</time></trkpt>
      <trkpt lat="19.85232404900701" lon="99.2044995446682"><time>2026-01-31T03:59:26Z</time></trkpt>
      <trkpt lat="19.77343747394138" lon="99.16125034922655"><time>2026-01-31T04:15:46Z</time></trkpt>
      <trkpt lat="19.64828153608334" lon="99.14540972569877"><time>2026-01-31T04:30:45Z</time></trkpt>
      <trkpt lat="19.60143612699546" lon="99.11729782828978"><time>2026-01-31T04:39:26Z</time></trkpt>
      <trkpt lat="19.587477953191463" lon="99.10117842266251"><time>2026-01-31T04:45:45Z</time></trkpt>
      <trkpt lat="19.521567486244738" lon="99.05566829265938"><time>2026-01-31T05:00:44Z</time></trkpt>
      <trkpt lat="19.441553168016895" lon="98.98185306237916"><time>2026-01-31T05:15:44Z</time></trkpt>
      <trkpt lat="19.40053108615745" lon="98.96216120580114"><time>2026-01-31T05:30:01Z</time></trkpt>
      <trkpt lat="19.394244281593146" lon="98.95787260504342"><time>2026-01-31T05:43:22Z</time></trkpt>
      <trkpt lat="19.363924129884097" lon="98.92436460601066"><time>2026-01-31T06:52:59Z</time></trkpt>
      <trkpt lat="19.36287299731687" lon="98.93127783210848"><time>2026-01-31T07:05:59Z</time></trkpt>
      <trkpt lat="19.366443604248918" lon="98.94121005209064"><time>2026-01-31T07:19:25Z</time></trkpt>
      <trkpt lat="19.367132850524634" lon="98.94262501883517"><time>2026-01-31T13:45:07Z</time></trkpt>
      <trkpt lat="19.31871763432335" lon="98.95626562656737"><time>2026-02-01T03:32:15Z</time></trkpt>
      <trkpt lat="19.284446184046438" lon="98.96815584776299"><time>2026-02-01T03:37:15Z</time></trkpt>
      <trkpt lat="19.215074563416852" lon="98.9701749757854"><time>2026-02-01T03:48:37Z</time></trkpt>
      <trkpt lat="19.1810919222908" lon="98.95286206921799"><time>2026-02-01T03:53:35Z</time></trkpt>
      <trkpt lat="19.14464348018207" lon="98.99789306275258"><time>2026-02-01T04:05:47Z</time></trkpt>
      <trkpt lat="19.17427812239078" lon="99.03077420787795"><time>2026-02-01T04:19:39Z</time></trkpt>
      <trkpt lat="19.16677651069621" lon="99.03115250594804"><time>2026-02-03T03:02:24Z</time></trkpt>
      <trkpt lat="19.15662025449214" lon="99.03696696527966"><time>2026-02-03T03:07:24Z</time></trkpt>
      <trkpt lat="19.145317473466644" lon="99.01239261040372"><time>2026-02-03T03:12:27Z</time></trkpt>
      <trkpt lat="19.143964508566206" lon="98.98531168708483"><time>2026-02-03T03:17:33Z</time></trkpt>
      <trkpt lat="19.13158720360988" lon="98.94960712650692"><time>2026-02-03T03:22:38Z</time></trkpt>
      <trkpt lat="19.095204169879754" lon="98.9363436867473"><time>2026-02-03T03:28:38Z</time></trkpt>
      <trkpt lat="19.064500462281575" lon="98.93997523011541"><time>2026-02-03T03:34:23Z</time></trkpt>
      <trkpt lat="19.0160096019134" lon="98.94435183334608"><time>2026-02-03T03:39:23Z</time></trkpt>
      <trkpt lat="19.000824862177485" lon="98.94505348997092"><time>2026-02-03T03:49:19Z</time></trkpt>
      <trkpt lat="18.94923193531412" lon="98.94416814839944"><time>2026-02-03T03:55:33Z</time></trkpt>
      <trkpt lat="18.894542581419362" lon="98.9526204206971"><time>2026-02-03T04:06:44Z</time></trkpt>
      <trkpt lat="18.812342388572926" lon="98.98371736528257"><time>2026-02-03T04:21:37Z</time></trkpt>
      <trkpt lat="18.79111345859132" lon="98.99019490005354"><time>2026-02-03T04:37:33Z</time></trkpt>
      <trkpt lat="18.79422448577247" lon="98.98102291868905"><time>2026-02-03T05:08:11Z</time></trkpt>
      <trkpt lat="18.794349054059765" lon="98.98137840449209"><time>2026-02-03T11:05:52Z</time></trkpt>
      <trkpt lat="18.794236241996995" lon="98.98105477294239"><time>2026-02-03T11:30:02Z</time></trkpt>
      <trkpt lat="18.793584319918907" lon="98.98059452797607"><time>2026-02-03T15:43:49Z</time></trkpt>
      <trkpt lat="18.794189526147548" lon="98.9810162002127"><time>2026-02-03T16:01:53Z</time></trkpt>
      <trkpt lat="18.793933753244584" lon="98.98079537140896"><time>2026-02-03T16:42:34Z</time></trkpt>
      <trkpt lat="18.794420020803713" lon="98.98131369426474"><time>2026-02-04T00:26:25Z</time></trkpt>
      <trkpt lat="18.789071885820913" lon="98.97816625237769"><time>2026-02-05T03:12:31Z</time></trkpt>
      <trkpt lat="18.784157421426784" lon="98.97794520851079"><time>2026-02-05T03:17:29Z</time></trkpt>
      <trkpt lat="18.778904797526803" lon="98.97703866483548"><time>2026-02-05T03:25:53Z</time></trkpt>
      <trkpt lat="18.758385144191568" lon="99.00872586304229"><time>2026-02-05T03:31:56Z</time></trkpt>
      <trkpt lat="18.759554461593517" lon="99.0150372684924"><time>2026-02-05T03:37:13Z</time></trkpt>
      <trkpt lat="18.762318830141634" lon="99.02332839195317"><time>2026-02-05T03:47:59Z</time></trkpt>
      <trkpt lat="18.751084942606365" lon="99.03276866980951"><time>2026-02-05T03:57:13Z</time></trkpt>
      <trkpt lat="18.638246398000472" lon="99.05213834359871"><time>2026-02-05T04:08:24Z</time></trkpt>
      <trkpt lat="18.556194525386427" lon="99.0465090515347"><time>2026-02-05T04:17:13Z</time></trkpt>
      <trkpt lat="18.536244928854085" lon="99.02513000192029"><time>2026-02-05T04:24:23Z</time></trkpt>
      <trkpt lat="18.488504793512156" lon="98.98592482330183"><time>2026-02-05T04:32:12Z</time></trkpt>
      <trkpt lat="18.48821813242369" lon="98.98566825324575"><time>2026-02-05T04:32:15Z</time></trkpt>
      <trkpt lat="18.487940984795323" lon="98.98546826103608"><time>2026-02-05T04:32:17Z</time></trkpt>
      <trkpt lat="18.487670626508525" lon="98.98526206621806"><time>2026-02-05T04:32:19Z</time></trkpt>
      <trkpt lat="18.487320682051113" lon="98.98498370321373"><time>2026-02-05T04:32:21Z</time></trkpt>
      <trkpt lat="18.487070063146284" lon="98.98477918477634"><time>2026-02-05T04:32:23Z</time></trkpt>
      <trkpt lat="18.486821754287547" lon="98.98457360034239"><time>2026-02-05T04:32:25Z</time></trkpt>
      <trkpt lat="18.486455057488083" lon="98.98427500746172"><time>2026-02-05T04:32:28Z</time></trkpt>
      <trkpt lat="18.486094370153925" lon="98.98398106169113"><time>2026-02-05T04:32:31Z</time></trkpt>
      <trkpt lat="18.485736116644613" lon="98.98369165477212"><time>2026-02-05T04:32:34Z</time></trkpt>
      <trkpt lat="18.485369278156053" lon="98.98339152192945"><time>2026-02-05T04:32:37Z</time></trkpt>
      <trkpt lat="18.485109584378076" lon="98.9831903048305"><time>2026-02-05T04:32:39Z</time></trkpt>
      <trkpt lat="18.48485332150876" lon="98.9829767151196"><time>2026-02-05T04:32:41Z</time></trkpt>
      <trkpt lat="18.484580894264592" lon="98.98276305614277"><time>2026-02-05T04:32:43Z</time></trkpt>
      <trkpt lat="18.48430822217845" lon="98.98253224146933"><time>2026-02-05T04:32:45Z</time></trkpt>
      <trkpt lat="18.48404352474852" lon="98.98230945575587"><time>2026-02-05T04:32:47Z</time></trkpt>
      <trkpt lat="18.48379000589393" lon="98.98210132511724"><time>2026-02-05T04:32:49Z</time></trkpt>
      <trkpt lat="18.483422237405648" lon="98.98180354185567"><time>2026-02-05T04:32:52Z</time></trkpt>
      <trkpt lat="18.45034391620983" lon="98.8909422700283"><time>2026-02-05T04:48:01Z</time></trkpt>
      <trkpt lat="18.33354720847526" lon="98.81766775632167"><time>2026-02-05T05:03:08Z</time></trkpt>
      <trkpt lat="18.277666808419298" lon="98.81993965075849"><time>2026-02-05T05:18:06Z</time></trkpt>
      <trkpt lat="18.246360579522555" lon="98.82526687355602"><time>2026-02-05T05:59:02Z</time></trkpt>
      <trkpt lat="18.123798631148528" lon="98.88563568713039"><time>2026-02-05T06:14:26Z</time></trkpt>
      <trkpt lat="17.9841345828194" lon="98.87557405056327"><time>2026-02-05T06:30:06Z</time></trkpt>
      <trkpt lat="17.983743692764996" lon="98.87562761092454"><time>2026-02-05T06:30:09Z</time></trkpt>
      <trkpt lat="17.983405860157667" lon="98.87567874053389"><time>2026-02-05T06:30:10Z</time></trkpt>
      <trkpt lat="17.98306781800276" lon="98.87573079215258"><time>2026-02-05T06:30:12Z</time></trkpt>
      <trkpt lat="17.98272625544852" lon="98.87578175412386"><time>2026-02-05T06:30:14Z</time></trkpt>
      <trkpt lat="17.982382915551312" lon="98.87582822753274"><time>2026-02-05T06:30:16Z</time></trkpt>
      <trkpt lat="17.982034466143133" lon="98.87587512212627"><time>2026-02-05T06:30:18Z</time></trkpt>
      <trkpt lat="17.981689902424396" lon="98.87592211834891"><time>2026-02-05T06:30:20Z</time></trkpt>
      <trkpt lat="17.981340774060428" lon="98.8759705850594"><time>2026-02-05T06:30:22Z</time></trkpt>
      <trkpt lat="17.980988266391186" lon="98.8760229355308"><time>2026-02-05T06:30:24Z</time></trkpt>
      <trkpt lat="17.980623412308148" lon="98.87607378347282"><time>2026-02-05T06:30:26Z</time></trkpt>
      <trkpt lat="17.87620039658423" lon="98.92360084699366"><time>2026-02-05T06:43:51Z</time></trkpt>
      <trkpt lat="17.814881301193207" lon="98.93542185476231"><time>2026-02-05T07:15:32Z</time></trkpt>
      <trkpt lat="17.81066912693699" lon="98.93973156819021"><time>2026-02-05T07:24:29Z</time></trkpt>
      <trkpt lat="17.757146609963623" lon="98.93731238329684"><time>2026-02-05T08:26:04Z</time></trkpt>
      <trkpt lat="17.756593446263818" lon="98.93752628946578"><time>2026-02-05T08:26:07Z</time></trkpt>
      <trkpt lat="17.75471239034983" lon="98.93856380700132"><time>2026-02-05T08:26:24Z</time></trkpt>
      <trkpt lat="17.753463936986172" lon="98.93818267630314"><time>2026-02-05T08:26:25Z</time></trkpt>
      <trkpt lat="17.753532626682663" lon="98.93867670567607"><time>2026-02-05T08:26:27Z</time></trkpt>
      <trkpt lat="17.753173126855636" lon="98.93865080559527"><time>2026-02-05T08:26:29Z</time></trkpt>
      <trkpt lat="17.752796863222265" lon="98.93853580588376"><time>2026-02-05T08:26:32Z</time></trkpt>
      <trkpt lat="17.75242420380726" lon="98.93854276286339"><time>2026-02-05T08:26:34Z</time></trkpt>
      <trkpt lat="17.752136803242074" lon="98.93872784809271"><time>2026-02-05T08:26:37Z</time></trkpt>
      <trkpt lat="17.751958102056268" lon="98.93907731040625"><time>2026-02-05T08:26:40Z</time></trkpt>
      <trkpt lat="17.751845288208663" lon="98.93944191737846"><time>2026-02-05T08:26:43Z</time></trkpt>
      <trkpt lat="17.751730005757537" lon="98.93981867249389"><time>2026-02-05T08:26:46Z</time></trkpt>
      <trkpt lat="17.751670535668413" lon="98.94023098356182"><time>2026-02-05T08:26:49Z</time></trkpt>
      <trkpt lat="17.751615581768426" lon="98.94066670152493"><time>2026-02-05T08:26:52Z</time></trkpt>
      <trkpt lat="17.751533739209417" lon="98.94107611987924"><time>2026-02-05T08:26:55Z</time></trkpt>
      <trkpt lat="17.751377916583372" lon="98.94145447726318"><time>2026-02-05T08:26:58Z</time></trkpt>
      <trkpt lat="17.751150142617774" lon="98.94185436686665"><time>2026-02-05T08:27:01Z</time></trkpt>
      <trkpt lat="17.67744330225296" lon="98.86553839789597"><time>2026-02-05T08:42:16Z</time></trkpt>
      <trkpt lat="17.645096657814126" lon="98.87867694729835"><time>2026-02-05T08:54:38Z</time></trkpt>
      <trkpt lat="17.644886146315972" lon="98.87897852817446"><time>2026-02-05T08:54:43Z</time></trkpt>
      <trkpt lat="17.644683597625832" lon="98.87933903382987"><time>2026-02-05T08:54:46Z</time></trkpt>
      <trkpt lat="17.644493579880933" lon="98.87961203241616"><time>2026-02-05T08:54:49Z</time></trkpt>
      <trkpt lat="17.644234000102895" lon="98.8799257567559"><time>2026-02-05T08:54:53Z</time></trkpt>
      <trkpt lat="17.644015145556484" lon="98.88021858078609"><time>2026-02-05T08:54:57Z</time></trkpt>
      <trkpt lat="17.59447968566566" lon="98.87976558888226"><time>2026-02-05T09:09:57Z</time></trkpt>
      <trkpt lat="17.560956724935732" lon="98.87539643803507"><time>2026-02-05T09:25:03Z</time></trkpt>
      <trkpt lat="17.560956724935732" lon="98.87539643803507"><time>2026-02-05T09:25:03Z</time></trkpt>
      <trkpt lat="17.56074173320242" lon="98.87502939793843"><time>2026-02-05T09:53:09Z</time></trkpt>
      <trkpt lat="17.56108064093458" lon="98.87700461311286"><time>2026-02-08T03:56:54Z</time></trkpt>
      <trkpt lat="17.565738684514134" lon="98.88110551992327"><time>2026-02-08T04:11:51Z</time></trkpt>
      <trkpt lat="17.63436618728343" lon="98.87774848388403"><time>2026-02-08T04:26:46Z</time></trkpt>
      <trkpt lat="17.701954795064125" lon="98.86730371052293"><time>2026-02-08T04:41:11Z</time></trkpt>
      <trkpt lat="17.7723880950527" lon="98.95315183335818"><time>2026-02-08T04:55:58Z</time></trkpt>
      <trkpt lat="17.741068485209478" lon="99.02627404788419"><time>2026-02-08T05:05:47Z</time></trkpt>
      <trkpt lat="17.682937262596266" lon="99.07723828228104"><time>2026-02-08T05:20:50Z</time></trkpt>
      <trkpt lat="17.660832088457102" lon="99.11597348758868"><time>2026-02-08T05:35:40Z</time></trkpt>
      <trkpt lat="17.643827721492986" lon="99.22522430317404"><time>2026-02-08T05:48:47Z</time></trkpt>
      <trkpt lat="17.622469416835923" lon="99.23750504860583"><time>2026-02-08T05:58:52Z</time></trkpt>
      <trkpt lat="17.61828856544347" lon="99.23346916222873"><time>2026-02-08T06:42:57Z</time></trkpt>
      <trkpt lat="17.47516773642737" lon="99.16296922610994"><time>2026-02-08T06:58:01Z</time></trkpt>
      <trkpt lat="17.303902152941845" lon="99.14748961115176"><time>2026-02-08T07:12:51Z</time></trkpt>
      <trkpt lat="17.1592800831582" lon="99.13229280160658"><time>2026-02-08T07:25:42Z</time></trkpt>
      <trkpt lat="17.05074977596947" lon="99.07659715050745"><time>2026-02-08T07:37:57Z</time></trkpt>
      <trkpt lat="17.029631990023915" lon="99.09217600719919"><time>2026-02-08T07:55:43Z</time></trkpt>
      <trkpt lat="16.91491416191395" lon="99.11792647102766"><time>2026-02-08T08:06:39Z</time></trkpt>
      <trkpt lat="16.85463951902171" lon="99.12090682433836"><time>2026-02-08T08:18:37Z</time></trkpt>
      <trkpt lat="16.821906552665702" lon="99.12947589540772"><time>2026-02-08T08:23:53Z</time></trkpt>
      <trkpt lat="16.725542997025627" lon="99.22644864777031"><time>2026-02-08T08:35:35Z</time></trkpt>
      <trkpt lat="16.61916637794731" lon="99.36291550295368"><time>2026-02-08T09:02:17Z</time></trkpt>
      <trkpt lat="16.61306196359602" lon="99.44581772210024"><time>2026-02-08T09:16:41Z</time></trkpt>
      <trkpt lat="16.559490370579585" lon="99.48520462037948"><time>2026-02-08T09:25:12Z</time></trkpt>
      <trkpt lat="16.557458848707896" lon="99.48260220708276"><time>2026-02-08T11:39:38Z</time></trkpt>
      <trkpt lat="16.55320552452609" lon="99.47815826844528"><time>2026-02-08T13:02:48Z</time></trkpt>
      <trkpt lat="16.55885543836439" lon="99.48541564994188"><time>2026-02-08T13:08:05Z</time></trkpt>
      <trkpt lat="16.55885543836439" lon="99.48541564994188"><time>2026-02-08T13:08:05Z</time></trkpt>
      <trkpt lat="16.55885543836439" lon="99.48541564994188"><time>2026-02-08T13:08:05Z</time></trkpt>
      <trkpt lat="16.55746907795386" lon="99.48252338416141"><time>2026-02-08T13:08:08Z</time></trkpt>
      <trkpt lat="16.55298614" lon="99.47793579000002"><time>2026-02-09T01:07:56Z</time></trkpt>
      <trkpt lat="16.557453770111863" lon="99.48257006106743"><time>2026-02-09T01:17:47Z</time></trkpt>
      <trkpt lat="16.536728851512574" lon="99.49410159150091"><time>2026-02-09T05:31:48Z</time></trkpt>
      <trkpt lat="16.50367033203738" lon="99.50820422740607"><time>2026-02-09T05:42:24Z</time></trkpt>
      <trkpt lat="16.48604792544291" lon="99.52112618843049"><time>2026-02-09T05:53:27Z</time></trkpt>
      <trkpt lat="16.489747781321864" lon="99.51593636544376"><time>2026-02-09T07:01:46Z</time></trkpt>
      <trkpt lat="16.524991379134846" lon="99.51170308524696"><time>2026-02-09T07:07:46Z</time></trkpt>
      <trkpt lat="16.53107358144273" lon="99.49552031243172"><time>2026-02-09T07:22:21Z</time></trkpt>
      <trkpt lat="16.55777280222624" lon="99.48606887999453"><time>2026-02-09T07:25:41Z</time></trkpt>
      <trkpt lat="16.559008873814093" lon="99.48531305488102"><time>2026-02-09T07:33:16Z</time></trkpt>
      <trkpt lat="16.557541997187357" lon="99.48249299088444"><time>2026-02-09T07:33:24Z</time></trkpt>
      <trkpt lat="16.558853139999997" lon="99.48539733000001"><time>2026-02-09T07:47:05Z</time></trkpt>
      <trkpt lat="16.55733869412593" lon="99.4824670069846"><time>2026-02-09T07:54:36Z</time></trkpt>
      <trkpt lat="16.540077673286703" lon="99.49422832587686"><time>2026-02-11T02:54:24Z</time></trkpt>
      <trkpt lat="16.521272454426178" lon="99.51271763080685"><time>2026-02-11T02:59:47Z</time></trkpt>
      <trkpt lat="16.492245881833593" lon="99.54120109798343"><time>2026-02-11T03:05:18Z</time></trkpt>
      <trkpt lat="16.477519380875375" lon="99.55009664418134"><time>2026-02-11T03:11:06Z</time></trkpt>
      <trkpt lat="16.457436005600222" lon="99.53320627110035"><time>2026-02-11T04:19:14Z</time></trkpt>
      <trkpt lat="16.45110171755445" lon="99.51482668528288"><time>2026-02-11T04:24:24Z</time></trkpt>
      <trkpt lat="16.401766631767526" lon="99.52153924861878"><time>2026-02-11T04:30:59Z</time></trkpt>
      <trkpt lat="16.30506440532981" lon="99.66433326723022"><time>2026-02-11T04:46:14Z</time></trkpt>
      <trkpt lat="16.14187801258279" lon="99.72079603010762"><time>2026-02-11T05:01:20Z</time></trkpt>
      <trkpt lat="15.999921429917215" lon="99.80440911846217"><time>2026-02-11T05:16:19Z</time></trkpt>
      <trkpt lat="15.883642556160579" lon="99.90432383501893"><time>2026-02-11T05:31:21Z</time></trkpt>
      <trkpt lat="15.792296826854153" lon="99.96479985313486"><time>2026-02-11T05:41:11Z</time></trkpt>
      <trkpt lat="15.764280525050838" lon="99.9908575975336"><time>2026-02-11T05:46:19Z</time></trkpt>
      <trkpt lat="15.76663014387194" lon="99.98584846947603"><time>2026-02-11T06:58:27Z</time></trkpt>
      <trkpt lat="15.712971501067013" lon="99.94797511035571"><time>2026-02-11T07:13:54Z</time></trkpt>
      <trkpt lat="15.73044563179438" lon="99.95310357781122"><time>2026-02-12T04:01:21Z</time></trkpt>
      <trkpt lat="15.766608808204314" lon="99.98544582175089"><time>2026-02-12T04:12:09Z</time></trkpt>
      <trkpt lat="15.728839323870584" lon="100.03773045735437"><time>2026-02-12T04:19:12Z</time></trkpt>
      <trkpt lat="15.629264912582588" lon="100.10611161598945"><time>2026-02-12T04:35:00Z</time></trkpt>
      <trkpt lat="15.57767061052432" lon="100.1254650113174"><time>2026-02-12T04:50:05Z</time></trkpt>
      <trkpt lat="15.492473593927446" lon="100.13018192732719"><time>2026-02-12T05:05:41Z</time></trkpt>
      <trkpt lat="15.345873520723865" lon="100.1653555781582"><time>2026-02-12T05:20:43Z</time></trkpt>
      <trkpt lat="15.21438756959067" lon="100.21385913724099"><time>2026-02-12T05:35:41Z</time></trkpt>
      <trkpt lat="15.213949196054799" lon="100.21399215804432"><time>2026-02-12T05:35:43Z</time></trkpt>
      <trkpt lat="15.213561030118925" lon="100.21421369174514"><time>2026-02-12T05:35:45Z</time></trkpt>
      <trkpt lat="15.213169804788393" lon="100.21441234285031"><time>2026-02-12T05:35:47Z</time></trkpt>
      <trkpt lat="15.212794085978729" lon="100.21457863980923"><time>2026-02-12T05:35:49Z</time></trkpt>
      <trkpt lat="15.212419289178412" lon="100.21474887626265"><time>2026-02-12T05:35:51Z</time></trkpt>
      <trkpt lat="15.21205082071499" lon="100.21492020236347"><time>2026-02-12T05:35:53Z</time></trkpt>
      <trkpt lat="15.211683844853914" lon="100.21508672124928"><time>2026-02-12T05:35:55Z</time></trkpt>
      <trkpt lat="15.211323072403772" lon="100.21525959731694"><time>2026-02-12T05:35:57Z</time></trkpt>
      <trkpt lat="15.21095874951566" lon="100.21543598378518"><time>2026-02-12T05:35:59Z</time></trkpt>
      <trkpt lat="15.210592614902293" lon="100.21561563333891"><time>2026-02-12T05:36:01Z</time></trkpt>
      <trkpt lat="15.210227719726404" lon="100.21580008762393"><time>2026-02-12T05:36:03Z</time></trkpt>
      <trkpt lat="15.209864304241076" lon="100.21598146599781"><time>2026-02-12T05:36:05Z</time></trkpt>
      <trkpt lat="15.209502965129348" lon="100.21616719298876"><time>2026-02-12T05:36:07Z</time></trkpt>
      <trkpt lat="15.209142739062253" lon="100.21635525830243"><time>2026-02-12T05:36:09Z</time></trkpt>
      <trkpt lat="15.208782194796084" lon="100.2165445638913"><time>2026-02-12T05:36:11Z</time></trkpt>
      <trkpt lat="15.208426091184698" lon="100.21674053238442"><time>2026-02-12T05:36:13Z</time></trkpt>
      <trkpt lat="15.20807711512024" lon="100.21691728122762"><time>2026-02-12T05:36:15Z</time></trkpt>
      <trkpt lat="15.207720495570378" lon="100.21710702622441"><time>2026-02-12T05:36:17Z</time></trkpt>
      <trkpt lat="15.207367646852555" lon="100.21730796378542"><time>2026-02-12T05:36:19Z</time></trkpt>
      <trkpt lat="15.207012197154048" lon="100.2175121607149"><time>2026-02-12T05:36:21Z</time></trkpt>
      <trkpt lat="15.051865945584188" lon="100.32857956374094"><time>2026-02-12T05:51:44Z</time></trkpt>
      <trkpt lat="14.898659465848374" lon="100.41983837271148"><time>2026-02-12T06:06:45Z</time></trkpt>
      <trkpt lat="14.73247813527913" lon="100.45490079568741"><time>2026-02-12T06:21:45Z</time></trkpt>
      <trkpt lat="14.731989596052776" lon="100.45490037659225"><time>2026-02-12T06:21:47Z</time></trkpt>
      <trkpt lat="14.73154610955597" lon="100.45493046762464"><time>2026-02-12T06:21:49Z</time></trkpt>
      <trkpt lat="14.731105640544305" lon="100.45494681233582"><time>2026-02-12T06:21:50Z</time></trkpt>
      <trkpt lat="14.730661986409435" lon="100.45496039101896"><time>2026-02-12T06:21:52Z</time></trkpt>
      <trkpt lat="14.73022222985954" lon="100.45498050758657"><time>2026-02-12T06:21:54Z</time></trkpt>
      <trkpt lat="14.729784359237858" lon="100.4550062400293"><time>2026-02-12T06:21:56Z</time></trkpt>
      <trkpt lat="14.7293480175253" lon="100.45503162108673"><time>2026-02-12T06:21:58Z</time></trkpt>
      <trkpt lat="14.728911225035926" lon="100.45505555425187"><time>2026-02-12T06:22:00Z</time></trkpt>
      <trkpt lat="14.728475522468214" lon="100.45507692835619"><time>2026-02-12T06:22:02Z</time></trkpt>
      <trkpt lat="14.728039338132023" lon="100.45510262598295"><time>2026-02-12T06:22:04Z</time></trkpt>
      <trkpt lat="14.727623141554854" lon="100.4551282286661"><time>2026-02-12T06:22:06Z</time></trkpt>
      <trkpt lat="14.727218797444959" lon="100.45515464074005"><time>2026-02-12T06:22:08Z</time></trkpt>
      <trkpt lat="14.726826262886966" lon="100.45517849996436"><time>2026-02-12T06:22:10Z</time></trkpt>
      <trkpt lat="14.726441547549795" lon="100.45519940392326"><time>2026-02-12T06:22:12Z</time></trkpt>
      <trkpt lat="14.72605143663414" lon="100.45522354991213"><time>2026-02-12T06:22:14Z</time></trkpt>
      <trkpt lat="14.725660921435919" lon="100.45526794034068"><time>2026-02-12T06:22:16Z</time></trkpt>
      <trkpt lat="14.725277039102545" lon="100.45529540502447"><time>2026-02-12T06:22:18Z</time></trkpt>
      <trkpt lat="14.72488995368326" lon="100.45531300856027"><time>2026-02-12T06:22:20Z</time></trkpt>
      <trkpt lat="14.724498067713832" lon="100.4553219938857"><time>2026-02-12T06:22:22Z</time></trkpt>
      <trkpt lat="14.724101448590933" lon="100.45532700767467"><time>2026-02-12T06:22:24Z</time></trkpt>
      <trkpt lat="14.558334038606432" lon="100.4969304242176"><time>2026-02-12T06:36:16Z</time></trkpt>
      <trkpt lat="14.510491918706997" lon="100.51865868004344"><time>2026-02-12T06:51:16Z</time></trkpt>
      <trkpt lat="14.435361251248453" lon="100.54589306013709"><time>2026-02-12T07:22:03Z</time></trkpt>
      <trkpt lat="14.434215032220697" lon="100.54731089262444"><time>2026-02-12T07:22:27Z</time></trkpt>
      <trkpt lat="14.432650901055808" lon="100.54948401401509"><time>2026-02-12T07:22:28Z</time></trkpt>
      <trkpt lat="14.430458024647187" lon="100.55246486519229"><time>2026-02-12T07:22:43Z</time></trkpt>
      <trkpt lat="14.430233975663489" lon="100.55276811020947"><time>2026-02-12T07:22:45Z</time></trkpt>
      <trkpt lat="14.328229841789536" lon="100.61312598185671"><time>2026-02-12T07:38:00Z</time></trkpt>
      <trkpt lat="14.315876425257246" lon="100.61338665904535"><time>2026-02-12T07:53:03Z</time></trkpt>
      <trkpt lat="14.316011164350728" lon="100.61281383978259"><time>2026-02-12T07:53:04Z</time></trkpt>
      <trkpt lat="14.316372005282265" lon="100.61275349007975"><time>2026-02-12T07:53:06Z</time></trkpt>
      <trkpt lat="14.31674487424485" lon="100.6127166097058"><time>2026-02-12T07:53:09Z</time></trkpt>
      <trkpt lat="14.31711548009358" lon="100.61271803462934"><time>2026-02-12T07:53:12Z</time></trkpt>
      <trkpt lat="14.317494263658416" lon="100.61272377951137"><time>2026-02-12T07:53:15Z</time></trkpt>
      <trkpt lat="14.317905427443652" lon="100.61277164760001"><time>2026-02-12T07:53:18Z</time></trkpt>
      <trkpt lat="14.318325456156753" lon="100.61287183783124"><time>2026-02-12T07:53:21Z</time></trkpt>
      <trkpt lat="14.318749998108624" lon="100.61297968660324"><time>2026-02-12T07:53:24Z</time></trkpt>
      <trkpt lat="14.319201204355144" lon="100.61301190141339"><time>2026-02-12T07:53:27Z</time></trkpt>
      <trkpt lat="14.319517091588429" lon="100.6130256085259"><time>2026-02-12T07:53:29Z</time></trkpt>
      <trkpt lat="14.319835592500713" lon="100.61303817289185"><time>2026-02-12T07:53:31Z</time></trkpt>
      <trkpt lat="14.320158407544966" lon="100.61304535399965"><time>2026-02-12T07:53:33Z</time></trkpt>
      <trkpt lat="14.320634086227333" lon="100.6130539740945"><time>2026-02-12T07:53:36Z</time></trkpt>
      <trkpt lat="14.320985553127786" lon="100.61303956524786"><time>2026-02-12T07:53:38Z</time></trkpt>
      <trkpt lat="14.321337254571818" lon="100.61304241062116"><time>2026-02-12T07:53:40Z</time></trkpt>
      <trkpt lat="14.321696885863009" lon="100.61304314531613"><time>2026-02-12T07:53:42Z</time></trkpt>
      <trkpt lat="14.341802935573845" lon="100.61082219434101"><time>2026-02-12T08:09:02Z</time></trkpt>
      <trkpt lat="14.349837172789824" lon="100.56942801931926"><time>2026-02-12T08:54:42Z</time></trkpt>
      <trkpt lat="14.343571406802482" lon="100.55506311366386"><time>2026-02-12T09:10:20Z</time></trkpt>
      <trkpt lat="14.343468488213222" lon="100.554744328351"><time>2026-02-12T09:38:15Z</time></trkpt>
      <trkpt lat="14.351509194834485" lon="100.55584003226883"><time>2026-02-13T01:04:30Z</time></trkpt>
      <trkpt lat="14.3559819879144" lon="100.56842378350028"><time>2026-02-13T01:09:47Z</time></trkpt>
      <trkpt lat="14.354464234797614" lon="100.59441656814943"><time>2026-02-13T02:12:35Z</time></trkpt>
      <trkpt lat="14.333120849928196" lon="100.61349629433883"><time>2026-02-13T02:18:34Z</time></trkpt>
      <trkpt lat="14.304275661720245" lon="100.61456414880288"><time>2026-02-13T02:23:50Z</time></trkpt>
      <trkpt lat="14.161227755261734" lon="100.61843625279201"><time>2026-02-13T03:15:30Z</time></trkpt>
      <trkpt lat="14.152119789309864" lon="100.61915325580699"><time>2026-02-13T03:30:34Z</time></trkpt>
      <trkpt lat="14.165624063475212" lon="100.61809008019102"><time>2026-02-13T05:29:58Z</time></trkpt>
      <trkpt lat="14.08487274208996" lon="100.69426170115293"><time>2026-02-13T05:44:56Z</time></trkpt>
      <trkpt lat="13.94626777154761" lon="100.71179925473473"><time>2026-02-13T05:59:56Z</time></trkpt>
      <trkpt lat="13.792563113396794" lon="100.68292921418387"><time>2026-02-13T06:14:56Z</time></trkpt>
      <trkpt lat="13.792132199754745" lon="100.68303197631676"><time>2026-02-13T06:14:58Z</time></trkpt>
      <trkpt lat="13.791700657469958" lon="100.68313775593478"><time>2026-02-13T06:15:01Z</time></trkpt>
      <trkpt lat="13.791381223140089" lon="100.68324613394279"><time>2026-02-13T06:15:03Z</time></trkpt>
      <trkpt lat="13.790949471307723" lon="100.683357697074"><time>2026-02-13T06:15:06Z</time></trkpt>
      <trkpt lat="13.790516370858107" lon="100.6834766820181"><time>2026-02-13T06:15:09Z</time></trkpt>
      <trkpt lat="13.790100022756349" lon="100.68358686366365"><time>2026-02-13T06:15:12Z</time></trkpt>
      <trkpt lat="13.789681844184779" lon="100.68369978735417"><time>2026-02-13T06:15:15Z</time></trkpt>
      <trkpt lat="13.789255141314268" lon="100.68380984243754"><time>2026-02-13T06:15:18Z</time></trkpt>
      <trkpt lat="13.788835971577788" lon="100.683919824146"><time>2026-02-13T06:15:21Z</time></trkpt>
      <trkpt lat="13.78840594270093" lon="100.68403748871128"><time>2026-02-13T06:15:24Z</time></trkpt>
      <trkpt lat="13.788096052880334" lon="100.68411598490506"><time>2026-02-13T06:15:26Z</time></trkpt>
      <trkpt lat="13.787787654104807" lon="100.68419976172248"><time>2026-02-13T06:15:28Z</time></trkpt>
      <trkpt lat="13.787346401071282" lon="100.68430949056187"><time>2026-02-13T06:15:31Z</time></trkpt>
      <trkpt lat="13.786899309900258" lon="100.68442171254837"><time>2026-02-13T06:15:34Z</time></trkpt>
      <trkpt lat="13.730709026580426" lon="100.74517800482059"><time>2026-02-13T06:30:57Z</time></trkpt>
      <trkpt lat="13.721905471769833" lon="100.78284602621643"><time>2026-02-13T06:44:28Z</time></trkpt>
      <trkpt lat="13.69293434546673" lon="100.79325232664196"><time>2026-02-13T06:59:30Z</time></trkpt>
      <trkpt lat="13.693118982148302" lon="100.79353046326051"><time>2026-02-13T06:59:41Z</time></trkpt>
      <trkpt lat="13.694220779623942" lon="100.79315905556918"><time>2026-02-13T07:15:05Z</time></trkpt>
      <trkpt lat="13.693415024186894" lon="100.79379264248766"><time>2026-02-13T14:20:04Z</time></trkpt>
      <trkpt lat="12.26448841231723" lon="99.97437369282675"><time>2026-02-19T13:35:33Z</time></trkpt>
      <trkpt lat="12.263226318556464" lon="99.9720733645868"><time>2026-02-19T14:01:17Z</time></trkpt>
      <trkpt lat="12.288722908135773" lon="99.96576134124767"><time>2026-02-20T00:47:47Z</time></trkpt>
      <trkpt lat="12.355813966144208" lon="99.93810541937121"><time>2026-02-20T00:55:21Z</time></trkpt>
      <trkpt lat="12.386329500016185" lon="99.9024190475232"><time>2026-02-20T01:03:08Z</time></trkpt>
      <trkpt lat="12.3699407419305" lon="99.88712408589188"><time>2026-02-20T01:11:41Z</time></trkpt>
      <trkpt lat="12.35301843803515" lon="99.88371857943807"><time>2026-02-20T01:40:33Z</time></trkpt>
      <trkpt lat="12.265423354704179" lon="99.86985149802628"><time>2026-02-20T01:48:37Z</time></trkpt>
      <trkpt lat="12.184268217545174" lon="99.84948112638652"><time>2026-02-20T01:56:38Z</time></trkpt>
      <trkpt lat="12.099862997431401" lon="99.85371851371588"><time>2026-02-20T02:04:44Z</time></trkpt>
      <trkpt lat="11.966434121143042" lon="99.83122148560344"><time>2026-02-20T02:20:00Z</time></trkpt>
      <trkpt lat="11.835856139670904" lon="99.78153230631703"><time>2026-02-20T02:35:05Z</time></trkpt>
      <trkpt lat="11.824518993452262" lon="99.78203344242166"><time>2026-02-20T02:50:03Z</time></trkpt>
      <trkpt lat="11.778343878697397" lon="99.77173059256725"><time>2026-02-20T03:05:40Z</time></trkpt>
      <trkpt lat="11.645629601563927" lon="99.67656204486235"><time>2026-02-20T03:20:40Z</time></trkpt>
      <trkpt lat="11.495658578361846" lon="99.60194273861087"><time>2026-02-20T03:35:41Z</time></trkpt>
      <trkpt lat="11.49530746043799" lon="99.60176470698751"><time>2026-02-20T03:35:43Z</time></trkpt>
      <trkpt lat="11.494797589268064" lon="99.60147829735614"><time>2026-02-20T03:35:46Z</time></trkpt>
      <trkpt lat="11.494484064179932" lon="99.6013164428059"><time>2026-02-20T03:35:48Z</time></trkpt>
      <trkpt lat="11.494163540202653" lon="99.60117763848937"><time>2026-02-20T03:35:50Z</time></trkpt>
      <trkpt lat="11.493831001242338" lon="99.60106450156752"><time>2026-02-20T03:35:52Z</time></trkpt>
      <trkpt lat="11.493477280365692" lon="99.60098890608336"><time>2026-02-20T03:35:54Z</time></trkpt>
      <trkpt lat="11.493123178883687" lon="99.60094998875655"><time>2026-02-20T03:35:56Z</time></trkpt>
      <trkpt lat="11.492768450724808" lon="99.60094730379022"><time>2026-02-20T03:35:58Z</time></trkpt>
      <trkpt lat="11.492412600915918" lon="99.60097081317288"><time>2026-02-20T03:36:00Z</time></trkpt>
      <trkpt lat="11.49204117640725" lon="99.6010195000771"><time>2026-02-20T03:36:02Z</time></trkpt>
      <trkpt lat="11.491667432545915" lon="99.60105071646622"><time>2026-02-20T03:36:04Z</time></trkpt>
      <trkpt lat="11.491287838542911" lon="99.60109666790628"><time>2026-02-20T03:36:06Z</time></trkpt>
      <trkpt lat="11.490910622906126" lon="99.60113956189991"><time>2026-02-20T03:36:08Z</time></trkpt>
      <trkpt lat="11.490528375361018" lon="99.6011720446205"><time>2026-02-20T03:36:10Z</time></trkpt>
      <trkpt lat="11.490143768407334" lon="99.60118832194897"><time>2026-02-20T03:36:12Z</time></trkpt>
      <trkpt lat="11.48976601029958" lon="99.60122005686158"><time>2026-02-20T03:36:14Z</time></trkpt>
      <trkpt lat="11.489387750930957" lon="99.60125450794548"><time>2026-02-20T03:36:16Z</time></trkpt>
      <trkpt lat="11.489010249455442" lon="99.60129756596872"><time>2026-02-20T03:36:18Z</time></trkpt>
      <trkpt lat="11.488630602048032" lon="99.60133768386184"><time>2026-02-20T03:36:20Z</time></trkpt>
      <trkpt lat="11.48826085625818" lon="99.6013781264169"><time>2026-02-20T03:36:22Z</time></trkpt>
      <trkpt lat="11.38750549872535" lon="99.50856674471824"><time>2026-02-20T03:50:11Z</time></trkpt>
      <trkpt lat="11.254360894683053" lon="99.43914371551894"><time>2026-02-20T04:05:12Z</time></trkpt>
      <trkpt lat="11.25402947423165" lon="99.43911035554432"><time>2026-02-20T04:05:14Z</time></trkpt>
      <trkpt lat="11.253636069606294" lon="99.43917439328455"><time>2026-02-20T04:05:16Z</time></trkpt>
      <trkpt lat="11.253276108774593" lon="99.43922275686585"><time>2026-02-20T04:05:18Z</time></trkpt>
      <trkpt lat="11.252902569259753" lon="99.43927187481843"><time>2026-02-20T04:05:20Z</time></trkpt>
      <trkpt lat="11.252525928440738" lon="99.43932241769456"><time>2026-02-20T04:05:22Z</time></trkpt>
      <trkpt lat="11.252158416467948" lon="99.43937677445305"><time>2026-02-20T04:05:24Z</time></trkpt>
      <trkpt lat="11.251800768135146" lon="99.43942401924876"><time>2026-02-20T04:05:26Z</time></trkpt>
      <trkpt lat="11.251455380480975" lon="99.439467296002"><time>2026-02-20T04:05:28Z</time></trkpt>
      <trkpt lat="11.251109442451039" lon="99.43951430136005"><time>2026-02-20T04:05:30Z</time></trkpt>
      <trkpt lat="11.250780484625892" lon="99.43955935908897"><time>2026-02-20T04:05:32Z</time></trkpt>
      <trkpt lat="11.115998891192596" lon="99.36902532363251"><time>2026-02-20T04:20:42Z</time></trkpt>
      <trkpt lat="11.1156421154841" lon="99.36893454762117"><time>2026-02-20T04:20:43Z</time></trkpt>
      <trkpt lat="11.115296194340209" lon="99.3688170333387"><time>2026-02-20T04:20:45Z</time></trkpt>
      <trkpt lat="11.114771319563607" lon="99.36865123929397"><time>2026-02-20T04:20:48Z</time></trkpt>
      <trkpt lat="11.114421878020385" lon="99.36855182992235"><time>2026-02-20T04:20:50Z</time></trkpt>
      <trkpt lat="11.114075328233758" lon="99.36845485130266"><time>2026-02-20T04:20:52Z</time></trkpt>
      <trkpt lat="11.113725146306107" lon="99.36835754684755"><time>2026-02-20T04:20:54Z</time></trkpt>
      <trkpt lat="11.113376653542591" lon="99.36825714257503"><time>2026-02-20T04:20:56Z</time></trkpt>
      <trkpt lat="11.113030078302598" lon="99.36816281751862"><time>2026-02-20T04:20:58Z</time></trkpt>
      <trkpt lat="11.112677533086298" lon="99.3680564455279"><time>2026-02-20T04:21:00Z</time></trkpt>
      <trkpt lat="10.976874805065782" lon="99.33088791565906"><time>2026-02-20T04:36:13Z</time></trkpt>
      <trkpt lat="10.935948166784467" lon="99.29370546998774"><time>2026-02-20T04:51:13Z</time></trkpt>
      <trkpt lat="10.867521562623667" lon="99.2485002615482"><time>2026-02-20T05:37:00Z</time></trkpt>
      <trkpt lat="10.867021372551905" lon="99.24825039701466"><time>2026-02-20T05:37:02Z</time></trkpt>
      <trkpt lat="10.865037525569168" lon="99.24731749768866"><time>2026-02-20T05:37:20Z</time></trkpt>
      <trkpt lat="10.863571255477948" lon="99.24768805513088"><time>2026-02-20T05:37:21Z</time></trkpt>
      <trkpt lat="10.863140760931058" lon="99.24769316809181"><time>2026-02-20T05:37:23Z</time></trkpt>
      <trkpt lat="10.862765754583164" lon="99.24761203126911"><time>2026-02-20T05:37:25Z</time></trkpt>
      <trkpt lat="10.862356927255972" lon="99.24760624775593"><time>2026-02-20T05:37:27Z</time></trkpt>
      <trkpt lat="10.861981208446307" lon="99.24755855472688"><time>2026-02-20T05:37:29Z</time></trkpt>
      <trkpt lat="10.861595808538478" lon="99.24750935295526"><time>2026-02-20T05:37:31Z</time></trkpt>
      <trkpt lat="10.861215740011149" lon="99.24745449102588"><time>2026-02-20T05:37:33Z</time></trkpt>
      <trkpt lat="10.86083632552702" lon="99.24739682827668"><time>2026-02-20T05:37:35Z</time></trkpt>
      <trkpt lat="10.860456501036584" lon="99.24734024486692"><time>2026-02-20T05:37:37Z</time></trkpt>
      <trkpt lat="10.860079331468128" lon="99.24728361662443"><time>2026-02-20T05:37:39Z</time></trkpt>
      <trkpt lat="10.731145776818256" lon="99.20609537521302"><time>2026-02-20T05:52:53Z</time></trkpt>
      <trkpt lat="10.695794145746488" lon="99.20523758506954"><time>2026-02-20T06:07:53Z</time></trkpt>
      <trkpt lat="10.594614339070947" lon="99.13863069387072"><time>2026-02-20T07:09:15Z</time></trkpt>
      <trkpt lat="10.594755993234546" lon="99.13834126675421"><time>2026-02-20T07:09:16Z</time></trkpt>
      <trkpt lat="10.594765800061257" lon="99.13787632258529"><time>2026-02-20T07:09:18Z</time></trkpt>
      <trkpt lat="10.594794130893977" lon="99.13725019441837"><time>2026-02-20T07:09:21Z</time></trkpt>
      <trkpt lat="10.59481646866593" lon="99.13686688998634"><time>2026-02-20T07:09:23Z</time></trkpt>
      <trkpt lat="10.59484257829431" lon="99.13648073570722"><time>2026-02-20T07:09:25Z</time></trkpt>
      <trkpt lat="10.594872618564503" lon="99.1360928526298"><time>2026-02-20T07:09:27Z</time></trkpt>
      <trkpt lat="10.59489759628411" lon="99.13570138872133"><time>2026-02-20T07:09:29Z</time></trkpt>
      <trkpt lat="10.594923622534916" lon="99.13530927667311"><time>2026-02-20T07:09:31Z</time></trkpt>
      <trkpt lat="10.59495285249549" lon="99.13491817082485"><time>2026-02-20T07:09:33Z</time></trkpt>
      <trkpt lat="10.594981694438173" lon="99.13452803608732"><time>2026-02-20T07:09:35Z</time></trkpt>
      <trkpt lat="10.507311034026097" lon="99.09415530981411"><time>2026-02-20T07:24:46Z</time></trkpt>
      <trkpt lat="10.502623789953535" lon="98.96075824284829"><time>2026-02-20T07:39:48Z</time></trkpt>
      <trkpt lat="10.502526434148198" lon="98.96040511326767"><time>2026-02-20T07:39:50Z</time></trkpt>
      <trkpt lat="10.5023950897255" lon="98.96002775998689"><time>2026-02-20T07:39:53Z</time></trkpt>
      <trkpt lat="10.502283610413318" lon="98.95968359904266"><time>2026-02-20T07:39:54Z</time></trkpt>
      <trkpt lat="10.50217179582501" lon="98.95933717498458"><time>2026-02-20T07:39:56Z</time></trkpt>
      <trkpt lat="10.502064926559573" lon="98.95899678589679"><time>2026-02-20T07:39:58Z</time></trkpt>
      <trkpt lat="10.501958502815693" lon="98.9586606953819"><time>2026-02-20T07:40:00Z</time></trkpt>
      <trkpt lat="10.501805499413141" lon="98.95822345808807"><time>2026-02-20T07:40:03Z</time></trkpt>
      <trkpt lat="10.501539749145127" lon="98.9578815732954"><time>2026-02-20T07:40:06Z</time></trkpt>
      <trkpt lat="10.501171283122734" lon="98.95762274055298"><time>2026-02-20T07:40:09Z</time></trkpt>
      <trkpt lat="10.500731764485401" lon="98.95749069887462"><time>2026-02-20T07:40:12Z</time></trkpt>
      <trkpt lat="10.500279604844565" lon="98.95741041464446"><time>2026-02-20T07:40:15Z</time></trkpt>
      <trkpt lat="10.499901260624272" lon="98.95720476307632"><time>2026-02-20T07:40:18Z</time></trkpt>
      <trkpt lat="10.499579747677377" lon="98.95691222278158"><time>2026-02-20T07:40:21Z</time></trkpt>
      <trkpt lat="10.49932964561099" lon="98.95649110601985"><time>2026-02-20T07:40:24Z</time></trkpt>
      <trkpt lat="10.499146538899558" lon="98.95621851546862"><time>2026-02-20T07:40:26Z</time></trkpt>
      <trkpt lat="10.498965407221647" lon="98.95593607800834"><time>2026-02-20T07:40:28Z</time></trkpt>
      <trkpt lat="10.52292316687342" lon="98.83955659353997"><time>2026-02-20T07:55:51Z</time></trkpt>
      <trkpt lat="10.504617685518502" lon="98.82297429264912"><time>2026-02-20T08:10:51Z</time></trkpt>
      <trkpt lat="10.377917331653068" lon="98.77910773279031"><time>2026-02-20T08:25:51Z</time></trkpt>
      <trkpt lat="10.377507875683138" lon="98.77916313717027"><time>2026-02-20T08:25:52Z</time></trkpt>
      <trkpt lat="10.377113590957947" lon="98.77919892789681"><time>2026-02-20T08:25:54Z</time></trkpt>
      <trkpt lat="10.37674893626047" lon="98.77924234615524"><time>2026-02-20T08:25:56Z</time></trkpt>
      <trkpt lat="10.376341952951975" lon="98.779350053611"><time>2026-02-20T08:25:58Z</time></trkpt>
      <trkpt lat="10.375994942160673" lon="98.77951433891316"><time>2026-02-20T08:26:00Z</time></trkpt>
      <trkpt lat="10.375666036280222" lon="98.77971299001833"><time>2026-02-20T08:26:02Z</time></trkpt>
      <trkpt lat="10.375362945219287" lon="98.77993986741645"><time>2026-02-20T08:26:04Z</time></trkpt>
      <trkpt lat="10.37509988742758" lon="98.78021001933168"><time>2026-02-20T08:26:06Z</time></trkpt>
      <trkpt lat="10.3748323756391" lon="98.7804649301309"><time>2026-02-20T08:26:08Z</time></trkpt>
      <trkpt lat="10.374562289103078" lon="98.78071401019373"><time>2026-02-20T08:26:10Z</time></trkpt>
      <trkpt lat="10.231950301686517" lon="98.73831996703403"><time>2026-02-20T08:41:22Z</time></trkpt>
      <trkpt lat="10.099441464999783" lon="98.67545049646746"><time>2026-02-20T08:56:23Z</time></trkpt>
      <trkpt lat="10.099113103943038" lon="98.67557354280602"><time>2026-02-20T08:56:25Z</time></trkpt>
      <trkpt lat="10.098784994343387" lon="98.67558033214759"><time>2026-02-20T08:56:27Z</time></trkpt>
      <trkpt lat="10.098463757904337" lon="98.67551813842606"><time>2026-02-20T08:56:29Z</time></trkpt>
      <trkpt lat="10.098163476223217" lon="98.67538168104242"><time>2026-02-20T08:56:31Z</time></trkpt>
      <trkpt lat="10.097899236725734" lon="98.67517339074861"><time>2026-02-20T08:56:33Z</time></trkpt>
      <trkpt lat="10.097675167192882" lon="98.67491726164113"><time>2026-02-20T08:56:35Z</time></trkpt>
      <trkpt lat="10.097513011250733" lon="98.67460613798046"><time>2026-02-20T08:56:37Z</time></trkpt>
      <trkpt lat="10.097349762533309" lon="98.67428312401344"><time>2026-02-20T08:56:39Z</time></trkpt>
      <trkpt lat="10.097147414210006" lon="98.67395789776093"><time>2026-02-20T08:56:41Z</time></trkpt>
      <trkpt lat="10.096944626641676" lon="98.67363048967438"><time>2026-02-20T08:56:43Z</time></trkpt>
      <trkpt lat="9.990170490937299" lon="98.65013723270842"><time>2026-02-20T09:11:53Z</time></trkpt>
      <trkpt lat="9.93227387779386" lon="98.63419141629583"><time>2026-02-20T09:26:53Z</time></trkpt>
      <trkpt lat="9.888212014930218" lon="98.62800716431683"><time>2026-02-20T09:42:26Z</time></trkpt>
      <trkpt lat="9.75734699518397" lon="98.59231794262173"><time>2026-02-20T09:55:59Z</time></trkpt>
      <trkpt lat="9.656359101654642" lon="98.5613540188396"><time>2026-02-20T10:11:00Z</time></trkpt>
      <trkpt lat="9.656072566294721" lon="98.5611830280149"><time>2026-02-20T10:11:03Z</time></trkpt>
      <trkpt lat="9.655630127535812" lon="98.56105051012575"><time>2026-02-20T10:11:05Z</time></trkpt>
      <trkpt lat="9.655308933006278" lon="98.56100566694379"><time>2026-02-20T10:11:07Z</time></trkpt>
      <trkpt lat="9.654987403200618" lon="98.56096853511274"><time>2026-02-20T10:11:09Z</time></trkpt>
      <trkpt lat="9.654666543671688" lon="98.56093769467486"><time>2026-02-20T10:11:11Z</time></trkpt>
      <trkpt lat="9.654338095771374" lon="98.56090187264715"><time>2026-02-20T10:11:13Z</time></trkpt>
      <trkpt lat="9.654011610510613" lon="98.56085842289035"><time>2026-02-20T10:11:15Z</time></trkpt>
      <trkpt lat="9.653693547811809" lon="98.56081775745253"><time>2026-02-20T10:11:17Z</time></trkpt>
      <trkpt lat="9.653240834618135" lon="98.56069868203481"><time>2026-02-20T10:11:20Z</time></trkpt>
      <trkpt lat="9.569314210684569" lon="98.5989894346321"><time>2026-02-20T10:26:30Z</time></trkpt>
      <trkpt lat="9.49143069797148" lon="98.51521742539342"><time>2026-02-20T10:41:31Z</time></trkpt>
      <trkpt lat="9.491063905888694" lon="98.51497141653533"><time>2026-02-20T10:41:34Z</time></trkpt>
      <trkpt lat="9.490740951159495" lon="98.51466480651732"><time>2026-02-20T10:41:37Z</time></trkpt>
      <trkpt lat="9.490463552074033" lon="98.51431025201316"><time>2026-02-20T10:41:40Z</time></trkpt>
      <trkpt lat="9.490167793528514" lon="98.51394190993423"><time>2026-02-20T10:41:43Z</time></trkpt>
      <trkpt lat="9.489977700682148" lon="98.51367787123223"><time>2026-02-20T10:41:45Z</time></trkpt>
      <trkpt lat="9.489768285697746" lon="98.51342885625321"><time>2026-02-20T10:41:47Z</time></trkpt>
      <trkpt lat="9.489565078483443" lon="98.51315740870537"><time>2026-02-20T10:41:49Z</time></trkpt>
      <trkpt lat="9.489349322689296" lon="98.51287882257562"><time>2026-02-20T10:41:51Z</time></trkpt>
      <trkpt lat="9.456019001090391" lon="98.44554495075572"><time>2026-02-20T10:57:02Z</time></trkpt>
      <trkpt lat="9.456343171195552" lon="98.44554159799445"><time>2026-02-20T10:57:09Z</time></trkpt>
      <trkpt lat="9.456699482608009" lon="98.44545559261546"><time>2026-02-20T10:57:14Z</time></trkpt>
      <trkpt lat="9.457035096371431" lon="98.44537645444048"><time>2026-02-20T10:57:19Z</time></trkpt>
      <trkpt lat="9.45740150983029" lon="98.44521166755739"><time>2026-02-20T10:57:22Z</time></trkpt>
      <trkpt lat="9.457730393120647" lon="98.44500225430899"><time>2026-02-20T10:57:26Z</time></trkpt>
      <trkpt lat="9.458096500254054" lon="98.44489175368804"><time>2026-02-20T10:57:30Z</time></trkpt>
      <trkpt lat="9.458479960245517" lon="98.44489263228463"><time>2026-02-20T10:57:35Z</time></trkpt>
      <trkpt lat="9.4587040568749" lon="98.44515808008828"><time>2026-02-20T10:57:39Z</time></trkpt>
      <trkpt lat="9.459029319063111" lon="98.44540061329252"><time>2026-02-20T10:57:43Z</time></trkpt>
      <trkpt lat="9.45938972528058" lon="98.4454677735832"><time>2026-02-20T10:57:46Z</time></trkpt>
      <trkpt lat="9.459743594153524" lon="98.44555401072077"><time>2026-02-20T10:57:49Z</time></trkpt>
      <trkpt lat="9.460071323487783" lon="98.44558515864648"><time>2026-02-20T10:57:52Z</time></trkpt>
      <trkpt lat="9.46039590402961" lon="98.44543519684086"><time>2026-02-20T10:57:55Z</time></trkpt>
      <trkpt lat="9.460695529231641" lon="98.44523455512135"><time>2026-02-20T10:57:58Z</time></trkpt>
      <trkpt lat="9.461076633083016" lon="98.44517716622825"><time>2026-02-20T10:58:02Z</time></trkpt>
      <trkpt lat="9.464025059723728" lon="98.43398077422607"><time>2026-02-20T11:07:25Z</time></trkpt>
      <trkpt lat="9.451134237469594" lon="98.44952166089644"><time>2026-02-21T04:30:13Z</time></trkpt>
      <trkpt lat="9.449904978573962" lon="98.45022787160786"><time>2026-02-21T04:30:34Z</time></trkpt>
      <trkpt lat="9.448298346260048" lon="98.45126308509936"><time>2026-02-21T04:30:39Z</time></trkpt>
      <trkpt lat="9.448086451747871" lon="98.45157011421253"><time>2026-02-21T04:30:42Z</time></trkpt>
      <trkpt lat="9.44783424028144" lon="98.45190396541585"><time>2026-02-21T04:30:45Z</time></trkpt>
      <trkpt lat="9.447631356315172" lon="98.4522143472903"><time>2026-02-21T04:30:49Z</time></trkpt>
      <trkpt lat="9.416735367858239" lon="98.44274782584834"><time>2026-02-21T04:45:06Z</time></trkpt>
      <trkpt lat="9.321676916451493" lon="98.4024086595498"><time>2026-02-21T04:57:42Z</time></trkpt>
      <trkpt lat="9.321184144364038" lon="98.40257797399387"><time>2026-02-21T04:57:44Z</time></trkpt>
      <trkpt lat="9.320657551297286" lon="98.40267428206131"><time>2026-02-21T04:57:47Z</time></trkpt>
      <trkpt lat="9.320322694265581" lon="98.40274142110572"><time>2026-02-21T04:57:49Z</time></trkpt>
      <trkpt lat="9.319987669595815" lon="98.40281224818752"><time>2026-02-21T04:57:51Z</time></trkpt>
      <trkpt lat="9.319649459802843" lon="98.40288399727866"><time>2026-02-21T04:57:53Z</time></trkpt>
      <trkpt lat="9.319307073538472" lon="98.40294460227776"><time>2026-02-21T04:57:55Z</time></trkpt>
      <trkpt lat="9.31895874743478" lon="98.40298291426011"><time>2026-02-21T04:57:57Z</time></trkpt>
      <trkpt lat="9.318614189772072" lon="98.40298752545336"><time>2026-02-21T04:57:59Z</time></trkpt>
      <trkpt lat="9.318269041944957" lon="98.40296124257507"><time>2026-02-21T04:58:01Z</time></trkpt>
      <trkpt lat="8.047954109504863" lon="98.81418633283937"><time>2026-02-26T08:58:41Z</time></trkpt>
      <trkpt lat="8.048276956505475" lon="98.81409747905445"><time>2026-02-28T01:22:03Z</time></trkpt>
      <trkpt lat="8.044248257932036" lon="98.81114211619546"><time>2026-02-28T04:34:37Z</time></trkpt>
      <trkpt lat="8.045724669757597" lon="98.80338770460763"><time>2026-02-28T04:49:30Z</time></trkpt>
      <trkpt lat="8.046424120598937" lon="98.80015935993764"><time>2026-02-28T05:53:24Z</time></trkpt>
      <trkpt lat="8.04536125536073" lon="98.80445358039923"><time>2026-02-28T09:37:31Z</time></trkpt>
      <trkpt lat="8.042967555291746" lon="98.81008006575449"><time>2026-02-28T09:48:33Z</time></trkpt>
      <trkpt lat="8.046226920207028" lon="98.81317538561353"><time>2026-02-28T11:05:51Z</time></trkpt>
      <trkpt lat="8.049931011769184" lon="98.81607949213254"><time>2026-03-01T06:22:08Z</time></trkpt>
      <trkpt lat="8.048107022058632" lon="98.81408908119991"><time>2026-03-01T16:15:00Z</time></trkpt>
      <trkpt lat="8.06576556992537" lon="98.82644562059903"><time>2026-03-02T02:41:38Z</time></trkpt>
      <trkpt lat="8.145187078051404" lon="98.82235743114614"><time>2026-03-02T02:56:59Z</time></trkpt>
      <trkpt lat="8.215900585063002" lon="98.808601051661"><time>2026-03-02T03:08:14Z</time></trkpt>
      <trkpt lat="8.322678697303237" lon="98.77265869649013"><time>2026-03-02T03:20:07Z</time></trkpt>
      <trkpt lat="8.39987003245242" lon="98.74228167356806"><time>2026-03-02T03:30:44Z</time></trkpt>
      <trkpt lat="8.50671646237962" lon="98.68246266114427"><time>2026-03-02T03:43:03Z</time></trkpt>
      <trkpt lat="8.47404635512128" lon="98.67099995734046"><time>2026-03-02T03:48:09Z</time></trkpt>
      <trkpt lat="8.43813849148195" lon="98.57337718838693"><time>2026-03-02T04:00:01Z</time></trkpt>
      <trkpt lat="8.431180547930701" lon="98.5193267372423"><time>2026-03-02T04:14:06Z</time></trkpt>
      <trkpt lat="8.434978380964793" lon="98.51487100081134"><time>2026-03-02T04:34:28Z</time></trkpt>
      <trkpt lat="8.481330814562222" lon="98.52180936546918"><time>2026-03-02T04:45:07Z</time></trkpt>
      <trkpt lat="8.545871608920924" lon="98.48035205192777"><time>2026-03-02T04:55:55Z</time></trkpt>
      <trkpt lat="8.564397359846273" lon="98.40062163456638"><time>2026-03-02T05:06:49Z</time></trkpt>
      <trkpt lat="8.535398157454129" lon="98.30486449383687"><time>2026-03-02T05:19:38Z</time></trkpt>
      <trkpt lat="8.591351295315627" lon="98.25688694936495"><time>2026-03-02T05:30:35Z</time></trkpt>
      <trkpt lat="8.644167766914371" lon="98.25136525565595"><time>2026-03-02T05:41:29Z</time></trkpt>
      <trkpt lat="8.674785485181967" lon="98.2529888927464"><time>2026-03-02T05:46:27Z</time></trkpt>
      <trkpt lat="8.795470171616222" lon="98.26745926411661"><time>2026-03-02T05:58:46Z</time></trkpt>
      <trkpt lat="8.839848283686525" lon="98.28349728146408"><time>2026-03-02T06:03:55Z</time></trkpt>
      <trkpt lat="8.860955592253116" lon="98.27590864160868"><time>2026-03-02T06:08:57Z</time></trkpt>
      <trkpt lat="8.86548345443687" lon="98.27396571645352"><time>2026-03-02T06:14:08Z</time></trkpt>
      <trkpt lat="8.88449676212721" lon="98.26868169177531"><time>2026-03-02T06:38:20Z</time></trkpt>
      <trkpt lat="8.91778585967507" lon="98.24999045589776"><time>2026-03-02T06:53:06Z</time></trkpt>
      <trkpt lat="8.92336627934959" lon="98.25824570851238"><time>2026-03-05T06:54:03Z</time></trkpt>
      <trkpt lat="8.93280371558753" lon="98.25978303337307"><time>2026-03-05T07:04:30Z</time></trkpt>
      <trkpt lat="8.93350041937915" lon="98.25878801764757"><time>2026-03-05T13:10:51Z</time></trkpt>
      <trkpt lat="8.93372458967448" lon="98.25822560966242"><time>2026-03-08T04:58:32Z</time></trkpt>
      <trkpt lat="8.541321950831378" lon="98.53129940702324"><time>2026-03-09T09:35:12Z</time></trkpt>
      <trkpt lat="8.54087526595067" lon="98.53170496263125"><time>2026-03-09T10:04:47Z</time></trkpt>
      <trkpt lat="8.53340380825897" lon="98.52419318640467"><time>2026-03-10T03:21:08Z</time></trkpt>
      <trkpt lat="8.511391421787916" lon="98.51367171862955"><time>2026-03-10T03:27:55Z</time></trkpt>
      <trkpt lat="8.457554541536101" lon="98.53153405720231"><time>2026-03-10T03:36:30Z</time></trkpt>
      <trkpt lat="8.433258463636443" lon="98.51677000531788"><time>2026-03-10T03:41:36Z</time></trkpt>
      <trkpt lat="8.43011923135112" lon="98.56756425471842"><time>2026-03-10T03:49:02Z</time></trkpt>
      <trkpt lat="8.468350265182991" lon="98.59473746279123"><time>2026-03-10T03:54:06Z</time></trkpt>
      <trkpt lat="8.492725258701007" lon="98.62879615286236"><time>2026-03-10T03:59:18Z</time></trkpt>
      <trkpt lat="8.506996622317011" lon="98.67983121434104"><time>2026-03-10T04:09:17Z</time></trkpt>
      <trkpt lat="8.4396064560939" lon="98.73921322645502"><time>2026-03-10T04:19:10Z</time></trkpt>
      <trkpt lat="8.396995794035863" lon="98.74295373456435"><time>2026-03-10T04:24:12Z</time></trkpt>
      <trkpt lat="8.363013966016808" lon="98.75155750671286"><time>2026-03-10T04:29:19Z</time></trkpt>
      <trkpt lat="8.31386680249899" lon="98.77540360214074"><time>2026-03-10T04:34:22Z</time></trkpt>
      <trkpt lat="8.273076647900298" lon="98.80284687513374"><time>2026-03-10T04:39:24Z</time></trkpt>
      <trkpt lat="8.220510128893164" lon="98.808585209864"><time>2026-03-10T04:44:35Z</time></trkpt>
      <trkpt lat="8.144310121432081" lon="98.82866992624368"><time>2026-03-10T04:57:39Z</time></trkpt>
      <trkpt lat="8.122727307498568" lon="98.80406342456006"><time>2026-03-10T05:02:51Z</time></trkpt>
      <trkpt lat="8.093825625263241" lon="98.81068529570364"><time>2026-03-10T05:07:54Z</time></trkpt>
      <trkpt lat="8.06190147065377" lon="98.78468823628387"><time>2026-03-10T05:16:24Z</time></trkpt>
      <trkpt lat="8.046719664715274" lon="98.76056042509038"><time>2026-03-10T05:25:18Z</time></trkpt>
      <trkpt lat="8.052351220161087" lon="98.75275906910629"><time>2026-03-11T07:45:32Z</time></trkpt>
      <trkpt lat="8.046583683082961" lon="98.76036243115794"><time>2026-03-11T07:50:55Z</time></trkpt>
      <trkpt lat="8.052347551002846" lon="98.75276200443288"><time>2026-03-11T08:42:51Z</time></trkpt>
      <trkpt lat="8.046596513208586" lon="98.76034821392666"><time>2026-03-11T08:47:51Z</time></trkpt>
      <trkpt lat="8.05174335838114" lon="98.76124204145628"><time>2026-03-12T03:54:00Z</time></trkpt>
      <trkpt lat="8.091264325201596" lon="98.81373496735358"><time>2026-03-12T04:03:57Z</time></trkpt>
      <trkpt lat="8.094528702166562" lon="98.8066631682777"><time>2026-03-12T05:39:24Z</time></trkpt>
      <trkpt lat="8.076017504013016" lon="98.83095914082884"><time>2026-03-12T05:44:19Z</time></trkpt>
      <trkpt lat="8.083553980112153" lon="98.88911535041304"><time>2026-03-12T05:54:56Z</time></trkpt>
      <trkpt lat="8.102114698857164" lon="98.88949773283572"><time>2026-03-12T06:00:52Z</time></trkpt>
      <trkpt lat="8.102487484000719" lon="98.96770063796916"><time>2026-03-12T06:13:18Z</time></trkpt>
      <trkpt lat="8.102071280598736" lon="98.97149118604042"><time>2026-03-12T06:37:50Z</time></trkpt>
      <trkpt lat="8.067502258352999" lon="99.00085492068808"><time>2026-03-12T06:43:03Z</time></trkpt>
      <trkpt lat="8.044268963865976" lon="99.04758621016428"><time>2026-03-12T06:48:19Z</time></trkpt>
      <trkpt lat="8.018765263266879" lon="99.11501585515133"><time>2026-03-12T06:55:26Z</time></trkpt>
      <trkpt lat="7.900880584500637" lon="99.15055361585613"><time>2026-03-12T07:09:22Z</time></trkpt>
      <trkpt lat="7.850465108128491" lon="99.1713532329168"><time>2026-03-12T07:14:21Z</time></trkpt>
      <trkpt lat="7.809242620140136" lon="99.20064722197056"><time>2026-03-12T07:20:09Z</time></trkpt>
      <trkpt lat="7.79500947516127" lon="99.20765702904632"><time>2026-03-12T07:25:07Z</time></trkpt>
      <trkpt lat="7.745361579589308" lon="99.26584887327557"><time>2026-03-12T07:34:41Z</time></trkpt>
      <trkpt lat="7.734918608337393" lon="99.30739671001146"><time>2026-03-12T07:39:48Z</time></trkpt>
      <trkpt lat="7.619370426989737" lon="99.32244591424178"><time>2026-03-12T07:53:42Z</time></trkpt>
      <trkpt lat="7.563839606016468" lon="99.35581393549158"><time>2026-03-12T08:02:27Z</time></trkpt>
      <trkpt lat="7.540215589113105" lon="99.36390523808018"><time>2026-03-12T08:07:34Z</time></trkpt>
      <trkpt lat="7.4975850619445525" lon="99.33248098017586"><time>2026-03-12T08:21:06Z</time></trkpt>
      <trkpt lat="7.48989818618399" lon="99.3297172152431"><time>2026-03-12T08:32:18Z</time></trkpt>
      <trkpt lat="7.482301323331405" lon="99.33210281913529"><time>2026-03-12T09:10:23Z</time></trkpt>
      <trkpt lat="7.453536861583081" lon="99.3428093289019"><time>2026-03-12T09:24:21Z</time></trkpt>
      <trkpt lat="7.442354732199984" lon="99.34679492385997"><time>2026-03-12T09:36:55Z</time></trkpt>
      <trkpt lat="7.43731076618231" lon="99.3455514739923"><time>2026-03-12T09:52:04Z</time></trkpt>
      <trkpt lat="7.435810663650495" lon="99.34577724731338"><time>2026-03-13T01:06:34Z</time></trkpt>
      <trkpt lat="7.431367859251261" lon="99.3461001479061"><time>2026-03-13T02:33:34Z</time></trkpt>
      <trkpt lat="7.426846493042471" lon="99.36181068429664"><time>2026-03-14T03:44:47Z</time></trkpt>
      <trkpt lat="7.389834900393513" lon="99.41380052836557"><time>2026-03-14T03:55:25Z</time></trkpt>
      <trkpt lat="7.4145316751742865" lon="99.48452878752676"><time>2026-03-14T04:06:16Z</time></trkpt>
      <trkpt lat="7.486265553168474" lon="99.52041104445189"><time>2026-03-14T04:17:31Z</time></trkpt>
      <trkpt lat="7.535208826891645" lon="99.5840861835513"><time>2026-03-14T04:31:47Z</time></trkpt>
      <trkpt lat="7.547060489499935" lon="99.6264297532352"><time>2026-03-14T04:43:21Z</time></trkpt>
      <trkpt lat="7.566825072288109" lon="99.67951918030127"><time>2026-03-14T04:54:25Z</time></trkpt>
      <trkpt lat="7.560685026562799" lon="99.71349644516417"><time>2026-03-14T05:08:32Z</time></trkpt>
      <trkpt lat="7.58049314842334" lon="99.78889723317677"><time>2026-03-14T05:59:30Z</time></trkpt>
      <trkpt lat="7.563593764796447" lon="99.91555273542173"><time>2026-03-14T06:12:09Z</time></trkpt>
      <trkpt lat="7.599204406149312" lon="100.02420625658708"><time>2026-03-14T06:23:03Z</time></trkpt>
      <trkpt lat="7.596374801367145" lon="100.0565338321962"><time>2026-03-14T06:28:13Z</time></trkpt>
      <trkpt lat="7.481103331453741" lon="100.07011791820874"><time>2026-03-14T06:39:48Z</time></trkpt>
      <trkpt lat="7.3986526206204655" lon="100.10134046906614"><time>2026-03-14T06:51:21Z</time></trkpt>
      <trkpt lat="7.267137458554718" lon="100.17332282857986"><time>2026-03-14T07:06:15Z</time></trkpt>
      <trkpt lat="7.205971442169702" lon="100.20859044054542"><time>2026-03-14T07:16:59Z</time></trkpt>
      <trkpt lat="7.142378319992816" lon="100.29685003692312"><time>2026-03-14T07:28:03Z</time></trkpt>
      <trkpt lat="7.094001621014526" lon="100.34293063925611"><time>2026-03-14T07:33:42Z</time></trkpt>
      <trkpt lat="7.0499170851028055" lon="100.38209793167223"><time>2026-03-14T07:38:43Z</time></trkpt>
      <trkpt lat="6.997934899556887" lon="100.4170674082842"><time>2026-03-14T07:47:39Z</time></trkpt>
      <trkpt lat="6.99195073452498" lon="100.48534705312967"><time>2026-03-14T07:58:36Z</time></trkpt>
      <trkpt lat="7.000184403738938" lon="100.51899167718413"><time>2026-03-14T08:10:12Z</time></trkpt>
      <trkpt lat="7.003797451013041" lon="100.52309246979482"><time>2026-03-14T08:15:12Z</time></trkpt>
      <trkpt lat="6.9774299673801075" lon="100.55724877873487"><time>2026-03-14T08:27:36Z</time></trkpt>
      <trkpt lat="6.965295025153984" lon="100.55835552522964"><time>2026-03-14T08:32:46Z</time></trkpt>
      <trkpt lat="6.970268469310338" lon="100.4965710082096"><time>2026-03-14T08:44:21Z</time></trkpt>
      <trkpt lat="6.936806486925982" lon="100.46158167542933"><time>2026-03-14T08:56:07Z</time></trkpt>
      <trkpt lat="6.921140751807877" lon="100.39088610569051"><time>2026-03-14T09:06:52Z</time></trkpt>
      <trkpt lat="6.8987094797258255" lon="100.36850055689025"><time>2026-03-14T09:17:41Z</time></trkpt>
      <trkpt lat="6.888695033273556" lon="100.37260157065501"><time>2026-03-14T09:22:51Z</time></trkpt>
      <trkpt lat="6.866816966800826" lon="100.32911106022105"><time>2026-03-14T09:35:20Z</time></trkpt>
      <trkpt lat="6.867923260262253" lon="100.32819951356177"><time>2026-03-15T02:35:34Z</time></trkpt>
      <trkpt lat="6.879744376062304" lon="100.34312292011487"><time>2026-03-15T02:59:57Z</time></trkpt>
      <trkpt lat="6.877256585291472" lon="100.37126616584172"><time>2026-03-15T03:05:35Z</time></trkpt>
      <trkpt lat="6.84102874249857" lon="100.3537905682813"><time>2026-03-15T03:10:43Z</time></trkpt>
      <trkpt lat="6.796646774752808" lon="100.34586371863293"><time>2026-03-15T03:15:57Z</time></trkpt>
      <trkpt lat="6.773004950957255" lon="100.37577520166992"><time>2026-03-15T03:20:55Z</time></trkpt>
      <trkpt lat="6.794958362719689" lon="100.42300775339591"><time>2026-03-15T03:26:22Z</time></trkpt>
      <trkpt lat="6.795491999952863" lon="100.42382262656504"><time>2026-03-15T03:26:25Z</time></trkpt>
      <trkpt lat="6.793425567454466" lon="100.45315207922873"><time>2026-03-15T03:31:33Z</time></trkpt>
      <trkpt lat="6.754383500671716" lon="100.45489978985903"><time>2026-03-15T03:36:36Z</time></trkpt>
      <trkpt lat="6.703209215781375" lon="100.44307661252137"><time>2026-03-15T03:41:39Z</time></trkpt>
      <trkpt lat="6.650140411226684" lon="100.42837944822425"><time>2026-03-15T03:46:46Z</time></trkpt>
      <trkpt lat="6.634980188688854" lon="100.42318224916274"><time>2026-03-15T03:51:51Z</time></trkpt>
      <trkpt lat="6.602040985605308" lon="100.41754080923313"><time>2026-03-15T03:57:36Z</time></trkpt>
      <trkpt lat="6.554092727607632" lon="100.41371824229174"><time>2026-03-15T04:02:40Z</time></trkpt>
      <trkpt lat="6.522885854362065" lon="100.41869072252923"><time>2026-03-15T04:07:46Z</time></trkpt>
      <trkpt lat="6.518537448725215" lon="100.42080363268072"><time>2026-03-15T04:14:56Z</time></trkpt>
      <trkpt lat="6.513704401446985" lon="100.42000374766106"><time>2026-03-15T04:40:27Z</time></trkpt>
      <trkpt lat="6.505417255690792" lon="100.42243533777112"><time>2026-03-15T05:22:58Z</time></trkpt>
      <trkpt lat="6.48932442069658" lon="100.42366823190862"><time>2026-03-15T06:19:36Z</time></trkpt>
      <trkpt lat="6.455983614628186" lon="100.42920556051823"><time>2026-03-15T06:40:36Z</time></trkpt>
      <trkpt lat="6.398613494826852" lon="100.4263876565736"><time>2026-03-15T06:50:29Z</time></trkpt>
      <trkpt lat="6.266996157361443" lon="100.4306190927517"><time>2026-03-15T07:05:32Z</time></trkpt>
      <trkpt lat="6.181789375847375" lon="100.41038450794332"><time>2026-03-15T07:15:28Z</time></trkpt>
      <trkpt lat="6.089758761232802" lon="100.38834387445858"><time>2026-03-15T07:25:29Z</time></trkpt>
      <trkpt lat="6.039497978059612" lon="100.40296618836038"><time>2026-03-15T07:30:29Z</time></trkpt>
      <trkpt lat="5.972598027443487" lon="100.44341959999915"><time>2026-03-15T07:40:29Z</time></trkpt>
      <trkpt lat="5.973267867235442" lon="100.40031608203464"><time>2026-03-15T07:45:33Z</time></trkpt>
      <trkpt lat="5.937003814620838" lon="100.36423098305274"><time>2026-03-15T07:55:43Z</time></trkpt>
      <trkpt lat="5.900942478334438" lon="100.37744488576462"><time>2026-03-15T08:00:49Z</time></trkpt>
      <trkpt lat="5.860202363697682" lon="100.38290636623313"><time>2026-03-15T08:06:45Z</time></trkpt>
      <trkpt lat="5.796406776649688" lon="100.3821168747734"><time>2026-03-15T08:17:52Z</time></trkpt>
      <trkpt lat="5.794436777947279" lon="100.40246897386425"><time>2026-03-15T08:29:14Z</time></trkpt>
      <trkpt lat="5.7940336891714574" lon="100.40253386380999"><time>2026-03-15T13:38:19Z</time></trkpt>
      <trkpt lat="5.797121644896338" lon="100.37794819273492"><time>2026-03-16T03:54:34Z</time></trkpt>
      <trkpt lat="5.771402092655908" lon="100.36969648683478"><time>2026-03-16T04:05:55Z</time></trkpt>
      <trkpt lat="5.7641579071113505" lon="100.36585246222127"><time>2026-03-16T04:18:45Z</time></trkpt>
      <trkpt lat="5.759562780154645" lon="100.3645866272043"><time>2026-03-16T04:34:06Z</time></trkpt>
      <trkpt lat="5.755334162063388" lon="100.3629769315607"><time>2026-03-16T04:49:43Z</time></trkpt>
      <trkpt lat="5.749613560776891" lon="100.36197977151795"><time>2026-03-18T04:37:05Z</time></trkpt>
      <trkpt lat="5.7318007901170125" lon="100.37938246274949"><time>2026-03-18T04:42:04Z</time></trkpt>
      <trkpt lat="5.70872351993407" lon="100.46453679921149"><time>2026-03-18T04:54:58Z</time></trkpt>
      <trkpt lat="5.677904587867949" lon="100.46901748479495"><time>2026-03-18T05:01:33Z</time></trkpt>
      <trkpt lat="5.63854402397353" lon="100.46402852060316"><time>2026-03-18T05:12:08Z</time></trkpt>
      <trkpt lat="5.608929167506852" lon="100.49184311190666"><time>2026-03-18T05:23:45Z</time></trkpt>
      <trkpt lat="5.572536578407113" lon="100.45113103473601"><time>2026-03-18T05:33:10Z</time></trkpt>
      <trkpt lat="5.4625321057237555" lon="100.41879294076959"><time>2026-03-18T05:44:08Z</time></trkpt>
      <trkpt lat="5.440061101695001" lon="100.4191502184611"><time>2026-03-18T05:49:31Z</time></trkpt>
      <trkpt lat="5.3542625159075055" lon="100.39041646765581"><time>2026-03-18T06:00:40Z</time></trkpt>
      <trkpt lat="5.380111006093565" lon="100.31063826764031"><time>2026-03-18T06:11:26Z</time></trkpt>
      <trkpt lat="5.43299431913107" lon="100.29707123534781"><time>2026-03-18T06:24:34Z</time></trkpt>
      <trkpt lat="5.4390292894145835" lon="100.30691477479441"><time>2026-03-18T07:05:22Z</time></trkpt>
      <trkpt lat="5.454984743879308" lon="100.30669016846704"><time>2026-03-18T07:10:35Z</time></trkpt>
      <trkpt lat="5.476768221711253" lon="100.27487109424571"><time>2026-03-18T07:23:07Z</time></trkpt>
      <trkpt lat="5.473042042782092" lon="100.24735499267656"><time>2026-03-18T07:31:43Z</time></trkpt>
      <trkpt lat="5.465719663325439" lon="100.23937436977114"><time>2026-03-18T07:36:58Z</time></trkpt>
      <trkpt lat="5.465605789800608" lon="100.2389275656084"><time>2026-03-20T08:59:39Z</time></trkpt>
      <trkpt lat="5.465720135702875" lon="100.2392267524629"><time>2026-03-20T14:28:26Z</time></trkpt>
      <trkpt lat="5.477753304881489" lon="100.26775259533922"><time>2026-03-23T01:53:41Z</time></trkpt>
      <trkpt lat="5.456474795942619" lon="100.3073952254842"><time>2026-03-23T02:05:13Z</time></trkpt>
      <trkpt lat="5.430765612987271" lon="100.29963877992732"><time>2026-03-23T02:15:55Z</time></trkpt>
      <trkpt lat="5.405693119396833" lon="100.30342656197054"><time>2026-03-23T02:20:57Z</time></trkpt>
      <trkpt lat="5.356464022775512" lon="100.33063287856088"><time>2026-03-23T02:31:02Z</time></trkpt>
      <trkpt lat="5.355004984890441" lon="100.41633574301416"><time>2026-03-23T02:41:38Z</time></trkpt>
      <trkpt lat="5.324836210352671" lon="100.43665439831133"><time>2026-03-23T02:47:16Z</time></trkpt>
      <trkpt lat="5.242887767967994" lon="100.47580056833148"><time>2026-03-23T02:57:55Z</time></trkpt>
      <trkpt lat="5.2278365939904266" lon="100.48672713348687"><time>2026-03-23T03:03:20Z</time></trkpt>
      <trkpt lat="5.192153826360769" lon="100.487848045398"><time>2026-03-23T03:18:52Z</time></trkpt>
      <trkpt lat="5.126057113525575" lon="100.52868518056397"><time>2026-03-23T03:31:30Z</time></trkpt>
      <trkpt lat="5.0805982807698475" lon="100.58088960135409"><time>2026-03-23T03:44:22Z</time></trkpt>
      <trkpt lat="4.986229534265572" lon="100.66566349947887"><time>2026-03-23T03:58:48Z</time></trkpt>
      <trkpt lat="4.876560880807113" lon="100.66719621429282"><time>2026-03-23T04:11:56Z</time></trkpt>
      <trkpt lat="4.786235522483277" lon="100.70531853484056"><time>2026-03-23T04:24:08Z</time></trkpt>
      <trkpt lat="4.776577558372892" lon="100.8224066813484"><time>2026-03-23T04:37:53Z</time></trkpt>
      <trkpt lat="4.761954364371264" lon="100.90375305162827"><time>2026-03-23T04:51:08Z</time></trkpt>
      <trkpt lat="4.714978951965193" lon="100.94594771983189"><time>2026-03-23T05:05:59Z</time></trkpt>
      <trkpt lat="4.701432371516434" lon="100.95892818654045"><time>2026-03-23T05:59:22Z</time></trkpt>
      <trkpt lat="4.697060915645861" lon="101.022762246524"><time>2026-03-23T06:13:23Z</time></trkpt>
      <trkpt lat="4.669566177767393" lon="101.066020326783"><time>2026-03-23T06:24:16Z</time></trkpt>
      <trkpt lat="4.586578127932349" lon="101.14460888328136"><time>2026-03-23T06:35:03Z</time></trkpt>
      <trkpt lat="4.437611131001671" lon="101.18527670400327"><time>2026-03-23T06:49:57Z</time></trkpt>
      <trkpt lat="4.376388243403636" lon="101.22638189243267"><time>2026-03-23T07:04:42Z</time></trkpt>
      <trkpt lat="4.342555445622971" lon="101.23422794053445"><time>2026-03-23T07:19:49Z</time></trkpt>
      <trkpt lat="4.214620236311307" lon="101.27142624007656"><time>2026-03-23T07:34:20Z</time></trkpt>
      <trkpt lat="4.1853418294379345" lon="101.28644845457868"><time>2026-03-23T07:47:30Z</time></trkpt>
      <trkpt lat="4.177032136362211" lon="101.2918676902552"><time>2026-03-23T07:59:46Z</time></trkpt>
      <trkpt lat="4.10468193702782" lon="101.30307320514815"><time>2026-03-23T08:13:59Z</time></trkpt>
      <trkpt lat="4.004353615459059" lon="101.31695279860992"><time>2026-03-23T08:27:30Z</time></trkpt>
      <trkpt lat="3.9280049549452287" lon="101.35017229253552"><time>2026-03-23T08:40:51Z</time></trkpt>
      <trkpt lat="3.8441337458825147" lon="101.39507146561648"><time>2026-03-23T08:52:18Z</time></trkpt>
      <trkpt lat="3.8308739103412544" lon="101.40383767904844"><time>2026-03-23T08:58:58Z</time></trkpt>
      <trkpt lat="3.7925203749945315" lon="101.43676422545819"><time>2026-03-23T09:04:02Z</time></trkpt>
      <trkpt lat="3.787365169267903" lon="101.4991540835253"><time>2026-03-23T09:18:49Z</time></trkpt>
      <trkpt lat="3.8174637453666116" lon="101.50093439975893"><time>2026-03-23T09:33:58Z</time></trkpt>
      <trkpt lat="3.8179665339112825" lon="101.50146618931647"><time>2026-03-23T14:23:45Z</time></trkpt>
      <trkpt lat="3.788872486915243" lon="101.49741550916944"><time>2026-03-24T04:11:17Z</time></trkpt>
      <trkpt lat="3.693669238131208" lon="101.52466096924759"><time>2026-03-24T04:24:26Z</time></trkpt>
      <trkpt lat="3.661189028065336" lon="101.53724983343997"><time>2026-03-24T04:30:53Z</time></trkpt>
      <trkpt lat="3.542628474536857" lon="101.51871819989897"><time>2026-03-24T04:44:35Z</time></trkpt>
      <trkpt lat="3.385445075112754" lon="101.55879878448467"><time>2026-03-24T04:59:28Z</time></trkpt>
      <trkpt lat="3.2700196886465602" lon="101.54630673127393"><time>2026-03-24T05:12:16Z</time></trkpt>
      <trkpt lat="3.173630861568426" lon="101.51923058563985"><time>2026-03-24T05:24:01Z</time></trkpt>
      <trkpt lat="3.165970975536076" lon="101.5188929625801"><time>2026-03-24T05:57:28Z</time></trkpt>
      <trkpt lat="3.1096437899424783" lon="101.54558010408799"><time>2026-03-24T06:04:33Z</time></trkpt>
      <trkpt lat="3.1069335015519584" lon="101.55115113603095"><time>2026-03-24T06:14:58Z</time></trkpt>
      <trkpt lat="3.109679496849989" lon="101.5467260778896"><time>2026-03-24T06:59:56Z</time></trkpt>
      <trkpt lat="3.202731614004078" lon="101.50702008055663"><time>2026-03-24T07:12:44Z</time></trkpt>
      <trkpt lat="3.271366115662522" lon="101.56245295899134"><time>2026-03-24T07:24:40Z</time></trkpt>
      <trkpt lat="3.2967990729988523" lon="101.6041397676818"><time>2026-03-24T07:30:13Z</time></trkpt>
      <trkpt lat="3.3018821877625313" lon="101.59923730056583"><time>2026-03-24T07:40:11Z</time></trkpt>
      <trkpt lat="3.2979859021957645" lon="101.61953101428996"><time>2026-03-24T08:58:58Z</time></trkpt>
      <trkpt lat="3.3010548891595475" lon="101.60216943331096"><time>2026-03-24T09:03:57Z</time></trkpt>
      <trkpt lat="3.295815205204576" lon="101.61307806158588"><time>2026-03-24T09:15:46Z</time></trkpt>
      <trkpt lat="3.2998668939077778" lon="101.60805742762601"><time>2026-03-24T09:24:17Z</time></trkpt>
      <trkpt lat="3.291526939722981" lon="101.63064401606249"><time>2026-03-24T09:29:21Z</time></trkpt>
      <trkpt lat="3.2581032626361193" lon="101.64381877528656"><time>2026-03-24T09:39:26Z</time></trkpt>
      <trkpt lat="3.2581987744227594" lon="101.63869734862972"><time>2026-03-24T09:54:33Z</time></trkpt>
      <trkpt lat="3.2570494897693925" lon="101.64322407925654"><time>2026-03-26T04:40:16Z</time></trkpt>
      <trkpt lat="3.288182476538502" lon="101.58263876112325"><time>2026-03-26T04:53:15Z</time></trkpt>
      <trkpt lat="3.2284134300455714" lon="101.51471835570551"><time>2026-03-26T05:03:38Z</time></trkpt>
      <trkpt lat="3.1295051705121337" lon="101.52512105191268"><time>2026-03-26T05:15:30Z</time></trkpt>
      <trkpt lat="3.1105475267424345" lon="101.55046155685703"><time>2026-03-26T05:21:33Z</time></trkpt>
      <trkpt lat="3.135039447809695" lon="101.59562970521077"><time>2026-03-26T06:28:30Z</time></trkpt>
      <trkpt lat="3.148696494131642" lon="101.66382124969952"><time>2026-03-26T06:36:35Z</time></trkpt>
      <trkpt lat="3.1361086271118097" lon="101.69205117554182"><time>2026-03-26T06:41:30Z</time></trkpt>
      <trkpt lat="3.1313381670072036" lon="101.71511415401633"><time>2026-03-26T06:48:18Z</time></trkpt>
      <trkpt lat="3.134724214073043" lon="101.7181631263766"><time>2026-03-26T07:07:15Z</time></trkpt>
      <trkpt lat="3.1341534870072336" lon="101.71785753861379"><time>2026-03-26T11:07:45Z</time></trkpt>
      <trkpt lat="3.1345977634220703" lon="101.71362200761374"><time>2026-04-02T01:33:09Z</time></trkpt>
      <trkpt lat="3.134649479764639" lon="101.71299730437036"><time>2026-04-02T01:35:29Z</time></trkpt>
      <trkpt lat="3.1430573668360178" lon="101.66137433620324"><time>2026-04-02T01:50:20Z</time></trkpt>
      <trkpt lat="3.133949548940299" lon="101.60351187931522"><time>2026-04-02T01:58:04Z</time></trkpt>
      <trkpt lat="3.1100326683401223" lon="101.54733586134533"><time>2026-04-02T02:07:42Z</time></trkpt>
      <trkpt lat="3.1068635714010466" lon="101.55133901143957"><time>2026-04-02T02:13:39Z</time></trkpt>
      <trkpt lat="3.098451266999448" lon="101.54514131145696"><time>2026-04-02T03:59:06Z</time></trkpt>
      <trkpt lat="3.1371956924005757" lon="101.59637359911724"><time>2026-04-02T04:10:51Z</time></trkpt>
      <trkpt lat="3.1764768110617774" lon="101.65656044157376"><time>2026-04-02T04:21:34Z</time></trkpt>
      <trkpt lat="3.1914896797418515" lon="101.69312867345445"><time>2026-04-02T04:33:13Z</time></trkpt>
      <trkpt lat="3.2422542991146837" lon="101.72706674793896"><time>2026-04-02T04:44:06Z</time></trkpt>
      <trkpt lat="3.344707181680337" lon="101.77181915389538"><time>2026-04-02T04:58:47Z</time></trkpt>
      <trkpt lat="3.4083389025213275" lon="101.89238604167652"><time>2026-04-02T05:13:57Z</time></trkpt>
      <trkpt lat="3.481283211152517" lon="101.95157535383659"><time>2026-04-02T05:26:03Z</time></trkpt>
      <trkpt lat="3.4810854820567005" lon="102.07638524482219"><time>2026-04-02T05:43:07Z</time></trkpt>
      <trkpt lat="3.528569256890126" lon="102.22589559862597"><time>2026-04-02T05:56:16Z</time></trkpt>
      <trkpt lat="3.50600976969823" lon="102.39521364988684"><time>2026-04-02T06:11:08Z</time></trkpt>
      <trkpt lat="3.5123681303434386" lon="102.43991377314285"><time>2026-04-02T06:17:06Z</time></trkpt>
      <trkpt lat="3.526698625649816" lon="102.4770308286906"><time>2026-04-02T06:52:28Z</time></trkpt>
      <trkpt lat="3.4955604080097378" lon="102.52983878045697"><time>2026-04-02T07:05:20Z</time></trkpt>
      <trkpt lat="3.489719093780489" lon="102.58531915033477"><time>2026-04-02T07:14:49Z</time></trkpt>
      <trkpt lat="3.48252465288584" lon="102.59293984939067"><time>2026-04-02T07:33:55Z</time></trkpt>
      <trkpt lat="3.4825760358976963" lon="102.59234192790704"><time>2026-04-05T00:48:15Z</time></trkpt>
      <trkpt lat="3.4862130252111028" lon="102.58765518233923"><time>2026-04-05T03:05:52Z</time></trkpt>
      <trkpt lat="3.5139251500400843" lon="102.56892238753156"><time>2026-04-05T03:11:26Z</time></trkpt>
      <trkpt lat="3.492921064611052" lon="102.53074801536512"><time>2026-04-05T03:16:44Z</time></trkpt>
      <trkpt lat="3.5728562576729552" lon="102.56087039606884"><time>2026-04-05T03:30:03Z</time></trkpt>
      <trkpt lat="3.573200250979115" lon="102.7397445683393"><time>2026-04-05T03:45:26Z</time></trkpt>
      <trkpt lat="3.6851007118855463" lon="102.87150724800571"><time>2026-04-05T04:00:25Z</time></trkpt>
      <trkpt lat="3.7245028652285455" lon="102.92032403881002"><time>2026-04-05T04:06:00Z</time></trkpt>
      <trkpt lat="3.7243066835089254" lon="102.92523258624045"><time>2026-04-05T04:41:55Z</time></trkpt>
      <trkpt lat="3.720106850381679" lon="103.03486308092533"><time>2026-04-05T05:08:48Z</time></trkpt>
      <trkpt lat="3.7258979992598737" lon="103.09047582679176"><time>2026-04-05T05:13:49Z</time></trkpt>
      <trkpt lat="3.7627254099048306" lon="103.13964392769594"><time>2026-04-05T05:18:50Z</time></trkpt>
      <trkpt lat="3.814864759824699" lon="103.1633965164275"><time>2026-04-05T05:23:50Z</time></trkpt>
      <trkpt lat="3.8413861445756226" lon="103.20639041135223"><time>2026-04-05T05:28:51Z</time></trkpt>
      <trkpt lat="3.843472650844079" lon="103.21050334585124"><time>2026-04-05T05:33:51Z</time></trkpt>
      <trkpt lat="3.8743724369896024" lon="103.23750671651644"><time>2026-04-05T05:38:52Z</time></trkpt>
      <trkpt lat="3.8628502084824947" lon="103.25031240804948"><time>2026-04-05T05:43:53Z</time></trkpt>
      <trkpt lat="3.839951414055116" lon="103.26419058806549"><time>2026-04-05T05:48:54Z</time></trkpt>
      <trkpt lat="3.821478133386968" lon="103.28961390349109"><time>2026-04-05T05:53:54Z</time></trkpt>
      <trkpt lat="3.8084658925010024" lon="103.29572745592054"><time>2026-04-05T05:58:55Z</time></trkpt>
      <trkpt lat="3.7832470757061785" lon="103.31772968436172"><time>2026-04-05T06:03:56Z</time></trkpt>
      <trkpt lat="3.7591376481193004" lon="103.31514030132423"><time>2026-04-05T06:08:56Z</time></trkpt>
      <trkpt lat="3.7314539745095794" lon="103.3187766374475"><time>2026-04-05T06:13:56Z</time></trkpt>
      <trkpt lat="3.724088111833337" lon="103.32869204244659"><time>2026-04-05T06:18:57Z</time></trkpt>
      <trkpt lat="3.7428865162690568" lon="103.3117434104004"><time>2026-04-07T02:20:44Z</time></trkpt>
      <trkpt lat="3.650114270861866" lon="103.30304215671802"><time>2026-04-07T02:33:44Z</time></trkpt>
      <trkpt lat="3.5913904896039432" lon="103.35209766412466"><time>2026-04-07T02:46:26Z</time></trkpt>
      <trkpt lat="3.541050706993361" lon="103.38434066633077"><time>2026-04-07T02:56:31Z</time></trkpt>
      <trkpt lat="3.480745679702126" lon="103.41797154406403"><time>2026-04-07T03:09:01Z</time></trkpt>
      <trkpt lat="3.28276546206631" lon="103.43061631555057"><time>2026-04-07T03:27:46Z</time></trkpt>
      <trkpt lat="3.1493816385074975" lon="103.43728881338932"><time>2026-04-07T03:40:18Z</time></trkpt>
      <trkpt lat="3.0091788852615364" lon="103.42726045297778"><time>2026-04-07T03:53:29Z</time></trkpt>
      <trkpt lat="2.880408084022701" lon="103.42831254946387"><time>2026-04-07T04:05:12Z</time></trkpt>
      <trkpt lat="2.8004345018442725" lon="103.47772671850721"><time>2026-04-07T04:15:35Z</time></trkpt>
      <trkpt lat="2.7279296983058825" lon="103.55077927941787"><time>2026-04-07T04:29:43Z</time></trkpt>
      <trkpt lat="2.6589769776935306" lon="103.62108592884952"><time>2026-04-07T04:40:19Z</time></trkpt>
      <trkpt lat="2.624664315956295" lon="103.67475818852304"><time>2026-04-07T04:52:09Z</time></trkpt>
      <trkpt lat="2.5493910536193747" lon="103.75977524565883"><time>2026-04-07T05:07:18Z</time></trkpt>
      <trkpt lat="2.5096511933975942" lon="103.83379046814873"><time>2026-04-07T05:19:12Z</time></trkpt>
      <trkpt lat="2.5235571060353177" lon="103.82942182021571"><time>2026-04-07T05:29:46Z</time></trkpt>
      <trkpt lat="2.4885703297355106" lon="103.80469026053679"><time>2026-04-08T01:06:29Z</time></trkpt>
      <trkpt lat="2.4339599674590247" lon="103.83932721810773"><time>2026-04-08T01:20:46Z</time></trkpt>
      <trkpt lat="2.446181871930553" lon="103.84976930925981"><time>2026-04-08T03:05:13Z</time></trkpt>
      <trkpt lat="2.4758997838967254" lon="103.87225527326005"><time>2026-04-08T03:11:30Z</time></trkpt>
      <trkpt lat="2.51511875074591" lon="103.90169067317983"><time>2026-04-08T03:20:07Z</time></trkpt>
      <trkpt lat="2.5759621476778536" lon="103.94716618592287"><time>2026-04-08T03:33:36Z</time></trkpt>
      <trkpt lat="2.638424593026413" lon="104.00287181148678"><time>2026-04-08T03:48:22Z</time></trkpt>
      <trkpt lat="2.6925651077206174" lon="104.05083633037661"><time>2026-04-08T04:01:06Z</time></trkpt>
      <trkpt lat="2.753853667530002" lon="104.10914294431369"><time>2026-04-08T04:16:00Z</time></trkpt>
      <trkpt lat="2.7616232720778444" lon="104.12177385559967"><time>2026-04-08T04:22:05Z</time></trkpt>
      <trkpt lat="2.7703439380450403" lon="104.12072382858295"><time>2026-04-08T04:38:01Z</time></trkpt>
      <trkpt lat="2.771355922696959" lon="104.12079741111062"><time>2026-04-08T04:38:05Z</time></trkpt>
      <trkpt lat="2.783101596428712" lon="104.11540252486253"><time>2026-04-14T04:15:49Z</time></trkpt>
      <trkpt lat="2.817897526549937" lon="104.15580499926969"><time>2026-04-14T04:28:40Z</time></trkpt>
      <trkpt lat="2.8032649593504" lon="104.16519932287365"><time>2026-04-14T04:45:42Z</time></trkpt>
      <trkpt lat="2.7913661779677663" lon="104.2025783612987"><time>2026-04-14T05:00:18Z</time></trkpt>
      <trkpt lat="2.814882976768114" lon="104.15272774973097"><time>2026-04-16T23:49:45Z</time></trkpt>
      <trkpt lat="2.818814179683776" lon="104.1582614139417"><time>2026-04-16T23:54:56Z</time></trkpt>
      <trkpt lat="2.7802076109636493" lon="104.10432537472973"><time>2026-04-17T01:32:53Z</time></trkpt>
      <trkpt lat="2.743353950793616" lon="104.07576696025586"><time>2026-04-17T01:41:44Z</time></trkpt>
      <trkpt lat="2.7190980204829662" lon="104.05553537248771"><time>2026-04-17T01:47:37Z</time></trkpt>
      <trkpt lat="2.656486420894653" lon="104.00229102941603"><time>2026-04-17T02:03:03Z</time></trkpt>
      <trkpt lat="2.595425555484924" lon="103.95483872862901"><time>2026-04-17T02:17:46Z</time></trkpt>
      <trkpt lat="2.5319886300736405" lon="103.91087086880944"><time>2026-04-17T02:32:31Z</time></trkpt>
      <trkpt lat="2.4764776817831726" lon="103.87071866226171"><time>2026-04-17T02:45:50Z</time></trkpt>
      <trkpt lat="2.434809082524009" lon="103.83876599785506"><time>2026-04-17T02:59:34Z</time></trkpt>
      <trkpt lat="2.4301480387390377" lon="103.83948902219423"><time>2026-04-17T06:21:02Z</time></trkpt>
      <trkpt lat="2.44049948640395" lon="103.83328654813006"><time>2026-04-17T06:26:13Z</time></trkpt>
      <trkpt lat="2.4763520294823462" lon="103.81079521971178"><time>2026-04-17T06:33:20Z</time></trkpt>
      <trkpt lat="2.5049666859159343" lon="103.82541322668528"><time>2026-04-17T06:39:31Z</time></trkpt>
      <trkpt lat="2.524664439849197" lon="103.82872203510198"><time>2026-04-17T06:45:34Z</time></trkpt>
      <trkpt lat="2.523649238454118" lon="103.82936383908853"><time>2026-04-17T06:45:37Z</time></trkpt>
      <trkpt lat="2.5233428615875084" lon="103.8294956936907"><time>2026-04-18T12:46:46Z</time></trkpt>
      <trkpt lat="2.5236676338335444" lon="103.82944984849827"><time>2026-04-18T13:11:30Z</time></trkpt>
      <trkpt lat="2.519818115529688" lon="103.83157653855639"><time>2026-04-18T14:04:53Z</time></trkpt>
      <trkpt lat="2.524111111458509" lon="103.82908056440813"><time>2026-04-18T14:10:24Z</time></trkpt>
      <trkpt lat="2.523613670436322" lon="103.82942539653928"><time>2026-04-18T14:10:28Z</time></trkpt>
      <trkpt lat="2.523949083849928" lon="103.82916366088146"><time>2026-04-19T10:17:37Z</time></trkpt>
      <trkpt lat="2.5066115800314646" lon="103.8267818559928"><time>2026-04-20T00:52:32Z</time></trkpt>
      <trkpt lat="2.488313885407977" lon="103.80486175427568"><time>2026-04-20T00:58:06Z</time></trkpt>
      <trkpt lat="2.4305910291172848" lon="103.83536810996368"><time>2026-04-20T01:06:05Z</time></trkpt>
      <trkpt lat="2.4175853747897014" lon="103.82971996451153"><time>2026-04-20T01:13:47Z</time></trkpt>
      <trkpt lat="2.3913504369579175" lon="103.77203009100982"><time>2026-04-20T01:23:28Z</time></trkpt>
      <trkpt lat="2.3636555811412294" lon="103.65538224587557"><time>2026-04-20T01:38:36Z</time></trkpt>
      <trkpt lat="2.2569583542665996" lon="103.59375044713131"><time>2026-04-20T01:53:22Z</time></trkpt>
      <trkpt lat="2.171031692998643" lon="103.49477257589203"><time>2026-04-20T02:08:07Z</time></trkpt>
      <trkpt lat="2.1068082097937415" lon="103.40017441669795"><time>2026-04-20T02:22:52Z</time></trkpt>
      <trkpt lat="2.0374625874702237" lon="103.33290922465113"><time>2026-04-20T02:37:27Z</time></trkpt>
      <trkpt lat="2.0132680563274894" lon="103.28596855523371"><time>2026-04-20T02:54:16Z</time></trkpt>
      <trkpt lat="1.9931600382570114" lon="103.25947956191679"><time>2026-04-20T03:11:11Z</time></trkpt>
      <trkpt lat="1.9859175175038961" lon="103.25048705268169"><time>2026-04-20T05:02:59Z</time></trkpt>
      <trkpt lat="1.9310616189631922" lon="103.18477476025296"><time>2026-04-20T05:19:48Z</time></trkpt>
      <trkpt lat="1.9715594546887758" lon="103.1101457309938"><time>2026-04-20T05:34:14Z</time></trkpt>
      <trkpt lat="1.9879748253170288" lon="103.04208425814569"><time>2026-04-20T05:48:54Z</time></trkpt>
      <trkpt lat="1.9538942128381096" lon="103.02724337578371"><time>2026-04-20T06:03:11Z</time></trkpt>
      <trkpt lat="1.9495841162297405" lon="103.01898297863362"><time>2026-04-20T06:24:23Z</time></trkpt>
      <trkpt lat="1.948415637018111" lon="102.96139871711186"><time>2026-04-20T06:30:37Z</time></trkpt>
      <trkpt lat="1.9765512971225907" lon="102.88231361666962"><time>2026-04-20T06:41:09Z</time></trkpt>
      <trkpt lat="2.0184001280013644" lon="102.8507873510037"><time>2026-04-20T06:55:24Z</time></trkpt>
      <trkpt lat="2.0062938099745717" lon="102.84189725304287"><time>2026-04-20T07:51:40Z</time></trkpt>
      <trkpt lat="2.006807802010991" lon="102.82270358364846"><time>2026-04-21T02:01:15Z</time></trkpt>
      <trkpt lat="2.0277038130421183" lon="102.74836057287246"><time>2026-04-21T02:13:13Z</time></trkpt>
      <trkpt lat="2.0417296886463108" lon="102.65736219482743"><time>2026-04-21T02:25:36Z</time></trkpt>
      <trkpt lat="2.0496169757117046" lon="102.60571324276049"><time>2026-04-21T02:39:52Z</time></trkpt>
      <trkpt lat="2.084588203581129" lon="102.5761937723519"><time>2026-04-21T02:50:14Z</time></trkpt>
      <trkpt lat="2.1251411503200655" lon="102.50427218163618"><time>2026-04-21T03:02:34Z</time></trkpt>
      <trkpt lat="2.1757391374578474" lon="102.44302796209458"><time>2026-04-21T03:15:06Z</time></trkpt>
      <trkpt lat="2.190691027792348" lon="102.32984410608404"><time>2026-04-21T03:27:35Z</time></trkpt>
      <trkpt lat="2.1889552194645523" lon="102.26566261621403"><time>2026-04-21T03:39:59Z</time></trkpt>
      <trkpt lat="2.2040140209740064" lon="102.22216506498141"><time>2026-04-21T03:52:15Z</time></trkpt>
      <trkpt lat="2.219737255947869" lon="102.18515829192678"><time>2026-04-21T04:04:24Z</time></trkpt>
      <trkpt lat="2.218733857353763" lon="102.1857577636564"><time>2026-04-22T06:17:50Z</time></trkpt>
      <trkpt lat="2.2190916171008106" lon="102.18543288252468"><time>2026-04-22T06:17:57Z</time></trkpt>
      <trkpt lat="2.219538074010386" lon="102.18521377332046"><time>2026-04-23T10:04:50Z</time></trkpt>
      <trkpt lat="2.219125790622202" lon="102.18536975316692"><time>2026-04-23T10:05:08Z</time></trkpt>
      <trkpt lat="2.218574421192805" lon="102.18592862779347"><time>2026-04-24T10:36:59Z</time></trkpt>
      <trkpt lat="2.2191032487919733" lon="102.19318287456612"><time>2026-04-26T05:47:04Z</time></trkpt>
      <trkpt lat="2.25882777013095" lon="102.22179366285188"><time>2026-04-26T05:58:42Z</time></trkpt>
      <trkpt lat="2.287968168968603" lon="102.24395306790456"><time>2026-04-26T06:10:41Z</time></trkpt>
      <trkpt lat="2.327794823797725" lon="102.27988611916292"><time>2026-04-26T06:27:53Z</time></trkpt>
      <trkpt lat="2.425058344381326" lon="102.21150680454653"><time>2026-04-26T06:38:25Z</time></trkpt>
      <trkpt lat="2.4833805905678155" lon="102.10103851752551"><time>2026-04-26T06:50:09Z</time></trkpt>
      <trkpt lat="2.569766831586668" lon="102.04050617302026"><time>2026-04-26T07:03:16Z</time></trkpt>
      <trkpt lat="2.6604402484397034" lon="101.98268143469652"><time>2026-04-26T07:18:32Z</time></trkpt>
      <trkpt lat="2.713299882600748" lon="101.9184655790235"><time>2026-04-26T07:30:09Z</time></trkpt>
      <trkpt lat="2.756300722251419" lon="101.84606345379896"><time>2026-04-26T07:42:37Z</time></trkpt>
      <trkpt lat="2.7710833400513706" lon="101.82051935242659"><time>2026-04-26T07:57:40Z</time></trkpt>
      <trkpt lat="2.8489933814879964" lon="101.78663240755142"><time>2026-04-26T08:08:09Z</time></trkpt>
      <trkpt lat="2.8503386350375135" lon="101.65526803592374"><time>2026-04-26T08:23:16Z</time></trkpt>
      <trkpt lat="2.9316696664345745" lon="101.59948504539355"><time>2026-04-26T08:35:24Z</time></trkpt>
      <trkpt lat="3.045171028937255" lon="101.56909394087415"><time>2026-04-26T08:47:07Z</time></trkpt>
      <trkpt lat="3.10713806189886" lon="101.54630027720849"><time>2026-04-26T08:57:52Z</time></trkpt>
      <trkpt lat="3.1060953950538357" lon="101.55110042551676"><time>2026-04-27T01:15:58Z</time></trkpt>
      <trkpt lat="3.102503020225302" lon="101.54775984871257"><time>2026-04-27T01:48:25Z</time></trkpt>
      <trkpt lat="3.074270901273074" lon="101.5556279943339"><time>2026-04-27T01:58:44Z</time></trkpt>
      <trkpt lat="3.031970537270449" lon="101.55246013784925"><time>2026-04-27T02:10:56Z</time></trkpt>
      <trkpt lat="2.986629134978155" lon="101.50259234020626"><time>2026-04-27T02:21:13Z</time></trkpt>
      <trkpt lat="2.999815838414244" lon="101.49965842263913"><time>2026-04-27T02:32:20Z</time></trkpt>
      <trkpt lat="3.0102156428648255" lon="101.46960619846496"><time>2026-04-27T03:30:50Z</time></trkpt>
      <trkpt lat="3.013999974635642" lon="101.45727441315995"><time>2026-04-27T03:42:16Z</time></trkpt>
      <trkpt lat="3.017397299411723" lon="101.41882502483335"><time>2026-04-27T03:53:57Z</time></trkpt>
      <trkpt lat="3.0120112979812657" lon="101.41361139724162"><time>2026-04-27T04:04:42Z</time></trkpt>
      <trkpt lat="3.009356815612434" lon="101.40952057886007"><time>2026-04-27T06:51:49Z</time></trkpt>
      <trkpt lat="3.012376211311813" lon="101.41097514143925"><time>2026-04-27T06:51:58Z</time></trkpt>
      <trkpt lat="3.01029381727269" lon="101.41026071813047"><time>2026-04-28T05:08:29Z</time></trkpt>
      <trkpt lat="3.01374316" lon="101.41166687"><time>2026-04-28T05:28:09Z</time></trkpt>
      <trkpt lat="3.012477940288146" lon="101.41124761839764"><time>2026-04-29T04:22:26Z</time></trkpt>
      <trkpt lat="3.0128469148974615" lon="101.41137463753606"><time>2026-04-29T04:23:14Z</time></trkpt>
      <trkpt lat="3.0137021614038275" lon="101.4116346217202"><time>2026-04-29T09:42:57Z</time></trkpt>
      <trkpt lat="3.0053743684486443" lon="101.40328426720822"><time>2026-04-30T01:24:35Z</time></trkpt>
      <trkpt lat="3.0049603991238447" lon="101.40319277541842"><time>2026-04-30T01:24:40Z</time></trkpt>
      <trkpt lat="2.9836410703165304" lon="101.42095629135278"><time>2026-04-30T01:33:17Z</time></trkpt>
      <trkpt lat="2.9830366093693144" lon="101.47349364133689"><time>2026-04-30T01:39:27Z</time></trkpt>
      <trkpt lat="2.9594022827250503" lon="101.50129951546108"><time>2026-04-30T01:45:06Z</time></trkpt>
      <trkpt lat="2.8354748804148615" lon="101.5949059278719"><time>2026-04-30T02:03:42Z</time></trkpt>
      <trkpt lat="2.7888865442972524" lon="101.67279945695928"><time>2026-04-30T02:17:39Z</time></trkpt>
      <trkpt lat="2.789223794330215" lon="101.67466377272918"><time>2026-04-30T02:17:57Z</time></trkpt>
      <trkpt lat="2.7433505142133154" lon="101.6855089367383"><time>2026-04-30T02:35:33Z</time></trkpt>
      <trkpt lat="8.014033951916739" lon="98.94509687732749"><time>2026-04-30T18:16:25Z</time></trkpt>
      <trkpt lat="8.012122227817784" lon="98.9615207445798"><time>2026-05-02T04:35:43Z</time></trkpt>
      <trkpt lat="8.019070867456513" lon="98.99254124620835"><time>2026-05-02T05:44:47Z</time></trkpt>
      <trkpt lat="7.941636289477294" lon="99.14506296636456"><time>2026-05-02T06:13:32Z</time></trkpt>
      <trkpt lat="7.6957535790351175" lon="99.09777612434615"><time>2026-05-02T06:56:20Z</time></trkpt>
      <trkpt lat="7.666377774446891" lon="99.05500662522302"><time>2026-05-02T08:07:53Z</time></trkpt>
      <trkpt lat="7.592610351477819" lon="99.03249234438125"><time>2026-05-02T08:37:35Z</time></trkpt>
      <trkpt lat="7.63932092842702" lon="99.03411205749268"><time>2026-05-06T06:37:12Z</time></trkpt>
      <trkpt lat="7.681317217655183" lon="99.0897527989923"><time>2026-05-06T06:52:02Z</time></trkpt>
      <trkpt lat="7.691188360602736" lon="99.09855039308898"><time>2026-05-06T07:29:32Z</time></trkpt>
      <trkpt lat="7.707238253213192" lon="99.08850716436197"><time>2026-05-06T07:37:15Z</time></trkpt>
      <trkpt lat="7.75603748393036" lon="99.0909405146717"><time>2026-05-06T07:42:43Z</time></trkpt>
      <trkpt lat="7.830154253177186" lon="99.09686165871014"><time>2026-05-06T07:55:23Z</time></trkpt>
      <trkpt lat="7.94025235344464" lon="99.14430163809949"><time>2026-05-06T08:09:25Z</time></trkpt>
      <trkpt lat="8.068934935152594" lon="98.99909321227949"><time>2026-05-06T08:24:09Z</time></trkpt>
      <trkpt lat="8.09882891901136" lon="98.98119967845453"><time>2026-05-06T09:20:50Z</time></trkpt>
      <trkpt lat="2.8058647889663866" lon="101.6950531172587"><time>2026-05-06T14:34:33Z</time></trkpt>
      <trkpt lat="2.821478527513415" lon="101.69390666723838"><time>2026-05-08T00:39:33Z</time></trkpt>
      <trkpt lat="2.8052200656410355" lon="101.69975842358703"><time>2026-05-08T00:45:02Z</time></trkpt>
      <trkpt lat="2.7443034946944045" lon="101.68554640384548"><time>2026-05-08T00:55:45Z</time></trkpt>
      <trkpt lat="2.7578795375328116" lon="101.70142927216524"><time>2026-05-08T01:50:40Z</time></trkpt>
      <trkpt lat="2.7611250523503506" lon="101.70263542803163"><time>2026-05-08T01:59:59Z</time></trkpt>
      <trkpt lat="2.754893473945316" lon="101.70361415208359"><time>2026-05-08T02:04:58Z</time></trkpt>
      <trkpt lat="2.7528095274765048" lon="101.70527549708152"><time>2026-05-08T02:20:30Z</time></trkpt>
      <trkpt lat="8.037604428835248" lon="99.03680993253275"><time>2026-05-08T04:35:52Z</time></trkpt>
      <trkpt lat="8.098840809907854" lon="98.98138348886033"><time>2026-05-08T04:42:48Z</time></trkpt>
      <trkpt lat="8.071348671808906" lon="98.99772989572864"><time>2026-05-08T05:13:33Z</time></trkpt>
      <trkpt lat="8.042704594284377" lon="99.06430600410235"><time>2026-05-08T05:21:42Z</time></trkpt>
      <trkpt lat="7.917799570024092" lon="99.14823073632542"><time>2026-05-08T05:35:15Z</time></trkpt>
      <trkpt lat="7.917203083641749" lon="99.14832109594639"><time>2026-05-08T05:35:18Z</time></trkpt>
      <trkpt lat="7.916602268822413" lon="99.14839167157109"><time>2026-05-08T05:35:19Z</time></trkpt>
      <trkpt lat="7.916386560544294" lon="99.14866332905288"><time>2026-05-08T05:35:21Z</time></trkpt>
      <trkpt lat="7.915880000226121" lon="99.14870951333936"><time>2026-05-08T05:35:23Z</time></trkpt>
      <trkpt lat="7.91546631139509" lon="99.1487783287644"><time>2026-05-08T05:35:25Z</time></trkpt>
      <trkpt lat="7.915016119375745" lon="99.14880640814002"><time>2026-05-08T05:35:28Z</time></trkpt>
      <trkpt lat="7.914607398196993" lon="99.14886566228027"><time>2026-05-08T05:35:30Z</time></trkpt>
      <trkpt lat="7.9141949006295675" lon="99.14893525339839"><time>2026-05-08T05:35:32Z</time></trkpt>
      <trkpt lat="7.913781086990862" lon="99.14899972954241"><time>2026-05-08T05:35:34Z</time></trkpt>
      <trkpt lat="7.9133700206047015" lon="99.1490540227053"><time>2026-05-08T05:35:36Z</time></trkpt>
      <trkpt lat="7.912952278359793" lon="99.14910868713353"><time>2026-05-08T05:35:38Z</time></trkpt>
      <trkpt lat="7.9125384150254074" lon="99.149164902517"><time>2026-05-08T05:35:40Z</time></trkpt>
      <trkpt lat="7.708938061266866" lon="99.08869894230654"><time>2026-05-08T06:00:00Z</time></trkpt>
      <trkpt lat="7.693076231524062" lon="99.09891463825394"><time>2026-05-08T06:07:21Z</time></trkpt>
      <trkpt lat="7.682316195886201" lon="99.09068765233158"><time>2026-05-08T06:25:14Z</time></trkpt>
      <trkpt lat="7.642622329301799" lon="99.0423531365572"><time>2026-05-08T06:40:28Z</time></trkpt>
      <trkpt lat="7.595459581359844" lon="99.03521125214084"><time>2026-05-08T06:48:31Z</time></trkpt>
      <trkpt lat="7.593455235851544" lon="99.03218863323147"><time>2026-05-08T06:53:15Z</time></trkpt>
      <trkpt lat="7.592693641729718" lon="99.03254009585746"><time>2026-05-09T01:48:59Z</time></trkpt>
      <trkpt lat="7.598785495488598" lon="99.03630155006475"><time>2026-05-10T04:26:34Z</time></trkpt>
      <trkpt lat="7.608334102375572" lon="99.03380917992217"><time>2026-05-10T04:33:45Z</time></trkpt>
      <trkpt lat="7.607882148593299" lon="99.03329472998067"><time>2026-05-12T05:48:15Z</time></trkpt>
      <trkpt lat="7.626349576756009" lon="99.03344736443742"><time>2026-05-18T00:43:29Z</time></trkpt>
      <trkpt lat="7.675659349195357" lon="99.07122250655578"><time>2026-05-18T00:54:09Z</time></trkpt>
      <trkpt lat="7.681945189840795" lon="99.08972228886475"><time>2026-05-18T00:59:40Z</time></trkpt>
      <trkpt lat="7.691773039716405" lon="99.09783019101813"><time>2026-05-18T01:27:22Z</time></trkpt>
      <trkpt lat="7.697853958241359" lon="99.0932683368205"><time>2026-05-18T01:32:41Z</time></trkpt>
      <trkpt lat="7.75875829160936" lon="99.0915414971291"><time>2026-05-18T01:38:52Z</time></trkpt>
      <trkpt lat="7.811554436264545" lon="99.09123653871283"><time>2026-05-18T01:45:36Z</time></trkpt>
      <trkpt lat="7.839724690033807" lon="99.11915552478263"><time>2026-05-18T01:53:48Z</time></trkpt>
      <trkpt lat="7.839774121537655" lon="99.11968348557048"><time>2026-05-18T01:53:51Z</time></trkpt>
      <trkpt lat="7.839778983041494" lon="99.1200244613915"><time>2026-05-18T01:53:53Z</time></trkpt>
      <trkpt lat="7.83981665969625" lon="99.12040139557712"><time>2026-05-18T01:53:55Z</time></trkpt>
      <trkpt lat="7.839991380467861" lon="99.1208170541554"><time>2026-05-18T01:53:58Z</time></trkpt>
      <trkpt lat="7.840123353533298" lon="99.12115023480646"><time>2026-05-18T01:54:00Z</time></trkpt>
      <trkpt lat="7.8402565838842095" lon="99.12150118509226"><time>2026-05-18T01:54:02Z</time></trkpt>
      <trkpt lat="7.8403864420853315" lon="99.12185495278162"><time>2026-05-18T01:54:04Z</time></trkpt>
      <trkpt lat="7.84049170027028" lon="99.12220907317234"><time>2026-05-18T01:54:06Z</time></trkpt>
      <trkpt lat="7.840557139336198" lon="99.12256544997561"><time>2026-05-18T01:54:08Z</time></trkpt>
      <trkpt lat="7.8405691912326505" lon="99.12293727084004"><time>2026-05-18T01:54:10Z</time></trkpt>
      <trkpt lat="7.840534825406174" lon="99.12330915715108"><time>2026-05-18T01:54:12Z</time></trkpt>
      <trkpt lat="7.840466079826054" lon="99.12368233132793"><time>2026-05-18T01:54:14Z</time></trkpt>
      <trkpt lat="7.840365181429826" lon="99.12405941023636"><time>2026-05-18T01:54:16Z</time></trkpt>
      <trkpt lat="7.840256467693373" lon="99.12443552335337"><time>2026-05-18T01:54:18Z</time></trkpt>
      <trkpt lat="7.840152921233862" lon="99.12481327243604"><time>2026-05-18T01:54:20Z</time></trkpt>
      <trkpt lat="7.840046344087242" lon="99.12519660117056"><time>2026-05-18T01:54:22Z</time></trkpt>
      <trkpt lat="7.839948209005609" lon="99.12556703373926"><time>2026-05-18T01:54:24Z</time></trkpt>
      <trkpt lat="7.83983782232809" lon="99.12594943525039"><time>2026-05-18T01:54:26Z</time></trkpt>
      <trkpt lat="7.8397304302460205" lon="99.12633424365269"><time>2026-05-18T01:54:28Z</time></trkpt>
      <trkpt lat="7.870823140379294" lon="99.16329624385465"><time>2026-05-18T01:59:30Z</time></trkpt>
      <trkpt lat="7.873864552140348" lon="99.16216692854992"><time>2026-05-18T01:59:52Z</time></trkpt>
      <trkpt lat="8.068754305139247" lon="98.99951809095126"><time>2026-05-18T02:25:05Z</time></trkpt>
      <trkpt lat="8.09795890801697" lon="98.98059018177644"><time>2026-05-18T02:33:19Z</time></trkpt>
      <trkpt lat="1.3106224173692154" lon="103.94036075109983"><time>2026-05-18T08:17:56Z</time></trkpt>
      <trkpt lat="1.3039414993782343" lon="103.85553371877005"><time>2026-05-18T09:33:44Z</time></trkpt>
      <trkpt lat="1.3048534352947692" lon="103.85473317897359"><time>2026-05-20T12:43:28Z</time></trkpt>
      <trkpt lat="1.3002359424210563" lon="103.85845589664679"><time>2026-05-21T09:33:50Z</time></trkpt>
      <trkpt lat="1.333437245340397" lon="103.97786012860385"><time>2026-05-21T09:48:30Z</time></trkpt>
      <trkpt lat="1.352561982349821" lon="103.98724299865215"><time>2026-05-21T10:03:16Z</time></trkpt>
      <trkpt lat="1.3583487758871584" lon="103.98976512284506"><time>2026-05-21T11:11:35Z</time></trkpt>
      <trkpt lat="1.3538103405701813" lon="103.98862063373615"><time>2026-05-21T11:33:23Z</time></trkpt>
      <trkpt lat="13.687091339877044" lon="100.75334336497203"><time>2026-05-21T17:16:27Z</time></trkpt>
      <trkpt lat="32.85288704096605" lon="74.7136960365574"><time>2026-05-21T22:27:27Z</time></trkpt>
      <trkpt lat="32.83781178023835" lon="74.720334929449"><time>2026-05-21T22:33:21Z</time></trkpt>
      <trkpt lat="47.44494156344319" lon="8.570835950909254"><time>2026-05-22T06:26:20Z</time></trkpt>
      <trkpt lat="47.44902970858811" lon="8.700004507782856"><time>2026-05-22T06:45:20Z</time></trkpt>
      <trkpt lat="47.49479242604924" lon="8.711729133509762"><time>2026-05-22T07:32:10Z</time></trkpt>
      <trkpt lat="47.48491615527075" lon="8.709540786229734"><time>2026-05-22T07:45:54Z</time></trkpt>
      <trkpt lat="47.48875221707624" lon="8.70206438005781"><time>2026-05-22T08:15:34Z</time></trkpt>
      <trkpt lat="47.53906323445849" lon="8.791165313105544"><time>2026-05-22T08:27:47Z</time></trkpt>
    </trkseg>
  </trk>
</gpx>