<?xml version="1.0" encoding="utf-8" standalone="yes"?>
<gpx version="1.1" creator="GPS Visualizer https://www.gpsvisualizer.com/" xmlns="http://www.topografix.com/GPX/1/1" xmlns:xsi="http://www.w3.org/2001/XMLSchema-instance" xsi:schemaLocation="http://www.topografix.com/GPX/1/1 http://www.topografix.com/GPX/1/1/gpx.xsd http://www.garmin.com/xmlschemas/TrackPointExtension/v2 http://www.garmin.com/xmlschemas/TrackPointExtensionv2.xsd http://www.garmin.com/xmlschemas/GpxExtensions/v3 http://www.garmin.com/xmlschemas/GpxExtensionsv3.xsd" xmlns:gpxtpx="http://www.garmin.com/xmlschemas/TrackPointExtension/v2" xmlns:gpxx="http://www.garmin.com/xmlschemas/GpxExtensions/v3">
<wpt lat="43.6369001" lon="111.945339">
  <ele>969.0</ele>
  <time>2025-10-29T11:28:34Z</time>
  <name>Erenhot City</name>
</wpt>
<wpt lat="40.9951003" lon="113.13561">
  <ele>1373.7</ele>
  <time>2025-10-30T12:30:22Z</time>
  <name>内蒙古智诚物联股份有限公司</name>
</wpt>
<wpt lat="39.909295923" lon="116.366130811">
  <ele>50.0</ele>
  <time>2025-10-31T14:12:11Z</time>
  <name>Beijing</name>
</wpt>
<wpt lat="39.9093681" lon="116.3662345">
  <ele>49.9</ele>
  <time>2025-11-01T13:52:16Z</time>
  <name>Beijing 2. Tag</name>
</wpt>
<wpt lat="39.909295923" lon="116.366130811">
  <ele>50.0</ele>
  <time>2025-11-02T10:23:22Z</time>
  <name>Beijing 3. Tag</name>
</wpt>
<wpt lat="39.921958" lon="116.404807">
  <ele>58.8</ele>
  <time>2025-11-03T11:51:45Z</time>
  <name>Dongcheng District 4. Tag</name>
</wpt>
<wpt lat="39.9219588" lon="116.404787">
  <ele>58.6</ele>
  <time>2025-11-04T12:58:51Z</time>
  <name>"Forbidden City" 5. Tag</name>
</wpt>
<wpt lat="39.9219552" lon="116.4048276">
  <ele>59.1</ele>
  <time>2025-11-05T13:48:36Z</time>
  <name>"The great Wall" 6. Tag</name>
</wpt>
<wpt lat="39.9219572" lon="116.4047832">
  <ele>58.6</ele>
  <time>2025-11-06T10:59:41Z</time>
  <name>Art District 798 - 7. Tag</name>
</wpt>
<wpt lat="39.7561431" lon="116.0063113">
  <ele>71.3</ele>
  <time>2025-11-07T11:46:27Z</time>
  <name>RESTART Wu Lanshan Yingdi</name>
</wpt>
<wpt lat="39.9709563" lon="116.3273135">
  <ele>54.0</ele>
  <time>2025-11-08T10:44:11Z</time>
  <name>Haidian District</name>
</wpt>
<wpt lat="39.9708556" lon="116.3293608">
  <ele>56.2</ele>
  <time>2025-11-09T14:09:15Z</time>
  <name>Sommerpalast &amp; Olympia Parc</name>
</wpt>
<wpt lat="39.9709745" lon="116.3275335">
  <ele>53.9</ele>
  <time>2025-11-11T08:29:47Z</time>
  <name>"Red Brick Art Gallery", Beijing</name>
</wpt>
<wpt lat="37.7341108" lon="114.6587952">
  <ele>46.6</ele>
  <time>2025-11-12T13:04:07Z</time>
  <name>Irgendwo auf der G4</name>
</wpt>
<wpt lat="37.479567409" lon="112.50217831">
  <ele>766.0</ele>
  <time>2025-11-13T09:29:49Z</time>
  <name>Jinzhong Tankstelle</name>
</wpt>
<wpt lat="37.193135544" lon="112.175588926">
  <ele>762.0</ele>
  <time>2025-11-14T03:40:49Z</time>
  <name>Pingyao, Ancient City</name>
</wpt>
<wpt lat="35.736226125" lon="113.639118309">
  <ele>559.8</ele>
  <time>2025-11-17T10:09:19Z</time>
  <name>Huixian City</name>
</wpt>
<wpt lat="34.5680853" lon="112.4835102">
  <ele>148.9</ele>
  <time>2025-11-18T12:41:13Z</time>
  <name>Longmen-Grotten, Luoyang 🇨🇳</name>
</wpt>
<wpt lat="34.5680853" lon="112.4835102">
  <ele>148.9</ele>
  <time>2025-11-19T12:30:46Z</time>
  <name>Luoyang "Touri-Hotspot N° III</name>
</wpt>
<wpt lat="34.3928593" lon="109.2804344">
  <ele>464.9</ele>
  <time>2025-11-20T12:22:11Z</time>
  <name>Lintong District</name>
</wpt>
<wpt lat="34.3014256" lon="108.9039172">
  <ele>397.7</ele>
  <time>2025-11-21T15:17:22Z</time>
  <name>The Terracotta Warriors - Hotspot n° IV</name>
</wpt>
<wpt lat="34.3019377" lon="108.9041739">
  <ele>395.1</ele>
  <time>2025-11-22T09:07:04Z</time>
  <name>Xi'an - Hotspot N° V + VI</name>
</wpt>
<wpt lat="34.3014435" lon="108.9039425">
  <ele>397.6</ele>
  <time>2025-11-23T07:46:37Z</time>
  <name>Xi'an - Hotspot N° VI - Radfahren auf der Stadtmauer</name>
</wpt>
<wpt lat="32.705704" lon="106.0438952">
  <ele>675.6</ele>
  <time>2025-11-25T10:14:23Z</time>
  <name>Guangyuan</name>
</wpt>
<wpt lat="30.7302202" lon="104.1417195">
  <ele>521.8</ele>
  <time>2025-11-27T12:25:38Z</time>
  <name>Research Base of Giant Panda, Hotspot N° VII</name>
</wpt>
<wpt lat="30.7302202" lon="104.1417195">
  <ele>521.8</ele>
  <time>2025-11-28T12:30:58Z</time>
  <name>"Research Base of Giant Panda Breeding - zum Zweiten...</name>
</wpt>
<wpt lat="30.728237687" lon="104.145907861">
  <ele>504.5</ele>
  <time>2025-11-29T02:00:16Z</time>
  <name>Chengdu</name>
</wpt>
<wpt lat="30.602882985" lon="104.126095658">
  <ele>518.0</ele>
  <time>2025-11-30T02:46:27Z</time>
  <name>Wenshu-Tempel; Hotspot N° VIII</name>
</wpt>
<wpt lat="30.603331612" lon="104.143118485">
  <ele>519.3</ele>
  <time>2025-12-01T02:59:59Z</time>
  <name>Chengdu; Hotspot N° IX / X &amp; XI</name>
</wpt>
<wpt lat="29.561242555" lon="106.5791229">
  <ele>292.0</ele>
  <time>2025-12-02T04:02:37Z</time>
  <name>Chongqing Hotspot N° XII / XIII / XIV</name>
</wpt>
<wpt lat="29.561242555" lon="106.5791229">
  <ele>292.0</ele>
  <time>2025-12-03T04:02:37Z</time>
  <name>Chongqing; Hotspot N° XV / XVI / XVII</name>
</wpt>
<wpt lat="30.603310377" lon="104.14333038">
  <ele>517.1</ele>
  <time>2025-12-04T10:04:20Z</time>
  <name>Chengdu</name>
</wpt>
<wpt lat="29.667248349" lon="103.668745346">
  <ele>404.8</ele>
  <time>2025-12-05T06:42:40Z</time>
  <name>Leshan</name>
</wpt>
<wpt lat="29.582903511" lon="103.599323824">
  <ele>413.1</ele>
  <time>2025-12-06T03:06:11Z</time>
  <name>Hotspot N° XVIII</name>
</wpt>
<wpt lat="29.588248591" lon="103.468950835">
  <ele>466.5</ele>
  <time>2025-12-08T06:13:47Z</time>
  <name>Toller Campground</name>
</wpt>
<wpt lat="29.532978968" lon="103.763445364">
  <ele>358.8</ele>
  <time>2025-12-09T08:53:27Z</time>
  <name>Oriental Buddha Capital - Hotspot N° XIX</name>
</wpt>
<wpt lat="27.774956485" lon="105.492628065">
  <ele>714.6</ele>
  <time>2025-12-12T03:53:14Z</time>
  <name>Luzhou</name>
</wpt>
<wpt lat="26.02313573" lon="105.684344787">
  <ele>1084.6</ele>
  <time>2025-12-13T05:16:37Z</time>
  <name>Anshun Wasserfälle Hotspot N° XX</name>
</wpt>
<wpt lat="25.699525997" lon="105.573453214">
  <ele>1142.0</ele>
  <time>2025-12-15T02:59:29Z</time>
  <name>Brücke Hotspot N° XX</name>
</wpt>
<wpt lat="25.070873717" lon="104.873788605">
  <ele>1274.7</ele>
  <time>2025-12-16T04:42:44Z</time>
  <name>Qianxi'nan Buyizu Miaozu</name>
</wpt>
<wpt lat="23.651725212" lon="103.284170805">
  <ele>1076.0</ele>
  <time>2025-12-17T08:30:08Z</time>
  <name>Kaiyuan</name>
</wpt>
<wpt lat="23.122502995" lon="102.79213029">
  <ele>1893.6</ele>
  <time>2025-12-20T03:59:25Z</time>
  <name>Hotspot N° XXI Hani terrace of Yuanyang</name>
</wpt>
<wpt lat="22.0058971" lon="100.8280599">
  <ele>538.0</ele>
  <time>2025-12-24T15:03:27Z</time>
  <name>Jinghong City</name>
</wpt>
<wpt lat="21.357278" lon="101.685549338">
  <ele>697.2</ele>
  <time>2025-12-25T07:54:07Z</time>
  <name>Xishuangbanna Daizu</name>
</wpt>
<wpt lat="20.944637284" lon="101.728844382">
  <ele>671.6</ele>
  <time>2025-12-26T06:24:06Z</time>
  <name>Pangdou</name>
</wpt>
<wpt lat="19.964456018" lon="102.276329342">
  <ele>292.3</ele>
  <time>2025-12-28T09:42:48Z</time>
  <name>Park Ou</name>
</wpt>
<wpt lat="19.9134077" lon="102.1670547">
  <ele>289.1</ele>
  <time>2025-12-31T06:41:16Z</time>
  <name>Khokva</name>
</wpt>
<wpt lat="19.9135448" lon="102.1668989">
  <ele>284.4</ele>
  <time>2026-01-01T14:09:31Z</time>
  <name>Khokva</name>
</wpt>
<wpt lat="19.9119185" lon="102.1695256">
  <ele>296.6</ele>
  <time>2026-01-03T04:37:58Z</time>
  <name>Luang Pragan</name>
</wpt>
<wpt lat="19.762462779" lon="101.984950289">
  <ele>334.1</ele>
  <time>2026-01-05T08:44:25Z</time>
  <name>Kuang Si Wasserfälle</name>
</wpt>
<wpt lat="18.9421927" lon="102.3370752">
  <ele>293.7</ele>
  <time>2026-01-10T01:52:44Z</time>
  <name>Ban Nampoun</name>
</wpt>
<wpt lat="18.1178879" lon="101.976205">
  <ele>196.2</ele>
  <time>2026-01-12T14:15:47Z</time>
  <name>Konkham</name>
</wpt>
<wpt lat="17.7689908" lon="101.3664164">
  <ele>275.9</ele>
  <time>2026-01-16T01:37:14Z</time>
  <name>Houaylot</name>
</wpt>
<wpt lat="17.4801225" lon="101.3525021">
  <ele>879.2</ele>
  <time>2026-01-17T02:27:19Z</time>
  <name>Phu Ruea</name>
</wpt>
<wpt lat="16.792717287" lon="101.046531815">
  <ele>828.9</ele>
  <time>2026-01-18T08:00:31Z</time>
  <name>Khaem Son</name>
</wpt>
<wpt lat="16.569384" lon="100.6897179">
  <ele>69.8</ele>
  <time>2026-01-21T04:41:21Z</time>
  <name>Ban Mung</name>
</wpt>
<wpt lat="17.4209627" lon="99.7838398">
  <ele>83.3</ele>
  <time>2026-01-24T02:29:05Z</time>
  <name>Si Satchanalai</name>
</wpt>
<wpt lat="19.9021108" lon="99.8279378">
  <ele>399.2</ele>
  <time>2026-01-29T05:57:39Z</time>
  <name>Chiang Rai City Municipality</name>
</wpt>
<wpt lat="19.750477848" lon="99.362440003">
  <ele>887.5</ele>
  <time>2026-01-30T06:02:41Z</time>
  <name>San Sai</name>
</wpt>
<wpt lat="18.79358432" lon="98.980594528">
  <ele>316.0</ele>
  <time>2026-02-03T15:43:49Z</time>
  <name>Chiang Mai</name>
</wpt>
<wpt lat="15.7127259" lon="99.9480059">
  <ele>48.4</ele>
  <time>2026-02-11T13:33:25Z</time>
  <name>Ban Dong Nong Luang</name>
</wpt>
<wpt lat="8.9176093" lon="98.2495648">
  <ele>0.3</ele>
  <time>2026-03-03T04:21:28Z</time>
  <name>Phang-nga Province</name>
</wpt>
<wpt lat="8.9332364" lon="98.2582361">
  <ele>2.6</ele>
  <time>2026-03-05T14:06:21Z</time>
  <name>Ko Kho Kao</name>
</wpt>
<wpt lat="8.9332352" lon="98.258232">
  <ele>2.5</ele>
  <time>2026-03-08T04:36:21Z</time>
  <name>Hapla Beach Resort</name>
</wpt>
<wpt lat="7.4358215" lon="99.3457524">
  <ele>6.8</ele>
  <time>2026-03-12T14:19:05Z</time>
  <name>Hat Chang Lan</name>
</wpt>
<wpt lat="5.794436778" lon="100.402468974">
  <ele>81.7</ele>
  <time>2026-03-15T08:29:14Z</time>
  <name>Kedah</name>
</wpt>
<wpt lat="5.7556036" lon="100.3628629">
  <ele>0.9</ele>
  <time>2026-03-17T08:11:04Z</time>
  <name>Singkir Laut</name>
</wpt>
<wpt lat="5.4654409" lon="100.2390595">
  <ele>6.3</ele>
  <time>2026-03-20T14:30:20Z</time>
  <name>George Town</name>
</wpt>
<wpt lat="5.4655851" lon="100.2391438">
  <ele>5.5</ele>
  <time>2026-03-21T03:08:14Z</time>
  <name>Hari Raya Aidilfitri</name>
</wpt>
<wpt lat="5.465720136" lon="100.239226752">
  <ele>5.7</ele>
  <time>2026-03-22T06:00:26Z</time>
  <name>George Town</name>
</wpt>
<wpt lat="3.817966534" lon="101.501466189">
  <ele>120.1</ele>
  <time>2026-03-23T14:23:45Z</time>
  <name>Slim River</name>
</wpt>
<wpt lat="3.136108627" lon="101.692051176">
  <ele>34.6</ele>
  <time>2026-03-26T06:41:30Z</time>
  <name>Kuala Lumpur</name>
</wpt>
<wpt lat="3.134724214" lon="101.718163126">
  <ele>45.8</ele>
  <time>2026-03-28T07:07:15Z</time>
  <name>Kuala Lumpur</name>
</wpt>
<wpt lat="3.131338167" lon="101.715114154">
  <ele>41.6</ele>
  <time>2026-03-29T06:48:18Z</time>
  <name>Kuala Lumpur</name>
</wpt>
<wpt lat="3.482524653" lon="102.592939849">
  <ele>26.2</ele>
  <time>2026-04-02T07:33:55Z</time>
  <name>Chenor</name>
</wpt>
<wpt lat="3.7234098" lon="103.328932">
  <ele>7.5</ele>
  <time>2026-04-06T04:19:13Z</time>
  <name>Kuantan</name>
</wpt>
<wpt lat="2.5236382" lon="103.82951">
  <ele>5.1</ele>
  <time>2026-04-07T09:10:15Z</time>
  <name>Air Papan</name>
</wpt>
<wpt lat="2.523557106" lon="103.82942182">
  <ele>5.5</ele>
  <time>2026-04-07T23:41:00Z</time>
  <name>Air Papan</name>
</wpt>
<wpt lat="2.770343938" lon="104.120723829">
  <ele>10.2</ele>
  <time>2026-04-08T04:38:01Z</time>
  <name>Tioman</name>
</wpt>
<wpt lat="2.7913521" lon="104.2025477">
  <ele>4.9</ele>
  <time>2026-04-14T08:30:53Z</time>
  <name>Bushman Camp, Tioman</name>
</wpt>
<wpt lat="2.523649238" lon="103.829363839">
  <ele>5.5</ele>
  <time>2026-04-17T06:45:37Z</time>
  <name>Air Papan</name>
</wpt>
<wpt lat="2.218733857" lon="102.185757764">
  <ele>0.0</ele>
  <time>2026-04-22T06:17:50Z</time>
  <name>Malacca City</name>
</wpt>
<wpt lat="2.2189965" lon="102.1851862">
  <ele>0.0</ele>
  <time>2026-04-24T00:31:12Z</time>
  <name>Malacca City</name>
</wpt>
<wpt lat="3.0124822" lon="101.4113181">
  <ele>12.1</ele>
  <time>2026-04-29T04:24:14Z</time>
  <name>3° 0'N 101° 24'E</name>
</wpt>
<wpt lat="7.5927453" lon="99.0324938">
  <ele>4.1</ele>
  <time>2026-05-09T01:24:29Z</time>
  <name>Sala Dan</name>
</wpt>
<wpt lat="7.607882149" lon="99.03329473">
  <ele>9.7</ele>
  <time>2026-05-12T05:48:15Z</time>
  <name>7° 36'N 99° 2'E</name>
</wpt>
<wpt lat="7.6084791" lon="99.0328861">
  <ele>5.9</ele>
  <time>2026-05-17T00:02:20Z</time>
  <name>Sala Dan</name>
</wpt>
<wpt lat="1.3050013" lon="103.8546379">
  <ele>10.0</ele>
  <time>2026-05-20T12:45:21Z</time>
  <name>Singapore</name>
</wpt>
<wpt lat="47.5388367" lon="8.7909121">
  <ele>463.4</ele>
  <time>2026-05-22T18:55:27Z</time>
  <name>Rickenbach Sulz</name>
</wpt>
<trk>
  <name>von Beijing nach Hamburg anstelle Riad</name>
  <trkseg>
    <trkpt lat="43.711708003" lon="111.908708143">
      <ele>963.246</ele>
      <time>2025-10-28T23:58:25Z</time>
    </trkpt>
    <trkpt lat="43.710733708" lon="111.909353268">
      <ele>962.359</ele>
      <time>2025-10-28T23:58:30Z</time>
    </trkpt>
    <trkpt lat="43.696743981" lon="111.933763166">
      <ele>962.673</ele>
      <time>2025-10-29T00:44:18Z</time>
    </trkpt>
    <trkpt lat="43.685516543" lon="111.944047725">
      <ele>957.993</ele>
      <time>2025-10-29T01:25:28Z</time>
    </trkpt>
    <trkpt lat="43.662449503" lon="111.963691218">
      <ele>963.296</ele>
      <time>2025-10-29T09:30:51Z</time>
    </trkpt>
    <trkpt lat="43.6517289" lon="111.972395353">
      <ele>964.516</ele>
      <time>2025-10-29T09:35:55Z</time>
    </trkpt>
    <trkpt lat="43.642393034" lon="111.952036098">
      <ele>965.615</ele>
      <time>2025-10-29T10:25:53Z</time>
    </trkpt>
    <trkpt lat="43.637055327" lon="111.94559447">
      <ele>968.517</ele>
      <time>2025-10-29T10:32:17Z</time>
    </trkpt>
    <trkpt lat="43.633249814" lon="111.946342644">
      <ele>966.467</ele>
      <time>2025-10-30T04:36:14Z</time>
    </trkpt>
    <trkpt lat="43.623823509" lon="111.957553809">
      <ele>965.042</ele>
      <time>2025-10-30T04:41:30Z</time>
    </trkpt>
    <trkpt lat="43.514385195" lon="112.085259827">
      <ele>981.949</ele>
      <time>2025-10-30T04:55:31Z</time>
    </trkpt>
    <trkpt lat="43.433926008" lon="112.121576853">
      <ele>1002.603</ele>
      <time>2025-10-30T05:02:43Z</time>
    </trkpt>
    <trkpt lat="43.370906878" lon="112.148331385">
      <ele>1017.261</ele>
      <time>2025-10-30T05:10:47Z</time>
    </trkpt>
    <trkpt lat="43.330346343" lon="112.207767839">
      <ele>1028.735</ele>
      <time>2025-10-30T05:15:48Z</time>
    </trkpt>
    <trkpt lat="43.288540788" lon="112.272408598">
      <ele>1006.494</ele>
      <time>2025-10-30T05:20:49Z</time>
    </trkpt>
    <trkpt lat="43.244852146" lon="112.330579519">
      <ele>1023.538</ele>
      <time>2025-10-30T05:25:50Z</time>
    </trkpt>
    <trkpt lat="43.189272536" lon="112.3678026">
      <ele>1048.707</ele>
      <time>2025-10-30T05:30:51Z</time>
    </trkpt>
    <trkpt lat="43.135397853" lon="112.41244557">
      <ele>1079.0</ele>
      <time>2025-10-30T05:35:52Z</time>
    </trkpt>
    <trkpt lat="42.910722205" lon="112.546188142">
      <ele>1098.444</ele>
      <time>2025-10-30T05:55:48Z</time>
    </trkpt>
    <trkpt lat="42.803278855" lon="112.603636058">
      <ele>1104.982</ele>
      <time>2025-10-30T06:11:13Z</time>
    </trkpt>
    <trkpt lat="42.64319499" lon="112.711071074">
      <ele>1122.072</ele>
      <time>2025-10-30T06:26:13Z</time>
    </trkpt>
    <trkpt lat="42.642937875" lon="112.711510621">
      <ele>1121.424</ele>
      <time>2025-10-30T06:26:15Z</time>
    </trkpt>
    <trkpt lat="42.642727364" lon="112.711915718">
      <ele>1121.448</ele>
      <time>2025-10-30T06:26:17Z</time>
    </trkpt>
    <trkpt lat="42.642469914" lon="112.71236172">
      <ele>1122.108</ele>
      <time>2025-10-30T06:26:19Z</time>
    </trkpt>
    <trkpt lat="42.642210494" lon="112.712813588">
      <ele>1122.829</ele>
      <time>2025-10-30T06:26:21Z</time>
    </trkpt>
    <trkpt lat="42.641947302" lon="112.713261768">
      <ele>1121.003</ele>
      <time>2025-10-30T06:26:23Z</time>
    </trkpt>
    <trkpt lat="42.641679986" lon="112.713710046">
      <ele>1121.048</ele>
      <time>2025-10-30T06:26:25Z</time>
    </trkpt>
    <trkpt lat="42.641409756" lon="112.714157245">
      <ele>1118.225</ele>
      <time>2025-10-30T06:26:27Z</time>
    </trkpt>
    <trkpt lat="42.641135765" lon="112.714604475">
      <ele>1120.152</ele>
      <time>2025-10-30T06:26:29Z</time>
    </trkpt>
    <trkpt lat="42.640861528" lon="112.715046961">
      <ele>1121.186</ele>
      <time>2025-10-30T06:26:31Z</time>
    </trkpt>
    <trkpt lat="42.640588659" lon="112.715486963">
      <ele>1119.276</ele>
      <time>2025-10-30T06:26:33Z</time>
    </trkpt>
    <trkpt lat="42.6403083" lon="112.715922821">
      <ele>1119.177</ele>
      <time>2025-10-30T06:26:35Z</time>
    </trkpt>
    <trkpt lat="42.64002497" lon="112.71635843">
      <ele>1120.81</ele>
      <time>2025-10-30T06:26:37Z</time>
    </trkpt>
    <trkpt lat="42.639742542" lon="112.716791103">
      <ele>1121.0</ele>
      <time>2025-10-30T06:26:39Z</time>
    </trkpt>
    <trkpt lat="42.639459" lon="112.717222511">
      <ele>1121.999</ele>
      <time>2025-10-30T06:26:41Z</time>
    </trkpt>
    <trkpt lat="42.639173101" lon="112.717652745">
      <ele>1122.514</ele>
      <time>2025-10-30T06:26:43Z</time>
    </trkpt>
    <trkpt lat="42.638874084" lon="112.718061568">
      <ele>1121.926</ele>
      <time>2025-10-30T06:26:45Z</time>
    </trkpt>
    <trkpt lat="42.63858415" lon="112.718487458">
      <ele>1121.0</ele>
      <time>2025-10-30T06:26:47Z</time>
    </trkpt>
    <trkpt lat="42.638294743" lon="112.718911016">
      <ele>1120.85</ele>
      <time>2025-10-30T06:26:49Z</time>
    </trkpt>
    <trkpt lat="42.638005968" lon="112.719329022">
      <ele>1119.0</ele>
      <time>2025-10-30T06:26:51Z</time>
    </trkpt>
    <trkpt lat="42.637711216" lon="112.719741099">
      <ele>1120.547</ele>
      <time>2025-10-30T06:26:53Z</time>
    </trkpt>
    <trkpt lat="42.546386607" lon="112.786402172">
      <ele>1147.976</ele>
      <time>2025-10-30T06:35:14Z</time>
    </trkpt>
    <trkpt lat="42.372679962" lon="112.886194345">
      <ele>1172.947</ele>
      <time>2025-10-30T06:50:49Z</time>
    </trkpt>
    <trkpt lat="42.372428714" lon="112.886750233">
      <ele>1172.513</ele>
      <time>2025-10-30T06:50:51Z</time>
    </trkpt>
    <trkpt lat="42.372184633" lon="112.887178883">
      <ele>1174.406</ele>
      <time>2025-10-30T06:50:53Z</time>
    </trkpt>
    <trkpt lat="42.371921274" lon="112.887649611">
      <ele>1174.416</ele>
      <time>2025-10-30T06:50:54Z</time>
    </trkpt>
    <trkpt lat="42.371664578" lon="112.888120758">
      <ele>1173.246</ele>
      <time>2025-10-30T06:50:56Z</time>
    </trkpt>
    <trkpt lat="42.371406374" lon="112.888589809">
      <ele>1173.942</ele>
      <time>2025-10-30T06:50:58Z</time>
    </trkpt>
    <trkpt lat="42.371151019" lon="112.889060788">
      <ele>1172.237</ele>
      <time>2025-10-30T06:51:00Z</time>
    </trkpt>
    <trkpt lat="42.370889131" lon="112.889525473">
      <ele>1176.588</ele>
      <time>2025-10-30T06:51:02Z</time>
    </trkpt>
    <trkpt lat="42.37063082" lon="112.889992669">
      <ele>1175.511</ele>
      <time>2025-10-30T06:51:04Z</time>
    </trkpt>
    <trkpt lat="42.370377144" lon="112.890455172">
      <ele>1177.333</ele>
      <time>2025-10-30T06:51:06Z</time>
    </trkpt>
    <trkpt lat="42.370120866" lon="112.890905568">
      <ele>1181.13</ele>
      <time>2025-10-30T06:51:08Z</time>
    </trkpt>
    <trkpt lat="42.190634036" lon="112.967418004">
      <ele>1277.0</ele>
      <time>2025-10-30T07:06:12Z</time>
    </trkpt>
    <trkpt lat="42.027659873" lon="113.010073006">
      <ele>1417.151</ele>
      <time>2025-10-30T07:19:43Z</time>
    </trkpt>
    <trkpt lat="42.027157168" lon="113.010051129">
      <ele>1416.616</ele>
      <time>2025-10-30T07:19:45Z</time>
    </trkpt>
    <trkpt lat="42.026738869" lon="113.009979967">
      <ele>1419.812</ele>
      <time>2025-10-30T07:19:47Z</time>
    </trkpt>
    <trkpt lat="42.02634031" lon="113.009912744">
      <ele>1419.88</ele>
      <time>2025-10-30T07:19:49Z</time>
    </trkpt>
    <trkpt lat="42.025932362" lon="113.009844516">
      <ele>1420.563</ele>
      <time>2025-10-30T07:19:51Z</time>
    </trkpt>
    <trkpt lat="42.025521356" lon="113.009785256">
      <ele>1423.82</ele>
      <time>2025-10-30T07:19:53Z</time>
    </trkpt>
    <trkpt lat="42.025110056" lon="113.009736892">
      <ele>1425.979</ele>
      <time>2025-10-30T07:19:55Z</time>
    </trkpt>
    <trkpt lat="42.024694836" lon="113.009697154">
      <ele>1427.09</ele>
      <time>2025-10-30T07:19:57Z</time>
    </trkpt>
    <trkpt lat="42.024281371" lon="113.009665542">
      <ele>1427.204</ele>
      <time>2025-10-30T07:19:59Z</time>
    </trkpt>
    <trkpt lat="42.02386512" lon="113.009636797">
      <ele>1429.145</ele>
      <time>2025-10-30T07:20:01Z</time>
    </trkpt>
    <trkpt lat="42.02344961" lon="113.009617868">
      <ele>1429.317</ele>
      <time>2025-10-30T07:20:03Z</time>
    </trkpt>
    <trkpt lat="41.865241849" lon="113.064345159">
      <ele>1447.046</ele>
      <time>2025-10-30T07:33:45Z</time>
    </trkpt>
    <trkpt lat="41.710609482" lon="113.131408095">
      <ele>1498.083</ele>
      <time>2025-10-30T07:47:17Z</time>
    </trkpt>
    <trkpt lat="41.710272236" lon="113.131332575">
      <ele>1496.777</ele>
      <time>2025-10-30T07:47:19Z</time>
    </trkpt>
    <trkpt lat="41.709781014" lon="113.131177593">
      <ele>1495.239</ele>
      <time>2025-10-30T07:47:21Z</time>
    </trkpt>
    <trkpt lat="41.709403074" lon="113.131135097">
      <ele>1495.222</ele>
      <time>2025-10-30T07:47:23Z</time>
    </trkpt>
    <trkpt lat="41.708963653" lon="113.131083716">
      <ele>1495.171</ele>
      <time>2025-10-30T07:47:25Z</time>
    </trkpt>
    <trkpt lat="41.70852528" lon="113.131045411">
      <ele>1494.528</ele>
      <time>2025-10-30T07:47:27Z</time>
    </trkpt>
    <trkpt lat="41.708088787" lon="113.13103598">
      <ele>1494.88</ele>
      <time>2025-10-30T07:47:29Z</time>
    </trkpt>
    <trkpt lat="41.707660836" lon="113.131045414">
      <ele>1495.421</ele>
      <time>2025-10-30T07:47:31Z</time>
    </trkpt>
    <trkpt lat="41.707233483" lon="113.131065241">
      <ele>1496.0</ele>
      <time>2025-10-30T07:47:33Z</time>
    </trkpt>
    <trkpt lat="41.706803492" lon="113.131110717">
      <ele>1494.493</ele>
      <time>2025-10-30T07:47:35Z</time>
    </trkpt>
    <trkpt lat="41.70637753" lon="113.131173438">
      <ele>1495.288</ele>
      <time>2025-10-30T07:47:36Z</time>
    </trkpt>
    <trkpt lat="41.540897383" lon="113.124021225">
      <ele>1443.074</ele>
      <time>2025-10-30T08:01:17Z</time>
    </trkpt>
    <trkpt lat="41.540455413" lon="113.124252535">
      <ele>1444.588</ele>
      <time>2025-10-30T08:01:20Z</time>
    </trkpt>
    <trkpt lat="41.540071154" lon="113.124426976">
      <ele>1442.496</ele>
      <time>2025-10-30T08:01:21Z</time>
    </trkpt>
    <trkpt lat="41.53968127" lon="113.124621604">
      <ele>1442.563</ele>
      <time>2025-10-30T08:01:23Z</time>
    </trkpt>
    <trkpt lat="41.539301905" lon="113.124804665">
      <ele>1443.729</ele>
      <time>2025-10-30T08:01:25Z</time>
    </trkpt>
    <trkpt lat="41.538916924" lon="113.124992503">
      <ele>1444.926</ele>
      <time>2025-10-30T08:01:27Z</time>
    </trkpt>
    <trkpt lat="41.538530817" lon="113.125177073">
      <ele>1445.0</ele>
      <time>2025-10-30T08:01:29Z</time>
    </trkpt>
    <trkpt lat="41.538145199" lon="113.125360388">
      <ele>1445.0</ele>
      <time>2025-10-30T08:01:31Z</time>
    </trkpt>
    <trkpt lat="41.537761737" lon="113.125547663">
      <ele>1446.945</ele>
      <time>2025-10-30T08:01:33Z</time>
    </trkpt>
    <trkpt lat="41.537375377" lon="113.125731679">
      <ele>1445.818</ele>
      <time>2025-10-30T08:01:35Z</time>
    </trkpt>
    <trkpt lat="41.536988456" lon="113.125913995">
      <ele>1441.72</ele>
      <time>2025-10-30T08:01:37Z</time>
    </trkpt>
    <trkpt lat="41.53660192" lon="113.126099815">
      <ele>1439.959</ele>
      <time>2025-10-30T08:01:39Z</time>
    </trkpt>
    <trkpt lat="41.536215942" lon="113.126288017">
      <ele>1440.0</ele>
      <time>2025-10-30T08:01:41Z</time>
    </trkpt>
    <trkpt lat="41.535827298" lon="113.126474429">
      <ele>1437.655</ele>
      <time>2025-10-30T08:01:43Z</time>
    </trkpt>
    <trkpt lat="41.535437676" lon="113.126661758">
      <ele>1436.417</ele>
      <time>2025-10-30T08:01:45Z</time>
    </trkpt>
    <trkpt lat="41.535048199" lon="113.126846665">
      <ele>1437.291</ele>
      <time>2025-10-30T08:01:47Z</time>
    </trkpt>
    <trkpt lat="41.534671628" lon="113.127052362">
      <ele>1435.706</ele>
      <time>2025-10-30T08:01:49Z</time>
    </trkpt>
    <trkpt lat="41.534287154" lon="113.12724528">
      <ele>1435.649</ele>
      <time>2025-10-30T08:01:51Z</time>
    </trkpt>
    <trkpt lat="41.53389813" lon="113.127434855">
      <ele>1436.765</ele>
      <time>2025-10-30T08:01:53Z</time>
    </trkpt>
    <trkpt lat="41.533508637" lon="113.127614333">
      <ele>1435.26</ele>
      <time>2025-10-30T08:01:55Z</time>
    </trkpt>
    <trkpt lat="41.533122211" lon="113.127793727">
      <ele>1435.014</ele>
      <time>2025-10-30T08:01:57Z</time>
    </trkpt>
    <trkpt lat="41.532737564" lon="113.127977739">
      <ele>1437.29</ele>
      <time>2025-10-30T08:01:59Z</time>
    </trkpt>
    <trkpt lat="41.532353419" lon="113.12815958">
      <ele>1439.528</ele>
      <time>2025-10-30T08:02:01Z</time>
    </trkpt>
    <trkpt lat="41.531967438" lon="113.128335036">
      <ele>1440.923</ele>
      <time>2025-10-30T08:02:03Z</time>
    </trkpt>
    <trkpt lat="41.531582093" lon="113.128509585">
      <ele>1440.087</ele>
      <time>2025-10-30T08:02:05Z</time>
    </trkpt>
    <trkpt lat="41.531195539" lon="113.12867819">
      <ele>1435.838</ele>
      <time>2025-10-30T08:02:07Z</time>
    </trkpt>
    <trkpt lat="41.530808254" lon="113.128841011">
      <ele>1435.0</ele>
      <time>2025-10-30T08:02:09Z</time>
    </trkpt>
    <trkpt lat="41.530423894" lon="113.12899767">
      <ele>1434.526</ele>
      <time>2025-10-30T08:02:11Z</time>
    </trkpt>
    <trkpt lat="41.530037403" lon="113.129153341">
      <ele>1433.093</ele>
      <time>2025-10-30T08:02:13Z</time>
    </trkpt>
    <trkpt lat="41.529646313" lon="113.129306696">
      <ele>1433.417</ele>
      <time>2025-10-30T08:02:15Z</time>
    </trkpt>
    <trkpt lat="41.392727564" lon="113.160820361">
      <ele>1495.164</ele>
      <time>2025-10-30T08:15:49Z</time>
    </trkpt>
    <trkpt lat="41.392378733" lon="113.160654599">
      <ele>1496.023</ele>
      <time>2025-10-30T08:15:51Z</time>
    </trkpt>
    <trkpt lat="41.392026452" lon="113.160577917">
      <ele>1497.104</ele>
      <time>2025-10-30T08:15:52Z</time>
    </trkpt>
    <trkpt lat="41.391614758" lon="113.16053678">
      <ele>1492.449</ele>
      <time>2025-10-30T08:15:55Z</time>
    </trkpt>
    <trkpt lat="41.391203772" lon="113.160499865">
      <ele>1491.466</ele>
      <time>2025-10-30T08:15:57Z</time>
    </trkpt>
    <trkpt lat="41.390786459" lon="113.160462951">
      <ele>1492.329</ele>
      <time>2025-10-30T08:15:59Z</time>
    </trkpt>
    <trkpt lat="41.390367723" lon="113.160425238">
      <ele>1488.502</ele>
      <time>2025-10-30T08:16:01Z</time>
    </trkpt>
    <trkpt lat="41.38994568" lon="113.160391409">
      <ele>1485.28</ele>
      <time>2025-10-30T08:16:03Z</time>
    </trkpt>
    <trkpt lat="41.38952387" lon="113.160354619">
      <ele>1481.858</ele>
      <time>2025-10-30T08:16:05Z</time>
    </trkpt>
    <trkpt lat="41.389098542" lon="113.160320129">
      <ele>1478.717</ele>
      <time>2025-10-30T08:16:07Z</time>
    </trkpt>
    <trkpt lat="41.388674181" lon="113.16028228">
      <ele>1476.438</ele>
      <time>2025-10-30T08:16:08Z</time>
    </trkpt>
    <trkpt lat="41.23890739" lon="113.257742665">
      <ele>1490.008</ele>
      <time>2025-10-30T08:29:52Z</time>
    </trkpt>
    <trkpt lat="41.216797284" lon="113.266222542">
      <ele>1497.06</ele>
      <time>2025-10-30T08:31:43Z</time>
    </trkpt>
    <trkpt lat="41.216363143" lon="113.266305942">
      <ele>1501.093</ele>
      <time>2025-10-30T08:31:45Z</time>
    </trkpt>
    <trkpt lat="41.215927787" lon="113.266369477">
      <ele>1501.954</ele>
      <time>2025-10-30T08:31:47Z</time>
    </trkpt>
    <trkpt lat="41.215495668" lon="113.266429404">
      <ele>1500.461</ele>
      <time>2025-10-30T08:31:49Z</time>
    </trkpt>
    <trkpt lat="41.215069946" lon="113.26648384">
      <ele>1496.238</ele>
      <time>2025-10-30T08:31:51Z</time>
    </trkpt>
    <trkpt lat="41.214658619" lon="113.26652281">
      <ele>1486.915</ele>
      <time>2025-10-30T08:31:53Z</time>
    </trkpt>
    <trkpt lat="41.214238506" lon="113.266551757">
      <ele>1477.272</ele>
      <time>2025-10-30T08:31:55Z</time>
    </trkpt>
    <trkpt lat="41.213824364" lon="113.266577518">
      <ele>1469.564</ele>
      <time>2025-10-30T08:31:57Z</time>
    </trkpt>
    <trkpt lat="41.213407206" lon="113.266596172">
      <ele>1464.532</ele>
      <time>2025-10-30T08:31:59Z</time>
    </trkpt>
    <trkpt lat="41.212988757" lon="113.266606169">
      <ele>1460.798</ele>
      <time>2025-10-30T08:32:01Z</time>
    </trkpt>
    <trkpt lat="41.21256802" lon="113.266601029">
      <ele>1454.913</ele>
      <time>2025-10-30T08:32:03Z</time>
    </trkpt>
    <trkpt lat="41.085627164" lon="113.105455331">
      <ele>1400.907</ele>
      <time>2025-10-30T08:47:10Z</time>
    </trkpt>
    <trkpt lat="41.041055764" lon="113.103685873">
      <ele>1408.199</ele>
      <time>2025-10-30T09:00:41Z</time>
    </trkpt>
    <trkpt lat="41.001932644" lon="113.102136646">
      <ele>1412.256</ele>
      <time>2025-10-30T09:14:09Z</time>
    </trkpt>
    <trkpt lat="40.978087597" lon="113.102847599">
      <ele>1388.633</ele>
      <time>2025-10-30T09:27:39Z</time>
    </trkpt>
    <trkpt lat="40.976817822" lon="113.101728531">
      <ele>1388.0</ele>
      <time>2025-10-30T12:11:16Z</time>
    </trkpt>
    <trkpt lat="40.978099099" lon="113.102765288">
      <ele>1388.85</ele>
      <time>2025-10-30T12:11:30Z</time>
    </trkpt>
    <trkpt lat="40.983041017" lon="113.103897659">
      <ele>1384.032</ele>
      <time>2025-10-31T00:28:17Z</time>
    </trkpt>
    <trkpt lat="40.979463333" lon="113.111698716">
      <ele>1373.244</ele>
      <time>2025-10-31T00:33:20Z</time>
    </trkpt>
    <trkpt lat="40.964064378" lon="113.14170366">
      <ele>1333.716</ele>
      <time>2025-10-31T00:41:46Z</time>
    </trkpt>
    <trkpt lat="40.956003257" lon="113.394682444">
      <ele>1328.66</ele>
      <time>2025-10-31T00:57:56Z</time>
    </trkpt>
    <trkpt lat="40.938260639" lon="113.610467138">
      <ele>1380.402</ele>
      <time>2025-10-31T01:11:51Z</time>
    </trkpt>
    <trkpt lat="40.864428087" lon="113.807639443">
      <ele>1300.498</ele>
      <time>2025-10-31T01:25:20Z</time>
    </trkpt>
    <trkpt lat="40.809836726" lon="113.977209146">
      <ele>1327.284</ele>
      <time>2025-10-31T01:38:52Z</time>
    </trkpt>
    <trkpt lat="40.7202191" lon="114.147183867">
      <ele>1122.199</ele>
      <time>2025-10-31T01:52:19Z</time>
    </trkpt>
    <trkpt lat="40.719695021" lon="114.147853917">
      <ele>1122.078</ele>
      <time>2025-10-31T01:52:20Z</time>
    </trkpt>
    <trkpt lat="40.719440002" lon="114.148126077">
      <ele>1122.451</ele>
      <time>2025-10-31T01:52:22Z</time>
    </trkpt>
    <trkpt lat="40.7191406" lon="114.148427406">
      <ele>1123.145</ele>
      <time>2025-10-31T01:52:24Z</time>
    </trkpt>
    <trkpt lat="40.718668574" lon="114.148897212">
      <ele>1127.86</ele>
      <time>2025-10-31T01:52:27Z</time>
    </trkpt>
    <trkpt lat="40.718361544" lon="114.149221089">
      <ele>1131.487</ele>
      <time>2025-10-31T01:52:29Z</time>
    </trkpt>
    <trkpt lat="40.718068091" lon="114.14956463">
      <ele>1130.351</ele>
      <time>2025-10-31T01:52:31Z</time>
    </trkpt>
    <trkpt lat="40.717797017" lon="114.149948817">
      <ele>1128.828</ele>
      <time>2025-10-31T01:52:33Z</time>
    </trkpt>
    <trkpt lat="40.717541048" lon="114.150356853">
      <ele>1125.224</ele>
      <time>2025-10-31T01:52:35Z</time>
    </trkpt>
    <trkpt lat="40.717301042" lon="114.150794477">
      <ele>1121.667</ele>
      <time>2025-10-31T01:52:37Z</time>
    </trkpt>
    <trkpt lat="40.717065397" lon="114.15124336">
      <ele>1123.248</ele>
      <time>2025-10-31T01:52:39Z</time>
    </trkpt>
    <trkpt lat="40.716829631" lon="114.151694798">
      <ele>1122.098</ele>
      <time>2025-10-31T01:52:41Z</time>
    </trkpt>
    <trkpt lat="40.716587138" lon="114.152148529">
      <ele>1120.227</ele>
      <time>2025-10-31T01:52:43Z</time>
    </trkpt>
    <trkpt lat="40.71632994" lon="114.152590346">
      <ele>1116.939</ele>
      <time>2025-10-31T01:52:45Z</time>
    </trkpt>
    <trkpt lat="40.716070329" lon="114.153028727">
      <ele>1114.352</ele>
      <time>2025-10-31T01:52:47Z</time>
    </trkpt>
    <trkpt lat="40.715798425" lon="114.153445683">
      <ele>1116.585</ele>
      <time>2025-10-31T01:52:49Z</time>
    </trkpt>
    <trkpt lat="40.715518149" lon="114.15386362">
      <ele>1115.132</ele>
      <time>2025-10-31T01:52:51Z</time>
    </trkpt>
    <trkpt lat="40.715214269" lon="114.154258063">
      <ele>1113.49</ele>
      <time>2025-10-31T01:52:53Z</time>
    </trkpt>
    <trkpt lat="40.714890528" lon="114.154639715">
      <ele>1110.701</ele>
      <time>2025-10-31T01:52:55Z</time>
    </trkpt>
    <trkpt lat="40.714557089" lon="114.155003249">
      <ele>1108.841</ele>
      <time>2025-10-31T01:52:57Z</time>
    </trkpt>
    <trkpt lat="40.687096333" lon="114.25423217">
      <ele>935.44</ele>
      <time>2025-10-31T02:06:52Z</time>
    </trkpt>
    <trkpt lat="40.691019567" lon="114.296056526">
      <ele>905.67</ele>
      <time>2025-10-31T02:18:33Z</time>
    </trkpt>
    <trkpt lat="40.691156904" lon="114.296959173">
      <ele>905.165</ele>
      <time>2025-10-31T02:18:36Z</time>
    </trkpt>
    <trkpt lat="40.69122924" lon="114.297408024">
      <ele>905.141</ele>
      <time>2025-10-31T02:18:38Z</time>
    </trkpt>
    <trkpt lat="40.691272323" lon="114.297878249">
      <ele>904.848</ele>
      <time>2025-10-31T02:18:40Z</time>
    </trkpt>
    <trkpt lat="40.691342186" lon="114.29834445">
      <ele>903.993</ele>
      <time>2025-10-31T02:18:42Z</time>
    </trkpt>
    <trkpt lat="40.691408445" lon="114.298814591">
      <ele>904.141</ele>
      <time>2025-10-31T02:18:44Z</time>
    </trkpt>
    <trkpt lat="40.691478183" lon="114.29928272">
      <ele>902.942</ele>
      <time>2025-10-31T02:18:47Z</time>
    </trkpt>
    <trkpt lat="40.691546738" lon="114.299756844">
      <ele>901.941</ele>
      <time>2025-10-31T02:18:49Z</time>
    </trkpt>
    <trkpt lat="40.691623348" lon="114.300256432">
      <ele>899.142</ele>
      <time>2025-10-31T02:18:51Z</time>
    </trkpt>
    <trkpt lat="40.691699105" lon="114.300770491">
      <ele>898.234</ele>
      <time>2025-10-31T02:18:53Z</time>
    </trkpt>
    <trkpt lat="40.726569845" lon="114.519148902">
      <ele>797.978</ele>
      <time>2025-10-31T02:32:37Z</time>
    </trkpt>
    <trkpt lat="40.734551484" lon="114.742755722">
      <ele>703.0</ele>
      <time>2025-10-31T02:46:32Z</time>
    </trkpt>
    <trkpt lat="40.734634087" lon="114.74327297">
      <ele>700.752</ele>
      <time>2025-10-31T02:46:34Z</time>
    </trkpt>
    <trkpt lat="40.734536732" lon="114.743798599">
      <ele>700.675</ele>
      <time>2025-10-31T02:46:36Z</time>
    </trkpt>
    <trkpt lat="40.734317293" lon="114.744326742">
      <ele>702.0</ele>
      <time>2025-10-31T02:46:38Z</time>
    </trkpt>
    <trkpt lat="40.734241102" lon="114.744939795">
      <ele>701.159</ele>
      <time>2025-10-31T02:46:41Z</time>
    </trkpt>
    <trkpt lat="40.734138088" lon="114.745497694">
      <ele>700.813</ele>
      <time>2025-10-31T02:46:43Z</time>
    </trkpt>
    <trkpt lat="40.734028825" lon="114.746056339">
      <ele>700.105</ele>
      <time>2025-10-31T02:46:45Z</time>
    </trkpt>
    <trkpt lat="40.733920403" lon="114.746611182">
      <ele>699.227</ele>
      <time>2025-10-31T02:46:47Z</time>
    </trkpt>
    <trkpt lat="40.733815164" lon="114.747164796">
      <ele>698.735</ele>
      <time>2025-10-31T02:46:49Z</time>
    </trkpt>
    <trkpt lat="40.733710583" lon="114.747723762">
      <ele>698.806</ele>
      <time>2025-10-31T02:46:51Z</time>
    </trkpt>
    <trkpt lat="40.733611775" lon="114.748279575">
      <ele>699.806</ele>
      <time>2025-10-31T02:46:53Z</time>
    </trkpt>
    <trkpt lat="40.669550705" lon="114.942483734">
      <ele>674.589</ele>
      <time>2025-10-31T03:00:34Z</time>
    </trkpt>
    <trkpt lat="40.600554178" lon="115.138207291">
      <ele>647.355</ele>
      <time>2025-10-31T03:14:04Z</time>
    </trkpt>
    <trkpt lat="40.600155295" lon="115.138415819">
      <ele>645.227</ele>
      <time>2025-10-31T03:14:06Z</time>
    </trkpt>
    <trkpt lat="40.599722823" lon="115.13862578">
      <ele>644.947</ele>
      <time>2025-10-31T03:14:08Z</time>
    </trkpt>
    <trkpt lat="40.599238523" lon="115.138827805">
      <ele>645.422</ele>
      <time>2025-10-31T03:14:11Z</time>
    </trkpt>
    <trkpt lat="40.598823032" lon="115.139025617">
      <ele>644.643</ele>
      <time>2025-10-31T03:14:13Z</time>
    </trkpt>
    <trkpt lat="40.598407877" lon="115.139208511">
      <ele>643.268</ele>
      <time>2025-10-31T03:14:15Z</time>
    </trkpt>
    <trkpt lat="40.597990026" lon="115.139377337">
      <ele>642.523</ele>
      <time>2025-10-31T03:14:17Z</time>
    </trkpt>
    <trkpt lat="40.597569231" lon="115.139524449">
      <ele>640.355</ele>
      <time>2025-10-31T03:14:19Z</time>
    </trkpt>
    <trkpt lat="40.597144652" lon="115.139658989">
      <ele>639.493</ele>
      <time>2025-10-31T03:14:21Z</time>
    </trkpt>
    <trkpt lat="40.596719212" lon="115.139775879">
      <ele>637.378</ele>
      <time>2025-10-31T03:14:23Z</time>
    </trkpt>
    <trkpt lat="40.59629208" lon="115.139881691">
      <ele>636.723</ele>
      <time>2025-10-31T03:14:24Z</time>
    </trkpt>
    <trkpt lat="40.519700884" lon="115.277500944">
      <ele>623.993</ele>
      <time>2025-10-31T03:28:05Z</time>
    </trkpt>
    <trkpt lat="40.519269132" lon="115.277832532">
      <ele>619.284</ele>
      <time>2025-10-31T03:28:06Z</time>
    </trkpt>
    <trkpt lat="40.518894084" lon="115.278099747">
      <ele>615.52</ele>
      <time>2025-10-31T03:28:08Z</time>
    </trkpt>
    <trkpt lat="40.518520796" lon="115.278473664">
      <ele>609.163</ele>
      <time>2025-10-31T03:28:10Z</time>
    </trkpt>
    <trkpt lat="40.518185478" lon="115.278823357">
      <ele>606.396</ele>
      <time>2025-10-31T03:28:12Z</time>
    </trkpt>
    <trkpt lat="40.517855524" lon="115.27917238">
      <ele>606.819</ele>
      <time>2025-10-31T03:28:14Z</time>
    </trkpt>
    <trkpt lat="40.517527163" lon="115.279525425">
      <ele>607.18</ele>
      <time>2025-10-31T03:28:16Z</time>
    </trkpt>
    <trkpt lat="40.51720175" lon="115.279882565">
      <ele>602.973</ele>
      <time>2025-10-31T03:28:18Z</time>
    </trkpt>
    <trkpt lat="40.516881859" lon="115.280248934">
      <ele>603.611</ele>
      <time>2025-10-31T03:28:20Z</time>
    </trkpt>
    <trkpt lat="40.516555706" lon="115.280605488">
      <ele>604.094</ele>
      <time>2025-10-31T03:28:22Z</time>
    </trkpt>
    <trkpt lat="40.516242465" lon="115.280974956">
      <ele>607.116</ele>
      <time>2025-10-31T03:28:24Z</time>
    </trkpt>
    <trkpt lat="40.515931282" lon="115.281346377">
      <ele>610.743</ele>
      <time>2025-10-31T03:28:26Z</time>
    </trkpt>
    <trkpt lat="40.515620729" lon="115.281718972">
      <ele>614.871</ele>
      <time>2025-10-31T03:28:28Z</time>
    </trkpt>
    <trkpt lat="40.515315229" lon="115.282095979">
      <ele>619.215</ele>
      <time>2025-10-31T03:28:30Z</time>
    </trkpt>
    <trkpt lat="40.515007626" lon="115.282466497">
      <ele>623.035</ele>
      <time>2025-10-31T03:28:32Z</time>
    </trkpt>
    <trkpt lat="40.514706901" lon="115.282846688">
      <ele>623.807</ele>
      <time>2025-10-31T03:28:34Z</time>
    </trkpt>
    <trkpt lat="40.514411978" lon="115.283231731">
      <ele>623.451</ele>
      <time>2025-10-31T03:28:36Z</time>
    </trkpt>
    <trkpt lat="40.514126824" lon="115.283623025">
      <ele>622.143</ele>
      <time>2025-10-31T03:28:38Z</time>
    </trkpt>
    <trkpt lat="40.513835015" lon="115.284010614">
      <ele>623.024</ele>
      <time>2025-10-31T03:28:40Z</time>
    </trkpt>
    <trkpt lat="40.51354602" lon="115.284401537">
      <ele>619.913</ele>
      <time>2025-10-31T03:28:42Z</time>
    </trkpt>
    <trkpt lat="40.513262204" lon="115.284792188">
      <ele>616.936</ele>
      <time>2025-10-31T03:28:44Z</time>
    </trkpt>
    <trkpt lat="40.51297883" lon="115.285187562">
      <ele>614.406</ele>
      <time>2025-10-31T03:28:46Z</time>
    </trkpt>
    <trkpt lat="40.512697705" lon="115.285589433">
      <ele>608.315</ele>
      <time>2025-10-31T03:28:48Z</time>
    </trkpt>
    <trkpt lat="40.512423505" lon="115.2859903">
      <ele>602.174</ele>
      <time>2025-10-31T03:28:50Z</time>
    </trkpt>
    <trkpt lat="40.512141423" lon="115.286396029">
      <ele>599.753</ele>
      <time>2025-10-31T03:28:52Z</time>
    </trkpt>
    <trkpt lat="40.511870105" lon="115.286800234">
      <ele>599.678</ele>
      <time>2025-10-31T03:28:54Z</time>
    </trkpt>
    <trkpt lat="40.511598528" lon="115.287217516">
      <ele>598.979</ele>
      <time>2025-10-31T03:28:56Z</time>
    </trkpt>
    <trkpt lat="40.511329075" lon="115.287638213">
      <ele>600.888</ele>
      <time>2025-10-31T03:28:58Z</time>
    </trkpt>
    <trkpt lat="40.511063362" lon="115.288056273">
      <ele>602.174</ele>
      <time>2025-10-31T03:29:00Z</time>
    </trkpt>
    <trkpt lat="40.510785285" lon="115.288459">
      <ele>604.0</ele>
      <time>2025-10-31T03:29:02Z</time>
    </trkpt>
    <trkpt lat="40.510513522" lon="115.288866851">
      <ele>602.916</ele>
      <time>2025-10-31T03:29:04Z</time>
    </trkpt>
    <trkpt lat="40.434872797" lon="115.46285416">
      <ele>543.309</ele>
      <time>2025-10-31T03:42:38Z</time>
    </trkpt>
    <trkpt lat="40.434859972" lon="115.463521443">
      <ele>543.008</ele>
      <time>2025-10-31T03:42:41Z</time>
    </trkpt>
    <trkpt lat="40.434825816" lon="115.464146482">
      <ele>543.281</ele>
      <time>2025-10-31T03:42:44Z</time>
    </trkpt>
    <trkpt lat="40.434796102" lon="115.464691138">
      <ele>543.94</ele>
      <time>2025-10-31T03:42:46Z</time>
    </trkpt>
    <trkpt lat="40.434769364" lon="115.465228083">
      <ele>547.621</ele>
      <time>2025-10-31T03:42:48Z</time>
    </trkpt>
    <trkpt lat="40.434745737" lon="115.465761211">
      <ele>548.762</ele>
      <time>2025-10-31T03:42:50Z</time>
    </trkpt>
    <trkpt lat="40.434729679" lon="115.466295449">
      <ele>551.283</ele>
      <time>2025-10-31T03:42:52Z</time>
    </trkpt>
    <trkpt lat="40.434711304" lon="115.466827069">
      <ele>553.577</ele>
      <time>2025-10-31T03:42:54Z</time>
    </trkpt>
    <trkpt lat="40.434692587" lon="115.467358304">
      <ele>554.0</ele>
      <time>2025-10-31T03:42:56Z</time>
    </trkpt>
    <trkpt lat="40.434656218" lon="115.467892083">
      <ele>553.649</ele>
      <time>2025-10-31T03:42:57Z</time>
    </trkpt>
    <trkpt lat="40.417995541" lon="115.55704982">
      <ele>615.189</ele>
      <time>2025-10-31T03:48:35Z</time>
    </trkpt>
    <trkpt lat="40.345528792" lon="115.668671709">
      <ele>493.025</ele>
      <time>2025-10-31T04:02:28Z</time>
    </trkpt>
    <trkpt lat="40.325251543" lon="115.782897524">
      <ele>511.569</ele>
      <time>2025-10-31T05:11:46Z</time>
    </trkpt>
    <trkpt lat="40.35415144" lon="115.870329327">
      <ele>508.045</ele>
      <time>2025-10-31T05:18:33Z</time>
    </trkpt>
    <trkpt lat="40.357102775" lon="115.889004031">
      <ele>524.236</ele>
      <time>2025-10-31T05:32:29Z</time>
    </trkpt>
    <trkpt lat="40.356929814" lon="115.888655679">
      <ele>524.008</ele>
      <time>2025-10-31T05:32:32Z</time>
    </trkpt>
    <trkpt lat="40.169365203" lon="116.040438888">
      <ele>161.42</ele>
      <time>2025-10-31T06:00:00Z</time>
    </trkpt>
    <trkpt lat="40.118984096" lon="116.149095576">
      <ele>48.577</ele>
      <time>2025-10-31T06:13:30Z</time>
    </trkpt>
    <trkpt lat="40.118504875" lon="116.149083611">
      <ele>47.319</ele>
      <time>2025-10-31T06:13:32Z</time>
    </trkpt>
    <trkpt lat="40.118098475" lon="116.149062776">
      <ele>46.413</ele>
      <time>2025-10-31T06:13:34Z</time>
    </trkpt>
    <trkpt lat="40.117695706" lon="116.149006662">
      <ele>47.701</ele>
      <time>2025-10-31T06:13:36Z</time>
    </trkpt>
    <trkpt lat="40.117291129" lon="116.149006902">
      <ele>47.248</ele>
      <time>2025-10-31T06:13:38Z</time>
    </trkpt>
    <trkpt lat="40.116886807" lon="116.149008407">
      <ele>47.0</ele>
      <time>2025-10-31T06:13:40Z</time>
    </trkpt>
    <trkpt lat="40.116483147" lon="116.149014035">
      <ele>47.661</ele>
      <time>2025-10-31T06:13:42Z</time>
    </trkpt>
    <trkpt lat="40.116080741" lon="116.149020007">
      <ele>47.833</ele>
      <time>2025-10-31T06:13:44Z</time>
    </trkpt>
    <trkpt lat="40.115677242" lon="116.149023004">
      <ele>45.921</ele>
      <time>2025-10-31T06:13:46Z</time>
    </trkpt>
    <trkpt lat="40.115273917" lon="116.149023073">
      <ele>46.007</ele>
      <time>2025-10-31T06:13:48Z</time>
    </trkpt>
    <trkpt lat="39.978599077" lon="116.089693946">
      <ele>112.043</ele>
      <time>2025-10-31T06:27:34Z</time>
    </trkpt>
    <trkpt lat="39.978281638" lon="116.089846122">
      <ele>113.186</ele>
      <time>2025-10-31T06:27:35Z</time>
    </trkpt>
    <trkpt lat="39.977997736" lon="116.090043838">
      <ele>114.574</ele>
      <time>2025-10-31T06:27:37Z</time>
    </trkpt>
    <trkpt lat="39.977440214" lon="116.090287478">
      <ele>115.985</ele>
      <time>2025-10-31T06:27:41Z</time>
    </trkpt>
    <trkpt lat="39.97709671" lon="116.090443768">
      <ele>116.16</ele>
      <time>2025-10-31T06:27:43Z</time>
    </trkpt>
    <trkpt lat="39.976748173" lon="116.090579824">
      <ele>118.264</ele>
      <time>2025-10-31T06:27:45Z</time>
    </trkpt>
    <trkpt lat="39.976396516" lon="116.090708749">
      <ele>116.924</ele>
      <time>2025-10-31T06:27:47Z</time>
    </trkpt>
    <trkpt lat="39.976044619" lon="116.090835533">
      <ele>116.0</ele>
      <time>2025-10-31T06:27:48Z</time>
    </trkpt>
    <trkpt lat="39.975691774" lon="116.090945088">
      <ele>114.981</ele>
      <time>2025-10-31T06:27:51Z</time>
    </trkpt>
    <trkpt lat="39.975342679" lon="116.091046315">
      <ele>114.0</ele>
      <time>2025-10-31T06:27:53Z</time>
    </trkpt>
    <trkpt lat="39.975006232" lon="116.091130825">
      <ele>113.022</ele>
      <time>2025-10-31T06:27:54Z</time>
    </trkpt>
    <trkpt lat="39.974680746" lon="116.091220976">
      <ele>113.059</ele>
      <time>2025-10-31T06:27:56Z</time>
    </trkpt>
    <trkpt lat="39.974351356" lon="116.091299784">
      <ele>114.014</ele>
      <time>2025-10-31T06:27:58Z</time>
    </trkpt>
    <trkpt lat="39.97402355" lon="116.091384278">
      <ele>115.49</ele>
      <time>2025-10-31T06:28:00Z</time>
    </trkpt>
    <trkpt lat="39.973695337" lon="116.091466627">
      <ele>116.311</ele>
      <time>2025-10-31T06:28:02Z</time>
    </trkpt>
    <trkpt lat="39.973378025" lon="116.091544655">
      <ele>117.353</ele>
      <time>2025-10-31T06:28:04Z</time>
    </trkpt>
    <trkpt lat="39.972924011" lon="116.09167774">
      <ele>114.64</ele>
      <time>2025-10-31T06:28:07Z</time>
    </trkpt>
    <trkpt lat="39.972592722" lon="116.091761855">
      <ele>112.01</ele>
      <time>2025-10-31T06:28:09Z</time>
    </trkpt>
    <trkpt lat="39.972259283" lon="116.091847688">
      <ele>110.785</ele>
      <time>2025-10-31T06:28:11Z</time>
    </trkpt>
    <trkpt lat="39.971931981" lon="116.091930358">
      <ele>111.994</ele>
      <time>2025-10-31T06:28:13Z</time>
    </trkpt>
    <trkpt lat="39.971499135" lon="116.092032986">
      <ele>115.07</ele>
      <time>2025-10-31T06:28:16Z</time>
    </trkpt>
    <trkpt lat="39.97109236" lon="116.092150091">
      <ele>117.617</ele>
      <time>2025-10-31T06:28:19Z</time>
    </trkpt>
    <trkpt lat="39.970677214" lon="116.092254574">
      <ele>117.56</ele>
      <time>2025-10-31T06:28:22Z</time>
    </trkpt>
    <trkpt lat="39.970234362" lon="116.092363088">
      <ele>116.247</ele>
      <time>2025-10-31T06:28:25Z</time>
    </trkpt>
    <trkpt lat="39.969922099" lon="116.092442503">
      <ele>111.886</ele>
      <time>2025-10-31T06:28:27Z</time>
    </trkpt>
    <trkpt lat="39.969469216" lon="116.092556798">
      <ele>110.783</ele>
      <time>2025-10-31T06:28:30Z</time>
    </trkpt>
    <trkpt lat="39.969051377" lon="116.092653035">
      <ele>116.491</ele>
      <time>2025-10-31T06:28:33Z</time>
    </trkpt>
    <trkpt lat="39.85230953" lon="116.124694767">
      <ele>126.636</ele>
      <time>2025-10-31T06:42:07Z</time>
    </trkpt>
    <trkpt lat="39.851929496" lon="116.124377091">
      <ele>118.976</ele>
      <time>2025-10-31T06:42:10Z</time>
    </trkpt>
    <trkpt lat="39.851695142" lon="116.124017063">
      <ele>112.465</ele>
      <time>2025-10-31T06:42:12Z</time>
    </trkpt>
    <trkpt lat="39.851402433" lon="116.123712436">
      <ele>108.125</ele>
      <time>2025-10-31T06:42:14Z</time>
    </trkpt>
    <trkpt lat="39.851103006" lon="116.123412106">
      <ele>104.842</ele>
      <time>2025-10-31T06:42:16Z</time>
    </trkpt>
    <trkpt lat="39.850804649" lon="116.123113932">
      <ele>103.313</ele>
      <time>2025-10-31T06:42:18Z</time>
    </trkpt>
    <trkpt lat="39.850505079" lon="116.122822702">
      <ele>102.171</ele>
      <time>2025-10-31T06:42:20Z</time>
    </trkpt>
    <trkpt lat="39.850209074" lon="116.122529602">
      <ele>100.107</ele>
      <time>2025-10-31T06:42:22Z</time>
    </trkpt>
    <trkpt lat="39.849909815" lon="116.122240844">
      <ele>100.649</ele>
      <time>2025-10-31T06:42:24Z</time>
    </trkpt>
    <trkpt lat="39.849614409" lon="116.121949797">
      <ele>101.619</ele>
      <time>2025-10-31T06:42:26Z</time>
    </trkpt>
    <trkpt lat="39.722043025" lon="116.089445713">
      <ele>51.01</ele>
      <time>2025-10-31T06:56:09Z</time>
    </trkpt>
    <trkpt lat="39.637089764" lon="116.064828793">
      <ele>36.015</ele>
      <time>2025-10-31T07:09:39Z</time>
    </trkpt>
    <trkpt lat="39.637324698" lon="116.064539354">
      <ele>34.126</ele>
      <time>2025-10-31T07:09:57Z</time>
    </trkpt>
    <trkpt lat="39.653873546" lon="116.071725832">
      <ele>43.787</ele>
      <time>2025-10-31T08:34:52Z</time>
    </trkpt>
    <trkpt lat="39.789085913" lon="116.191266945">
      <ele>50.021</ele>
      <time>2025-10-31T08:49:37Z</time>
    </trkpt>
    <trkpt lat="39.878488694" lon="116.289647052">
      <ele>49.83</ele>
      <time>2025-10-31T09:02:53Z</time>
    </trkpt>
    <trkpt lat="39.878589314" lon="116.290137732">
      <ele>48.504</ele>
      <time>2025-10-31T09:02:55Z</time>
    </trkpt>
    <trkpt lat="39.878679949" lon="116.290601484">
      <ele>48.248</ele>
      <time>2025-10-31T09:02:57Z</time>
    </trkpt>
    <trkpt lat="39.878779714" lon="116.291118248">
      <ele>48.419</ele>
      <time>2025-10-31T09:03:00Z</time>
    </trkpt>
    <trkpt lat="39.878868556" lon="116.291583636">
      <ele>50.475</ele>
      <time>2025-10-31T09:03:02Z</time>
    </trkpt>
    <trkpt lat="39.878957311" lon="116.292059976">
      <ele>50.61</ele>
      <time>2025-10-31T09:03:04Z</time>
    </trkpt>
    <trkpt lat="39.879043115" lon="116.292520274">
      <ele>49.45</ele>
      <time>2025-10-31T09:03:06Z</time>
    </trkpt>
    <trkpt lat="39.879149333" lon="116.292949444">
      <ele>48.837</ele>
      <time>2025-10-31T09:03:08Z</time>
    </trkpt>
    <trkpt lat="39.879236503" lon="116.293420431">
      <ele>48.156</ele>
      <time>2025-10-31T09:03:10Z</time>
    </trkpt>
    <trkpt lat="39.879328417" lon="116.293909818">
      <ele>48.0</ele>
      <time>2025-10-31T09:03:12Z</time>
    </trkpt>
    <trkpt lat="39.879438127" lon="116.294415948">
      <ele>48.0</ele>
      <time>2025-10-31T09:03:14Z</time>
    </trkpt>
    <trkpt lat="39.896182213" lon="116.328378786">
      <ele>48.214</ele>
      <time>2025-10-31T09:17:53Z</time>
    </trkpt>
    <trkpt lat="39.897895526" lon="116.355350957">
      <ele>49.049</ele>
      <time>2025-10-31T09:32:39Z</time>
    </trkpt>
    <trkpt lat="39.909377618" lon="116.361211979">
      <ele>52.724</ele>
      <time>2025-10-31T09:46:43Z</time>
    </trkpt>
    <trkpt lat="39.909295923" lon="116.366130811">
      <ele>49.962</ele>
      <time>2025-10-31T13:47:54Z</time>
    </trkpt>
    <trkpt lat="39.9096917" lon="116.367524">
      <ele>53.184</ele>
      <time>2025-11-01T03:15:42Z</time>
    </trkpt>
    <trkpt lat="39.906010491" lon="116.373761923">
      <ele>55.686</ele>
      <time>2025-11-01T04:19:34Z</time>
    </trkpt>
    <trkpt lat="39.905571499" lon="116.382540997">
      <ele>42.36</ele>
      <time>2025-11-01T04:39:59Z</time>
    </trkpt>
    <trkpt lat="39.905621977" lon="116.369253084">
      <ele>49.691</ele>
      <time>2025-11-01T05:44:05Z</time>
    </trkpt>
    <trkpt lat="39.90960409" lon="116.365837039">
      <ele>52.128</ele>
      <time>2025-11-01T07:34:36Z</time>
    </trkpt>
    <trkpt lat="39.909404056" lon="116.366237569">
      <ele>49.934</ele>
      <time>2025-11-02T08:42:13Z</time>
    </trkpt>
    <trkpt lat="39.914459372" lon="116.371551287">
      <ele>53.638</ele>
      <time>2025-11-03T02:26:14Z</time>
    </trkpt>
    <trkpt lat="39.921990889" lon="116.40437779">
      <ele>54.48</ele>
      <time>2025-11-03T02:40:18Z</time>
    </trkpt>
    <trkpt lat="39.922015539" lon="116.40500205">
      <ele>60.245</ele>
      <time>2025-11-03T03:44:24Z</time>
    </trkpt>
    <trkpt lat="39.922250876" lon="116.404604459">
      <ele>55.724</ele>
      <time>2025-11-04T06:26:22Z</time>
    </trkpt>
    <trkpt lat="39.922000266" lon="116.404956122">
      <ele>59.987</ele>
      <time>2025-11-04T14:53:01Z</time>
    </trkpt>
    <trkpt lat="39.91305687" lon="116.375370333">
      <ele>52.668</ele>
      <time>2025-11-07T03:18:38Z</time>
    </trkpt>
    <trkpt lat="39.892653222" lon="116.303707408">
      <ele>51.951</ele>
      <time>2025-11-07T03:31:22Z</time>
    </trkpt>
    <trkpt lat="39.814810487" lon="116.204364672">
      <ele>55.486</ele>
      <time>2025-11-07T03:45:15Z</time>
    </trkpt>
    <trkpt lat="39.6561494" lon="116.071114037">
      <ele>37.874</ele>
      <time>2025-11-07T04:00:07Z</time>
    </trkpt>
    <trkpt lat="39.635511762" lon="116.062580346">
      <ele>36.65</ele>
      <time>2025-11-07T04:10:04Z</time>
    </trkpt>
    <trkpt lat="39.641908757" lon="116.069246182">
      <ele>37.963</ele>
      <time>2025-11-07T05:41:51Z</time>
    </trkpt>
    <trkpt lat="39.646499019" lon="116.054035869">
      <ele>38.926</ele>
      <time>2025-11-07T05:46:49Z</time>
    </trkpt>
    <trkpt lat="39.710447109" lon="116.008495899">
      <ele>53.0</ele>
      <time>2025-11-07T06:05:03Z</time>
    </trkpt>
    <trkpt lat="39.756051192" lon="116.006810417">
      <ele>68.482</ele>
      <time>2025-11-07T06:20:17Z</time>
    </trkpt>
    <trkpt lat="39.756120987" lon="116.006308725">
      <ele>71.107</ele>
      <time>2025-11-07T07:01:59Z</time>
    </trkpt>
    <trkpt lat="39.730120325" lon="116.009083931">
      <ele>57.264</ele>
      <time>2025-11-08T01:09:05Z</time>
    </trkpt>
    <trkpt lat="39.631428905" lon="115.98284916">
      <ele>37.416</ele>
      <time>2025-11-08T01:23:50Z</time>
    </trkpt>
    <trkpt lat="39.62655541" lon="115.914499983">
      <ele>48.401</ele>
      <time>2025-11-08T01:28:54Z</time>
    </trkpt>
    <trkpt lat="39.554681266" lon="115.749335205">
      <ele>90.393</ele>
      <time>2025-11-08T01:43:24Z</time>
    </trkpt>
    <trkpt lat="39.5466132" lon="115.801289875">
      <ele>65.0</ele>
      <time>2025-11-08T01:56:43Z</time>
    </trkpt>
    <trkpt lat="39.601289677" lon="115.864461232">
      <ele>64.929</ele>
      <time>2025-11-08T02:11:38Z</time>
    </trkpt>
    <trkpt lat="39.600417456" lon="115.968643176">
      <ele>36.44</ele>
      <time>2025-11-08T02:26:53Z</time>
    </trkpt>
    <trkpt lat="39.630294833" lon="116.055940027">
      <ele>43.223</ele>
      <time>2025-11-08T02:41:38Z</time>
    </trkpt>
    <trkpt lat="39.635459511" lon="116.062824167">
      <ele>38.371</ele>
      <time>2025-11-08T02:55:55Z</time>
    </trkpt>
    <trkpt lat="39.638865874" lon="116.0672074">
      <ele>41.868</ele>
      <time>2025-11-08T04:54:54Z</time>
    </trkpt>
    <trkpt lat="39.639273979" lon="116.067469547">
      <ele>39.983</ele>
      <time>2025-11-08T04:54:58Z</time>
    </trkpt>
    <trkpt lat="39.643916729" lon="116.071517625">
      <ele>39.046</ele>
      <time>2025-11-08T04:55:42Z</time>
    </trkpt>
    <trkpt lat="39.644236807" lon="116.071807535">
      <ele>38.86</ele>
      <time>2025-11-08T04:55:46Z</time>
    </trkpt>
    <trkpt lat="39.644593238" lon="116.071917898">
      <ele>35.553</ele>
      <time>2025-11-08T04:55:48Z</time>
    </trkpt>
    <trkpt lat="39.644912998" lon="116.071950335">
      <ele>34.972</ele>
      <time>2025-11-08T04:55:51Z</time>
    </trkpt>
    <trkpt lat="39.645273312" lon="116.071963196">
      <ele>37.033</ele>
      <time>2025-11-08T04:55:55Z</time>
    </trkpt>
    <trkpt lat="39.645634504" lon="116.071954327">
      <ele>38.33</ele>
      <time>2025-11-08T04:55:59Z</time>
    </trkpt>
    <trkpt lat="39.645985898" lon="116.071924598">
      <ele>38.929</ele>
      <time>2025-11-08T04:56:03Z</time>
    </trkpt>
    <trkpt lat="39.646373757" lon="116.07188798">
      <ele>37.098</ele>
      <time>2025-11-08T04:56:07Z</time>
    </trkpt>
    <trkpt lat="39.646782507" lon="116.071874911">
      <ele>37.167</ele>
      <time>2025-11-08T04:56:11Z</time>
    </trkpt>
    <trkpt lat="39.647101101" lon="116.071876819">
      <ele>38.321</ele>
      <time>2025-11-08T04:56:14Z</time>
    </trkpt>
    <trkpt lat="39.647480607" lon="116.071871077">
      <ele>40.842</ele>
      <time>2025-11-08T04:56:18Z</time>
    </trkpt>
    <trkpt lat="39.784956437" lon="116.187120396">
      <ele>46.256</ele>
      <time>2025-11-08T05:11:00Z</time>
    </trkpt>
    <trkpt lat="39.882294154" lon="116.269175392">
      <ele>53.573</ele>
      <time>2025-11-08T05:25:45Z</time>
    </trkpt>
    <trkpt lat="39.882659521" lon="116.268978333">
      <ele>54.711</ele>
      <time>2025-11-08T05:25:51Z</time>
    </trkpt>
    <trkpt lat="39.883018895" lon="116.268865597">
      <ele>55.879</ele>
      <time>2025-11-08T05:25:56Z</time>
    </trkpt>
    <trkpt lat="39.883391692" lon="116.268755393">
      <ele>53.79</ele>
      <time>2025-11-08T05:26:00Z</time>
    </trkpt>
    <trkpt lat="39.883711778" lon="116.268653812">
      <ele>53.307</ele>
      <time>2025-11-08T05:26:03Z</time>
    </trkpt>
    <trkpt lat="39.94523772" lon="116.278733611">
      <ele>54.596</ele>
      <time>2025-11-08T05:40:30Z</time>
    </trkpt>
    <trkpt lat="39.966054512" lon="116.327044889">
      <ele>51.198</ele>
      <time>2025-11-08T05:55:16Z</time>
    </trkpt>
    <trkpt lat="39.966021146" lon="116.327462923">
      <ele>52.938</ele>
      <time>2025-11-08T05:55:37Z</time>
    </trkpt>
    <trkpt lat="39.97076625" lon="116.330881971">
      <ele>57.384</ele>
      <time>2025-11-08T07:43:47Z</time>
    </trkpt>
    <trkpt lat="39.965902632" lon="116.315347022">
      <ele>55.561</ele>
      <time>2025-11-12T00:45:46Z</time>
    </trkpt>
    <trkpt lat="39.942672078" lon="116.303934732">
      <ele>56.454</ele>
      <time>2025-11-12T00:50:59Z</time>
    </trkpt>
    <trkpt lat="39.89026085" lon="116.304198876">
      <ele>46.291</ele>
      <time>2025-11-12T00:56:56Z</time>
    </trkpt>
    <trkpt lat="39.782702853" lon="116.176700872">
      <ele>45.237</ele>
      <time>2025-11-12T01:13:18Z</time>
    </trkpt>
    <trkpt lat="39.635634962" lon="116.062585448">
      <ele>35.362</ele>
      <time>2025-11-12T01:31:27Z</time>
    </trkpt>
    <trkpt lat="39.615353295" lon="116.0304463">
      <ele>34.0</ele>
      <time>2025-11-12T02:22:25Z</time>
    </trkpt>
    <trkpt lat="39.567003124" lon="116.032052189">
      <ele>34.0</ele>
      <time>2025-11-12T02:32:43Z</time>
    </trkpt>
    <trkpt lat="39.387457226" lon="115.977513408">
      <ele>30.106</ele>
      <time>2025-11-12T02:48:18Z</time>
    </trkpt>
    <trkpt lat="39.241689141" lon="115.863184752">
      <ele>21.876</ele>
      <time>2025-11-12T03:02:11Z</time>
    </trkpt>
    <trkpt lat="39.096937026" lon="115.726327971">
      <ele>20.0</ele>
      <time>2025-11-12T03:17:11Z</time>
    </trkpt>
    <trkpt lat="38.981709542" lon="115.668355192">
      <ele>13.846</ele>
      <time>2025-11-12T03:32:11Z</time>
    </trkpt>
    <trkpt lat="38.903274088" lon="115.593473265">
      <ele>13.502</ele>
      <time>2025-11-12T04:17:59Z</time>
    </trkpt>
    <trkpt lat="38.761757291" lon="115.50028489">
      <ele>15.674</ele>
      <time>2025-11-12T04:32:18Z</time>
    </trkpt>
    <trkpt lat="38.755822317" lon="115.493664192">
      <ele>12.231</ele>
      <time>2025-11-12T04:47:01Z</time>
    </trkpt>
    <trkpt lat="38.738033068" lon="115.396420201">
      <ele>22.815</ele>
      <time>2025-11-12T05:15:56Z</time>
    </trkpt>
    <trkpt lat="38.65175793" lon="115.204072623">
      <ele>41.671</ele>
      <time>2025-11-12T05:29:57Z</time>
    </trkpt>
    <trkpt lat="38.527337546" lon="115.03876498">
      <ele>50.77</ele>
      <time>2025-11-12T05:44:27Z</time>
    </trkpt>
    <trkpt lat="38.432369409" lon="114.858280644">
      <ele>63.899</ele>
      <time>2025-11-12T05:59:11Z</time>
    </trkpt>
    <trkpt lat="38.284913334" lon="114.754737821">
      <ele>62.445</ele>
      <time>2025-11-12T06:13:54Z</time>
    </trkpt>
    <trkpt lat="38.108132458" lon="114.778849455">
      <ele>54.723</ele>
      <time>2025-11-12T06:28:39Z</time>
    </trkpt>
    <trkpt lat="37.936377791" lon="114.742425894">
      <ele>51.715</ele>
      <time>2025-11-12T06:43:23Z</time>
    </trkpt>
    <trkpt lat="37.786047561" lon="114.676898103">
      <ele>45.481</ele>
      <time>2025-11-12T06:58:06Z</time>
    </trkpt>
    <trkpt lat="37.734696243" lon="114.659069822">
      <ele>47.651</ele>
      <time>2025-11-12T07:12:51Z</time>
    </trkpt>
    <trkpt lat="37.723160656" lon="114.65579004">
      <ele>43.844</ele>
      <time>2025-11-13T01:31:15Z</time>
    </trkpt>
    <trkpt lat="37.653553728" lon="114.638357191">
      <ele>48.793</ele>
      <time>2025-11-13T01:37:14Z</time>
    </trkpt>
    <trkpt lat="37.6383293" lon="114.55659315">
      <ele>57.011</ele>
      <time>2025-11-13T01:44:28Z</time>
    </trkpt>
    <trkpt lat="37.641508975" lon="114.438195583">
      <ele>108.623</ele>
      <time>2025-11-13T01:52:45Z</time>
    </trkpt>
    <trkpt lat="37.654474438" lon="114.313139264">
      <ele>206.086</ele>
      <time>2025-11-13T02:03:48Z</time>
    </trkpt>
    <trkpt lat="37.855856745" lon="114.251089376">
      <ele>293.604</ele>
      <time>2025-11-13T02:23:11Z</time>
    </trkpt>
    <trkpt lat="37.973161773" lon="114.144750852">
      <ele>348.157</ele>
      <time>2025-11-13T02:38:11Z</time>
    </trkpt>
    <trkpt lat="37.954580225" lon="113.953607753">
      <ele>484.418</ele>
      <time>2025-11-13T02:53:13Z</time>
    </trkpt>
    <trkpt lat="37.84016936" lon="113.835741985">
      <ele>880.28</ele>
      <time>2025-11-13T03:08:12Z</time>
    </trkpt>
    <trkpt lat="37.785674902" lon="113.752244599">
      <ele>739.129</ele>
      <time>2025-11-13T03:18:49Z</time>
    </trkpt>
    <trkpt lat="37.781317192" lon="113.723397094">
      <ele>679.742</ele>
      <time>2025-11-13T03:38:13Z</time>
    </trkpt>
    <trkpt lat="37.779202452" lon="113.713912493">
      <ele>668.465</ele>
      <time>2025-11-13T03:53:57Z</time>
    </trkpt>
    <trkpt lat="37.781073991" lon="113.654388478">
      <ele>682.799</ele>
      <time>2025-11-13T03:59:06Z</time>
    </trkpt>
    <trkpt lat="37.860019156" lon="113.342671618">
      <ele>962.833</ele>
      <time>2025-11-13T04:28:24Z</time>
    </trkpt>
    <trkpt lat="37.88765362" lon="113.153306907">
      <ele>1040.021</ele>
      <time>2025-11-13T04:43:33Z</time>
    </trkpt>
    <trkpt lat="37.890368644" lon="112.952347677">
      <ele>1158.34</ele>
      <time>2025-11-13T04:58:30Z</time>
    </trkpt>
    <trkpt lat="37.834927466" lon="112.877491478">
      <ele>1224.424</ele>
      <time>2025-11-13T05:13:40Z</time>
    </trkpt>
    <trkpt lat="37.82830773" lon="112.873643016">
      <ele>1199.804</ele>
      <time>2025-11-13T06:15:56Z</time>
    </trkpt>
    <trkpt lat="37.768516811" lon="112.803507121">
      <ele>993.339</ele>
      <time>2025-11-13T06:24:45Z</time>
    </trkpt>
    <trkpt lat="37.602788731" lon="112.768646032">
      <ele>864.966</ele>
      <time>2025-11-13T06:39:54Z</time>
    </trkpt>
    <trkpt lat="37.524299741" lon="112.655135522">
      <ele>796.554</ele>
      <time>2025-11-13T06:50:17Z</time>
    </trkpt>
    <trkpt lat="37.497192132" lon="112.581501268">
      <ele>777.874</ele>
      <time>2025-11-13T06:55:37Z</time>
    </trkpt>
    <trkpt lat="37.478564903" lon="112.502771644">
      <ele>765.708</ele>
      <time>2025-11-13T07:10:59Z</time>
    </trkpt>
    <trkpt lat="37.458865712" lon="112.452016706">
      <ele>764.26</ele>
      <time>2025-11-13T07:27:57Z</time>
    </trkpt>
    <trkpt lat="37.386619323" lon="112.281761225">
      <ele>751.623</ele>
      <time>2025-11-13T07:42:51Z</time>
    </trkpt>
    <trkpt lat="37.213558332" lon="112.239130569">
      <ele>764.895</ele>
      <time>2025-11-13T07:57:53Z</time>
    </trkpt>
    <trkpt lat="37.172224428" lon="112.18015754">
      <ele>778.575</ele>
      <time>2025-11-13T08:05:30Z</time>
    </trkpt>
    <trkpt lat="37.234458737" lon="112.25082513">
      <ele>764.0</ele>
      <time>2025-11-13T08:30:16Z</time>
    </trkpt>
    <trkpt lat="37.410317981" lon="112.289635772">
      <ele>753.734</ele>
      <time>2025-11-13T08:45:23Z</time>
    </trkpt>
    <trkpt lat="37.477411344" lon="112.502708193">
      <ele>765.49</ele>
      <time>2025-11-13T09:00:32Z</time>
    </trkpt>
    <trkpt lat="37.497740225" lon="112.564080153">
      <ele>777.512</ele>
      <time>2025-11-13T09:13:44Z</time>
    </trkpt>
    <trkpt lat="37.479529744" lon="112.502132692">
      <ele>766.0</ele>
      <time>2025-11-14T02:17:45Z</time>
    </trkpt>
    <trkpt lat="37.413274949" lon="112.305449993">
      <ele>756.46</ele>
      <time>2025-11-14T03:05:22Z</time>
    </trkpt>
    <trkpt lat="37.256211877" lon="112.253975636">
      <ele>761.088</ele>
      <time>2025-11-14T03:20:49Z</time>
    </trkpt>
    <trkpt lat="37.180841882" lon="112.177601494">
      <ele>773.623</ele>
      <time>2025-11-14T03:35:47Z</time>
    </trkpt>
    <trkpt lat="37.193135544" lon="112.175588926">
      <ele>762.0</ele>
      <time>2025-11-14T03:40:49Z</time>
    </trkpt>
    <trkpt lat="37.194031519" lon="112.176301293">
      <ele>763.18</ele>
      <time>2025-11-14T06:31:01Z</time>
    </trkpt>
    <trkpt lat="37.193844633" lon="112.175954972">
      <ele>762.841</ele>
      <time>2025-11-14T13:47:19Z</time>
    </trkpt>
    <trkpt lat="37.175127509" lon="112.178742083">
      <ele>777.173</ele>
      <time>2025-11-16T01:10:55Z</time>
    </trkpt>
    <trkpt lat="37.145277131" lon="112.139838087">
      <ele>781.998</ele>
      <time>2025-11-16T01:22:49Z</time>
    </trkpt>
    <trkpt lat="37.106444403" lon="112.183929831">
      <ele>878.482</ele>
      <time>2025-11-16T01:31:11Z</time>
    </trkpt>
    <trkpt lat="37.108170272" lon="112.551349817">
      <ele>1267.828</ele>
      <time>2025-11-16T02:01:37Z</time>
    </trkpt>
    <trkpt lat="37.077265483" lon="112.728170623">
      <ele>1057.107</ele>
      <time>2025-11-16T02:16:36Z</time>
    </trkpt>
    <trkpt lat="37.085660552" lon="112.752149189">
      <ele>1046.493</ele>
      <time>2025-11-16T02:29:38Z</time>
    </trkpt>
    <trkpt lat="37.096462082" lon="112.921483719">
      <ele>1010.605</ele>
      <time>2025-11-16T02:57:41Z</time>
    </trkpt>
    <trkpt lat="36.95216286" lon="112.924299063">
      <ele>968.359</ele>
      <time>2025-11-16T03:12:42Z</time>
    </trkpt>
    <trkpt lat="36.799741429" lon="112.881941199">
      <ele>1032.564</ele>
      <time>2025-11-16T03:27:41Z</time>
    </trkpt>
    <trkpt lat="36.745827394" lon="112.891695807">
      <ele>1160.726</ele>
      <time>2025-11-16T03:32:44Z</time>
    </trkpt>
    <trkpt lat="36.58204831" lon="112.928116756">
      <ele>1046.221</ele>
      <time>2025-11-16T03:48:10Z</time>
    </trkpt>
    <trkpt lat="36.438258996" lon="112.943114709">
      <ele>943.966</ele>
      <time>2025-11-16T04:03:09Z</time>
    </trkpt>
    <trkpt lat="36.26448611" lon="112.98681827">
      <ele>907.454</ele>
      <time>2025-11-16T04:18:09Z</time>
    </trkpt>
    <trkpt lat="36.148273591" lon="113.037166571">
      <ele>937.2</ele>
      <time>2025-11-16T04:29:21Z</time>
    </trkpt>
    <trkpt lat="35.976766912" lon="113.035078918">
      <ele>1009.29</ele>
      <time>2025-11-16T04:44:56Z</time>
    </trkpt>
    <trkpt lat="35.811503227" lon="112.953310004">
      <ele>874.243</ele>
      <time>2025-11-16T05:00:18Z</time>
    </trkpt>
    <trkpt lat="35.742474818" lon="112.96753292">
      <ele>839.181</ele>
      <time>2025-11-16T05:13:48Z</time>
    </trkpt>
    <trkpt lat="35.7085384" lon="112.991210521">
      <ele>873.832</ele>
      <time>2025-11-16T06:01:14Z</time>
    </trkpt>
    <trkpt lat="35.751962923" lon="113.177336985">
      <ele>1092.414</ele>
      <time>2025-11-16T06:15:09Z</time>
    </trkpt>
    <trkpt lat="35.737455535" lon="113.360350126">
      <ele>1310.405</ele>
      <time>2025-11-16T06:28:38Z</time>
    </trkpt>
    <trkpt lat="35.689145166" lon="113.524151962">
      <ele>1210.666</ele>
      <time>2025-11-16T06:42:09Z</time>
    </trkpt>
    <trkpt lat="35.717572072" lon="113.630018065">
      <ele>1050.984</ele>
      <time>2025-11-16T06:55:39Z</time>
    </trkpt>
    <trkpt lat="35.700468581" lon="113.699646102">
      <ele>513.133</ele>
      <time>2025-11-16T07:22:38Z</time>
    </trkpt>
    <trkpt lat="35.726462771" lon="113.73573393">
      <ele>409.358</ele>
      <time>2025-11-16T07:36:09Z</time>
    </trkpt>
    <trkpt lat="35.768136136" lon="113.705017269">
      <ele>450.648</ele>
      <time>2025-11-16T07:49:39Z</time>
    </trkpt>
    <trkpt lat="35.736963935" lon="113.637584883">
      <ele>569.364</ele>
      <time>2025-11-16T08:03:07Z</time>
    </trkpt>
    <trkpt lat="35.736226125" lon="113.639118309">
      <ele>559.756</ele>
      <time>2025-11-16T09:14:04Z</time>
    </trkpt>
    <trkpt lat="35.756153413" lon="113.682462406">
      <ele>479.842</ele>
      <time>2025-11-18T01:52:11Z</time>
    </trkpt>
    <trkpt lat="35.772207147" lon="113.704230543">
      <ele>449.716</ele>
      <time>2025-11-18T01:57:39Z</time>
    </trkpt>
    <trkpt lat="35.723411143" lon="113.714571716">
      <ele>414.67</ele>
      <time>2025-11-18T02:11:36Z</time>
    </trkpt>
    <trkpt lat="35.609909445" lon="113.688575579">
      <ele>282.157</ele>
      <time>2025-11-18T02:24:38Z</time>
    </trkpt>
    <trkpt lat="35.498065352" lon="113.711935273">
      <ele>94.999</ele>
      <time>2025-11-18T02:37:39Z</time>
    </trkpt>
    <trkpt lat="35.42152944" lon="113.757634917">
      <ele>80.232</ele>
      <time>2025-11-18T02:51:39Z</time>
    </trkpt>
    <trkpt lat="35.318190632" lon="113.657274703">
      <ele>75.908</ele>
      <time>2025-11-18T03:05:39Z</time>
    </trkpt>
    <trkpt lat="35.216333284" lon="113.495343961">
      <ele>82.609</ele>
      <time>2025-11-18T03:19:39Z</time>
    </trkpt>
    <trkpt lat="35.16051326" lon="113.334911494">
      <ele>91.049</ele>
      <time>2025-11-18T03:32:40Z</time>
    </trkpt>
    <trkpt lat="35.141334781" lon="113.26210116">
      <ele>94.454</ele>
      <time>2025-11-18T04:29:07Z</time>
    </trkpt>
    <trkpt lat="35.102026714" lon="113.044051062">
      <ele>115.704</ele>
      <time>2025-11-18T04:44:15Z</time>
    </trkpt>
    <trkpt lat="35.056043468" lon="112.862956189">
      <ele>117.156</ele>
      <time>2025-11-18T04:57:45Z</time>
    </trkpt>
    <trkpt lat="35.056529073" lon="112.677873205">
      <ele>134.827</ele>
      <time>2025-11-18T05:12:28Z</time>
    </trkpt>
    <trkpt lat="34.890971272" lon="112.628667913">
      <ele>122.497</ele>
      <time>2025-11-18T05:27:12Z</time>
    </trkpt>
    <trkpt lat="34.758003443" lon="112.571632415">
      <ele>175.779</ele>
      <time>2025-11-18T05:40:58Z</time>
    </trkpt>
    <trkpt lat="34.614024223" lon="112.524880758">
      <ele>132.22</ele>
      <time>2025-11-18T05:54:07Z</time>
    </trkpt>
    <trkpt lat="34.570033983" lon="112.482555583">
      <ele>147.502</ele>
      <time>2025-11-18T06:06:47Z</time>
    </trkpt>
    <trkpt lat="34.568073184" lon="112.483477443">
      <ele>148.934</ele>
      <time>2025-11-18T12:17:33Z</time>
    </trkpt>
    <trkpt lat="34.621041259" lon="112.432302637">
      <ele>145.0</ele>
      <time>2025-11-20T01:23:50Z</time>
    </trkpt>
    <trkpt lat="34.740630691" lon="112.423331738">
      <ele>234.007</ele>
      <time>2025-11-20T01:38:32Z</time>
    </trkpt>
    <trkpt lat="34.752919401" lon="112.395657311">
      <ele>247.941</ele>
      <time>2025-11-20T01:47:07Z</time>
    </trkpt>
    <trkpt lat="34.753229991" lon="112.231916394">
      <ele>293.202</ele>
      <time>2025-11-20T01:58:38Z</time>
    </trkpt>
    <trkpt lat="34.759076973" lon="112.033710781">
      <ele>375.39</ele>
      <time>2025-11-20T02:12:55Z</time>
    </trkpt>
    <trkpt lat="34.751413691" lon="111.944276265">
      <ele>442.592</ele>
      <time>2025-11-20T02:27:40Z</time>
    </trkpt>
    <trkpt lat="34.759677728" lon="111.907688202">
      <ele>502.847</ele>
      <time>2025-11-20T02:42:22Z</time>
    </trkpt>
    <trkpt lat="34.775513029" lon="111.72330997">
      <ele>530.704</ele>
      <time>2025-11-20T02:56:28Z</time>
    </trkpt>
    <trkpt lat="34.701566496" lon="111.579964087">
      <ele>682.376</ele>
      <time>2025-11-20T03:09:59Z</time>
    </trkpt>
    <trkpt lat="34.716526307" lon="111.408903357">
      <ele>728.979</ele>
      <time>2025-11-20T03:22:44Z</time>
    </trkpt>
    <trkpt lat="34.750150443" lon="111.200396449">
      <ele>468.537</ele>
      <time>2025-11-20T03:37:45Z</time>
    </trkpt>
    <trkpt lat="34.713455816" lon="111.017523968">
      <ele>346.537</ele>
      <time>2025-11-20T03:51:16Z</time>
    </trkpt>
    <trkpt lat="34.620744627" lon="110.865389399">
      <ele>455.585</ele>
      <time>2025-11-20T04:05:42Z</time>
    </trkpt>
    <trkpt lat="34.573758551" lon="110.756489092">
      <ele>358.638</ele>
      <time>2025-11-20T04:20:50Z</time>
    </trkpt>
    <trkpt lat="34.577931125" lon="110.546937601">
      <ele>426.656</ele>
      <time>2025-11-20T05:16:41Z</time>
    </trkpt>
    <trkpt lat="34.57907579" lon="110.48694689">
      <ele>350.357</ele>
      <time>2025-11-20T05:30:41Z</time>
    </trkpt>
    <trkpt lat="34.603982912" lon="110.309134545">
      <ele>383.815</ele>
      <time>2025-11-20T05:45:27Z</time>
    </trkpt>
    <trkpt lat="34.5808256" lon="110.125438096">
      <ele>371.672</ele>
      <time>2025-11-20T05:58:55Z</time>
    </trkpt>
    <trkpt lat="34.543659319" lon="109.944954598">
      <ele>339.972</ele>
      <time>2025-11-20T06:12:05Z</time>
    </trkpt>
    <trkpt lat="34.499906627" lon="109.728962219">
      <ele>356.336</ele>
      <time>2025-11-20T06:27:10Z</time>
    </trkpt>
    <trkpt lat="34.493751295" lon="109.551688723">
      <ele>388.119</ele>
      <time>2025-11-20T06:41:53Z</time>
    </trkpt>
    <trkpt lat="34.479510854" lon="109.356071586">
      <ele>388.034</ele>
      <time>2025-11-20T06:56:38Z</time>
    </trkpt>
    <trkpt lat="34.409156422" lon="109.247955464">
      <ele>401.256</ele>
      <time>2025-11-20T07:11:23Z</time>
    </trkpt>
    <trkpt lat="34.394196407" lon="109.280191055">
      <ele>460.893</ele>
      <time>2025-11-20T07:24:18Z</time>
    </trkpt>
    <trkpt lat="34.393876625" lon="109.280245303">
      <ele>462.888</ele>
      <time>2025-11-20T12:11:42Z</time>
    </trkpt>
    <trkpt lat="34.398684324" lon="109.281712708">
      <ele>456.068</ele>
      <time>2025-11-21T06:19:18Z</time>
    </trkpt>
    <trkpt lat="34.357522815" lon="109.158719843">
      <ele>451.359</ele>
      <time>2025-11-21T06:32:46Z</time>
    </trkpt>
    <trkpt lat="34.301126269" lon="109.044446172">
      <ele>395.054</ele>
      <time>2025-11-21T06:46:16Z</time>
    </trkpt>
    <trkpt lat="34.31157955" lon="108.958076108">
      <ele>395.678</ele>
      <time>2025-11-21T06:59:48Z</time>
    </trkpt>
    <trkpt lat="34.301326219" lon="108.904100927">
      <ele>397.495</ele>
      <time>2025-11-21T07:13:16Z</time>
    </trkpt>
    <trkpt lat="34.297670898" lon="108.900863294">
      <ele>400.549</ele>
      <time>2025-11-25T01:20:45Z</time>
    </trkpt>
    <trkpt lat="34.289644219" lon="108.862159525">
      <ele>395.838</ele>
      <time>2025-11-25T01:25:46Z</time>
    </trkpt>
    <trkpt lat="34.309180608" lon="108.842163575">
      <ele>387.889</ele>
      <time>2025-11-25T01:30:46Z</time>
    </trkpt>
    <trkpt lat="34.337010529" lon="108.840943648">
      <ele>384.033</ele>
      <time>2025-11-25T01:35:47Z</time>
    </trkpt>
    <trkpt lat="34.343347247" lon="108.82940344">
      <ele>380.767</ele>
      <time>2025-11-25T01:40:48Z</time>
    </trkpt>
    <trkpt lat="34.306744018" lon="108.782970625">
      <ele>382.083</ele>
      <time>2025-11-25T01:45:48Z</time>
    </trkpt>
    <trkpt lat="34.253223173" lon="108.791018659">
      <ele>392.068</ele>
      <time>2025-11-25T01:50:49Z</time>
    </trkpt>
    <trkpt lat="34.199638513" lon="108.814690429">
      <ele>403.08</ele>
      <time>2025-11-25T01:55:49Z</time>
    </trkpt>
    <trkpt lat="34.167915977" lon="108.769901287">
      <ele>410.502</ele>
      <time>2025-11-25T02:00:50Z</time>
    </trkpt>
    <trkpt lat="34.142858775" lon="108.705578212">
      <ele>407.139</ele>
      <time>2025-11-25T02:05:50Z</time>
    </trkpt>
    <trkpt lat="34.098158131" lon="108.659038592">
      <ele>411.738</ele>
      <time>2025-11-25T02:10:51Z</time>
    </trkpt>
    <trkpt lat="34.083944619" lon="108.590574918">
      <ele>412.986</ele>
      <time>2025-11-25T02:15:51Z</time>
    </trkpt>
    <trkpt lat="34.039179168" lon="108.543599174">
      <ele>489.0</ele>
      <time>2025-11-25T02:20:51Z</time>
    </trkpt>
    <trkpt lat="33.992218253" lon="108.528280967">
      <ele>593.823</ele>
      <time>2025-11-25T02:25:52Z</time>
    </trkpt>
    <trkpt lat="33.946418737" lon="108.525128805">
      <ele>725.885</ele>
      <time>2025-11-25T02:30:52Z</time>
    </trkpt>
    <trkpt lat="33.909946451" lon="108.511503155">
      <ele>863.405</ele>
      <time>2025-11-25T02:35:53Z</time>
    </trkpt>
    <trkpt lat="33.875817624" lon="108.500865961">
      <ele>1007.1</ele>
      <time>2025-11-25T02:40:53Z</time>
    </trkpt>
    <trkpt lat="33.834325305" lon="108.51092494">
      <ele>1174.1</ele>
      <time>2025-11-25T02:45:53Z</time>
    </trkpt>
    <trkpt lat="33.778176673" lon="108.486087677">
      <ele>1408.028</ele>
      <time>2025-11-25T02:54:17Z</time>
    </trkpt>
    <trkpt lat="33.612145437" lon="108.433059845">
      <ele>1374.836</ele>
      <time>2025-11-25T04:06:56Z</time>
    </trkpt>
    <trkpt lat="33.503469285" lon="108.31543576">
      <ele>983.466</ele>
      <time>2025-11-25T04:21:54Z</time>
    </trkpt>
    <trkpt lat="33.41128675" lon="108.230717552">
      <ele>697.793</ele>
      <time>2025-11-25T04:36:55Z</time>
    </trkpt>
    <trkpt lat="33.401287428" lon="108.227026682">
      <ele>706.934</ele>
      <time>2025-11-25T04:50:24Z</time>
    </trkpt>
    <trkpt lat="33.378138919" lon="108.187434711">
      <ele>678.237</ele>
      <time>2025-11-25T05:21:12Z</time>
    </trkpt>
    <trkpt lat="33.308398497" lon="108.050655911">
      <ele>554.728</ele>
      <time>2025-11-25T05:36:13Z</time>
    </trkpt>
    <trkpt lat="33.284569429" lon="107.904336434">
      <ele>688.299</ele>
      <time>2025-11-25T05:51:11Z</time>
    </trkpt>
    <trkpt lat="33.257876079" lon="107.728746932">
      <ele>609.993</ele>
      <time>2025-11-25T06:06:12Z</time>
    </trkpt>
    <trkpt lat="33.203648105" lon="107.560427198">
      <ele>461.538</ele>
      <time>2025-11-25T06:21:12Z</time>
    </trkpt>
    <trkpt lat="33.160459553" lon="107.426425796">
      <ele>473.457</ele>
      <time>2025-11-25T06:34:41Z</time>
    </trkpt>
    <trkpt lat="33.093268122" lon="107.25643334">
      <ele>482.197</ele>
      <time>2025-11-25T06:48:11Z</time>
    </trkpt>
    <trkpt lat="33.025200698" lon="107.056816388">
      <ele>500.389</ele>
      <time>2025-11-25T07:03:11Z</time>
    </trkpt>
    <trkpt lat="33.054996938" lon="106.846742509">
      <ele>560.989</ele>
      <time>2025-11-25T07:18:11Z</time>
    </trkpt>
    <trkpt lat="33.057967275" lon="106.648900677">
      <ele>582.0</ele>
      <time>2025-11-25T07:33:11Z</time>
    </trkpt>
    <trkpt lat="33.057863507" lon="106.648511086">
      <ele>581.0</ele>
      <time>2025-11-25T07:33:13Z</time>
    </trkpt>
    <trkpt lat="33.057753244" lon="106.648109006">
      <ele>580.175</ele>
      <time>2025-11-25T07:33:18Z</time>
    </trkpt>
    <trkpt lat="33.057794066" lon="106.647736209">
      <ele>580.0</ele>
      <time>2025-11-25T07:33:32Z</time>
    </trkpt>
    <trkpt lat="33.058039032" lon="106.64746765">
      <ele>580.0</ele>
      <time>2025-11-25T07:33:46Z</time>
    </trkpt>
    <trkpt lat="32.973664063" lon="106.506056031">
      <ele>757.93</ele>
      <time>2025-11-25T07:48:43Z</time>
    </trkpt>
    <trkpt lat="32.866846933" lon="106.405145042">
      <ele>749.008</ele>
      <time>2025-11-25T08:03:44Z</time>
    </trkpt>
    <trkpt lat="32.806503852" lon="106.230499875">
      <ele>829.985</ele>
      <time>2025-11-25T08:18:44Z</time>
    </trkpt>
    <trkpt lat="32.806330895" lon="106.230107986">
      <ele>827.853</ele>
      <time>2025-11-25T08:18:45Z</time>
    </trkpt>
    <trkpt lat="32.806094545" lon="106.229573406">
      <ele>831.715</ele>
      <time>2025-11-25T08:18:47Z</time>
    </trkpt>
    <trkpt lat="32.805930921" lon="106.229117875">
      <ele>834.008</ele>
      <time>2025-11-25T08:18:49Z</time>
    </trkpt>
    <trkpt lat="32.805749775" lon="106.228541074">
      <ele>836.352</ele>
      <time>2025-11-25T08:18:52Z</time>
    </trkpt>
    <trkpt lat="32.805579397" lon="106.228088556">
      <ele>836.131</ele>
      <time>2025-11-25T08:18:54Z</time>
    </trkpt>
    <trkpt lat="32.805403518" lon="106.227640808">
      <ele>832.021</ele>
      <time>2025-11-25T08:18:56Z</time>
    </trkpt>
    <trkpt lat="32.805220977" lon="106.227196956">
      <ele>827.223</ele>
      <time>2025-11-25T08:18:58Z</time>
    </trkpt>
    <trkpt lat="32.805020598" lon="106.226760866">
      <ele>831.446</ele>
      <time>2025-11-25T08:19:00Z</time>
    </trkpt>
    <trkpt lat="32.804812098" lon="106.226330025">
      <ele>838.562</ele>
      <time>2025-11-25T08:19:02Z</time>
    </trkpt>
    <trkpt lat="32.804589093" lon="106.225903621">
      <ele>838.107</ele>
      <time>2025-11-25T08:19:04Z</time>
    </trkpt>
    <trkpt lat="32.722779013" lon="106.089722389">
      <ele>691.947</ele>
      <time>2025-11-25T08:34:16Z</time>
    </trkpt>
    <trkpt lat="32.722829589" lon="106.08911769">
      <ele>683.145</ele>
      <time>2025-11-25T08:34:19Z</time>
    </trkpt>
    <trkpt lat="32.722989419" lon="106.088596433">
      <ele>675.325</ele>
      <time>2025-11-25T08:34:21Z</time>
    </trkpt>
    <trkpt lat="32.723106514" lon="106.08815454">
      <ele>672.16</ele>
      <time>2025-11-25T08:34:23Z</time>
    </trkpt>
    <trkpt lat="32.723216359" lon="106.087719351">
      <ele>674.7</ele>
      <time>2025-11-25T08:34:25Z</time>
    </trkpt>
    <trkpt lat="32.723323605" lon="106.087283325">
      <ele>680.235</ele>
      <time>2025-11-25T08:34:27Z</time>
    </trkpt>
    <trkpt lat="32.723423328" lon="106.086837622">
      <ele>679.124</ele>
      <time>2025-11-25T08:34:29Z</time>
    </trkpt>
    <trkpt lat="32.723502718" lon="106.086393341">
      <ele>670.1</ele>
      <time>2025-11-25T08:34:31Z</time>
    </trkpt>
    <trkpt lat="32.723558148" lon="106.085959944">
      <ele>671.029</ele>
      <time>2025-11-25T08:34:33Z</time>
    </trkpt>
    <trkpt lat="32.723592322" lon="106.085513725">
      <ele>674.597</ele>
      <time>2025-11-25T08:34:35Z</time>
    </trkpt>
    <trkpt lat="32.723596412" lon="106.085064959">
      <ele>678.732</ele>
      <time>2025-11-25T08:34:37Z</time>
    </trkpt>
    <trkpt lat="32.723579972" lon="106.08461477">
      <ele>683.378</ele>
      <time>2025-11-25T08:34:39Z</time>
    </trkpt>
    <trkpt lat="32.723532482" lon="106.084175885">
      <ele>686.519</ele>
      <time>2025-11-25T08:34:41Z</time>
    </trkpt>
    <trkpt lat="32.723465055" lon="106.083757611">
      <ele>691.278</ele>
      <time>2025-11-25T08:34:43Z</time>
    </trkpt>
    <trkpt lat="32.723374033" lon="106.083341062">
      <ele>699.747</ele>
      <time>2025-11-25T08:34:45Z</time>
    </trkpt>
    <trkpt lat="32.723257298" lon="106.082921174">
      <ele>704.677</ele>
      <time>2025-11-25T08:34:47Z</time>
    </trkpt>
    <trkpt lat="32.723129818" lon="106.082503651">
      <ele>699.445</ele>
      <time>2025-11-25T08:34:49Z</time>
    </trkpt>
    <trkpt lat="32.722962465" lon="106.08210109">
      <ele>695.022</ele>
      <time>2025-11-25T08:34:51Z</time>
    </trkpt>
    <trkpt lat="32.722793503" lon="106.081706055">
      <ele>693.961</ele>
      <time>2025-11-25T08:34:53Z</time>
    </trkpt>
    <trkpt lat="32.722609319" lon="106.081316356">
      <ele>696.989</ele>
      <time>2025-11-25T08:34:55Z</time>
    </trkpt>
    <trkpt lat="32.722413296" lon="106.080941029">
      <ele>696.932</ele>
      <time>2025-11-25T08:34:57Z</time>
    </trkpt>
    <trkpt lat="32.722199503" lon="106.08057424">
      <ele>695.929</ele>
      <time>2025-11-25T08:34:59Z</time>
    </trkpt>
    <trkpt lat="32.721968299" lon="106.080216146">
      <ele>695.237</ele>
      <time>2025-11-25T08:35:01Z</time>
    </trkpt>
    <trkpt lat="32.721723827" lon="106.079861987">
      <ele>688.104</ele>
      <time>2025-11-25T08:35:03Z</time>
    </trkpt>
    <trkpt lat="32.721471815" lon="106.079527547">
      <ele>687.227</ele>
      <time>2025-11-25T08:35:05Z</time>
    </trkpt>
    <trkpt lat="32.72121115" lon="106.079216768">
      <ele>691.86</ele>
      <time>2025-11-25T08:35:07Z</time>
    </trkpt>
    <trkpt lat="32.720947407" lon="106.078924978">
      <ele>701.668</ele>
      <time>2025-11-25T08:35:09Z</time>
    </trkpt>
    <trkpt lat="32.720673776" lon="106.078640184">
      <ele>707.737</ele>
      <time>2025-11-25T08:35:11Z</time>
    </trkpt>
    <trkpt lat="32.720381753" lon="106.078367218">
      <ele>703.558</ele>
      <time>2025-11-25T08:35:13Z</time>
    </trkpt>
    <trkpt lat="32.720085592" lon="106.078119235">
      <ele>687.757</ele>
      <time>2025-11-25T08:35:15Z</time>
    </trkpt>
    <trkpt lat="32.705704977" lon="106.043987605">
      <ele>676.325</ele>
      <time>2025-11-25T08:50:18Z</time>
    </trkpt>
    <trkpt lat="32.677283125" lon="105.98125036">
      <ele>665.816</ele>
      <time>2025-11-26T01:03:00Z</time>
    </trkpt>
    <trkpt lat="32.603535228" lon="105.871751063">
      <ele>496.722</ele>
      <time>2025-11-26T01:17:19Z</time>
    </trkpt>
    <trkpt lat="32.46954348" lon="105.81929472">
      <ele>509.738</ele>
      <time>2025-11-26T01:32:18Z</time>
    </trkpt>
    <trkpt lat="32.358018401" lon="105.693343326">
      <ele>465.196</ele>
      <time>2025-11-26T01:47:19Z</time>
    </trkpt>
    <trkpt lat="32.295110361" lon="105.539818229">
      <ele>574.583</ele>
      <time>2025-11-26T02:02:20Z</time>
    </trkpt>
    <trkpt lat="32.272748773" lon="105.468499901">
      <ele>588.741</ele>
      <time>2025-11-26T02:17:21Z</time>
    </trkpt>
    <trkpt lat="32.27269944" lon="105.468111112">
      <ele>588.702</ele>
      <time>2025-11-26T02:17:23Z</time>
    </trkpt>
    <trkpt lat="32.27256379" lon="105.46761367">
      <ele>597.322</ele>
      <time>2025-11-26T02:17:25Z</time>
    </trkpt>
    <trkpt lat="32.272382786" lon="105.467232442">
      <ele>600.232</ele>
      <time>2025-11-26T02:17:27Z</time>
    </trkpt>
    <trkpt lat="32.272169435" lon="105.466866041">
      <ele>600.686</ele>
      <time>2025-11-26T02:17:29Z</time>
    </trkpt>
    <trkpt lat="32.271917844" lon="105.466522509">
      <ele>598.299</ele>
      <time>2025-11-26T02:17:31Z</time>
    </trkpt>
    <trkpt lat="32.271644833" lon="105.466210773">
      <ele>599.241</ele>
      <time>2025-11-26T02:17:33Z</time>
    </trkpt>
    <trkpt lat="32.271342271" lon="105.465937581">
      <ele>604.051</ele>
      <time>2025-11-26T02:17:35Z</time>
    </trkpt>
    <trkpt lat="32.271018378" lon="105.465701118">
      <ele>606.864</ele>
      <time>2025-11-26T02:17:37Z</time>
    </trkpt>
    <trkpt lat="32.270672821" lon="105.465509517">
      <ele>613.755</ele>
      <time>2025-11-26T02:17:39Z</time>
    </trkpt>
    <trkpt lat="32.27031548" lon="105.465359852">
      <ele>613.382</ele>
      <time>2025-11-26T02:17:41Z</time>
    </trkpt>
    <trkpt lat="32.269964038" lon="105.465238373">
      <ele>606.755</ele>
      <time>2025-11-26T02:17:43Z</time>
    </trkpt>
    <trkpt lat="32.269612054" lon="105.465164543">
      <ele>600.438</ele>
      <time>2025-11-26T02:17:45Z</time>
    </trkpt>
    <trkpt lat="32.269264322" lon="105.465077462">
      <ele>595.296</ele>
      <time>2025-11-26T02:17:47Z</time>
    </trkpt>
    <trkpt lat="32.26892076" lon="105.464981352">
      <ele>591.471</ele>
      <time>2025-11-26T02:17:49Z</time>
    </trkpt>
    <trkpt lat="32.268574746" lon="105.46485354">
      <ele>589.185</ele>
      <time>2025-11-26T02:17:51Z</time>
    </trkpt>
    <trkpt lat="32.26823725" lon="105.464731307">
      <ele>586.901</ele>
      <time>2025-11-26T02:17:53Z</time>
    </trkpt>
    <trkpt lat="32.267916067" lon="105.464521597">
      <ele>586.397</ele>
      <time>2025-11-26T02:17:55Z</time>
    </trkpt>
    <trkpt lat="32.267618321" lon="105.464274962">
      <ele>588.076</ele>
      <time>2025-11-26T02:17:57Z</time>
    </trkpt>
    <trkpt lat="32.267327267" lon="105.463999154">
      <ele>590.713</ele>
      <time>2025-11-26T02:17:59Z</time>
    </trkpt>
    <trkpt lat="32.172788177" lon="105.310363378">
      <ele>725.922</ele>
      <time>2025-11-26T02:33:24Z</time>
    </trkpt>
    <trkpt lat="32.172596357" lon="105.310036484">
      <ele>721.747</ele>
      <time>2025-11-26T02:33:26Z</time>
    </trkpt>
    <trkpt lat="32.172326376" lon="105.309597524">
      <ele>720.283</ele>
      <time>2025-11-26T02:33:28Z</time>
    </trkpt>
    <trkpt lat="31.927260105" lon="105.03975112">
      <ele>581.086</ele>
      <time>2025-11-26T03:03:26Z</time>
    </trkpt>
    <trkpt lat="31.800102862" lon="104.887947394">
      <ele>624.909</ele>
      <time>2025-11-26T03:18:55Z</time>
    </trkpt>
    <trkpt lat="31.644884809" lon="104.782117233">
      <ele>563.967</ele>
      <time>2025-11-26T03:33:53Z</time>
    </trkpt>
    <trkpt lat="31.520024668" lon="104.659496276">
      <ele>569.821</ele>
      <time>2025-11-26T03:48:53Z</time>
    </trkpt>
    <trkpt lat="31.38163161" lon="104.551348686">
      <ele>529.332</ele>
      <time>2025-11-26T04:03:55Z</time>
    </trkpt>
    <trkpt lat="31.356199907" lon="104.527395973">
      <ele>524.175</ele>
      <time>2025-11-26T04:17:24Z</time>
    </trkpt>
    <trkpt lat="31.305409009" lon="104.465347163">
      <ele>535.612</ele>
      <time>2025-11-26T05:01:37Z</time>
    </trkpt>
    <trkpt lat="31.14513705" lon="104.421856832">
      <ele>503.209</ele>
      <time>2025-11-26T05:16:37Z</time>
    </trkpt>
    <trkpt lat="31.003802729" lon="104.340348902">
      <ele>465.231</ele>
      <time>2025-11-26T05:31:37Z</time>
    </trkpt>
    <trkpt lat="30.888300994" lon="104.221905191">
      <ele>479.258</ele>
      <time>2025-11-26T05:46:36Z</time>
    </trkpt>
    <trkpt lat="30.887965006" lon="104.221880129">
      <ele>480.883</ele>
      <time>2025-11-26T05:46:37Z</time>
    </trkpt>
    <trkpt lat="30.887618414" lon="104.2218119">
      <ele>484.198</ele>
      <time>2025-11-26T05:46:39Z</time>
    </trkpt>
    <trkpt lat="30.887279785" lon="104.22172037">
      <ele>486.599</ele>
      <time>2025-11-26T05:46:40Z</time>
    </trkpt>
    <trkpt lat="30.886942833" lon="104.221641328">
      <ele>485.182</ele>
      <time>2025-11-26T05:46:42Z</time>
    </trkpt>
    <trkpt lat="30.886593685" lon="104.221557509">
      <ele>485.523</ele>
      <time>2025-11-26T05:46:44Z</time>
    </trkpt>
    <trkpt lat="30.886240471" lon="104.221481988">
      <ele>484.44</ele>
      <time>2025-11-26T05:46:46Z</time>
    </trkpt>
    <trkpt lat="30.88588622" lon="104.221404352">
      <ele>483.899</ele>
      <time>2025-11-26T05:46:48Z</time>
    </trkpt>
    <trkpt lat="30.885526785" lon="104.221320964">
      <ele>483.768</ele>
      <time>2025-11-26T05:46:50Z</time>
    </trkpt>
    <trkpt lat="30.885167074" lon="104.221240487">
      <ele>481.28</ele>
      <time>2025-11-26T05:46:52Z</time>
    </trkpt>
    <trkpt lat="30.884805119" lon="104.221158234">
      <ele>480.881</ele>
      <time>2025-11-26T05:46:54Z</time>
    </trkpt>
    <trkpt lat="30.884442855" lon="104.22107531">
      <ele>481.123</ele>
      <time>2025-11-26T05:46:56Z</time>
    </trkpt>
    <trkpt lat="30.884079057" lon="104.220990806">
      <ele>480.118</ele>
      <time>2025-11-26T05:46:58Z</time>
    </trkpt>
    <trkpt lat="30.883713908" lon="104.220910369">
      <ele>480.633</ele>
      <time>2025-11-26T05:47:00Z</time>
    </trkpt>
    <trkpt lat="30.883352453" lon="104.220831816">
      <ele>483.863</ele>
      <time>2025-11-26T05:47:02Z</time>
    </trkpt>
    <trkpt lat="30.882990459" lon="104.220751021">
      <ele>483.157</ele>
      <time>2025-11-26T05:47:04Z</time>
    </trkpt>
    <trkpt lat="30.882634438" lon="104.220671235">
      <ele>482.202</ele>
      <time>2025-11-26T05:47:06Z</time>
    </trkpt>
    <trkpt lat="30.882324147" lon="104.220583739">
      <ele>481.303</ele>
      <time>2025-11-26T05:47:08Z</time>
    </trkpt>
    <trkpt lat="30.881994281" lon="104.220506001">
      <ele>481.821</ele>
      <time>2025-11-26T05:47:10Z</time>
    </trkpt>
    <trkpt lat="30.881662621" lon="104.220428931">
      <ele>481.499</ele>
      <time>2025-11-26T05:47:12Z</time>
    </trkpt>
    <trkpt lat="30.881323716" lon="104.220354214">
      <ele>478.49</ele>
      <time>2025-11-26T05:47:14Z</time>
    </trkpt>
    <trkpt lat="30.789455012" lon="104.183762334">
      <ele>482.0</ele>
      <time>2025-11-26T06:02:39Z</time>
    </trkpt>
    <trkpt lat="30.716481742" lon="104.134988192">
      <ele>509.986</ele>
      <time>2025-11-26T06:17:40Z</time>
    </trkpt>
    <trkpt lat="30.730342216" lon="104.141207522">
      <ele>519.347</ele>
      <time>2025-11-26T06:32:39Z</time>
    </trkpt>
    <trkpt lat="30.72965948" lon="104.140148871">
      <ele>514.536</ele>
      <time>2025-11-26T07:02:12Z</time>
    </trkpt>
    <trkpt lat="30.728237687" lon="104.145907861">
      <ele>504.52</ele>
      <time>2025-11-29T02:16:16Z</time>
    </trkpt>
    <trkpt lat="30.671288801" lon="104.160328543">
      <ele>499.462</ele>
      <time>2025-11-29T02:31:27Z</time>
    </trkpt>
    <trkpt lat="30.602882985" lon="104.126095658">
      <ele>518.013</ele>
      <time>2025-11-29T02:46:27Z</time>
    </trkpt>
    <trkpt lat="30.603331612" lon="104.143118485">
      <ele>519.317</ele>
      <time>2025-11-29T02:59:59Z</time>
    </trkpt>
    <trkpt lat="30.630029383" lon="104.13854357">
      <ele>511.843</ele>
      <time>2025-12-02T00:34:41Z</time>
    </trkpt>
    <trkpt lat="29.561242555" lon="106.5791229">
      <ele>291.991</ele>
      <time>2025-12-02T04:02:37Z</time>
    </trkpt>
    <trkpt lat="29.557273295" lon="106.49438859">
      <ele>193.837</ele>
      <time>2025-12-04T04:25:45Z</time>
    </trkpt>
    <trkpt lat="29.55669966" lon="106.456084583">
      <ele>252.809</ele>
      <time>2025-12-04T04:53:50Z</time>
    </trkpt>
    <trkpt lat="30.629912494" lon="104.13799589">
      <ele>508.356</ele>
      <time>2025-12-04T07:32:45Z</time>
    </trkpt>
    <trkpt lat="30.60371669" lon="104.144193297">
      <ele>511.24</ele>
      <time>2025-12-04T08:00:14Z</time>
    </trkpt>
    <trkpt lat="30.603310377" lon="104.14333038">
      <ele>517.113</ele>
      <time>2025-12-04T10:04:20Z</time>
    </trkpt>
    <trkpt lat="30.580747132" lon="104.10810669">
      <ele>487.494</ele>
      <time>2025-12-05T02:58:23Z</time>
    </trkpt>
    <trkpt lat="30.522318729" lon="104.109217627">
      <ele>495.058</ele>
      <time>2025-12-05T03:13:23Z</time>
    </trkpt>
    <trkpt lat="30.372515637" lon="104.115575552">
      <ele>518.759</ele>
      <time>2025-12-05T03:28:23Z</time>
    </trkpt>
    <trkpt lat="30.36781456" lon="104.034462839">
      <ele>463.801</ele>
      <time>2025-12-05T03:43:24Z</time>
    </trkpt>
    <trkpt lat="30.380428576" lon="103.86789859">
      <ele>449.108</ele>
      <time>2025-12-05T03:58:23Z</time>
    </trkpt>
    <trkpt lat="30.240989579" lon="103.844565824">
      <ele>434.438</ele>
      <time>2025-12-05T04:11:51Z</time>
    </trkpt>
    <trkpt lat="30.103155468" lon="103.809874384">
      <ele>418.742</ele>
      <time>2025-12-05T04:25:38Z</time>
    </trkpt>
    <trkpt lat="30.024068817" lon="103.777515292">
      <ele>421.0</ele>
      <time>2025-12-05T05:11:17Z</time>
    </trkpt>
    <trkpt lat="29.859592994" lon="103.724373691">
      <ele>443.373</ele>
      <time>2025-12-05T05:26:16Z</time>
    </trkpt>
    <trkpt lat="29.782155016" lon="103.672236236">
      <ele>464.254</ele>
      <time>2025-12-05T05:41:17Z</time>
    </trkpt>
    <trkpt lat="29.782137893" lon="103.671603611">
      <ele>463.842</ele>
      <time>2025-12-05T05:56:20Z</time>
    </trkpt>
    <trkpt lat="29.769551109" lon="103.676995651">
      <ele>457.0</ele>
      <time>2025-12-05T06:27:36Z</time>
    </trkpt>
    <trkpt lat="29.66756288" lon="103.668574439">
      <ele>401.286</ele>
      <time>2025-12-05T06:42:38Z</time>
    </trkpt>
    <trkpt lat="29.667248349" lon="103.668745346">
      <ele>404.836</ele>
      <time>2025-12-05T06:42:40Z</time>
    </trkpt>
    <trkpt lat="29.666769952" lon="103.669060841">
      <ele>407.026</ele>
      <time>2025-12-05T06:42:43Z</time>
    </trkpt>
    <trkpt lat="29.666424701" lon="103.669259744">
      <ele>408.513</ele>
      <time>2025-12-05T06:42:45Z</time>
    </trkpt>
    <trkpt lat="29.666076014" lon="103.669461412">
      <ele>409.473</ele>
      <time>2025-12-05T06:42:47Z</time>
    </trkpt>
    <trkpt lat="29.665725468" lon="103.669657892">
      <ele>413.222</ele>
      <time>2025-12-05T06:42:49Z</time>
    </trkpt>
    <trkpt lat="29.665369027" lon="103.669845981">
      <ele>416.441</ele>
      <time>2025-12-05T06:42:50Z</time>
    </trkpt>
    <trkpt lat="29.665007473" lon="103.670024051">
      <ele>415.143</ele>
      <time>2025-12-05T06:42:53Z</time>
    </trkpt>
    <trkpt lat="29.664642286" lon="103.670197679">
      <ele>415.316</ele>
      <time>2025-12-05T06:42:54Z</time>
    </trkpt>
    <trkpt lat="29.664272275" lon="103.670365281">
      <ele>413.25</ele>
      <time>2025-12-05T06:42:56Z</time>
    </trkpt>
    <trkpt lat="29.663901223" lon="103.670525843">
      <ele>414.844</ele>
      <time>2025-12-05T06:42:58Z</time>
    </trkpt>
    <trkpt lat="29.621525863" lon="103.80683586">
      <ele>385.193</ele>
      <time>2025-12-05T06:56:40Z</time>
    </trkpt>
    <trkpt lat="29.558499609" lon="103.78770601">
      <ele>398.753</ele>
      <time>2025-12-05T07:11:39Z</time>
    </trkpt>
    <trkpt lat="29.558029527" lon="103.787617844">
      <ele>397.443</ele>
      <time>2025-12-05T07:11:41Z</time>
    </trkpt>
    <trkpt lat="29.557580574" lon="103.787620703">
      <ele>406.265</ele>
      <time>2025-12-05T07:11:44Z</time>
    </trkpt>
    <trkpt lat="29.557131654" lon="103.787619155">
      <ele>403.622</ele>
      <time>2025-12-05T07:11:47Z</time>
    </trkpt>
    <trkpt lat="29.556701649" lon="103.787622023">
      <ele>394.14</ele>
      <time>2025-12-05T07:11:50Z</time>
    </trkpt>
    <trkpt lat="29.556273075" lon="103.787674663">
      <ele>401.008</ele>
      <time>2025-12-05T07:11:53Z</time>
    </trkpt>
    <trkpt lat="29.555847447" lon="103.787748549">
      <ele>417.361</ele>
      <time>2025-12-05T07:11:56Z</time>
    </trkpt>
    <trkpt lat="29.543907973" lon="103.779493086">
      <ele>360.395</ele>
      <time>2025-12-05T07:27:13Z</time>
    </trkpt>
    <trkpt lat="29.518816414" lon="103.771118084">
      <ele>348.0</ele>
      <time>2025-12-06T02:48:37Z</time>
    </trkpt>
    <trkpt lat="29.582903511" lon="103.599323824">
      <ele>413.067</ele>
      <time>2025-12-06T03:06:11Z</time>
    </trkpt>
    <trkpt lat="29.563250723" lon="103.501999118">
      <ele>438.595</ele>
      <time>2025-12-06T03:21:12Z</time>
    </trkpt>
    <trkpt lat="29.589135273" lon="103.444709347">
      <ele>507.435</ele>
      <time>2025-12-06T03:36:11Z</time>
    </trkpt>
    <trkpt lat="29.581060498" lon="103.439134346">
      <ele>487.0</ele>
      <time>2025-12-06T03:51:10Z</time>
    </trkpt>
    <trkpt lat="29.580078442" lon="103.438197579">
      <ele>488.817</ele>
      <time>2025-12-08T01:46:42Z</time>
    </trkpt>
    <trkpt lat="29.588248591" lon="103.468950835">
      <ele>466.54</ele>
      <time>2025-12-08T06:13:47Z</time>
    </trkpt>
    <trkpt lat="29.604621199" lon="103.520170832">
      <ele>409.609</ele>
      <time>2025-12-08T06:26:56Z</time>
    </trkpt>
    <trkpt lat="29.602685859" lon="103.555878578">
      <ele>399.506</ele>
      <time>2025-12-08T06:55:35Z</time>
    </trkpt>
    <trkpt lat="29.581373362" lon="103.606186677">
      <ele>393.384</ele>
      <time>2025-12-08T07:07:37Z</time>
    </trkpt>
    <trkpt lat="29.565119272" lon="103.717643929">
      <ele>371.068</ele>
      <time>2025-12-08T07:22:45Z</time>
    </trkpt>
    <trkpt lat="29.535148371" lon="103.754950416">
      <ele>359.095</ele>
      <time>2025-12-08T07:37:31Z</time>
    </trkpt>
    <trkpt lat="29.531903034" lon="103.763510808">
      <ele>359.871</ele>
      <time>2025-12-08T07:50:33Z</time>
    </trkpt>
    <trkpt lat="29.532931982" lon="103.763419795">
      <ele>358.995</ele>
      <time>2025-12-08T13:45:02Z</time>
    </trkpt>
    <trkpt lat="29.533220275" lon="103.763162057">
      <ele>360.257</ele>
      <time>2025-12-08T14:35:29Z</time>
    </trkpt>
    <trkpt lat="29.532978968" lon="103.763445364">
      <ele>358.761</ele>
      <time>2025-12-09T08:53:27Z</time>
    </trkpt>
    <trkpt lat="29.52239961" lon="103.746715537">
      <ele>375.764</ele>
      <time>2025-12-11T03:25:36Z</time>
    </trkpt>
    <trkpt lat="29.418805554" lon="103.768332163">
      <ele>366.014</ele>
      <time>2025-12-11T03:40:35Z</time>
    </trkpt>
    <trkpt lat="29.372944389" lon="103.786459034">
      <ele>378.495</ele>
      <time>2025-12-11T03:55:18Z</time>
    </trkpt>
    <trkpt lat="29.282375453" lon="103.861399368">
      <ele>379.568</ele>
      <time>2025-12-11T04:10:17Z</time>
    </trkpt>
    <trkpt lat="29.145705313" lon="103.958664789">
      <ele>336.706</ele>
      <time>2025-12-11T04:25:04Z</time>
    </trkpt>
    <trkpt lat="29.145601677" lon="103.959113573">
      <ele>336.466</ele>
      <time>2025-12-11T04:25:06Z</time>
    </trkpt>
    <trkpt lat="29.145470953" lon="103.959507782">
      <ele>335.537</ele>
      <time>2025-12-11T04:25:08Z</time>
    </trkpt>
    <trkpt lat="29.145319042" lon="103.959934439">
      <ele>335.65</ele>
      <time>2025-12-11T04:25:10Z</time>
    </trkpt>
    <trkpt lat="29.145154674" lon="103.96046069">
      <ele>334.24</ele>
      <time>2025-12-11T04:25:12Z</time>
    </trkpt>
    <trkpt lat="29.14500055" lon="103.960869623">
      <ele>330.741</ele>
      <time>2025-12-11T04:25:14Z</time>
    </trkpt>
    <trkpt lat="29.144859718" lon="103.961346867">
      <ele>325.367</ele>
      <time>2025-12-11T04:25:16Z</time>
    </trkpt>
    <trkpt lat="29.144733285" lon="103.961788515">
      <ele>321.128</ele>
      <time>2025-12-11T04:25:18Z</time>
    </trkpt>
    <trkpt lat="29.14459554" lon="103.962234623">
      <ele>318.041</ele>
      <time>2025-12-11T04:25:20Z</time>
    </trkpt>
    <trkpt lat="29.14445537" lon="103.962682392">
      <ele>321.286</ele>
      <time>2025-12-11T04:25:22Z</time>
    </trkpt>
    <trkpt lat="29.144315243" lon="103.963124579">
      <ele>322.014</ele>
      <time>2025-12-11T04:25:24Z</time>
    </trkpt>
    <trkpt lat="29.144181213" lon="103.963566338">
      <ele>323.585</ele>
      <time>2025-12-11T04:25:26Z</time>
    </trkpt>
    <trkpt lat="29.14404426" lon="103.964000105">
      <ele>325.098</ele>
      <time>2025-12-11T04:25:28Z</time>
    </trkpt>
    <trkpt lat="29.143907158" lon="103.96443257">
      <ele>325.654</ele>
      <time>2025-12-11T04:25:30Z</time>
    </trkpt>
    <trkpt lat="29.143776818" lon="103.96486419">
      <ele>324.098</ele>
      <time>2025-12-11T04:25:32Z</time>
    </trkpt>
    <trkpt lat="29.143642524" lon="103.965292119">
      <ele>325.044</ele>
      <time>2025-12-11T04:25:34Z</time>
    </trkpt>
    <trkpt lat="29.143495199" lon="103.965717169">
      <ele>329.008</ele>
      <time>2025-12-11T04:25:36Z</time>
    </trkpt>
    <trkpt lat="29.143359677" lon="103.966147974">
      <ele>330.786</ele>
      <time>2025-12-11T04:25:38Z</time>
    </trkpt>
    <trkpt lat="29.143226268" lon="103.966582023">
      <ele>333.206</ele>
      <time>2025-12-11T04:25:40Z</time>
    </trkpt>
    <trkpt lat="29.14309489" lon="103.967012271">
      <ele>341.779</ele>
      <time>2025-12-11T04:25:42Z</time>
    </trkpt>
    <trkpt lat="29.142958133" lon="103.967440183">
      <ele>347.682</ele>
      <time>2025-12-11T04:25:44Z</time>
    </trkpt>
    <trkpt lat="29.081574205" lon="104.132949451">
      <ele>390.308</ele>
      <time>2025-12-11T04:39:50Z</time>
    </trkpt>
    <trkpt lat="28.995763483" lon="104.293601308">
      <ele>310.243</ele>
      <time>2025-12-11T04:54:12Z</time>
    </trkpt>
    <trkpt lat="28.995277858" lon="104.294086051">
      <ele>307.87</ele>
      <time>2025-12-11T04:54:15Z</time>
    </trkpt>
    <trkpt lat="28.994969626" lon="104.294410557">
      <ele>311.411</ele>
      <time>2025-12-11T04:54:17Z</time>
    </trkpt>
    <trkpt lat="28.994691223" lon="104.294762632">
      <ele>318.06</ele>
      <time>2025-12-11T04:54:19Z</time>
    </trkpt>
    <trkpt lat="28.994407586" lon="104.295118014">
      <ele>318.121</ele>
      <time>2025-12-11T04:54:21Z</time>
    </trkpt>
    <trkpt lat="28.994136248" lon="104.295475062">
      <ele>316.58</ele>
      <time>2025-12-11T04:54:23Z</time>
    </trkpt>
    <trkpt lat="28.993872693" lon="104.295837935">
      <ele>316.988</ele>
      <time>2025-12-11T04:54:25Z</time>
    </trkpt>
    <trkpt lat="28.993619154" lon="104.296210085">
      <ele>316.157</ele>
      <time>2025-12-11T04:54:27Z</time>
    </trkpt>
    <trkpt lat="28.993371356" lon="104.296583085">
      <ele>310.657</ele>
      <time>2025-12-11T04:54:29Z</time>
    </trkpt>
    <trkpt lat="28.993132777" lon="104.296961158">
      <ele>312.996</ele>
      <time>2025-12-11T04:54:31Z</time>
    </trkpt>
    <trkpt lat="28.992900086" lon="104.297338352">
      <ele>322.073</ele>
      <time>2025-12-11T04:54:33Z</time>
    </trkpt>
    <trkpt lat="28.953069253" lon="104.345580004">
      <ele>347.803</ele>
      <time>2025-12-11T04:59:28Z</time>
    </trkpt>
    <trkpt lat="28.924478909" lon="104.413784306">
      <ele>445.671</ele>
      <time>2025-12-11T05:14:36Z</time>
    </trkpt>
    <trkpt lat="28.818543901" lon="104.478287501">
      <ele>396.383</ele>
      <time>2025-12-11T05:29:21Z</time>
    </trkpt>
    <trkpt lat="28.700089669" lon="104.519342808">
      <ele>307.052</ele>
      <time>2025-12-11T05:44:05Z</time>
    </trkpt>
    <trkpt lat="28.699753054" lon="104.519517651">
      <ele>310.094</ele>
      <time>2025-12-11T05:44:07Z</time>
    </trkpt>
    <trkpt lat="28.699358625" lon="104.519726483">
      <ele>310.67</ele>
      <time>2025-12-11T05:44:09Z</time>
    </trkpt>
    <trkpt lat="28.698988684" lon="104.519851211">
      <ele>310.641</ele>
      <time>2025-12-11T05:44:11Z</time>
    </trkpt>
    <trkpt lat="28.698612555" lon="104.51997169">
      <ele>311.101</ele>
      <time>2025-12-11T05:44:13Z</time>
    </trkpt>
    <trkpt lat="28.698236577" lon="104.52009262">
      <ele>310.464</ele>
      <time>2025-12-11T05:44:15Z</time>
    </trkpt>
    <trkpt lat="28.697860429" lon="104.520215901">
      <ele>311.85</ele>
      <time>2025-12-11T05:44:17Z</time>
    </trkpt>
    <trkpt lat="28.697488219" lon="104.520340758">
      <ele>314.16</ele>
      <time>2025-12-11T05:44:19Z</time>
    </trkpt>
    <trkpt lat="28.697117321" lon="104.520436252">
      <ele>319.264</ele>
      <time>2025-12-11T05:44:21Z</time>
    </trkpt>
    <trkpt lat="28.696748747" lon="104.520568287">
      <ele>324.366</ele>
      <time>2025-12-11T05:44:23Z</time>
    </trkpt>
    <trkpt lat="28.696383058" lon="104.520684855">
      <ele>326.214</ele>
      <time>2025-12-11T05:44:25Z</time>
    </trkpt>
    <trkpt lat="28.615920274" lon="104.573635748">
      <ele>384.809</ele>
      <time>2025-12-11T05:58:50Z</time>
    </trkpt>
    <trkpt lat="28.615515092" lon="104.573767679">
      <ele>388.692</ele>
      <time>2025-12-11T05:58:52Z</time>
    </trkpt>
    <trkpt lat="28.61515115" lon="104.573892402">
      <ele>394.372</ele>
      <time>2025-12-11T05:58:54Z</time>
    </trkpt>
    <trkpt lat="28.614804349" lon="104.574025422">
      <ele>402.248</ele>
      <time>2025-12-11T05:58:56Z</time>
    </trkpt>
    <trkpt lat="28.614422134" lon="104.574161377">
      <ele>417.309</ele>
      <time>2025-12-11T05:58:58Z</time>
    </trkpt>
    <trkpt lat="28.606919054" lon="104.579400128">
      <ele>363.403</ele>
      <time>2025-12-11T05:59:43Z</time>
    </trkpt>
    <trkpt lat="28.606583536" lon="104.579612555">
      <ele>358.072</ele>
      <time>2025-12-11T05:59:45Z</time>
    </trkpt>
    <trkpt lat="28.606235409" lon="104.579832465">
      <ele>359.401</ele>
      <time>2025-12-11T05:59:47Z</time>
    </trkpt>
    <trkpt lat="28.605887649" lon="104.580052624">
      <ele>360.171</ele>
      <time>2025-12-11T05:59:49Z</time>
    </trkpt>
    <trkpt lat="28.524969558" lon="104.684999979">
      <ele>421.795</ele>
      <time>2025-12-11T06:13:34Z</time>
    </trkpt>
    <trkpt lat="28.487561512" lon="104.799186795">
      <ele>406.301</ele>
      <time>2025-12-11T06:28:19Z</time>
    </trkpt>
    <trkpt lat="28.408319239" lon="104.877812874">
      <ele>315.013</ele>
      <time>2025-12-11T06:43:03Z</time>
    </trkpt>
    <trkpt lat="28.345050523" lon="105.036462648">
      <ele>396.51</ele>
      <time>2025-12-11T06:57:31Z</time>
    </trkpt>
    <trkpt lat="28.344965405" lon="105.036839498">
      <ele>398.137</ele>
      <time>2025-12-11T06:57:32Z</time>
    </trkpt>
    <trkpt lat="28.3449372" lon="105.037325733">
      <ele>399.796</ele>
      <time>2025-12-11T06:57:34Z</time>
    </trkpt>
    <trkpt lat="28.344927896" lon="105.037736446">
      <ele>404.144</ele>
      <time>2025-12-11T06:57:36Z</time>
    </trkpt>
    <trkpt lat="28.344914946" lon="105.038204491">
      <ele>401.841</ele>
      <time>2025-12-11T06:57:38Z</time>
    </trkpt>
    <trkpt lat="28.34489835" lon="105.038661137">
      <ele>399.336</ele>
      <time>2025-12-11T06:57:41Z</time>
    </trkpt>
    <trkpt lat="28.344873581" lon="105.039108563">
      <ele>404.103</ele>
      <time>2025-12-11T06:57:43Z</time>
    </trkpt>
    <trkpt lat="28.301893706" lon="105.201744015">
      <ele>382.429</ele>
      <time>2025-12-11T07:12:17Z</time>
    </trkpt>
    <trkpt lat="28.295347681" lon="105.221155873">
      <ele>346.742</ele>
      <time>2025-12-11T07:27:01Z</time>
    </trkpt>
    <trkpt lat="28.295787376" lon="105.220300299">
      <ele>337.081</ele>
      <time>2025-12-11T08:11:55Z</time>
    </trkpt>
    <trkpt lat="28.279706086" lon="105.269414848">
      <ele>376.868</ele>
      <time>2025-12-12T02:29:02Z</time>
    </trkpt>
    <trkpt lat="28.212234154" lon="105.424801838">
      <ele>374.621</ele>
      <time>2025-12-12T02:43:44Z</time>
    </trkpt>
    <trkpt lat="28.09622325" lon="105.511495192">
      <ele>650.521</ele>
      <time>2025-12-12T02:56:35Z</time>
    </trkpt>
    <trkpt lat="27.968061682" lon="105.567037654">
      <ele>1138.679</ele>
      <time>2025-12-12T03:11:54Z</time>
    </trkpt>
    <trkpt lat="27.949196831" lon="105.596202538">
      <ele>1307.731</ele>
      <time>2025-12-12T03:23:20Z</time>
    </trkpt>
    <trkpt lat="27.865611445" lon="105.581644094">
      <ele>1326.484</ele>
      <time>2025-12-12T03:39:43Z</time>
    </trkpt>
    <trkpt lat="27.774956485" lon="105.492628065">
      <ele>714.642</ele>
      <time>2025-12-12T03:53:14Z</time>
    </trkpt>
    <trkpt lat="27.703403262" lon="105.366258016">
      <ele>1192.044</ele>
      <time>2025-12-12T04:05:55Z</time>
    </trkpt>
    <trkpt lat="27.609825935" lon="105.375468303">
      <ele>1361.645</ele>
      <time>2025-12-12T04:18:55Z</time>
    </trkpt>
    <trkpt lat="27.470112825" lon="105.401159899">
      <ele>1686.508</ele>
      <time>2025-12-12T04:32:08Z</time>
    </trkpt>
    <trkpt lat="27.33592642" lon="105.398296332">
      <ele>1495.339</ele>
      <time>2025-12-12T04:44:04Z</time>
    </trkpt>
    <trkpt lat="27.271268712" lon="105.339889974">
      <ele>1465.677</ele>
      <time>2025-12-12T04:59:01Z</time>
    </trkpt>
    <trkpt lat="27.280993222" lon="105.288535556">
      <ele>1476.514</ele>
      <time>2025-12-12T05:12:56Z</time>
    </trkpt>
    <trkpt lat="27.269881759" lon="105.341289513">
      <ele>1513.343</ele>
      <time>2025-12-12T05:25:51Z</time>
    </trkpt>
    <trkpt lat="27.262509372" lon="105.363374306">
      <ele>1466.65</ele>
      <time>2025-12-12T05:41:00Z</time>
    </trkpt>
    <trkpt lat="27.206409462" lon="105.315290094">
      <ele>1603.159</ele>
      <time>2025-12-12T06:07:10Z</time>
    </trkpt>
    <trkpt lat="27.016944839" lon="105.23766554">
      <ele>1467.002</ele>
      <time>2025-12-12T06:24:35Z</time>
    </trkpt>
    <trkpt lat="26.995845116" lon="105.234431885">
      <ele>1531.32</ele>
      <time>2025-12-12T06:39:18Z</time>
    </trkpt>
    <trkpt lat="26.993525216" lon="105.23403658">
      <ele>1517.438</ele>
      <time>2025-12-12T14:22:08Z</time>
    </trkpt>
    <trkpt lat="26.988998146" lon="105.235342384">
      <ele>1513.564</ele>
      <time>2025-12-13T02:43:56Z</time>
    </trkpt>
    <trkpt lat="26.849267548" lon="105.255714627">
      <ele>1639.029</ele>
      <time>2025-12-13T02:57:38Z</time>
    </trkpt>
    <trkpt lat="26.75165467" lon="105.154127972">
      <ele>1902.712</ele>
      <time>2025-12-13T03:10:53Z</time>
    </trkpt>
    <trkpt lat="26.632035272" lon="105.053361738">
      <ele>1848.785</ele>
      <time>2025-12-13T03:24:00Z</time>
    </trkpt>
    <trkpt lat="26.542169116" lon="105.003249021">
      <ele>1870.749</ele>
      <time>2025-12-13T03:39:18Z</time>
    </trkpt>
    <trkpt lat="26.481672688" lon="105.132189598">
      <ele>1795.218</ele>
      <time>2025-12-13T03:52:04Z</time>
    </trkpt>
    <trkpt lat="26.366750593" lon="105.258825822">
      <ele>1524.41</ele>
      <time>2025-12-13T04:06:52Z</time>
    </trkpt>
    <trkpt lat="26.307084728" lon="105.41879897">
      <ele>1241.521</ele>
      <time>2025-12-13T04:21:58Z</time>
    </trkpt>
    <trkpt lat="26.200921438" lon="105.510356288">
      <ele>1391.2</ele>
      <time>2025-12-13T04:34:54Z</time>
    </trkpt>
    <trkpt lat="26.143120914" lon="105.571306525">
      <ele>1241.811</ele>
      <time>2025-12-13T04:48:41Z</time>
    </trkpt>
    <trkpt lat="26.10186833" lon="105.723756831">
      <ele>1292.799</ele>
      <time>2025-12-13T05:01:50Z</time>
    </trkpt>
    <trkpt lat="26.02313573" lon="105.684344787">
      <ele>1084.647</ele>
      <time>2025-12-13T05:16:37Z</time>
    </trkpt>
    <trkpt lat="25.998763795" lon="105.68219455">
      <ele>1038.306</ele>
      <time>2025-12-13T05:30:55Z</time>
    </trkpt>
    <trkpt lat="25.998648847" lon="105.681570302">
      <ele>1036.735</ele>
      <time>2025-12-13T13:12:59Z</time>
    </trkpt>
    <trkpt lat="26.004705472" lon="105.656380216">
      <ele>1077.945</ele>
      <time>2025-12-15T02:00:32Z</time>
    </trkpt>
    <trkpt lat="25.933909533" lon="105.532201175">
      <ele>1251.126</ele>
      <time>2025-12-15T02:15:52Z</time>
    </trkpt>
    <trkpt lat="25.842676791" lon="105.596539993">
      <ele>1009.99</ele>
      <time>2025-12-15T02:28:49Z</time>
    </trkpt>
    <trkpt lat="25.761640929" lon="105.595844127">
      <ele>1190.693</ele>
      <time>2025-12-15T02:44:19Z</time>
    </trkpt>
    <trkpt lat="25.699525997" lon="105.573453214">
      <ele>1142.042</ele>
      <time>2025-12-15T02:59:29Z</time>
    </trkpt>
    <trkpt lat="25.700398377" lon="105.573765886">
      <ele>1126.918</ele>
      <time>2025-12-15T03:31:28Z</time>
    </trkpt>
    <trkpt lat="25.571033726" lon="105.611707633">
      <ele>1226.96</ele>
      <time>2025-12-16T01:40:37Z</time>
    </trkpt>
    <trkpt lat="25.513439213" lon="105.615902387">
      <ele>1181.303</ele>
      <time>2025-12-16T01:45:58Z</time>
    </trkpt>
    <trkpt lat="25.453343005" lon="105.605507204">
      <ele>1167.37</ele>
      <time>2025-12-16T02:01:18Z</time>
    </trkpt>
    <trkpt lat="25.32966509" lon="105.598347886">
      <ele>1019.077</ele>
      <time>2025-12-16T03:01:55Z</time>
    </trkpt>
    <trkpt lat="25.235009138" lon="105.458550481">
      <ele>1185.632</ele>
      <time>2025-12-16T03:16:15Z</time>
    </trkpt>
    <trkpt lat="25.11691181" lon="105.367827276">
      <ele>1297.539</ele>
      <time>2025-12-16T03:29:38Z</time>
    </trkpt>
    <trkpt lat="25.111431847" lon="105.213510823">
      <ele>1221.845</ele>
      <time>2025-12-16T03:44:48Z</time>
    </trkpt>
    <trkpt lat="25.189706795" lon="105.033993758">
      <ele>1394.056</ele>
      <time>2025-12-16T04:00:36Z</time>
    </trkpt>
    <trkpt lat="25.124509921" lon="104.888339331">
      <ele>1273.507</ele>
      <time>2025-12-16T04:14:06Z</time>
    </trkpt>
    <trkpt lat="25.097302632" lon="104.858588415">
      <ele>1368.011</ele>
      <time>2025-12-16T04:27:36Z</time>
    </trkpt>
    <trkpt lat="25.070873717" lon="104.873788605">
      <ele>1274.67</ele>
      <time>2025-12-16T04:42:44Z</time>
    </trkpt>
    <trkpt lat="25.069603963" lon="104.873907154">
      <ele>1276.775</ele>
      <time>2025-12-16T14:30:41Z</time>
    </trkpt>
    <trkpt lat="25.08652586" lon="104.866261231">
      <ele>1338.391</ele>
      <time>2025-12-17T02:27:06Z</time>
    </trkpt>
    <trkpt lat="25.124349324" lon="104.842692409">
      <ele>1336.967</ele>
      <time>2025-12-17T02:40:34Z</time>
    </trkpt>
    <trkpt lat="25.140235387" lon="104.753615835">
      <ele>1456.83</ele>
      <time>2025-12-17T02:52:32Z</time>
    </trkpt>
    <trkpt lat="25.061390037" lon="104.645058029">
      <ele>1229.631</ele>
      <time>2025-12-17T03:27:07Z</time>
    </trkpt>
    <trkpt lat="25.020667906" lon="104.46429776">
      <ele>1287.899</ele>
      <time>2025-12-17T03:41:51Z</time>
    </trkpt>
    <trkpt lat="24.947788934" lon="104.383860575">
      <ele>1502.103</ele>
      <time>2025-12-17T03:56:19Z</time>
    </trkpt>
    <trkpt lat="24.864656797" lon="104.233140352">
      <ele>1593.695</ele>
      <time>2025-12-17T04:11:19Z</time>
    </trkpt>
    <trkpt lat="24.864346419" lon="104.232889866">
      <ele>1604.34</ele>
      <time>2025-12-17T04:11:21Z</time>
    </trkpt>
    <trkpt lat="24.863974764" lon="104.232565714">
      <ele>1598.042</ele>
      <time>2025-12-17T04:11:23Z</time>
    </trkpt>
    <trkpt lat="24.863640997" lon="104.232296487">
      <ele>1594.977</ele>
      <time>2025-12-17T04:11:25Z</time>
    </trkpt>
    <trkpt lat="24.863295537" lon="104.232040085">
      <ele>1599.599</ele>
      <time>2025-12-17T04:11:27Z</time>
    </trkpt>
    <trkpt lat="24.862944838" lon="104.231792986">
      <ele>1594.161</ele>
      <time>2025-12-17T04:11:29Z</time>
    </trkpt>
    <trkpt lat="24.862589076" lon="104.231560137">
      <ele>1582.51</ele>
      <time>2025-12-17T04:11:31Z</time>
    </trkpt>
    <trkpt lat="24.862225042" lon="104.231345343">
      <ele>1584.941</ele>
      <time>2025-12-17T04:11:33Z</time>
    </trkpt>
    <trkpt lat="24.861850982" lon="104.231144729">
      <ele>1568.879</ele>
      <time>2025-12-17T04:11:35Z</time>
    </trkpt>
    <trkpt lat="24.861470081" lon="104.230956987">
      <ele>1561.602</ele>
      <time>2025-12-17T04:11:37Z</time>
    </trkpt>
    <trkpt lat="24.861086914" lon="104.230773821">
      <ele>1561.095</ele>
      <time>2025-12-17T04:11:39Z</time>
    </trkpt>
    <trkpt lat="24.86069606" lon="104.230611056">
      <ele>1567.74</ele>
      <time>2025-12-17T04:11:41Z</time>
    </trkpt>
    <trkpt lat="24.860307043" lon="104.230438679">
      <ele>1574.835</ele>
      <time>2025-12-17T04:11:43Z</time>
    </trkpt>
    <trkpt lat="24.859919691" lon="104.230265307">
      <ele>1582.485</ele>
      <time>2025-12-17T04:11:45Z</time>
    </trkpt>
    <trkpt lat="24.859539114" lon="104.23008103">
      <ele>1584.307</ele>
      <time>2025-12-17T04:11:47Z</time>
    </trkpt>
    <trkpt lat="24.859166893" lon="104.229869105">
      <ele>1590.863</ele>
      <time>2025-12-17T04:11:49Z</time>
    </trkpt>
    <trkpt lat="24.858808861" lon="104.229640336">
      <ele>1598.252</ele>
      <time>2025-12-17T04:11:51Z</time>
    </trkpt>
    <trkpt lat="24.858456495" lon="104.229388724">
      <ele>1584.482</ele>
      <time>2025-12-17T04:11:53Z</time>
    </trkpt>
    <trkpt lat="24.858126375" lon="104.229100805">
      <ele>1569.092</ele>
      <time>2025-12-17T04:11:55Z</time>
    </trkpt>
    <trkpt lat="24.857814433" lon="104.228793928">
      <ele>1556.995</ele>
      <time>2025-12-17T04:11:57Z</time>
    </trkpt>
    <trkpt lat="24.857528532" lon="104.228469899">
      <ele>1547.268</ele>
      <time>2025-12-17T04:11:59Z</time>
    </trkpt>
    <trkpt lat="24.790994036" lon="104.089545217">
      <ele>1859.667</ele>
      <time>2025-12-17T04:27:05Z</time>
    </trkpt>
    <trkpt lat="24.749910541" lon="104.017887089">
      <ele>1908.925</ele>
      <time>2025-12-17T04:39:57Z</time>
    </trkpt>
    <trkpt lat="24.673992852" lon="103.966573728">
      <ele>1911.846</ele>
      <time>2025-12-17T05:38:09Z</time>
    </trkpt>
    <trkpt lat="24.646092839" lon="103.869360063">
      <ele>1849.218</ele>
      <time>2025-12-17T05:55:07Z</time>
    </trkpt>
    <trkpt lat="24.627014566" lon="103.816354798">
      <ele>1792.877</ele>
      <time>2025-12-17T06:10:05Z</time>
    </trkpt>
    <trkpt lat="24.498225474" lon="103.781746393">
      <ele>1728.173</ele>
      <time>2025-12-17T06:25:06Z</time>
    </trkpt>
    <trkpt lat="24.415696235" lon="103.624063642">
      <ele>1890.933</ele>
      <time>2025-12-17T06:40:07Z</time>
    </trkpt>
    <trkpt lat="24.348623171" lon="103.48177786">
      <ele>1529.469</ele>
      <time>2025-12-17T06:53:35Z</time>
    </trkpt>
    <trkpt lat="24.226012356" lon="103.44078281">
      <ele>1383.891</ele>
      <time>2025-12-17T07:08:36Z</time>
    </trkpt>
    <trkpt lat="24.051230606" lon="103.397338232">
      <ele>1165.881</ele>
      <time>2025-12-17T07:25:07Z</time>
    </trkpt>
    <trkpt lat="23.989095977" lon="103.378546173">
      <ele>1159.059</ele>
      <time>2025-12-17T07:31:55Z</time>
    </trkpt>
    <trkpt lat="23.847012282" lon="103.279755134">
      <ele>1194.022</ele>
      <time>2025-12-17T07:47:28Z</time>
    </trkpt>
    <trkpt lat="23.712810176" lon="103.288059756">
      <ele>1132.435</ele>
      <time>2025-12-17T08:02:53Z</time>
    </trkpt>
    <trkpt lat="23.690054932" lon="103.273240704">
      <ele>1107.462</ele>
      <time>2025-12-17T08:14:33Z</time>
    </trkpt>
    <trkpt lat="23.651725212" lon="103.284170805">
      <ele>1075.964</ele>
      <time>2025-12-17T08:30:08Z</time>
    </trkpt>
    <trkpt lat="23.658472267" lon="103.272712408">
      <ele>1067.118</ele>
      <time>2025-12-17T08:43:20Z</time>
    </trkpt>
    <trkpt lat="23.677142956" lon="103.261769833">
      <ele>1060.98</ele>
      <time>2025-12-19T01:33:34Z</time>
    </trkpt>
    <trkpt lat="23.703157451" lon="103.278587793">
      <ele>1109.221</ele>
      <time>2025-12-19T01:39:41Z</time>
    </trkpt>
    <trkpt lat="23.625552384" lon="103.32191552">
      <ele>1400.832</ele>
      <time>2025-12-19T01:55:06Z</time>
    </trkpt>
    <trkpt lat="23.512226036" lon="103.28745408">
      <ele>1391.011</ele>
      <time>2025-12-19T02:10:05Z</time>
    </trkpt>
    <trkpt lat="23.493665317" lon="103.257736126">
      <ele>1325.166</ele>
      <time>2025-12-19T02:25:04Z</time>
    </trkpt>
    <trkpt lat="23.436666322" lon="103.138924996">
      <ele>1545.782</ele>
      <time>2025-12-19T02:56:32Z</time>
    </trkpt>
    <trkpt lat="23.436123133" lon="103.138490897">
      <ele>1558.649</ele>
      <time>2025-12-19T02:56:35Z</time>
    </trkpt>
    <trkpt lat="23.432956785" lon="103.135308456">
      <ele>1634.752</ele>
      <time>2025-12-19T02:56:58Z</time>
    </trkpt>
    <trkpt lat="23.340572119" lon="103.092531748">
      <ele>1518.003</ele>
      <time>2025-12-19T03:06:10Z</time>
    </trkpt>
    <trkpt lat="23.288409943" lon="103.046123497">
      <ele>1128.896</ele>
      <time>2025-12-19T03:21:45Z</time>
    </trkpt>
    <trkpt lat="23.288230696" lon="103.046407141">
      <ele>1101.968</ele>
      <time>2025-12-19T03:21:46Z</time>
    </trkpt>
    <trkpt lat="23.287881296" lon="103.046109835">
      <ele>1090.384</ele>
      <time>2025-12-19T03:21:51Z</time>
    </trkpt>
    <trkpt lat="23.287670617" lon="103.045842787">
      <ele>1087.493</ele>
      <time>2025-12-19T03:21:54Z</time>
    </trkpt>
    <trkpt lat="23.28739768" lon="103.045546122">
      <ele>1085.63</ele>
      <time>2025-12-19T03:21:58Z</time>
    </trkpt>
    <trkpt lat="23.287090676" lon="103.045274673">
      <ele>1078.824</ele>
      <time>2025-12-19T03:22:02Z</time>
    </trkpt>
    <trkpt lat="23.222367139" lon="102.978061099">
      <ele>439.991</ele>
      <time>2025-12-19T03:37:11Z</time>
    </trkpt>
    <trkpt lat="23.194633587" lon="102.908613095">
      <ele>267.049</ele>
      <time>2025-12-19T03:52:10Z</time>
    </trkpt>
    <trkpt lat="23.19470454" lon="102.908154102">
      <ele>249.745</ele>
      <time>2025-12-19T03:52:12Z</time>
    </trkpt>
    <trkpt lat="23.194736182" lon="102.907742467">
      <ele>242.393</ele>
      <time>2025-12-19T03:52:14Z</time>
    </trkpt>
    <trkpt lat="23.194789742" lon="102.907249108">
      <ele>236.653</ele>
      <time>2025-12-19T03:52:17Z</time>
    </trkpt>
    <trkpt lat="23.19481581" lon="102.906844681">
      <ele>242.087</ele>
      <time>2025-12-19T03:52:19Z</time>
    </trkpt>
    <trkpt lat="23.194844308" lon="102.906435157">
      <ele>243.202</ele>
      <time>2025-12-19T03:52:21Z</time>
    </trkpt>
    <trkpt lat="23.194879516" lon="102.906017026">
      <ele>241.685</ele>
      <time>2025-12-19T03:52:23Z</time>
    </trkpt>
    <trkpt lat="23.19490887" lon="102.905594559">
      <ele>251.099</ele>
      <time>2025-12-19T03:52:25Z</time>
    </trkpt>
    <trkpt lat="23.19493714" lon="102.905170655">
      <ele>266.478</ele>
      <time>2025-12-19T03:52:27Z</time>
    </trkpt>
    <trkpt lat="23.194970662" lon="102.904754459">
      <ele>270.409</ele>
      <time>2025-12-19T03:52:29Z</time>
    </trkpt>
    <trkpt lat="23.195000587" lon="102.904338924">
      <ele>279.162</ele>
      <time>2025-12-19T03:52:31Z</time>
    </trkpt>
    <trkpt lat="23.215051484" lon="102.847803058">
      <ele>236.678</ele>
      <time>2025-12-19T04:07:42Z</time>
    </trkpt>
    <trkpt lat="23.229623633" lon="102.825097907">
      <ele>237.775</ele>
      <time>2025-12-19T04:22:44Z</time>
    </trkpt>
    <trkpt lat="23.229643498" lon="102.824749388">
      <ele>236.99</ele>
      <time>2025-12-19T04:22:48Z</time>
    </trkpt>
    <trkpt lat="23.229725263" lon="102.824335992">
      <ele>233.96</ele>
      <time>2025-12-19T04:22:55Z</time>
    </trkpt>
    <trkpt lat="23.229833904" lon="102.823948956">
      <ele>234.046</ele>
      <time>2025-12-19T04:22:59Z</time>
    </trkpt>
    <trkpt lat="23.229984234" lon="102.823636996">
      <ele>234.999</ele>
      <time>2025-12-19T04:23:03Z</time>
    </trkpt>
    <trkpt lat="23.210910713" lon="102.761065926">
      <ele>534.336</ele>
      <time>2025-12-19T04:38:15Z</time>
    </trkpt>
    <trkpt lat="23.210680537" lon="102.760819645">
      <ele>534.959</ele>
      <time>2025-12-19T04:38:18Z</time>
    </trkpt>
    <trkpt lat="23.210406478" lon="102.76063247">
      <ele>535.918</ele>
      <time>2025-12-19T04:38:21Z</time>
    </trkpt>
    <trkpt lat="23.210098696" lon="102.760461063">
      <ele>535.962</ele>
      <time>2025-12-19T04:38:25Z</time>
    </trkpt>
    <trkpt lat="23.209765656" lon="102.760304093">
      <ele>539.65</ele>
      <time>2025-12-19T04:38:30Z</time>
    </trkpt>
    <trkpt lat="23.209436144" lon="102.760172968">
      <ele>544.663</ele>
      <time>2025-12-19T04:38:34Z</time>
    </trkpt>
    <trkpt lat="23.209083606" lon="102.760027776">
      <ele>547.223</ele>
      <time>2025-12-19T04:38:38Z</time>
    </trkpt>
    <trkpt lat="23.208714713" lon="102.759872263">
      <ele>547.713</ele>
      <time>2025-12-19T04:38:42Z</time>
    </trkpt>
    <trkpt lat="23.208411461" lon="102.759728189">
      <ele>550.24</ele>
      <time>2025-12-19T04:38:45Z</time>
    </trkpt>
    <trkpt lat="23.208107827" lon="102.759532258">
      <ele>556.657</ele>
      <time>2025-12-19T04:38:48Z</time>
    </trkpt>
    <trkpt lat="23.207834652" lon="102.759310686">
      <ele>562.851</ele>
      <time>2025-12-19T04:38:51Z</time>
    </trkpt>
    <trkpt lat="23.207563506" lon="102.759088015">
      <ele>566.407</ele>
      <time>2025-12-19T04:38:54Z</time>
    </trkpt>
    <trkpt lat="23.207284894" lon="102.758895738">
      <ele>569.645</ele>
      <time>2025-12-19T04:38:57Z</time>
    </trkpt>
    <trkpt lat="23.206989144" lon="102.758753962">
      <ele>573.953</ele>
      <time>2025-12-19T04:39:00Z</time>
    </trkpt>
    <trkpt lat="23.206675877" lon="102.758654271">
      <ele>574.131</ele>
      <time>2025-12-19T04:39:03Z</time>
    </trkpt>
    <trkpt lat="23.206349332" lon="102.758569827">
      <ele>573.211</ele>
      <time>2025-12-19T04:39:06Z</time>
    </trkpt>
    <trkpt lat="23.206058617" lon="102.75843515">
      <ele>578.312</ele>
      <time>2025-12-19T04:39:09Z</time>
    </trkpt>
    <trkpt lat="23.205789496" lon="102.758219445">
      <ele>586.264</ele>
      <time>2025-12-19T04:39:12Z</time>
    </trkpt>
    <trkpt lat="23.205562833" lon="102.757972284">
      <ele>586.43</ele>
      <time>2025-12-19T04:39:15Z</time>
    </trkpt>
    <trkpt lat="23.15259331" lon="102.703483676">
      <ele>979.743</ele>
      <time>2025-12-19T04:54:11Z</time>
    </trkpt>
    <trkpt lat="23.12992351" lon="102.66074588">
      <ele>1166.377</ele>
      <time>2025-12-19T05:09:21Z</time>
    </trkpt>
    <trkpt lat="23.113274552" lon="102.681023102">
      <ele>1401.344</ele>
      <time>2025-12-19T05:24:20Z</time>
    </trkpt>
    <trkpt lat="23.112104783" lon="102.680353936">
      <ele>1425.004</ele>
      <time>2025-12-19T05:39:23Z</time>
    </trkpt>
    <trkpt lat="23.113386045" lon="102.681093032">
      <ele>1396.807</ele>
      <time>2025-12-19T05:39:41Z</time>
    </trkpt>
    <trkpt lat="23.116736705" lon="102.713977425">
      <ele>1607.072</ele>
      <time>2025-12-19T06:43:03Z</time>
    </trkpt>
    <trkpt lat="23.114156009" lon="102.739699986">
      <ele>1796.829</ele>
      <time>2025-12-19T06:56:12Z</time>
    </trkpt>
    <trkpt lat="23.105803309" lon="102.769718757">
      <ele>1881.805</ele>
      <time>2025-12-19T07:09:33Z</time>
    </trkpt>
    <trkpt lat="23.113006717" lon="102.768564066">
      <ele>1905.45</ele>
      <time>2025-12-19T07:24:20Z</time>
    </trkpt>
    <trkpt lat="23.100136598" lon="102.800629959">
      <ele>1929.655</ele>
      <time>2025-12-19T07:39:28Z</time>
    </trkpt>
    <trkpt lat="23.091757041" lon="102.794487365">
      <ele>1937.319</ele>
      <time>2025-12-19T07:54:11Z</time>
    </trkpt>
    <trkpt lat="23.089895549" lon="102.792668451">
      <ele>1947.557</ele>
      <time>2025-12-19T13:28:05Z</time>
    </trkpt>
    <trkpt lat="23.122502995" lon="102.79213029">
      <ele>1893.594</ele>
      <time>2025-12-20T03:59:25Z</time>
    </trkpt>
    <trkpt lat="23.11561126" lon="102.768935707">
      <ele>1906.645</ele>
      <time>2025-12-20T04:14:39Z</time>
    </trkpt>
    <trkpt lat="23.100899938" lon="102.761100317">
      <ele>1854.743</ele>
      <time>2025-12-21T02:29:49Z</time>
    </trkpt>
    <trkpt lat="23.094020826" lon="102.729143305">
      <ele>1810.434</ele>
      <time>2025-12-21T02:43:50Z</time>
    </trkpt>
    <trkpt lat="23.076182596" lon="102.746842964">
      <ele>1575.477</ele>
      <time>2025-12-21T02:57:38Z</time>
    </trkpt>
    <trkpt lat="23.085944632" lon="102.728350754">
      <ele>1747.948</ele>
      <time>2025-12-22T02:18:15Z</time>
    </trkpt>
    <trkpt lat="23.122174304" lon="102.737581265">
      <ele>1766.78</ele>
      <time>2025-12-22T02:32:18Z</time>
    </trkpt>
    <trkpt lat="23.107190556" lon="102.689572424">
      <ele>1443.231</ele>
      <time>2025-12-22T02:45:10Z</time>
    </trkpt>
    <trkpt lat="23.15562597" lon="102.713298574">
      <ele>903.196</ele>
      <time>2025-12-22T03:00:17Z</time>
    </trkpt>
    <trkpt lat="23.221708476" lon="102.76758749">
      <ele>499.916</ele>
      <time>2025-12-22T03:13:02Z</time>
    </trkpt>
    <trkpt lat="23.262489745" lon="102.755131815">
      <ele>346.833</ele>
      <time>2025-12-22T03:28:12Z</time>
    </trkpt>
    <trkpt lat="23.29692407" lon="102.633915078">
      <ele>382.014</ele>
      <time>2025-12-22T03:42:34Z</time>
    </trkpt>
    <trkpt lat="23.32533604" lon="102.521601599">
      <ele>348.839</ele>
      <time>2025-12-22T03:57:43Z</time>
    </trkpt>
    <trkpt lat="23.354141103" lon="102.363410929">
      <ele>659.625</ele>
      <time>2025-12-22T04:11:23Z</time>
    </trkpt>
    <trkpt lat="23.44002258" lon="102.202775361">
      <ele>610.83</ele>
      <time>2025-12-22T04:26:08Z</time>
    </trkpt>
    <trkpt lat="23.440125359" lon="102.20244798">
      <ele>605.156</ele>
      <time>2025-12-22T04:26:10Z</time>
    </trkpt>
    <trkpt lat="23.440304116" lon="102.202066518">
      <ele>599.846</ele>
      <time>2025-12-22T04:26:12Z</time>
    </trkpt>
    <trkpt lat="23.440468143" lon="102.201707936">
      <ele>597.911</ele>
      <time>2025-12-22T04:26:14Z</time>
    </trkpt>
    <trkpt lat="23.440694533" lon="102.201320482">
      <ele>595.163</ele>
      <time>2025-12-22T04:26:16Z</time>
    </trkpt>
    <trkpt lat="23.440903078" lon="102.200932544">
      <ele>588.811</ele>
      <time>2025-12-22T04:26:18Z</time>
    </trkpt>
    <trkpt lat="23.441113175" lon="102.200549938">
      <ele>586.823</ele>
      <time>2025-12-22T04:26:20Z</time>
    </trkpt>
    <trkpt lat="23.441315998" lon="102.200161115">
      <ele>580.008</ele>
      <time>2025-12-22T04:26:22Z</time>
    </trkpt>
    <trkpt lat="23.441523248" lon="102.199775125">
      <ele>579.566</ele>
      <time>2025-12-22T04:26:24Z</time>
    </trkpt>
    <trkpt lat="23.441731422" lon="102.199386909">
      <ele>581.411</ele>
      <time>2025-12-22T04:26:26Z</time>
    </trkpt>
    <trkpt lat="23.441938309" lon="102.198999385">
      <ele>577.425</ele>
      <time>2025-12-22T04:26:28Z</time>
    </trkpt>
    <trkpt lat="23.442149107" lon="102.198612813">
      <ele>571.721</ele>
      <time>2025-12-22T04:26:30Z</time>
    </trkpt>
    <trkpt lat="23.442357864" lon="102.198223867">
      <ele>568.984</ele>
      <time>2025-12-22T04:26:32Z</time>
    </trkpt>
    <trkpt lat="23.442567485" lon="102.197844655">
      <ele>563.089</ele>
      <time>2025-12-22T04:26:34Z</time>
    </trkpt>
    <trkpt lat="23.442766367" lon="102.197491339">
      <ele>562.157</ele>
      <time>2025-12-22T04:26:36Z</time>
    </trkpt>
    <trkpt lat="23.44297972" lon="102.197133683">
      <ele>556.996</ele>
      <time>2025-12-22T04:26:38Z</time>
    </trkpt>
    <trkpt lat="23.443204129" lon="102.196774653">
      <ele>555.674</ele>
      <time>2025-12-22T04:26:40Z</time>
    </trkpt>
    <trkpt lat="23.443424139" lon="102.196417555">
      <ele>557.835</ele>
      <time>2025-12-22T04:26:42Z</time>
    </trkpt>
    <trkpt lat="23.443654709" lon="102.196072984">
      <ele>561.67</ele>
      <time>2025-12-22T04:26:44Z</time>
    </trkpt>
    <trkpt lat="23.443888767" lon="102.195729568">
      <ele>562.379</ele>
      <time>2025-12-22T04:26:46Z</time>
    </trkpt>
    <trkpt lat="23.444123929" lon="102.195387957">
      <ele>564.091</ele>
      <time>2025-12-22T04:26:48Z</time>
    </trkpt>
    <trkpt lat="23.535505305" lon="102.052032547">
      <ele>594.741</ele>
      <time>2025-12-22T04:40:52Z</time>
    </trkpt>
    <trkpt lat="23.576844823" lon="101.98461367">
      <ele>436.216</ele>
      <time>2025-12-22T04:54:41Z</time>
    </trkpt>
    <trkpt lat="23.652604419" lon="101.883544851">
      <ele>657.588</ele>
      <time>2025-12-23T03:39:58Z</time>
    </trkpt>
    <trkpt lat="23.587046307" lon="101.783424675">
      <ele>1444.78</ele>
      <time>2025-12-23T03:54:56Z</time>
    </trkpt>
    <trkpt lat="23.492826698" lon="101.693690096">
      <ele>1374.058</ele>
      <time>2025-12-23T04:09:58Z</time>
    </trkpt>
    <trkpt lat="23.431967491" lon="101.677660988">
      <ele>1301.503</ele>
      <time>2025-12-23T04:23:13Z</time>
    </trkpt>
    <trkpt lat="23.391747392" lon="101.585235964">
      <ele>1448.37</ele>
      <time>2025-12-23T04:38:29Z</time>
    </trkpt>
    <trkpt lat="23.359840883" lon="101.540515347">
      <ele>1100.551</ele>
      <time>2025-12-23T04:45:00Z</time>
    </trkpt>
    <trkpt lat="23.31053969" lon="101.492975022">
      <ele>930.284</ele>
      <time>2025-12-23T05:00:22Z</time>
    </trkpt>
    <trkpt lat="23.298674757" lon="101.384957023">
      <ele>1491.456</ele>
      <time>2025-12-23T05:15:22Z</time>
    </trkpt>
    <trkpt lat="23.236927253" lon="101.318449709">
      <ele>881.38</ele>
      <time>2025-12-23T05:30:22Z</time>
    </trkpt>
    <trkpt lat="23.258278091" lon="101.158411866">
      <ele>1017.316</ele>
      <time>2025-12-23T05:45:20Z</time>
    </trkpt>
    <trkpt lat="23.112565781" lon="101.170679243">
      <ele>1427.573</ele>
      <time>2025-12-23T06:00:28Z</time>
    </trkpt>
    <trkpt lat="23.095130883" lon="101.152016558">
      <ele>1533.038</ele>
      <time>2025-12-23T06:09:57Z</time>
    </trkpt>
    <trkpt lat="22.989262375" lon="101.077432539">
      <ele>1268.335</ele>
      <time>2025-12-23T06:40:22Z</time>
    </trkpt>
    <trkpt lat="22.885386055" lon="101.01868963">
      <ele>1505.693</ele>
      <time>2025-12-23T06:53:53Z</time>
    </trkpt>
    <trkpt lat="22.821569355" lon="100.97190537">
      <ele>1303.578</ele>
      <time>2025-12-23T07:08:53Z</time>
    </trkpt>
    <trkpt lat="22.82495563" lon="100.967428198">
      <ele>1301.783</ele>
      <time>2025-12-23T07:23:40Z</time>
    </trkpt>
    <trkpt lat="22.793918906" lon="100.948341923">
      <ele>1337.037</ele>
      <time>2025-12-24T01:56:02Z</time>
    </trkpt>
    <trkpt lat="22.739945306" lon="100.934942197">
      <ele>1232.409</ele>
      <time>2025-12-24T02:01:19Z</time>
    </trkpt>
    <trkpt lat="22.44790213" lon="101.059985598">
      <ele>881.022</ele>
      <time>2025-12-24T02:31:44Z</time>
    </trkpt>
    <trkpt lat="22.355463216" lon="100.996204186">
      <ele>1265.003</ele>
      <time>2025-12-24T02:45:13Z</time>
    </trkpt>
    <trkpt lat="22.21420757" lon="100.885696253">
      <ele>856.222</ele>
      <time>2025-12-24T03:00:12Z</time>
    </trkpt>
    <trkpt lat="22.082992051" lon="100.903152922">
      <ele>770.779</ele>
      <time>2025-12-24T03:15:13Z</time>
    </trkpt>
    <trkpt lat="22.014543056" lon="100.821195268">
      <ele>557.602</ele>
      <time>2025-12-24T03:30:13Z</time>
    </trkpt>
    <trkpt lat="21.99512017" lon="100.831570868">
      <ele>548.742</ele>
      <time>2025-12-24T03:45:13Z</time>
    </trkpt>
    <trkpt lat="21.994678024" lon="100.831466764">
      <ele>545.759</ele>
      <time>2025-12-24T03:45:16Z</time>
    </trkpt>
    <trkpt lat="21.994106798" lon="100.831344556">
      <ele>539.146</ele>
      <time>2025-12-24T03:45:21Z</time>
    </trkpt>
    <trkpt lat="21.993704215" lon="100.831301054">
      <ele>539.099</ele>
      <time>2025-12-24T03:45:24Z</time>
    </trkpt>
    <trkpt lat="21.993362603" lon="100.831284234">
      <ele>541.489</ele>
      <time>2025-12-24T03:45:27Z</time>
    </trkpt>
    <trkpt lat="21.993042703" lon="100.831269674">
      <ele>546.161</ele>
      <time>2025-12-24T03:45:31Z</time>
    </trkpt>
    <trkpt lat="21.992718942" lon="100.831254836">
      <ele>549.132</ele>
      <time>2025-12-24T03:45:50Z</time>
    </trkpt>
    <trkpt lat="21.993500862" lon="100.831868532">
      <ele>550.891</ele>
      <time>2025-12-24T04:58:31Z</time>
    </trkpt>
    <trkpt lat="22.011835864" lon="100.824407861">
      <ele>550.944</ele>
      <time>2025-12-24T09:09:12Z</time>
    </trkpt>
    <trkpt lat="22.005947375" lon="100.828054906">
      <ele>538.004</ele>
      <time>2025-12-24T09:23:51Z</time>
    </trkpt>
    <trkpt lat="22.01357319" lon="100.828115171">
      <ele>576.66</ele>
      <time>2025-12-25T03:00:33Z</time>
    </trkpt>
    <trkpt lat="22.042553946" lon="100.905780215">
      <ele>932.616</ele>
      <time>2025-12-25T03:16:09Z</time>
    </trkpt>
    <trkpt lat="21.985646747" lon="101.00572159">
      <ele>974.034</ele>
      <time>2025-12-25T03:30:59Z</time>
    </trkpt>
    <trkpt lat="21.908514363" lon="101.17174822">
      <ele>651.107</ele>
      <time>2025-12-25T03:46:30Z</time>
    </trkpt>
    <trkpt lat="21.923388513" lon="101.230441835">
      <ele>560.591</ele>
      <time>2025-12-25T03:51:37Z</time>
    </trkpt>
    <trkpt lat="21.922837026" lon="101.23915804">
      <ele>559.122</ele>
      <time>2025-12-25T04:41:33Z</time>
    </trkpt>
    <trkpt lat="21.877228408" lon="101.274170643">
      <ele>548.046</ele>
      <time>2025-12-25T04:46:45Z</time>
    </trkpt>
    <trkpt lat="21.774468916" lon="101.366853034">
      <ele>915.187</ele>
      <time>2025-12-25T05:02:18Z</time>
    </trkpt>
    <trkpt lat="21.656383596" lon="101.373905593">
      <ele>652.194</ele>
      <time>2025-12-25T05:12:28Z</time>
    </trkpt>
    <trkpt lat="21.562063526" lon="101.477156533">
      <ele>865.558</ele>
      <time>2025-12-25T05:27:19Z</time>
    </trkpt>
    <trkpt lat="21.478935715" lon="101.546296072">
      <ele>664.579</ele>
      <time>2025-12-25T05:42:26Z</time>
    </trkpt>
    <trkpt lat="21.466452288" lon="101.5668693">
      <ele>634.228</ele>
      <time>2025-12-25T05:47:58Z</time>
    </trkpt>
    <trkpt lat="21.496663544" lon="101.586094629">
      <ele>633.941</ele>
      <time>2025-12-25T05:56:48Z</time>
    </trkpt>
    <trkpt lat="21.547754209" lon="101.587969931">
      <ele>662.223</ele>
      <time>2025-12-25T06:07:54Z</time>
    </trkpt>
    <trkpt lat="21.580885073" lon="101.58228896">
      <ele>728.985</ele>
      <time>2025-12-25T06:13:57Z</time>
    </trkpt>
    <trkpt lat="21.600716212" lon="101.586002335">
      <ele>685.578</ele>
      <time>2025-12-25T06:20:08Z</time>
    </trkpt>
    <trkpt lat="21.594640446" lon="101.585778212">
      <ele>684.55</ele>
      <time>2025-12-25T06:56:28Z</time>
    </trkpt>
    <trkpt lat="21.561772529" lon="101.579803565">
      <ele>710.143</ele>
      <time>2025-12-25T07:02:23Z</time>
    </trkpt>
    <trkpt lat="21.537239294" lon="101.579275273">
      <ele>654.575</ele>
      <time>2025-12-25T07:07:27Z</time>
    </trkpt>
    <trkpt lat="21.503283226" lon="101.571875806">
      <ele>636.503</ele>
      <time>2025-12-25T07:13:57Z</time>
    </trkpt>
    <trkpt lat="21.483226936" lon="101.565552355">
      <ele>641.472</ele>
      <time>2025-12-25T07:20:07Z</time>
    </trkpt>
    <trkpt lat="21.470205454" lon="101.56652401">
      <ele>652.308</ele>
      <time>2025-12-25T07:25:07Z</time>
    </trkpt>
    <trkpt lat="21.445889552" lon="101.574262809">
      <ele>667.966</ele>
      <time>2025-12-25T07:31:46Z</time>
    </trkpt>
    <trkpt lat="21.426970717" lon="101.57806023">
      <ele>629.11</ele>
      <time>2025-12-25T07:37:50Z</time>
    </trkpt>
    <trkpt lat="21.410036297" lon="101.651827097">
      <ele>665.845</ele>
      <time>2025-12-25T07:47:11Z</time>
    </trkpt>
    <trkpt lat="21.357278" lon="101.685549338">
      <ele>697.196</ele>
      <time>2025-12-25T07:54:07Z</time>
    </trkpt>
    <trkpt lat="21.354985172" lon="101.685953681">
      <ele>700.38</ele>
      <time>2025-12-25T15:24:19Z</time>
    </trkpt>
    <trkpt lat="21.255785096" lon="101.711413795">
      <ele>748.811</ele>
      <time>2025-12-26T00:39:31Z</time>
    </trkpt>
    <trkpt lat="21.190973207" lon="101.687610759">
      <ele>863.207</ele>
      <time>2025-12-26T00:54:47Z</time>
    </trkpt>
    <trkpt lat="21.185905359" lon="101.683230563">
      <ele>883.974</ele>
      <time>2025-12-26T01:09:55Z</time>
    </trkpt>
    <trkpt lat="21.186910591" lon="101.680034394">
      <ele>895.071</ele>
      <time>2025-12-26T01:55:38Z</time>
    </trkpt>
    <trkpt lat="21.154222623" lon="101.672887048">
      <ele>802.122</ele>
      <time>2025-12-26T04:35:19Z</time>
    </trkpt>
    <trkpt lat="21.14023164" lon="101.664588521">
      <ele>791.274</ele>
      <time>2025-12-26T04:44:34Z</time>
    </trkpt>
    <trkpt lat="21.123944232" lon="101.65451297">
      <ele>754.988</ele>
      <time>2025-12-26T04:52:37Z</time>
    </trkpt>
    <trkpt lat="21.113054885" lon="101.648007365">
      <ele>754.469</ele>
      <time>2025-12-26T04:57:47Z</time>
    </trkpt>
    <trkpt lat="21.079661568" lon="101.636308924">
      <ele>713.132</ele>
      <time>2025-12-26T05:13:18Z</time>
    </trkpt>
    <trkpt lat="21.06640541" lon="101.642349829">
      <ele>698.346</ele>
      <time>2025-12-26T05:18:34Z</time>
    </trkpt>
    <trkpt lat="21.044575692" lon="101.648836825">
      <ele>685.813</ele>
      <time>2025-12-26T05:27:25Z</time>
    </trkpt>
    <trkpt lat="21.026700261" lon="101.65371855">
      <ele>701.765</ele>
      <time>2025-12-26T05:32:53Z</time>
    </trkpt>
    <trkpt lat="21.011511695" lon="101.662896379">
      <ele>728.801</ele>
      <time>2025-12-26T05:39:52Z</time>
    </trkpt>
    <trkpt lat="20.968529144" lon="101.681110533">
      <ele>715.601</ele>
      <time>2025-12-26T05:55:23Z</time>
    </trkpt>
    <trkpt lat="20.947922488" lon="101.719670381">
      <ele>672.483</ele>
      <time>2025-12-26T06:08:34Z</time>
    </trkpt>
    <trkpt lat="20.944637284" lon="101.728844382">
      <ele>671.612</ele>
      <time>2025-12-26T06:24:06Z</time>
    </trkpt>
    <trkpt lat="20.924852377" lon="101.755062138">
      <ele>654.818</ele>
      <time>2025-12-27T02:25:49Z</time>
    </trkpt>
    <trkpt lat="20.892767362" lon="101.769433827">
      <ele>639.851</ele>
      <time>2025-12-27T02:36:34Z</time>
    </trkpt>
    <trkpt lat="20.868843673" lon="101.799085653">
      <ele>773.489</ele>
      <time>2025-12-27T02:50:11Z</time>
    </trkpt>
    <trkpt lat="20.852557509" lon="101.816539602">
      <ele>842.664</ele>
      <time>2025-12-27T03:03:09Z</time>
    </trkpt>
    <trkpt lat="20.845933124" lon="101.843728004">
      <ele>1101.299</ele>
      <time>2025-12-27T03:16:10Z</time>
    </trkpt>
    <trkpt lat="20.821838709" lon="101.852734429">
      <ele>1033.307</ele>
      <time>2025-12-27T03:26:06Z</time>
    </trkpt>
    <trkpt lat="20.803761665" lon="101.860829159">
      <ele>993.573</ele>
      <time>2025-12-27T03:37:51Z</time>
    </trkpt>
    <trkpt lat="20.794104673" lon="101.870154133">
      <ele>947.155</ele>
      <time>2025-12-27T03:50:28Z</time>
    </trkpt>
    <trkpt lat="20.796900876" lon="101.906267228">
      <ele>838.366</ele>
      <time>2025-12-27T04:46:50Z</time>
    </trkpt>
    <trkpt lat="20.766353907" lon="101.934871206">
      <ele>686.09</ele>
      <time>2025-12-27T05:00:24Z</time>
    </trkpt>
    <trkpt lat="20.735268787" lon="101.954050074">
      <ele>655.599</ele>
      <time>2025-12-27T05:11:57Z</time>
    </trkpt>
    <trkpt lat="20.706205698" lon="101.964794265">
      <ele>672.398</ele>
      <time>2025-12-27T05:23:09Z</time>
    </trkpt>
    <trkpt lat="20.669378247" lon="101.960130194">
      <ele>657.205</ele>
      <time>2025-12-27T05:33:54Z</time>
    </trkpt>
    <trkpt lat="20.647724541" lon="101.974814935">
      <ele>666.118</ele>
      <time>2025-12-27T05:44:38Z</time>
    </trkpt>
    <trkpt lat="20.617705763" lon="101.997633957">
      <ele>858.632</ele>
      <time>2025-12-27T05:58:00Z</time>
    </trkpt>
    <trkpt lat="20.608383059" lon="102.049513605">
      <ele>1049.572</ele>
      <time>2025-12-27T06:13:10Z</time>
    </trkpt>
    <trkpt lat="20.586238705" lon="102.085346798">
      <ele>1092.398</ele>
      <time>2025-12-27T06:26:29Z</time>
    </trkpt>
    <trkpt lat="20.576635734" lon="102.12415346">
      <ele>862.719</ele>
      <time>2025-12-27T06:38:50Z</time>
    </trkpt>
    <trkpt lat="20.564206629" lon="102.176657533">
      <ele>972.734</ele>
      <time>2025-12-27T06:53:55Z</time>
    </trkpt>
    <trkpt lat="20.565462519" lon="102.210974876">
      <ele>1211.096</ele>
      <time>2025-12-27T07:09:04Z</time>
    </trkpt>
    <trkpt lat="20.562813557" lon="102.230169028">
      <ele>1291.38</ele>
      <time>2025-12-27T07:22:57Z</time>
    </trkpt>
    <trkpt lat="20.563180894" lon="102.230575131">
      <ele>1293.881</ele>
      <time>2025-12-27T07:30:02Z</time>
    </trkpt>
    <trkpt lat="20.563467174" lon="102.230431283">
      <ele>1290.203</ele>
      <time>2025-12-27T15:37:18Z</time>
    </trkpt>
    <trkpt lat="20.564080238" lon="102.237108402">
      <ele>1283.563</ele>
      <time>2025-12-28T02:50:29Z</time>
    </trkpt>
    <trkpt lat="20.580688762" lon="102.279719655">
      <ele>1120.768</ele>
      <time>2025-12-28T03:06:29Z</time>
    </trkpt>
    <trkpt lat="20.578465126" lon="102.28809326">
      <ele>1039.004</ele>
      <time>2025-12-28T03:20:08Z</time>
    </trkpt>
    <trkpt lat="20.573730821" lon="102.304363407">
      <ele>833.743</ele>
      <time>2025-12-28T03:34:01Z</time>
    </trkpt>
    <trkpt lat="20.57210302" lon="102.347159922">
      <ele>466.597</ele>
      <time>2025-12-28T03:49:03Z</time>
    </trkpt>
    <trkpt lat="20.577059224" lon="102.414360096">
      <ele>369.945</ele>
      <time>2025-12-28T04:04:03Z</time>
    </trkpt>
    <trkpt lat="20.608367985" lon="102.452746545">
      <ele>350.777</ele>
      <time>2025-12-28T04:18:54Z</time>
    </trkpt>
    <trkpt lat="20.571636977" lon="102.410143241">
      <ele>376.136</ele>
      <time>2025-12-28T04:49:30Z</time>
    </trkpt>
    <trkpt lat="20.535242081" lon="102.371866563">
      <ele>390.892</ele>
      <time>2025-12-28T04:59:52Z</time>
    </trkpt>
    <trkpt lat="20.5085449" lon="102.363842491">
      <ele>386.612</ele>
      <time>2025-12-28T05:05:24Z</time>
    </trkpt>
    <trkpt lat="20.494911969" lon="102.357162489">
      <ele>388.626</ele>
      <time>2025-12-28T05:10:36Z</time>
    </trkpt>
    <trkpt lat="20.484765968" lon="102.345984299">
      <ele>398.457</ele>
      <time>2025-12-28T05:18:46Z</time>
    </trkpt>
    <trkpt lat="20.482259512" lon="102.342133724">
      <ele>389.044</ele>
      <time>2025-12-28T06:04:50Z</time>
    </trkpt>
    <trkpt lat="20.459306964" lon="102.338021225">
      <ele>376.082</ele>
      <time>2025-12-28T06:09:59Z</time>
    </trkpt>
    <trkpt lat="20.433945564" lon="102.327487663">
      <ele>348.462</ele>
      <time>2025-12-28T06:18:52Z</time>
    </trkpt>
    <trkpt lat="20.382976515" lon="102.316119628">
      <ele>348.861</ele>
      <time>2025-12-28T06:34:27Z</time>
    </trkpt>
    <trkpt lat="20.372522085" lon="102.324065398">
      <ele>345.06</ele>
      <time>2025-12-28T06:39:48Z</time>
    </trkpt>
    <trkpt lat="20.367420757" lon="102.379807711">
      <ele>324.361</ele>
      <time>2025-12-28T06:53:32Z</time>
    </trkpt>
    <trkpt lat="20.347922225" lon="102.418052267">
      <ele>372.862</ele>
      <time>2025-12-28T07:05:32Z</time>
    </trkpt>
    <trkpt lat="20.309415726" lon="102.422983713">
      <ele>338.307</ele>
      <time>2025-12-28T07:21:04Z</time>
    </trkpt>
    <trkpt lat="20.290597606" lon="102.416092121">
      <ele>322.599</ele>
      <time>2025-12-28T07:27:48Z</time>
    </trkpt>
    <trkpt lat="20.279942922" lon="102.399913529">
      <ele>317.448</ele>
      <time>2025-12-28T07:32:53Z</time>
    </trkpt>
    <trkpt lat="20.273263645" lon="102.384978924">
      <ele>322.175</ele>
      <time>2025-12-28T07:37:58Z</time>
    </trkpt>
    <trkpt lat="20.254953227" lon="102.360459056">
      <ele>336.776</ele>
      <time>2025-12-28T07:49:52Z</time>
    </trkpt>
    <trkpt lat="20.242057719" lon="102.343343301">
      <ele>335.582</ele>
      <time>2025-12-28T07:54:57Z</time>
    </trkpt>
    <trkpt lat="20.197899026" lon="102.328894911">
      <ele>316.82</ele>
      <time>2025-12-28T08:05:11Z</time>
    </trkpt>
    <trkpt lat="20.144467968" lon="102.313960606">
      <ele>332.312</ele>
      <time>2025-12-28T08:20:46Z</time>
    </trkpt>
    <trkpt lat="20.118189891" lon="102.290005156">
      <ele>312.283</ele>
      <time>2025-12-28T08:30:54Z</time>
    </trkpt>
    <trkpt lat="20.095502764" lon="102.271975698">
      <ele>306.509</ele>
      <time>2025-12-28T08:41:13Z</time>
    </trkpt>
    <trkpt lat="20.083624439" lon="102.265224469">
      <ele>300.066</ele>
      <time>2025-12-28T08:46:11Z</time>
    </trkpt>
    <trkpt lat="20.067743212" lon="102.265289285">
      <ele>347.954</ele>
      <time>2025-12-28T08:51:17Z</time>
    </trkpt>
    <trkpt lat="20.031422687" lon="102.264533672">
      <ele>334.404</ele>
      <time>2025-12-28T09:01:55Z</time>
    </trkpt>
    <trkpt lat="20.015205137" lon="102.253215632">
      <ele>314.519</ele>
      <time>2025-12-28T09:07:09Z</time>
    </trkpt>
    <trkpt lat="19.994495961" lon="102.245937101">
      <ele>292.438</ele>
      <time>2025-12-28T09:12:47Z</time>
    </trkpt>
    <trkpt lat="19.97438168" lon="102.249258018">
      <ele>297.583</ele>
      <time>2025-12-28T09:17:51Z</time>
    </trkpt>
    <trkpt lat="19.957114524" lon="102.2699342">
      <ele>292.52</ele>
      <time>2025-12-28T09:32:03Z</time>
    </trkpt>
    <trkpt lat="19.964456018" lon="102.276329342">
      <ele>292.289</ele>
      <time>2025-12-28T09:42:48Z</time>
    </trkpt>
    <trkpt lat="19.959607674" lon="102.272223299">
      <ele>298.29</ele>
      <time>2025-12-30T04:52:02Z</time>
    </trkpt>
    <trkpt lat="19.970639072" lon="102.259678514">
      <ele>296.589</ele>
      <time>2025-12-30T05:04:26Z</time>
    </trkpt>
    <trkpt lat="19.97147206" lon="102.247025927">
      <ele>306.335</ele>
      <time>2025-12-30T05:09:26Z</time>
    </trkpt>
    <trkpt lat="19.941427779" lon="102.231381687">
      <ele>312.147</ele>
      <time>2025-12-30T05:19:37Z</time>
    </trkpt>
    <trkpt lat="19.930695422" lon="102.208073192">
      <ele>292.12</ele>
      <time>2025-12-30T05:25:48Z</time>
    </trkpt>
    <trkpt lat="19.918410303" lon="102.18015779">
      <ele>291.997</ele>
      <time>2025-12-30T05:32:06Z</time>
    </trkpt>
    <trkpt lat="19.910217937" lon="102.168786124">
      <ele>294.581</ele>
      <time>2025-12-30T05:42:07Z</time>
    </trkpt>
    <trkpt lat="19.913581532" lon="102.167350919">
      <ele>291.554</ele>
      <time>2025-12-30T06:15:59Z</time>
    </trkpt>
    <trkpt lat="19.91366539" lon="102.167024231">
      <ele>286.814</ele>
      <time>2025-12-30T15:13:48Z</time>
    </trkpt>
    <trkpt lat="19.91366539" lon="102.167024231">
      <ele>286.814</ele>
      <time>2025-12-30T15:13:49Z</time>
    </trkpt>
    <trkpt lat="19.913535424" lon="102.167333847">
      <ele>291.641</ele>
      <time>2025-12-31T07:35:32Z</time>
    </trkpt>
    <trkpt lat="19.918199122" lon="102.179784655">
      <ele>294.176</ele>
      <time>2026-01-04T03:08:43Z</time>
    </trkpt>
    <trkpt lat="19.928399905" lon="102.203205893">
      <ele>299.76</ele>
      <time>2026-01-04T03:18:03Z</time>
    </trkpt>
    <trkpt lat="19.925395343" lon="102.194449967">
      <ele>296.238</ele>
      <time>2026-01-04T03:40:07Z</time>
    </trkpt>
    <trkpt lat="19.905385097" lon="102.164236122">
      <ele>293.0</ele>
      <time>2026-01-04T03:51:22Z</time>
    </trkpt>
    <trkpt lat="19.894446342" lon="102.15055257">
      <ele>286.996</ele>
      <time>2026-01-04T03:56:27Z</time>
    </trkpt>
    <trkpt lat="19.884989248" lon="102.149167908">
      <ele>293.155</ele>
      <time>2026-01-04T04:07:50Z</time>
    </trkpt>
    <trkpt lat="19.870241774" lon="102.128654001">
      <ele>299.502</ele>
      <time>2026-01-04T04:20:20Z</time>
    </trkpt>
    <trkpt lat="19.876872799" lon="102.121412829">
      <ele>295.494</ele>
      <time>2026-01-04T04:31:35Z</time>
    </trkpt>
    <trkpt lat="19.867343456" lon="102.110198932">
      <ele>298.309</ele>
      <time>2026-01-04T04:46:23Z</time>
    </trkpt>
    <trkpt lat="19.860530544" lon="102.102091776">
      <ele>297.668</ele>
      <time>2026-01-04T05:05:00Z</time>
    </trkpt>
    <trkpt lat="19.827682804" lon="102.060628021">
      <ele>345.556</ele>
      <time>2026-01-04T05:19:50Z</time>
    </trkpt>
    <trkpt lat="19.825195971" lon="102.055289715">
      <ele>338.307</ele>
      <time>2026-01-04T06:00:32Z</time>
    </trkpt>
    <trkpt lat="19.812542438" lon="102.006702549">
      <ele>294.278</ele>
      <time>2026-01-04T06:12:33Z</time>
    </trkpt>
    <trkpt lat="19.791882252" lon="101.982967696">
      <ele>291.847</ele>
      <time>2026-01-04T06:25:27Z</time>
    </trkpt>
    <trkpt lat="19.758739485" lon="101.992558205">
      <ele>357.903</ele>
      <time>2026-01-04T06:39:43Z</time>
    </trkpt>
    <trkpt lat="19.762462779" lon="101.984950289">
      <ele>334.064</ele>
      <time>2026-01-05T08:44:25Z</time>
    </trkpt>
    <trkpt lat="19.811254455" lon="102.00636683">
      <ele>291.071</ele>
      <time>2026-01-05T08:59:30Z</time>
    </trkpt>
    <trkpt lat="19.830733938" lon="102.023863355">
      <ele>299.366</ele>
      <time>2026-01-05T09:04:42Z</time>
    </trkpt>
    <trkpt lat="19.823256804" lon="102.044059642">
      <ele>323.067</ele>
      <time>2026-01-05T09:09:53Z</time>
    </trkpt>
    <trkpt lat="19.859284909" lon="102.099256547">
      <ele>295.869</ele>
      <time>2026-01-05T09:22:16Z</time>
    </trkpt>
    <trkpt lat="19.86760819" lon="102.110119726">
      <ele>300.0</ele>
      <time>2026-01-05T09:27:27Z</time>
    </trkpt>
    <trkpt lat="19.870901542" lon="102.114860446">
      <ele>288.254</ele>
      <time>2026-01-05T09:42:39Z</time>
    </trkpt>
    <trkpt lat="19.883242627" lon="102.128063534">
      <ele>287.375</ele>
      <time>2026-01-05T09:49:24Z</time>
    </trkpt>
    <trkpt lat="19.883546458" lon="102.129280326">
      <ele>292.517</ele>
      <time>2026-01-05T10:03:43Z</time>
    </trkpt>
    <trkpt lat="19.87846599" lon="102.133183787">
      <ele>297.422</ele>
      <time>2026-01-06T02:28:47Z</time>
    </trkpt>
    <trkpt lat="19.870217502" lon="102.128975904">
      <ele>299.24</ele>
      <time>2026-01-06T02:35:55Z</time>
    </trkpt>
    <trkpt lat="19.84962324" lon="102.137656049">
      <ele>352.186</ele>
      <time>2026-01-06T04:15:37Z</time>
    </trkpt>
    <trkpt lat="19.844393129" lon="102.192299903">
      <ele>336.712</ele>
      <time>2026-01-06T04:47:12Z</time>
    </trkpt>
    <trkpt lat="19.816408343" lon="102.198186396">
      <ele>318.6</ele>
      <time>2026-01-06T04:59:36Z</time>
    </trkpt>
    <trkpt lat="19.794825702" lon="102.192209819">
      <ele>303.109</ele>
      <time>2026-01-06T05:09:02Z</time>
    </trkpt>
    <trkpt lat="19.773862227" lon="102.179851541">
      <ele>311.045</ele>
      <time>2026-01-06T05:19:55Z</time>
    </trkpt>
    <trkpt lat="19.764986747" lon="102.177494102">
      <ele>323.015</ele>
      <time>2026-01-06T05:27:16Z</time>
    </trkpt>
    <trkpt lat="19.719015202" lon="102.146886857">
      <ele>351.415</ele>
      <time>2026-01-06T05:42:09Z</time>
    </trkpt>
    <trkpt lat="19.674330859" lon="102.111017295">
      <ele>396.285</ele>
      <time>2026-01-06T05:55:58Z</time>
    </trkpt>
    <trkpt lat="19.657067093" lon="102.096573886">
      <ele>417.285</ele>
      <time>2026-01-06T06:01:11Z</time>
    </trkpt>
    <trkpt lat="19.640378099" lon="102.078553062">
      <ele>447.705</ele>
      <time>2026-01-06T06:12:20Z</time>
    </trkpt>
    <trkpt lat="19.61895604" lon="102.053313767">
      <ele>586.335</ele>
      <time>2026-01-06T06:25:31Z</time>
    </trkpt>
    <trkpt lat="19.596379576" lon="102.028251328">
      <ele>596.293</ele>
      <time>2026-01-06T06:38:13Z</time>
    </trkpt>
    <trkpt lat="19.577050908" lon="102.007422885">
      <ele>544.573</ele>
      <time>2026-01-06T06:48:38Z</time>
    </trkpt>
    <trkpt lat="19.570121538" lon="102.003710711">
      <ele>589.32</ele>
      <time>2026-01-06T06:54:26Z</time>
    </trkpt>
    <trkpt lat="19.555576527" lon="101.997609086">
      <ele>651.439</ele>
      <time>2026-01-06T07:54:16Z</time>
    </trkpt>
    <trkpt lat="19.519768267" lon="101.98423293">
      <ele>583.394</ele>
      <time>2026-01-06T08:09:51Z</time>
    </trkpt>
    <trkpt lat="19.496556212" lon="102.045115957">
      <ele>727.55</ele>
      <time>2026-01-06T08:25:18Z</time>
    </trkpt>
    <trkpt lat="19.470671042" lon="102.058405079">
      <ele>1153.071</ele>
      <time>2026-01-06T08:40:16Z</time>
    </trkpt>
    <trkpt lat="19.463265745" lon="102.097878519">
      <ele>1591.147</ele>
      <time>2026-01-06T08:55:17Z</time>
    </trkpt>
    <trkpt lat="19.424183895" lon="102.140206648">
      <ele>1556.208</ele>
      <time>2026-01-06T09:10:15Z</time>
    </trkpt>
    <trkpt lat="19.3900585" lon="102.143845467">
      <ele>1856.901</ele>
      <time>2026-01-06T09:25:17Z</time>
    </trkpt>
    <trkpt lat="19.390174214" lon="102.139135185">
      <ele>1837.149</ele>
      <time>2026-01-06T09:40:17Z</time>
    </trkpt>
    <trkpt lat="19.383640168" lon="102.15258521">
      <ele>1420.332</ele>
      <time>2026-01-07T05:04:39Z</time>
    </trkpt>
    <trkpt lat="19.366138838" lon="102.1576887">
      <ele>963.297</ele>
      <time>2026-01-07T05:19:49Z</time>
    </trkpt>
    <trkpt lat="19.317082522" lon="102.177916216">
      <ele>527.748</ele>
      <time>2026-01-07T05:34:33Z</time>
    </trkpt>
    <trkpt lat="19.270942917" lon="102.189471638">
      <ele>486.397</ele>
      <time>2026-01-07T05:49:18Z</time>
    </trkpt>
    <trkpt lat="19.272619895" lon="102.224821275">
      <ele>435.145</ele>
      <time>2026-01-07T06:00:27Z</time>
    </trkpt>
    <trkpt lat="19.23054048" lon="102.252727857">
      <ele>409.18</ele>
      <time>2026-01-07T06:14:03Z</time>
    </trkpt>
    <trkpt lat="19.2111788" lon="102.244775369">
      <ele>400.047</ele>
      <time>2026-01-07T06:27:19Z</time>
    </trkpt>
    <trkpt lat="19.204872068" lon="102.239703864">
      <ele>402.771</ele>
      <time>2026-01-07T06:57:21Z</time>
    </trkpt>
    <trkpt lat="19.146283362" lon="102.214383138">
      <ele>408.514</ele>
      <time>2026-01-07T07:23:42Z</time>
    </trkpt>
    <trkpt lat="19.128272737" lon="102.238818954">
      <ele>450.237</ele>
      <time>2026-01-07T07:34:48Z</time>
    </trkpt>
    <trkpt lat="19.13310533" lon="102.284487797">
      <ele>536.409</ele>
      <time>2026-01-07T07:50:03Z</time>
    </trkpt>
    <trkpt lat="19.138329787" lon="102.322046565">
      <ele>613.453</ele>
      <time>2026-01-07T08:04:38Z</time>
    </trkpt>
    <trkpt lat="19.13031989" lon="102.336465406">
      <ele>531.822</ele>
      <time>2026-01-07T08:09:39Z</time>
    </trkpt>
    <trkpt lat="19.115487621" lon="102.370077409">
      <ele>367.443</ele>
      <time>2026-01-07T08:19:54Z</time>
    </trkpt>
    <trkpt lat="19.080655365" lon="102.422922459">
      <ele>279.254</ele>
      <time>2026-01-07T08:39:37Z</time>
    </trkpt>
    <trkpt lat="19.046080758" lon="102.434143892">
      <ele>268.699</ele>
      <time>2026-01-07T08:54:06Z</time>
    </trkpt>
    <trkpt lat="19.006861007" lon="102.447563393">
      <ele>260.08</ele>
      <time>2026-01-07T09:05:58Z</time>
    </trkpt>
    <trkpt lat="18.949902459" lon="102.448548396">
      <ele>242.875</ele>
      <time>2026-01-07T09:19:33Z</time>
    </trkpt>
    <trkpt lat="18.942772652" lon="102.443972737">
      <ele>241.685</ele>
      <time>2026-01-07T09:27:42Z</time>
    </trkpt>
    <trkpt lat="18.930926286" lon="102.449957365">
      <ele>240.54</ele>
      <time>2026-01-07T09:40:33Z</time>
    </trkpt>
    <trkpt lat="18.917736313" lon="102.448225161">
      <ele>236.539</ele>
      <time>2026-01-07T09:45:49Z</time>
    </trkpt>
    <trkpt lat="18.916157939" lon="102.442455516">
      <ele>230.68</ele>
      <time>2026-01-08T05:50:03Z</time>
    </trkpt>
    <trkpt lat="18.920029057" lon="102.438786132">
      <ele>229.806</ele>
      <time>2026-01-08T05:56:47Z</time>
    </trkpt>
    <trkpt lat="18.912026977" lon="102.409304023">
      <ele>242.058</ele>
      <time>2026-01-09T02:25:25Z</time>
    </trkpt>
    <trkpt lat="18.915329241" lon="102.402113029">
      <ele>242.134</ele>
      <time>2026-01-09T02:46:01Z</time>
    </trkpt>
    <trkpt lat="18.945952417" lon="102.344284095">
      <ele>310.248</ele>
      <time>2026-01-09T03:00:35Z</time>
    </trkpt>
    <trkpt lat="18.944921955" lon="102.334077172">
      <ele>297.438</ele>
      <time>2026-01-09T03:15:47Z</time>
    </trkpt>
    <trkpt lat="18.942665812" lon="102.336318623">
      <ele>290.169</ele>
      <time>2026-01-10T02:18:03Z</time>
    </trkpt>
    <trkpt lat="18.944908132" lon="102.334243792">
      <ele>297.247</ele>
      <time>2026-01-10T03:18:22Z</time>
    </trkpt>
    <trkpt lat="18.944580307" lon="102.334534781">
      <ele>293.487</ele>
      <time>2026-01-10T03:25:13Z</time>
    </trkpt>
    <trkpt lat="18.944895486" lon="102.334320985">
      <ele>297.038</ele>
      <time>2026-01-10T03:29:59Z</time>
    </trkpt>
    <trkpt lat="18.942726801" lon="102.336372683">
      <ele>288.98</ele>
      <time>2026-01-10T03:31:51Z</time>
    </trkpt>
    <trkpt lat="18.948663229" lon="102.348658212">
      <ele>295.461</ele>
      <time>2026-01-10T07:46:14Z</time>
    </trkpt>
    <trkpt lat="18.921949193" lon="102.389230024">
      <ele>275.845</ele>
      <time>2026-01-10T08:01:17Z</time>
    </trkpt>
    <trkpt lat="18.921892137" lon="102.388316795">
      <ele>264.741</ele>
      <time>2026-01-10T08:13:19Z</time>
    </trkpt>
    <trkpt lat="18.919335552" lon="102.397925595">
      <ele>247.183</ele>
      <time>2026-01-11T02:43:22Z</time>
    </trkpt>
    <trkpt lat="18.911950379" lon="102.408547304">
      <ele>241.979</ele>
      <time>2026-01-11T02:48:49Z</time>
    </trkpt>
    <trkpt lat="18.919559461" lon="102.432604563">
      <ele>239.075</ele>
      <time>2026-01-11T02:53:55Z</time>
    </trkpt>
    <trkpt lat="18.917118208" lon="102.45110614">
      <ele>235.357</ele>
      <time>2026-01-11T03:02:00Z</time>
    </trkpt>
    <trkpt lat="18.798834533" lon="102.4087267">
      <ele>238.438</ele>
      <time>2026-01-11T03:18:04Z</time>
    </trkpt>
    <trkpt lat="18.722500167" lon="102.364885463">
      <ele>233.004</ele>
      <time>2026-01-11T03:31:58Z</time>
    </trkpt>
    <trkpt lat="18.634739901" lon="102.321479956">
      <ele>201.703</ele>
      <time>2026-01-11T03:40:27Z</time>
    </trkpt>
    <trkpt lat="18.496545212" lon="102.394497046">
      <ele>197.413</ele>
      <time>2026-01-11T03:54:25Z</time>
    </trkpt>
    <trkpt lat="18.352358081" lon="102.415454923">
      <ele>185.05</ele>
      <time>2026-01-11T04:07:12Z</time>
    </trkpt>
    <trkpt lat="18.289845474" lon="102.459409805">
      <ele>173.957</ele>
      <time>2026-01-11T04:14:01Z</time>
    </trkpt>
    <trkpt lat="18.213802879" lon="102.480063988">
      <ele>199.0</ele>
      <time>2026-01-11T04:22:27Z</time>
    </trkpt>
    <trkpt lat="18.162854319" lon="102.492480436">
      <ele>192.724</ele>
      <time>2026-01-11T04:43:33Z</time>
    </trkpt>
    <trkpt lat="18.041009819" lon="102.528580288">
      <ele>175.04</ele>
      <time>2026-01-11T04:58:18Z</time>
    </trkpt>
    <trkpt lat="18.019545618" lon="102.546778076">
      <ele>166.599</ele>
      <time>2026-01-11T05:03:25Z</time>
    </trkpt>
    <trkpt lat="17.97993368" lon="102.554651567">
      <ele>170.939</ele>
      <time>2026-01-11T05:14:38Z</time>
    </trkpt>
    <trkpt lat="17.969487426" lon="102.577430632">
      <ele>173.807</ele>
      <time>2026-01-11T05:19:53Z</time>
    </trkpt>
    <trkpt lat="17.958202293" lon="102.610545147">
      <ele>167.508</ele>
      <time>2026-01-11T05:30:12Z</time>
    </trkpt>
    <trkpt lat="17.955973496" lon="102.614690949">
      <ele>167.178</ele>
      <time>2026-01-11T05:46:19Z</time>
    </trkpt>
    <trkpt lat="17.964642786" lon="102.60047172">
      <ele>171.126</ele>
      <time>2026-01-12T04:56:48Z</time>
    </trkpt>
    <trkpt lat="17.969198367" lon="102.586781457">
      <ele>171.067</ele>
      <time>2026-01-12T05:02:05Z</time>
    </trkpt>
    <trkpt lat="17.972566215" lon="102.564356094">
      <ele>172.675</ele>
      <time>2026-01-12T05:07:16Z</time>
    </trkpt>
    <trkpt lat="17.977630552" lon="102.53844361">
      <ele>172.133</ele>
      <time>2026-01-12T05:13:17Z</time>
    </trkpt>
    <trkpt lat="17.974977815" lon="102.513470734">
      <ele>171.425</ele>
      <time>2026-01-12T05:18:36Z</time>
    </trkpt>
    <trkpt lat="17.987095163" lon="102.43681215">
      <ele>181.066</ele>
      <time>2026-01-12T05:28:45Z</time>
    </trkpt>
    <trkpt lat="18.015074544" lon="102.397489327">
      <ele>174.962</ele>
      <time>2026-01-12T05:33:53Z</time>
    </trkpt>
    <trkpt lat="18.055522162" lon="102.318495261">
      <ele>176.347</ele>
      <time>2026-01-12T05:44:05Z</time>
    </trkpt>
    <trkpt lat="18.110572114" lon="102.243048241">
      <ele>184.111</ele>
      <time>2026-01-12T05:58:08Z</time>
    </trkpt>
    <trkpt lat="18.152532248" lon="102.201817596">
      <ele>180.126</ele>
      <time>2026-01-12T06:05:52Z</time>
    </trkpt>
    <trkpt lat="18.193817211" lon="102.179494305">
      <ele>187.452</ele>
      <time>2026-01-12T06:11:15Z</time>
    </trkpt>
    <trkpt lat="18.22083766" lon="102.079197197">
      <ele>190.074</ele>
      <time>2026-01-12T06:26:28Z</time>
    </trkpt>
    <trkpt lat="18.147428348" lon="102.013141019">
      <ele>221.528</ele>
      <time>2026-01-12T06:41:47Z</time>
    </trkpt>
    <trkpt lat="18.117782478" lon="101.976193171">
      <ele>195.165</ele>
      <time>2026-01-12T06:57:11Z</time>
    </trkpt>
    <trkpt lat="18.118198137" lon="101.976081021">
      <ele>201.214</ele>
      <time>2026-01-12T08:47:21Z</time>
    </trkpt>
    <trkpt lat="18.117924604" lon="101.976283151">
      <ele>195.728</ele>
      <time>2026-01-12T08:58:03Z</time>
    </trkpt>
    <trkpt lat="18.11030136" lon="101.980824489">
      <ele>202.461</ele>
      <time>2026-01-12T09:08:26Z</time>
    </trkpt>
    <trkpt lat="18.117850288" lon="101.976320408">
      <ele>194.523</ele>
      <time>2026-01-12T09:20:45Z</time>
    </trkpt>
    <trkpt lat="18.11079597" lon="101.98389434">
      <ele>198.171</ele>
      <time>2026-01-12T09:49:35Z</time>
    </trkpt>
    <trkpt lat="18.117931586" lon="101.976271364">
      <ele>195.93</ele>
      <time>2026-01-12T10:03:56Z</time>
    </trkpt>
    <trkpt lat="18.11020088" lon="101.98044586">
      <ele>202.367</ele>
      <time>2026-01-12T10:49:29Z</time>
    </trkpt>
    <trkpt lat="18.117916924" lon="101.976277577">
      <ele>195.705</ele>
      <time>2026-01-12T11:04:14Z</time>
    </trkpt>
    <trkpt lat="18.110124281" lon="101.984325412">
      <ele>202.165</ele>
      <time>2026-01-12T13:14:07Z</time>
    </trkpt>
    <trkpt lat="18.117866365" lon="101.976047999">
      <ele>197.411</ele>
      <time>2026-01-12T13:19:16Z</time>
    </trkpt>
    <trkpt lat="18.11020088" lon="101.98044586">
      <ele>202.367</ele>
      <time>2026-01-12T13:32:11Z</time>
    </trkpt>
    <trkpt lat="18.117837715" lon="101.976238433">
      <ele>195.272</ele>
      <time>2026-01-12T13:47:36Z</time>
    </trkpt>
    <trkpt lat="18.11086845" lon="101.98393249">
      <ele>198.148</ele>
      <time>2026-01-12T15:26:24Z</time>
    </trkpt>
    <trkpt lat="18.118001707" lon="101.976326024">
      <ele>196.097</ele>
      <time>2026-01-12T15:33:58Z</time>
    </trkpt>
    <trkpt lat="18.11086845" lon="101.98393249">
      <ele>198.148</ele>
      <time>2026-01-13T01:38:52Z</time>
    </trkpt>
    <trkpt lat="18.117835554" lon="101.976250481">
      <ele>195.119</ele>
      <time>2026-01-13T02:12:12Z</time>
    </trkpt>
    <trkpt lat="18.080789842" lon="101.929767148">
      <ele>198.162</ele>
      <time>2026-01-13T02:27:17Z</time>
    </trkpt>
    <trkpt lat="18.059714665" lon="101.836712854">
      <ele>205.822</ele>
      <time>2026-01-13T02:42:04Z</time>
    </trkpt>
    <trkpt lat="18.063032213" lon="101.752407185">
      <ele>412.256</ele>
      <time>2026-01-13T02:55:29Z</time>
    </trkpt>
    <trkpt lat="18.063150155" lon="101.707044477">
      <ele>241.502</ele>
      <time>2026-01-13T03:06:12Z</time>
    </trkpt>
    <trkpt lat="18.069342873" lon="101.690597506">
      <ele>228.946</ele>
      <time>2026-01-13T03:14:56Z</time>
    </trkpt>
    <trkpt lat="18.134557139" lon="101.632506894">
      <ele>351.926</ele>
      <time>2026-01-13T03:28:10Z</time>
    </trkpt>
    <trkpt lat="18.122003982" lon="101.566918334">
      <ele>673.505</ele>
      <time>2026-01-13T03:42:04Z</time>
    </trkpt>
    <trkpt lat="18.133277141" lon="101.493816144">
      <ele>365.374</ele>
      <time>2026-01-13T03:56:49Z</time>
    </trkpt>
    <trkpt lat="18.157653156" lon="101.449985701">
      <ele>260.374</ele>
      <time>2026-01-13T04:10:08Z</time>
    </trkpt>
    <trkpt lat="18.161640619" lon="101.403576331">
      <ele>232.781</ele>
      <time>2026-01-13T04:54:36Z</time>
    </trkpt>
    <trkpt lat="18.096941797" lon="101.366982382">
      <ele>238.146</ele>
      <time>2026-01-13T05:13:20Z</time>
    </trkpt>
    <trkpt lat="18.041383023" lon="101.361622643">
      <ele>293.184</ele>
      <time>2026-01-13T05:28:22Z</time>
    </trkpt>
    <trkpt lat="17.951272743" lon="101.35390103">
      <ele>302.062</ele>
      <time>2026-01-13T05:43:22Z</time>
    </trkpt>
    <trkpt lat="17.886143472" lon="101.344296585">
      <ele>279.884</ele>
      <time>2026-01-13T05:56:52Z</time>
    </trkpt>
    <trkpt lat="17.80359906" lon="101.349109752">
      <ele>339.453</ele>
      <time>2026-01-13T06:11:50Z</time>
    </trkpt>
    <trkpt lat="17.76895032" lon="101.366371067">
      <ele>276.0</ele>
      <time>2026-01-13T06:26:53Z</time>
    </trkpt>
    <trkpt lat="17.764369784" lon="101.370015964">
      <ele>274.365</ele>
      <time>2026-01-15T07:36:25Z</time>
    </trkpt>
    <trkpt lat="17.737027102" lon="101.387478563">
      <ele>247.054</ele>
      <time>2026-01-15T07:41:59Z</time>
    </trkpt>
    <trkpt lat="17.719588976" lon="101.384519014">
      <ele>263.772</ele>
      <time>2026-01-15T07:48:03Z</time>
    </trkpt>
    <trkpt lat="17.695272018" lon="101.397158945">
      <ele>242.793</ele>
      <time>2026-01-15T07:56:59Z</time>
    </trkpt>
    <trkpt lat="17.701378746" lon="101.393099789">
      <ele>249.067</ele>
      <time>2026-01-15T10:01:47Z</time>
    </trkpt>
    <trkpt lat="17.716960429" lon="101.384789099">
      <ele>266.241</ele>
      <time>2026-01-15T10:08:20Z</time>
    </trkpt>
    <trkpt lat="17.731560854" lon="101.392241541">
      <ele>242.242</ele>
      <time>2026-01-15T10:20:22Z</time>
    </trkpt>
    <trkpt lat="17.757787012" lon="101.373507164">
      <ele>264.395</ele>
      <time>2026-01-15T11:10:38Z</time>
    </trkpt>
    <trkpt lat="17.769060479" lon="101.366385659">
      <ele>276.0</ele>
      <time>2026-01-15T11:21:26Z</time>
    </trkpt>
    <trkpt lat="17.759119" lon="101.372619844">
      <ele>270.04</ele>
      <time>2026-01-16T04:04:11Z</time>
    </trkpt>
    <trkpt lat="17.705910528" lon="101.383411339">
      <ele>245.719</ele>
      <time>2026-01-16T04:15:49Z</time>
    </trkpt>
    <trkpt lat="17.695508664" lon="101.397250376">
      <ele>242.27</ele>
      <time>2026-01-16T04:25:48Z</time>
    </trkpt>
    <trkpt lat="17.691141386" lon="101.395049254">
      <ele>246.258</ele>
      <time>2026-01-16T05:43:08Z</time>
    </trkpt>
    <trkpt lat="17.659458169" lon="101.405734923">
      <ele>272.225</ele>
      <time>2026-01-16T07:19:12Z</time>
    </trkpt>
    <trkpt lat="17.627131892" lon="101.422846578">
      <ele>260.0</ele>
      <time>2026-01-16T07:29:56Z</time>
    </trkpt>
    <trkpt lat="17.62219118" lon="101.419400023">
      <ele>264.952</ele>
      <time>2026-01-16T09:25:02Z</time>
    </trkpt>
    <trkpt lat="17.573099254" lon="101.416562806">
      <ele>288.158</ele>
      <time>2026-01-16T09:32:04Z</time>
    </trkpt>
    <trkpt lat="17.531254236" lon="101.442196285">
      <ele>491.61</ele>
      <time>2026-01-16T09:44:11Z</time>
    </trkpt>
    <trkpt lat="17.481375835" lon="101.462824484">
      <ele>801.195</ele>
      <time>2026-01-16T09:59:19Z</time>
    </trkpt>
    <trkpt lat="17.454126854" lon="101.418338455">
      <ele>723.87</ele>
      <time>2026-01-16T10:12:49Z</time>
    </trkpt>
    <trkpt lat="17.457151087" lon="101.373996092">
      <ele>620.645</ele>
      <time>2026-01-16T10:17:58Z</time>
    </trkpt>
    <trkpt lat="17.464621207" lon="101.355091045">
      <ele>693.237</ele>
      <time>2026-01-16T10:27:11Z</time>
    </trkpt>
    <trkpt lat="17.481521596" lon="101.351969982">
      <ele>893.727</ele>
      <time>2026-01-16T10:32:28Z</time>
    </trkpt>
    <trkpt lat="17.481222907" lon="101.351847164">
      <ele>891.049</ele>
      <time>2026-01-16T10:32:32Z</time>
    </trkpt>
    <trkpt lat="17.462298908" lon="101.355612924">
      <ele>667.254</ele>
      <time>2026-01-18T03:57:37Z</time>
    </trkpt>
    <trkpt lat="17.449260901" lon="101.354008304">
      <ele>616.268</ele>
      <time>2026-01-18T04:03:38Z</time>
    </trkpt>
    <trkpt lat="17.438303905" lon="101.325150907">
      <ele>611.846</ele>
      <time>2026-01-18T04:08:36Z</time>
    </trkpt>
    <trkpt lat="17.407677993" lon="101.295858985">
      <ele>635.766</ele>
      <time>2026-01-18T04:14:26Z</time>
    </trkpt>
    <trkpt lat="17.366717966" lon="101.259642394">
      <ele>622.788</ele>
      <time>2026-01-18T04:20:23Z</time>
    </trkpt>
    <trkpt lat="17.320529184" lon="101.243371598">
      <ele>623.501</ele>
      <time>2026-01-18T04:26:25Z</time>
    </trkpt>
    <trkpt lat="17.270489995" lon="101.237901834">
      <ele>676.448</ele>
      <time>2026-01-18T04:32:28Z</time>
    </trkpt>
    <trkpt lat="17.219423631" lon="101.180377281">
      <ele>708.872</ele>
      <time>2026-01-18T04:45:29Z</time>
    </trkpt>
    <trkpt lat="17.141702855" lon="101.172220465">
      <ele>545.099</ele>
      <time>2026-01-18T04:59:24Z</time>
    </trkpt>
    <trkpt lat="17.062488757" lon="101.169892307">
      <ele>340.898</ele>
      <time>2026-01-18T05:13:35Z</time>
    </trkpt>
    <trkpt lat="16.981646349" lon="101.203236859">
      <ele>184.621</ele>
      <time>2026-01-18T05:27:03Z</time>
    </trkpt>
    <trkpt lat="16.98120479" lon="101.203411885">
      <ele>182.622</ele>
      <time>2026-01-18T05:27:05Z</time>
    </trkpt>
    <trkpt lat="16.980844323" lon="101.203563669">
      <ele>181.21</ele>
      <time>2026-01-18T05:27:07Z</time>
    </trkpt>
    <trkpt lat="16.980485787" lon="101.203707983">
      <ele>182.164</ele>
      <time>2026-01-18T05:27:10Z</time>
    </trkpt>
    <trkpt lat="16.98017063" lon="101.203847779">
      <ele>181.819</ele>
      <time>2026-01-18T05:27:12Z</time>
    </trkpt>
    <trkpt lat="16.979860532" lon="101.203984149">
      <ele>180.656</ele>
      <time>2026-01-18T05:27:14Z</time>
    </trkpt>
    <trkpt lat="16.979555347" lon="101.2041168">
      <ele>179.96</ele>
      <time>2026-01-18T05:27:16Z</time>
    </trkpt>
    <trkpt lat="16.979260166" lon="101.204246926">
      <ele>180.192</ele>
      <time>2026-01-18T05:27:18Z</time>
    </trkpt>
    <trkpt lat="16.978967948" lon="101.204381012">
      <ele>180.772</ele>
      <time>2026-01-18T05:27:20Z</time>
    </trkpt>
    <trkpt lat="16.978673727" lon="101.204513088">
      <ele>181.0</ele>
      <time>2026-01-18T05:27:22Z</time>
    </trkpt>
    <trkpt lat="16.97837722" lon="101.20464256">
      <ele>181.0</ele>
      <time>2026-01-18T05:27:24Z</time>
    </trkpt>
    <trkpt lat="16.978084224" lon="101.204770486">
      <ele>180.826</ele>
      <time>2026-01-18T05:27:26Z</time>
    </trkpt>
    <trkpt lat="16.977793032" lon="101.204899999">
      <ele>181.305</ele>
      <time>2026-01-18T05:27:28Z</time>
    </trkpt>
    <trkpt lat="16.977361809" lon="101.205091419">
      <ele>182.666</ele>
      <time>2026-01-18T05:27:31Z</time>
    </trkpt>
    <trkpt lat="16.976940924" lon="101.20528091">
      <ele>182.987</ele>
      <time>2026-01-18T05:27:34Z</time>
    </trkpt>
    <trkpt lat="16.976521312" lon="101.205473071">
      <ele>183.226</ele>
      <time>2026-01-18T05:27:37Z</time>
    </trkpt>
    <trkpt lat="16.976126579" lon="101.205646644">
      <ele>184.981</ele>
      <time>2026-01-18T05:27:40Z</time>
    </trkpt>
    <trkpt lat="16.975741017" lon="101.205820012">
      <ele>183.367</ele>
      <time>2026-01-18T05:27:43Z</time>
    </trkpt>
    <trkpt lat="16.85519594" lon="101.247411013">
      <ele>157.0</ele>
      <time>2026-01-18T05:42:57Z</time>
    </trkpt>
    <trkpt lat="16.798364181" lon="101.217399978">
      <ele>145.071</ele>
      <time>2026-01-18T05:56:26Z</time>
    </trkpt>
    <trkpt lat="16.767321394" lon="101.181272738">
      <ele>172.313</ele>
      <time>2026-01-18T06:11:27Z</time>
    </trkpt>
    <trkpt lat="16.767546614" lon="101.181014528">
      <ele>171.652</ele>
      <time>2026-01-18T06:11:29Z</time>
    </trkpt>
    <trkpt lat="16.767692104" lon="101.180638907">
      <ele>171.7</ele>
      <time>2026-01-18T06:11:32Z</time>
    </trkpt>
    <trkpt lat="16.767875373" lon="101.180224176">
      <ele>172.317</ele>
      <time>2026-01-18T06:11:35Z</time>
    </trkpt>
    <trkpt lat="16.768018936" lon="101.179816732">
      <ele>169.757</ele>
      <time>2026-01-18T06:11:38Z</time>
    </trkpt>
    <trkpt lat="16.768155839" lon="101.179418967">
      <ele>168.05</ele>
      <time>2026-01-18T06:11:41Z</time>
    </trkpt>
    <trkpt lat="16.768268732" lon="101.179032996">
      <ele>168.054</ele>
      <time>2026-01-18T06:11:44Z</time>
    </trkpt>
    <trkpt lat="16.750605223" lon="101.164922929">
      <ele>169.0</ele>
      <time>2026-01-18T06:24:33Z</time>
    </trkpt>
    <trkpt lat="16.772273951" lon="101.133170435">
      <ele>268.002</ele>
      <time>2026-01-18T07:34:21Z</time>
    </trkpt>
    <trkpt lat="16.770134135" lon="101.055782251">
      <ele>740.728</ele>
      <time>2026-01-18T07:47:23Z</time>
    </trkpt>
    <trkpt lat="16.769910213" lon="101.055544624">
      <ele>740.755</ele>
      <time>2026-01-18T07:47:30Z</time>
    </trkpt>
    <trkpt lat="16.770238006" lon="101.055644808">
      <ele>742.346</ele>
      <time>2026-01-18T07:47:43Z</time>
    </trkpt>
    <trkpt lat="16.792717287" lon="101.046531815">
      <ele>828.896</ele>
      <time>2026-01-18T08:00:31Z</time>
    </trkpt>
    <trkpt lat="16.792520855" lon="101.046960928">
      <ele>820.465</ele>
      <time>2026-01-18T08:29:18Z</time>
    </trkpt>
    <trkpt lat="16.790348615" lon="101.050525184">
      <ele>800.757</ele>
      <time>2026-01-18T09:26:56Z</time>
    </trkpt>
    <trkpt lat="16.79268179" lon="101.046869438">
      <ele>821.113</ele>
      <time>2026-01-18T11:42:56Z</time>
    </trkpt>
    <trkpt lat="16.785546024" lon="101.04825723">
      <ele>748.37</ele>
      <time>2026-01-19T03:44:24Z</time>
    </trkpt>
    <trkpt lat="16.76905902" lon="101.031494611">
      <ele>730.478</ele>
      <time>2026-01-19T03:51:12Z</time>
    </trkpt>
    <trkpt lat="16.836756127" lon="100.888717755">
      <ele>560.114</ele>
      <time>2026-01-19T04:10:26Z</time>
    </trkpt>
    <trkpt lat="16.860085286" lon="100.867600472">
      <ele>541.029</ele>
      <time>2026-01-19T04:15:45Z</time>
    </trkpt>
    <trkpt lat="16.857094753" lon="100.735778513">
      <ele>218.656</ele>
      <time>2026-01-19T04:31:10Z</time>
    </trkpt>
    <trkpt lat="16.857094594" lon="100.735426553">
      <ele>220.137</ele>
      <time>2026-01-19T04:31:12Z</time>
    </trkpt>
    <trkpt lat="16.857138856" lon="100.735087741">
      <ele>221.284</ele>
      <time>2026-01-19T04:31:14Z</time>
    </trkpt>
    <trkpt lat="16.85717221" lon="100.734664278">
      <ele>222.56</ele>
      <time>2026-01-19T04:31:16Z</time>
    </trkpt>
    <trkpt lat="16.857245518" lon="100.734313561">
      <ele>225.414</ele>
      <time>2026-01-19T04:31:18Z</time>
    </trkpt>
    <trkpt lat="16.857324098" lon="100.733962184">
      <ele>227.736</ele>
      <time>2026-01-19T04:31:20Z</time>
    </trkpt>
    <trkpt lat="16.85740168" lon="100.733613111">
      <ele>228.993</ele>
      <time>2026-01-19T04:31:22Z</time>
    </trkpt>
    <trkpt lat="16.857485294" lon="100.733260767">
      <ele>228.806</ele>
      <time>2026-01-19T04:31:24Z</time>
    </trkpt>
    <trkpt lat="16.857575249" lon="100.732914976">
      <ele>227.357</ele>
      <time>2026-01-19T04:31:26Z</time>
    </trkpt>
    <trkpt lat="16.857656209" lon="100.732584825">
      <ele>225.048</ele>
      <time>2026-01-19T04:31:28Z</time>
    </trkpt>
    <trkpt lat="16.857737378" lon="100.732259123">
      <ele>223.893</ele>
      <time>2026-01-19T04:31:30Z</time>
    </trkpt>
    <trkpt lat="16.857811973" lon="100.731926892">
      <ele>224.257</ele>
      <time>2026-01-19T04:31:32Z</time>
    </trkpt>
    <trkpt lat="16.857896969" lon="100.731574187">
      <ele>227.381</ele>
      <time>2026-01-19T04:31:34Z</time>
    </trkpt>
    <trkpt lat="16.857987" lon="100.731214276">
      <ele>227.496</ele>
      <time>2026-01-19T04:31:36Z</time>
    </trkpt>
    <trkpt lat="16.858087657" lon="100.730846184">
      <ele>225.203</ele>
      <time>2026-01-19T04:31:38Z</time>
    </trkpt>
    <trkpt lat="16.858199571" lon="100.730482733">
      <ele>225.808</ele>
      <time>2026-01-19T04:31:40Z</time>
    </trkpt>
    <trkpt lat="16.858299224" lon="100.730118189">
      <ele>226.877</ele>
      <time>2026-01-19T04:31:42Z</time>
    </trkpt>
    <trkpt lat="16.858413316" lon="100.72976341">
      <ele>226.148</ele>
      <time>2026-01-19T04:31:44Z</time>
    </trkpt>
    <trkpt lat="16.858538446" lon="100.729416859">
      <ele>225.665</ele>
      <time>2026-01-19T04:31:46Z</time>
    </trkpt>
    <trkpt lat="16.858664396" lon="100.729073545">
      <ele>224.345</ele>
      <time>2026-01-19T04:31:48Z</time>
    </trkpt>
    <trkpt lat="16.858796946" lon="100.728742231">
      <ele>222.45</ele>
      <time>2026-01-19T04:31:50Z</time>
    </trkpt>
    <trkpt lat="16.85556551" lon="100.621011173">
      <ele>93.014</ele>
      <time>2026-01-19T04:47:12Z</time>
    </trkpt>
    <trkpt lat="16.863346676" lon="100.48329249">
      <ele>54.424</ele>
      <time>2026-01-19T05:02:12Z</time>
    </trkpt>
    <trkpt lat="16.863104544" lon="100.482811774">
      <ele>56.932</ele>
      <time>2026-01-19T05:02:14Z</time>
    </trkpt>
    <trkpt lat="16.862728164" lon="100.482425714">
      <ele>60.576</ele>
      <time>2026-01-19T05:02:17Z</time>
    </trkpt>
    <trkpt lat="16.862490243" lon="100.48217579">
      <ele>61.49</ele>
      <time>2026-01-19T05:02:19Z</time>
    </trkpt>
    <trkpt lat="16.862253561" lon="100.48192759">
      <ele>62.333</ele>
      <time>2026-01-19T05:02:21Z</time>
    </trkpt>
    <trkpt lat="16.862012576" lon="100.481680138">
      <ele>60.957</ele>
      <time>2026-01-19T05:02:23Z</time>
    </trkpt>
    <trkpt lat="16.861762877" lon="100.481427592">
      <ele>59.198</ele>
      <time>2026-01-19T05:02:25Z</time>
    </trkpt>
    <trkpt lat="16.861512905" lon="100.481191263">
      <ele>59.663</ele>
      <time>2026-01-19T05:02:27Z</time>
    </trkpt>
    <trkpt lat="16.861273342" lon="100.480955095">
      <ele>59.714</ele>
      <time>2026-01-19T05:02:29Z</time>
    </trkpt>
    <trkpt lat="16.861026924" lon="100.480725145">
      <ele>57.394</ele>
      <time>2026-01-19T05:02:31Z</time>
    </trkpt>
    <trkpt lat="16.860747717" lon="100.480537009">
      <ele>55.933</ele>
      <time>2026-01-19T05:02:33Z</time>
    </trkpt>
    <trkpt lat="16.747297479" lon="100.432016151">
      <ele>47.598</ele>
      <time>2026-01-19T05:17:45Z</time>
    </trkpt>
    <trkpt lat="16.692652665" lon="100.549503862">
      <ele>49.354</ele>
      <time>2026-01-19T05:32:45Z</time>
    </trkpt>
    <trkpt lat="16.692788585" lon="100.549837323">
      <ele>49.437</ele>
      <time>2026-01-19T05:32:47Z</time>
    </trkpt>
    <trkpt lat="16.692898472" lon="100.550170425">
      <ele>50.614</ele>
      <time>2026-01-19T05:32:49Z</time>
    </trkpt>
    <trkpt lat="16.693049157" lon="100.55054183">
      <ele>51.951</ele>
      <time>2026-01-19T05:32:51Z</time>
    </trkpt>
    <trkpt lat="16.693158924" lon="100.550872329">
      <ele>51.771</ele>
      <time>2026-01-19T05:32:53Z</time>
    </trkpt>
    <trkpt lat="16.693262275" lon="100.551202828">
      <ele>50.168</ele>
      <time>2026-01-19T05:32:55Z</time>
    </trkpt>
    <trkpt lat="16.693370164" lon="100.55153227">
      <ele>48.548</ele>
      <time>2026-01-19T05:32:57Z</time>
    </trkpt>
    <trkpt lat="16.693477201" lon="100.551863186">
      <ele>48.341</ele>
      <time>2026-01-19T05:32:59Z</time>
    </trkpt>
    <trkpt lat="16.693588287" lon="100.552195154">
      <ele>50.716</ele>
      <time>2026-01-19T05:33:01Z</time>
    </trkpt>
    <trkpt lat="16.69368751" lon="100.552530514">
      <ele>54.41</ele>
      <time>2026-01-19T05:33:03Z</time>
    </trkpt>
    <trkpt lat="16.693797762" lon="100.55285902">
      <ele>53.082</ele>
      <time>2026-01-19T05:33:05Z</time>
    </trkpt>
    <trkpt lat="16.674132009" lon="100.614085043">
      <ele>57.47</ele>
      <time>2026-01-19T05:48:16Z</time>
    </trkpt>
    <trkpt lat="16.598057712" lon="100.623856814">
      <ele>65.131</ele>
      <time>2026-01-19T06:16:46Z</time>
    </trkpt>
    <trkpt lat="16.597737958" lon="100.623977112">
      <ele>65.318</ele>
      <time>2026-01-19T06:16:48Z</time>
    </trkpt>
    <trkpt lat="16.565928675" lon="100.69238921">
      <ele>89.206</ele>
      <time>2026-01-19T07:49:12Z</time>
    </trkpt>
    <trkpt lat="16.569884155" lon="100.690853842">
      <ele>73.866</ele>
      <time>2026-01-19T14:01:45Z</time>
    </trkpt>
    <trkpt lat="16.569814612" lon="100.691428464">
      <ele>73.426</ele>
      <time>2026-01-19T14:28:25Z</time>
    </trkpt>
    <trkpt lat="16.569402314" lon="100.689021302">
      <ele>68.523</ele>
      <time>2026-01-20T13:20:39Z</time>
    </trkpt>
    <trkpt lat="16.570511033" lon="100.690721203">
      <ele>74.045</ele>
      <time>2026-01-22T03:09:50Z</time>
    </trkpt>
    <trkpt lat="16.570222117" lon="100.690585488">
      <ele>73.209</ele>
      <time>2026-01-22T03:10:04Z</time>
    </trkpt>
    <trkpt lat="16.562592737" lon="100.692232951">
      <ele>75.334</ele>
      <time>2026-01-22T03:14:37Z</time>
    </trkpt>
    <trkpt lat="16.576213399" lon="100.63177295">
      <ele>62.986</ele>
      <time>2026-01-22T03:24:42Z</time>
    </trkpt>
    <trkpt lat="16.638562311" lon="100.617335625">
      <ele>62.255</ele>
      <time>2026-01-22T03:31:43Z</time>
    </trkpt>
    <trkpt lat="16.67856899" lon="100.608968179">
      <ele>58.957</ele>
      <time>2026-01-22T03:36:40Z</time>
    </trkpt>
    <trkpt lat="16.704556723" lon="100.571463145">
      <ele>57.22</ele>
      <time>2026-01-22T03:42:43Z</time>
    </trkpt>
    <trkpt lat="16.696467726" lon="100.519093182">
      <ele>54.981</ele>
      <time>2026-01-22T03:49:12Z</time>
    </trkpt>
    <trkpt lat="16.714678584" lon="100.469376175">
      <ele>57.364</ele>
      <time>2026-01-22T03:54:53Z</time>
    </trkpt>
    <trkpt lat="16.735053817" lon="100.431792894">
      <ele>44.827</ele>
      <time>2026-01-22T04:00:28Z</time>
    </trkpt>
    <trkpt lat="16.77400121" lon="100.433208933">
      <ele>56.148</ele>
      <time>2026-01-22T04:06:02Z</time>
    </trkpt>
    <trkpt lat="16.817953631" lon="100.435946139">
      <ele>48.821</ele>
      <time>2026-01-22T04:10:59Z</time>
    </trkpt>
    <trkpt lat="16.838925378" lon="100.392976804">
      <ele>45.848</ele>
      <time>2026-01-22T04:17:29Z</time>
    </trkpt>
    <trkpt lat="16.822208217" lon="100.350502348">
      <ele>42.808</ele>
      <time>2026-01-22T04:23:52Z</time>
    </trkpt>
    <trkpt lat="16.817431628" lon="100.298792283">
      <ele>44.914</ele>
      <time>2026-01-22T04:30:25Z</time>
    </trkpt>
    <trkpt lat="16.818621357" lon="100.271144739">
      <ele>44.883</ele>
      <time>2026-01-22T04:36:25Z</time>
    </trkpt>
    <trkpt lat="16.819065674" lon="100.270841662">
      <ele>46.323</ele>
      <time>2026-01-22T04:36:29Z</time>
    </trkpt>
    <trkpt lat="16.8193476" lon="100.270632869">
      <ele>48.276</ele>
      <time>2026-01-22T04:36:32Z</time>
    </trkpt>
    <trkpt lat="16.819617371" lon="100.270417873">
      <ele>48.691</ele>
      <time>2026-01-22T04:36:35Z</time>
    </trkpt>
    <trkpt lat="16.819848879" lon="100.270171696">
      <ele>48.456</ele>
      <time>2026-01-22T04:36:38Z</time>
    </trkpt>
    <trkpt lat="16.820119915" lon="100.269849647">
      <ele>49.506</ele>
      <time>2026-01-22T04:36:42Z</time>
    </trkpt>
    <trkpt lat="16.82028448" lon="100.269525412">
      <ele>48.976</ele>
      <time>2026-01-22T04:36:46Z</time>
    </trkpt>
    <trkpt lat="16.820389397" lon="100.269165655">
      <ele>49.0</ele>
      <time>2026-01-22T04:36:50Z</time>
    </trkpt>
    <trkpt lat="16.82042515" lon="100.268784081">
      <ele>48.245</ele>
      <time>2026-01-22T04:36:55Z</time>
    </trkpt>
    <trkpt lat="16.820421484" lon="100.268453642">
      <ele>46.726</ele>
      <time>2026-01-22T04:37:03Z</time>
    </trkpt>
    <trkpt lat="16.824867942" lon="100.265013925">
      <ele>49.522</ele>
      <time>2026-01-22T04:42:42Z</time>
    </trkpt>
    <trkpt lat="16.832395641" lon="100.265596642">
      <ele>46.852</ele>
      <time>2026-01-22T06:27:27Z</time>
    </trkpt>
    <trkpt lat="16.851538981" lon="100.259122463">
      <ele>47.387</ele>
      <time>2026-01-22T06:32:48Z</time>
    </trkpt>
    <trkpt lat="16.8512855" lon="100.258479528">
      <ele>47.196</ele>
      <time>2026-01-22T06:32:52Z</time>
    </trkpt>
    <trkpt lat="16.851095776" lon="100.25819689">
      <ele>47.491</ele>
      <time>2026-01-22T06:32:55Z</time>
    </trkpt>
    <trkpt lat="16.850973736" lon="100.257873684">
      <ele>47.669</ele>
      <time>2026-01-22T06:32:58Z</time>
    </trkpt>
    <trkpt lat="16.850872901" lon="100.257498259">
      <ele>46.0</ele>
      <time>2026-01-22T06:33:02Z</time>
    </trkpt>
    <trkpt lat="16.850785075" lon="100.257128052">
      <ele>46.221</ele>
      <time>2026-01-22T06:33:06Z</time>
    </trkpt>
    <trkpt lat="16.850685842" lon="100.256742616">
      <ele>46.71</ele>
      <time>2026-01-22T06:33:10Z</time>
    </trkpt>
    <trkpt lat="16.865199502" lon="100.225592125">
      <ele>41.037</ele>
      <time>2026-01-22T06:39:33Z</time>
    </trkpt>
    <trkpt lat="16.865087352" lon="100.225214018">
      <ele>41.23</ele>
      <time>2026-01-22T06:39:35Z</time>
    </trkpt>
    <trkpt lat="16.86508534" lon="100.224791821">
      <ele>42.749</ele>
      <time>2026-01-22T06:39:37Z</time>
    </trkpt>
    <trkpt lat="16.865094057" lon="100.224378677">
      <ele>43.258</ele>
      <time>2026-01-22T06:39:38Z</time>
    </trkpt>
    <trkpt lat="16.865101224" lon="100.223973328">
      <ele>41.608</ele>
      <time>2026-01-22T06:39:40Z</time>
    </trkpt>
    <trkpt lat="16.86511979" lon="100.223573092">
      <ele>41.706</ele>
      <time>2026-01-22T06:39:42Z</time>
    </trkpt>
    <trkpt lat="16.865143074" lon="100.223175252">
      <ele>41.623</ele>
      <time>2026-01-22T06:39:44Z</time>
    </trkpt>
    <trkpt lat="16.865145541" lon="100.222794078">
      <ele>40.997</ele>
      <time>2026-01-22T06:39:46Z</time>
    </trkpt>
    <trkpt lat="16.865155156" lon="100.222416332">
      <ele>40.566</ele>
      <time>2026-01-22T06:39:48Z</time>
    </trkpt>
    <trkpt lat="16.86515667" lon="100.2220444">
      <ele>39.843</ele>
      <time>2026-01-22T06:39:50Z</time>
    </trkpt>
    <trkpt lat="16.865154174" lon="100.221677785">
      <ele>40.427</ele>
      <time>2026-01-22T06:39:52Z</time>
    </trkpt>
    <trkpt lat="16.865140445" lon="100.221310624">
      <ele>40.0</ele>
      <time>2026-01-22T06:39:54Z</time>
    </trkpt>
    <trkpt lat="16.865122467" lon="100.220948977">
      <ele>40.0</ele>
      <time>2026-01-22T06:39:56Z</time>
    </trkpt>
    <trkpt lat="16.865100143" lon="100.220606607">
      <ele>39.772</ele>
      <time>2026-01-22T06:39:58Z</time>
    </trkpt>
    <trkpt lat="16.865051957" lon="100.220263076">
      <ele>40.47</ele>
      <time>2026-01-22T06:40:00Z</time>
    </trkpt>
    <trkpt lat="16.864981945" lon="100.219918963">
      <ele>42.311</ele>
      <time>2026-01-22T06:40:02Z</time>
    </trkpt>
    <trkpt lat="16.86491536" lon="100.219561522">
      <ele>42.324</ele>
      <time>2026-01-22T06:40:04Z</time>
    </trkpt>
    <trkpt lat="16.864827347" lon="100.219224244">
      <ele>40.658</ele>
      <time>2026-01-22T06:40:06Z</time>
    </trkpt>
    <trkpt lat="16.864722513" lon="100.218875124">
      <ele>40.0</ele>
      <time>2026-01-22T06:40:08Z</time>
    </trkpt>
    <trkpt lat="16.864615764" lon="100.218520243">
      <ele>40.787</ele>
      <time>2026-01-22T06:40:10Z</time>
    </trkpt>
    <trkpt lat="16.864498012" lon="100.218193159">
      <ele>41.29</ele>
      <time>2026-01-22T06:40:12Z</time>
    </trkpt>
    <trkpt lat="16.864372954" lon="100.217886054">
      <ele>41.353</ele>
      <time>2026-01-22T06:40:14Z</time>
    </trkpt>
    <trkpt lat="16.900560614" lon="100.193399834">
      <ele>47.254</ele>
      <time>2026-01-22T06:53:18Z</time>
    </trkpt>
    <trkpt lat="16.902487713" lon="100.19239066">
      <ele>43.58</ele>
      <time>2026-01-22T06:53:35Z</time>
    </trkpt>
    <trkpt lat="16.904090233" lon="100.191498064">
      <ele>42.275</ele>
      <time>2026-01-22T06:53:41Z</time>
    </trkpt>
    <trkpt lat="16.904426934" lon="100.191335119">
      <ele>42.181</ele>
      <time>2026-01-22T06:53:43Z</time>
    </trkpt>
    <trkpt lat="16.904709572" lon="100.19112641">
      <ele>42.84</ele>
      <time>2026-01-22T06:53:45Z</time>
    </trkpt>
    <trkpt lat="16.905050338" lon="100.190941086">
      <ele>43.431</ele>
      <time>2026-01-22T06:53:46Z</time>
    </trkpt>
    <trkpt lat="16.90537388" lon="100.19076406">
      <ele>42.837</ele>
      <time>2026-01-22T06:53:48Z</time>
    </trkpt>
    <trkpt lat="16.905698385" lon="100.19058913">
      <ele>43.452</ele>
      <time>2026-01-22T06:53:50Z</time>
    </trkpt>
    <trkpt lat="16.906021088" lon="100.190410847">
      <ele>44.507</ele>
      <time>2026-01-22T06:53:52Z</time>
    </trkpt>
    <trkpt lat="16.906342845" lon="100.190231708">
      <ele>46.503</ele>
      <time>2026-01-22T06:53:54Z</time>
    </trkpt>
    <trkpt lat="16.90666472" lon="100.190052292">
      <ele>47.181</ele>
      <time>2026-01-22T06:53:56Z</time>
    </trkpt>
    <trkpt lat="16.906986735" lon="100.189874994">
      <ele>45.405</ele>
      <time>2026-01-22T06:53:58Z</time>
    </trkpt>
    <trkpt lat="16.90730732" lon="100.189700303">
      <ele>46.4</ele>
      <time>2026-01-22T06:54:00Z</time>
    </trkpt>
    <trkpt lat="16.90761504" lon="100.189527626">
      <ele>47.593</ele>
      <time>2026-01-22T06:54:02Z</time>
    </trkpt>
    <trkpt lat="16.907919994" lon="100.189363571">
      <ele>49.733</ele>
      <time>2026-01-22T06:54:04Z</time>
    </trkpt>
    <trkpt lat="16.908221787" lon="100.189196147">
      <ele>49.444</ele>
      <time>2026-01-22T06:54:06Z</time>
    </trkpt>
    <trkpt lat="16.908522027" lon="100.189030164">
      <ele>48.988</ele>
      <time>2026-01-22T06:54:08Z</time>
    </trkpt>
    <trkpt lat="16.908821273" lon="100.188862929">
      <ele>50.0</ele>
      <time>2026-01-22T06:54:10Z</time>
    </trkpt>
    <trkpt lat="16.909122294" lon="100.18869851">
      <ele>48.895</ele>
      <time>2026-01-22T06:54:12Z</time>
    </trkpt>
    <trkpt lat="16.9094272" lon="100.18853101">
      <ele>48.333</ele>
      <time>2026-01-22T06:54:14Z</time>
    </trkpt>
    <trkpt lat="16.909727499" lon="100.188366596">
      <ele>49.916</ele>
      <time>2026-01-22T06:54:16Z</time>
    </trkpt>
    <trkpt lat="16.910030261" lon="100.188198913">
      <ele>52.431</ele>
      <time>2026-01-22T06:54:18Z</time>
    </trkpt>
    <trkpt lat="16.964976839" lon="100.068049226">
      <ele>45.917</ele>
      <time>2026-01-22T07:06:25Z</time>
    </trkpt>
    <trkpt lat="16.965086851" lon="100.067621917">
      <ele>47.049</ele>
      <time>2026-01-22T07:06:27Z</time>
    </trkpt>
    <trkpt lat="16.965104747" lon="100.067221681">
      <ele>48.753</ele>
      <time>2026-01-22T07:06:29Z</time>
    </trkpt>
    <trkpt lat="16.965170461" lon="100.066834353">
      <ele>48.217</ele>
      <time>2026-01-22T07:06:30Z</time>
    </trkpt>
    <trkpt lat="16.965213879" lon="100.066457">
      <ele>47.189</ele>
      <time>2026-01-22T07:06:32Z</time>
    </trkpt>
    <trkpt lat="16.965261656" lon="100.066069672">
      <ele>47.719</ele>
      <time>2026-01-22T07:06:34Z</time>
    </trkpt>
    <trkpt lat="16.965313539" lon="100.065676725">
      <ele>45.453</ele>
      <time>2026-01-22T07:06:36Z</time>
    </trkpt>
    <trkpt lat="16.965362495" lon="100.065279578">
      <ele>46.299</ele>
      <time>2026-01-22T07:06:38Z</time>
    </trkpt>
    <trkpt lat="16.965413253" lon="100.064882818">
      <ele>46.91</ele>
      <time>2026-01-22T07:06:40Z</time>
    </trkpt>
    <trkpt lat="16.965461155" lon="100.064485193">
      <ele>49.93</ele>
      <time>2026-01-22T07:06:42Z</time>
    </trkpt>
    <trkpt lat="16.965508617" lon="100.064108187">
      <ele>50.585</ele>
      <time>2026-01-22T07:06:44Z</time>
    </trkpt>
    <trkpt lat="16.969340919" lon="99.953562403">
      <ele>49.693</ele>
      <time>2026-01-22T07:21:04Z</time>
    </trkpt>
    <trkpt lat="16.971095139" lon="99.952390134">
      <ele>47.408</ele>
      <time>2026-01-22T07:21:23Z</time>
    </trkpt>
    <trkpt lat="16.972436816" lon="99.951548232">
      <ele>47.102</ele>
      <time>2026-01-22T07:21:26Z</time>
    </trkpt>
    <trkpt lat="16.972822216" lon="99.9512609">
      <ele>46.453</ele>
      <time>2026-01-22T07:21:28Z</time>
    </trkpt>
    <trkpt lat="16.973217465" lon="99.951102315">
      <ele>45.955</ele>
      <time>2026-01-22T07:21:30Z</time>
    </trkpt>
    <trkpt lat="16.973555046" lon="99.950879775">
      <ele>45.167</ele>
      <time>2026-01-22T07:21:32Z</time>
    </trkpt>
    <trkpt lat="16.973914504" lon="99.950704426">
      <ele>44.579</ele>
      <time>2026-01-22T07:21:34Z</time>
    </trkpt>
    <trkpt lat="16.974254726" lon="99.950497225">
      <ele>45.0</ele>
      <time>2026-01-22T07:21:36Z</time>
    </trkpt>
    <trkpt lat="16.974589792" lon="99.950296981">
      <ele>45.487</ele>
      <time>2026-01-22T07:21:38Z</time>
    </trkpt>
    <trkpt lat="16.974921552" lon="99.950102289">
      <ele>46.086</ele>
      <time>2026-01-22T07:21:40Z</time>
    </trkpt>
    <trkpt lat="16.97524515" lon="99.949899524">
      <ele>46.521</ele>
      <time>2026-01-22T07:21:42Z</time>
    </trkpt>
    <trkpt lat="16.975562343" lon="99.949695043">
      <ele>46.831</ele>
      <time>2026-01-22T07:21:44Z</time>
    </trkpt>
    <trkpt lat="16.975872563" lon="99.949478893">
      <ele>47.124</ele>
      <time>2026-01-22T07:21:46Z</time>
    </trkpt>
    <trkpt lat="17.066496899" lon="99.866152816">
      <ele>48.058</ele>
      <time>2026-01-22T07:34:16Z</time>
    </trkpt>
    <trkpt lat="17.066961342" lon="99.863836938">
      <ele>49.752</ele>
      <time>2026-01-22T07:34:37Z</time>
    </trkpt>
    <trkpt lat="17.067537848" lon="99.862506101">
      <ele>45.196</ele>
      <time>2026-01-22T07:34:38Z</time>
    </trkpt>
    <trkpt lat="17.067563958" lon="99.861945855">
      <ele>46.221</ele>
      <time>2026-01-22T07:34:40Z</time>
    </trkpt>
    <trkpt lat="17.0677655" lon="99.861619799">
      <ele>47.846</ele>
      <time>2026-01-22T07:34:42Z</time>
    </trkpt>
    <trkpt lat="17.067826185" lon="99.861264322">
      <ele>46.377</ele>
      <time>2026-01-22T07:34:43Z</time>
    </trkpt>
    <trkpt lat="17.428845568" lon="99.809450079">
      <ele>63.705</ele>
      <time>2026-01-22T08:40:31Z</time>
    </trkpt>
    <trkpt lat="17.430665728" lon="99.809547699">
      <ele>64.908</ele>
      <time>2026-01-22T10:52:21Z</time>
    </trkpt>
    <trkpt lat="17.428855333" lon="99.809574634">
      <ele>64.17</ele>
      <time>2026-01-22T10:52:33Z</time>
    </trkpt>
    <trkpt lat="17.430795111" lon="99.810759008">
      <ele>63.521</ele>
      <time>2026-01-22T14:06:45Z</time>
    </trkpt>
    <trkpt lat="17.430232804" lon="99.802022974">
      <ele>71.162</ele>
      <time>2026-01-23T00:40:30Z</time>
    </trkpt>
    <trkpt lat="17.425049571" lon="99.789219182">
      <ele>70.777</ele>
      <time>2026-01-23T00:45:53Z</time>
    </trkpt>
    <trkpt lat="17.419633018" lon="99.787415899">
      <ele>84.527</ele>
      <time>2026-01-23T09:24:47Z</time>
    </trkpt>
    <trkpt lat="17.429083446" lon="99.780161446">
      <ele>76.881</ele>
      <time>2026-01-23T09:33:48Z</time>
    </trkpt>
    <trkpt lat="17.427763975" lon="99.77791667">
      <ele>77.5</ele>
      <time>2026-01-24T02:24:43Z</time>
    </trkpt>
    <trkpt lat="17.41913414" lon="99.789154053">
      <ele>77.091</ele>
      <time>2026-01-24T02:29:14Z</time>
    </trkpt>
    <trkpt lat="17.43290463" lon="99.801545106">
      <ele>73.2</ele>
      <time>2026-01-24T02:34:23Z</time>
    </trkpt>
    <trkpt lat="17.478099475" lon="99.76420817">
      <ele>70.126</ele>
      <time>2026-01-24T02:40:25Z</time>
    </trkpt>
    <trkpt lat="17.516693822" lon="99.762585182">
      <ele>79.209</ele>
      <time>2026-01-24T02:45:38Z</time>
    </trkpt>
    <trkpt lat="17.551515391" lon="99.77196889">
      <ele>82.216</ele>
      <time>2026-01-24T02:51:33Z</time>
    </trkpt>
    <trkpt lat="17.583880518" lon="99.731678171">
      <ele>77.96</ele>
      <time>2026-01-24T02:56:48Z</time>
    </trkpt>
    <trkpt lat="17.686757818" lon="99.756616177">
      <ele>158.696</ele>
      <time>2026-01-24T03:12:29Z</time>
    </trkpt>
    <trkpt lat="17.735775878" lon="99.774397188">
      <ele>204.524</ele>
      <time>2026-01-24T03:27:35Z</time>
    </trkpt>
    <trkpt lat="17.754689916" lon="99.79803971">
      <ele>140.456</ele>
      <time>2026-01-24T04:13:01Z</time>
    </trkpt>
    <trkpt lat="17.856647302" lon="99.874156946">
      <ele>464.928</ele>
      <time>2026-01-24T04:28:29Z</time>
    </trkpt>
    <trkpt lat="17.947044997" lon="99.958865466">
      <ele>201.33</ele>
      <time>2026-01-24T04:43:27Z</time>
    </trkpt>
    <trkpt lat="17.973887203" lon="100.079200007">
      <ele>170.762</ele>
      <time>2026-01-24T04:58:27Z</time>
    </trkpt>
    <trkpt lat="18.103847355" lon="100.134485448">
      <ele>157.572</ele>
      <time>2026-01-24T05:13:27Z</time>
    </trkpt>
    <trkpt lat="18.186485712" lon="100.185491592">
      <ele>167.77</ele>
      <time>2026-01-24T05:28:27Z</time>
    </trkpt>
    <trkpt lat="18.302809137" lon="100.286970011">
      <ele>196.082</ele>
      <time>2026-01-24T06:16:22Z</time>
    </trkpt>
    <trkpt lat="18.402958956" lon="100.185497775">
      <ele>184.932</ele>
      <time>2026-01-24T06:31:27Z</time>
    </trkpt>
    <trkpt lat="18.48944562" lon="100.134790382">
      <ele>213.996</ele>
      <time>2026-01-24T06:46:27Z</time>
    </trkpt>
    <trkpt lat="18.569957488" lon="100.089937393">
      <ele>418.899</ele>
      <time>2026-01-24T07:34:43Z</time>
    </trkpt>
    <trkpt lat="18.647009181" lon="100.01771749">
      <ele>275.852</ele>
      <time>2026-01-24T07:49:45Z</time>
    </trkpt>
    <trkpt lat="18.717732662" lon="99.963276275">
      <ele>282.135</ele>
      <time>2026-01-24T07:59:47Z</time>
    </trkpt>
    <trkpt lat="18.680835483" lon="99.934893809">
      <ele>290.62</ele>
      <time>2026-01-24T08:04:45Z</time>
    </trkpt>
    <trkpt lat="18.556153122" lon="99.855357511">
      <ele>447.79</ele>
      <time>2026-01-24T08:21:54Z</time>
    </trkpt>
    <trkpt lat="18.451321456" lon="99.787890567">
      <ele>402.503</ele>
      <time>2026-01-24T08:36:56Z</time>
    </trkpt>
    <trkpt lat="18.432334475" lon="99.753667843">
      <ele>371.8</ele>
      <time>2026-01-24T08:51:56Z</time>
    </trkpt>
    <trkpt lat="18.438955861" lon="99.758036111">
      <ele>383.664</ele>
      <time>2026-01-24T08:59:46Z</time>
    </trkpt>
    <trkpt lat="18.441328962" lon="99.760109648">
      <ele>378.824</ele>
      <time>2026-01-24T09:24:26Z</time>
    </trkpt>
    <trkpt lat="18.441643878" lon="99.76003615">
      <ele>380.597</ele>
      <time>2026-01-27T01:54:53Z</time>
    </trkpt>
    <trkpt lat="18.431199063" lon="99.753330052">
      <ele>365.309</ele>
      <time>2026-01-27T03:00:41Z</time>
    </trkpt>
    <trkpt lat="18.506607525" lon="99.814491375">
      <ele>543.596</ele>
      <time>2026-01-27T03:15:24Z</time>
    </trkpt>
    <trkpt lat="18.546797299" lon="99.843995231">
      <ele>459.565</ele>
      <time>2026-01-27T03:20:23Z</time>
    </trkpt>
    <trkpt lat="18.579465793" lon="99.888262767">
      <ele>357.036</ele>
      <time>2026-01-27T03:25:51Z</time>
    </trkpt>
    <trkpt lat="18.666882045" lon="99.925660724">
      <ele>297.018</ele>
      <time>2026-01-27T03:35:13Z</time>
    </trkpt>
    <trkpt lat="18.723333115" lon="99.966782006">
      <ele>283.584</ele>
      <time>2026-01-27T03:42:10Z</time>
    </trkpt>
    <trkpt lat="18.767302483" lon="99.972407268">
      <ele>278.095</ele>
      <time>2026-01-27T03:47:57Z</time>
    </trkpt>
    <trkpt lat="18.95386043" lon="99.922464453">
      <ele>434.705</ele>
      <time>2026-01-27T04:05:26Z</time>
    </trkpt>
    <trkpt lat="19.06568185" lon="99.928533286">
      <ele>417.56</ele>
      <time>2026-01-27T04:20:46Z</time>
    </trkpt>
    <trkpt lat="19.063985394" lon="99.929278018">
      <ele>415.653</ele>
      <time>2026-01-27T04:36:01Z</time>
    </trkpt>
    <trkpt lat="19.062267871" lon="99.929902776">
      <ele>419.836</ele>
      <time>2026-01-27T04:36:07Z</time>
    </trkpt>
    <trkpt lat="19.081111006" lon="99.923129222">
      <ele>417.469</ele>
      <time>2026-01-27T04:46:10Z</time>
    </trkpt>
    <trkpt lat="19.133328376" lon="99.910367858">
      <ele>396.982</ele>
      <time>2026-01-27T05:17:08Z</time>
    </trkpt>
    <trkpt lat="19.17630625" lon="99.902299941">
      <ele>400.595</ele>
      <time>2026-01-27T05:28:21Z</time>
    </trkpt>
    <trkpt lat="19.245331306" lon="99.8591349">
      <ele>396.807</ele>
      <time>2026-01-27T05:43:42Z</time>
    </trkpt>
    <trkpt lat="19.371341444" lon="99.791036882">
      <ele>414.392</ele>
      <time>2026-01-27T05:58:46Z</time>
    </trkpt>
    <trkpt lat="19.479480316" lon="99.751437502">
      <ele>407.802</ele>
      <time>2026-01-27T06:08:42Z</time>
    </trkpt>
    <trkpt lat="19.581766818" lon="99.744936917">
      <ele>416.824</ele>
      <time>2026-01-27T06:24:03Z</time>
    </trkpt>
    <trkpt lat="19.669197737" lon="99.732645191">
      <ele>427.112</ele>
      <time>2026-01-27T06:39:07Z</time>
    </trkpt>
    <trkpt lat="19.697122928" lon="99.720587907">
      <ele>425.981</ele>
      <time>2026-01-27T07:24:50Z</time>
    </trkpt>
    <trkpt lat="19.822139349" lon="99.76362898">
      <ele>410.974</ele>
      <time>2026-01-27T07:39:49Z</time>
    </trkpt>
    <trkpt lat="19.822165919" lon="99.763519848">
      <ele>410.671</ele>
      <time>2026-01-27T07:39:50Z</time>
    </trkpt>
    <trkpt lat="19.82352295" lon="99.761267235">
      <ele>402.982</ele>
      <time>2026-01-27T08:10:18Z</time>
    </trkpt>
    <trkpt lat="19.825516289" lon="99.761888486">
      <ele>407.314</ele>
      <time>2026-01-27T10:06:44Z</time>
    </trkpt>
    <trkpt lat="19.83065223" lon="99.76390838">
      <ele>412.024</ele>
      <time>2026-01-27T16:22:22Z</time>
    </trkpt>
    <trkpt lat="19.825558117" lon="99.761899521">
      <ele>407.171</ele>
      <time>2026-01-27T16:29:00Z</time>
    </trkpt>
    <trkpt lat="19.829851062" lon="99.763611266">
      <ele>408.074</ele>
      <time>2026-01-27T16:40:27Z</time>
    </trkpt>
    <trkpt lat="19.825543848" lon="99.761893253">
      <ele>407.219</ele>
      <time>2026-01-27T16:50:18Z</time>
    </trkpt>
    <trkpt lat="19.829833482" lon="99.764124441">
      <ele>411.848</ele>
      <time>2026-01-27T17:22:18Z</time>
    </trkpt>
    <trkpt lat="19.825560736" lon="99.761858722">
      <ele>407.327</ele>
      <time>2026-01-27T17:38:49Z</time>
    </trkpt>
    <trkpt lat="19.83065223" lon="99.76390838">
      <ele>412.024</ele>
      <time>2026-01-27T20:39:55Z</time>
    </trkpt>
    <trkpt lat="19.82554201" lon="99.761930792">
      <ele>407.096</ele>
      <time>2026-01-27T20:46:27Z</time>
    </trkpt>
    <trkpt lat="19.830748058" lon="99.764477197">
      <ele>412.575</ele>
      <time>2026-01-28T13:54:34Z</time>
    </trkpt>
    <trkpt lat="19.825591885" lon="99.761912924">
      <ele>407.244</ele>
      <time>2026-01-28T14:00:11Z</time>
    </trkpt>
    <trkpt lat="19.830064937" lon="99.764154239">
      <ele>411.955</ele>
      <time>2026-01-28T16:06:48Z</time>
    </trkpt>
    <trkpt lat="19.825484948" lon="99.762055927">
      <ele>407.656</ele>
      <time>2026-01-28T16:12:48Z</time>
    </trkpt>
    <trkpt lat="19.830895395" lon="99.762732254">
      <ele>410.576</ele>
      <time>2026-01-29T01:48:01Z</time>
    </trkpt>
    <trkpt lat="19.825492877" lon="99.761944388">
      <ele>407.226</ele>
      <time>2026-01-29T01:53:51Z</time>
    </trkpt>
    <trkpt lat="19.83937162" lon="99.734170279">
      <ele>421.764</ele>
      <time>2026-01-29T09:53:16Z</time>
    </trkpt>
    <trkpt lat="19.85085248" lon="99.739516508">
      <ele>426.033</ele>
      <time>2026-01-29T10:00:29Z</time>
    </trkpt>
    <trkpt lat="19.857114746" lon="99.728476412">
      <ele>432.673</ele>
      <time>2026-01-29T10:08:51Z</time>
    </trkpt>
    <trkpt lat="19.857179392" lon="99.729764918">
      <ele>428.0</ele>
      <time>2026-01-29T10:08:55Z</time>
    </trkpt>
    <trkpt lat="19.856249169" lon="99.739010576">
      <ele>428.78</ele>
      <time>2026-01-30T04:09:41Z</time>
    </trkpt>
    <trkpt lat="19.850458697" lon="99.738635449">
      <ele>426.0</ele>
      <time>2026-01-30T04:15:35Z</time>
    </trkpt>
    <trkpt lat="19.807661413" lon="99.676514771">
      <ele>458.791</ele>
      <time>2026-01-30T04:25:43Z</time>
    </trkpt>
    <trkpt lat="19.744330519" lon="99.666053988">
      <ele>473.711</ele>
      <time>2026-01-30T04:43:32Z</time>
    </trkpt>
    <trkpt lat="19.714136189" lon="99.592379782">
      <ele>458.354</ele>
      <time>2026-01-30T04:56:29Z</time>
    </trkpt>
    <trkpt lat="19.655659958" lon="99.540261319">
      <ele>459.941</ele>
      <time>2026-01-30T05:09:21Z</time>
    </trkpt>
    <trkpt lat="19.649152206" lon="99.464189513">
      <ele>479.048</ele>
      <time>2026-01-30T05:22:13Z</time>
    </trkpt>
    <trkpt lat="19.698033747" lon="99.406474661">
      <ele>854.258</ele>
      <time>2026-01-30T05:35:06Z</time>
    </trkpt>
    <trkpt lat="19.738070956" lon="99.364432795">
      <ele>1030.129</ele>
      <time>2026-01-30T05:49:56Z</time>
    </trkpt>
    <trkpt lat="19.750477848" lon="99.362440003">
      <ele>887.503</ele>
      <time>2026-01-30T06:02:41Z</time>
    </trkpt>
    <trkpt lat="19.770916449" lon="99.339483976">
      <ele>684.007</ele>
      <time>2026-01-31T03:34:34Z</time>
    </trkpt>
    <trkpt lat="19.785958361" lon="99.317736626">
      <ele>600.335</ele>
      <time>2026-01-31T03:39:56Z</time>
    </trkpt>
    <trkpt lat="19.799836655" lon="99.285243172">
      <ele>559.617</ele>
      <time>2026-01-31T03:45:25Z</time>
    </trkpt>
    <trkpt lat="19.817239372" lon="99.2179038">
      <ele>504.513</ele>
      <time>2026-01-31T03:54:23Z</time>
    </trkpt>
    <trkpt lat="19.852324049" lon="99.204499545">
      <ele>479.874</ele>
      <time>2026-01-31T03:59:26Z</time>
    </trkpt>
    <trkpt lat="19.773437474" lon="99.161250349">
      <ele>491.25</ele>
      <time>2026-01-31T04:15:46Z</time>
    </trkpt>
    <trkpt lat="19.648281536" lon="99.145409726">
      <ele>545.906</ele>
      <time>2026-01-31T04:30:45Z</time>
    </trkpt>
    <trkpt lat="19.601436127" lon="99.117297828">
      <ele>681.855</ele>
      <time>2026-01-31T04:39:26Z</time>
    </trkpt>
    <trkpt lat="19.587477953" lon="99.101178423">
      <ele>709.502</ele>
      <time>2026-01-31T04:45:45Z</time>
    </trkpt>
    <trkpt lat="19.521567486" lon="99.055668293">
      <ele>561.145</ele>
      <time>2026-01-31T05:00:44Z</time>
    </trkpt>
    <trkpt lat="19.441553168" lon="98.981853062">
      <ele>421.013</ele>
      <time>2026-01-31T05:15:44Z</time>
    </trkpt>
    <trkpt lat="19.400531086" lon="98.962161206">
      <ele>422.585</ele>
      <time>2026-01-31T05:30:01Z</time>
    </trkpt>
    <trkpt lat="19.394244282" lon="98.957872605">
      <ele>410.634</ele>
      <time>2026-01-31T05:43:22Z</time>
    </trkpt>
    <trkpt lat="19.36392413" lon="98.924364606">
      <ele>497.323</ele>
      <time>2026-01-31T06:52:59Z</time>
    </trkpt>
    <trkpt lat="19.362872997" lon="98.931277832">
      <ele>475.439</ele>
      <time>2026-01-31T07:05:59Z</time>
    </trkpt>
    <trkpt lat="19.366443604" lon="98.941210052">
      <ele>455.25</ele>
      <time>2026-01-31T07:19:25Z</time>
    </trkpt>
    <trkpt lat="19.367132851" lon="98.942625019">
      <ele>454.855</ele>
      <time>2026-01-31T13:45:07Z</time>
    </trkpt>
    <trkpt lat="19.318717634" lon="98.956265627">
      <ele>393.827</ele>
      <time>2026-02-01T03:32:15Z</time>
    </trkpt>
    <trkpt lat="19.284446184" lon="98.968155848">
      <ele>376.004</ele>
      <time>2026-02-01T03:37:15Z</time>
    </trkpt>
    <trkpt lat="19.215074563" lon="98.970174976">
      <ele>355.729</ele>
      <time>2026-02-01T03:48:37Z</time>
    </trkpt>
    <trkpt lat="19.181091922" lon="98.952862069">
      <ele>408.718</ele>
      <time>2026-02-01T03:53:35Z</time>
    </trkpt>
    <trkpt lat="19.14464348" lon="98.997893063">
      <ele>341.283</ele>
      <time>2026-02-01T04:05:47Z</time>
    </trkpt>
    <trkpt lat="19.174278122" lon="99.030774208">
      <ele>397.616</ele>
      <time>2026-02-01T04:19:39Z</time>
    </trkpt>
    <trkpt lat="19.166776511" lon="99.031152506">
      <ele>393.762</ele>
      <time>2026-02-03T03:02:24Z</time>
    </trkpt>
    <trkpt lat="19.156620254" lon="99.036966965">
      <ele>356.914</ele>
      <time>2026-02-03T03:07:24Z</time>
    </trkpt>
    <trkpt lat="19.145317473" lon="99.01239261">
      <ele>346.331</ele>
      <time>2026-02-03T03:12:27Z</time>
    </trkpt>
    <trkpt lat="19.143964509" lon="98.985311687">
      <ele>343.639</ele>
      <time>2026-02-03T03:17:33Z</time>
    </trkpt>
    <trkpt lat="19.131587204" lon="98.949607127">
      <ele>347.832</ele>
      <time>2026-02-03T03:22:38Z</time>
    </trkpt>
    <trkpt lat="19.09520417" lon="98.936343687">
      <ele>335.043</ele>
      <time>2026-02-03T03:28:38Z</time>
    </trkpt>
    <trkpt lat="19.064500462" lon="98.93997523">
      <ele>327.982</ele>
      <time>2026-02-03T03:34:23Z</time>
    </trkpt>
    <trkpt lat="19.016009602" lon="98.944351833">
      <ele>328.821</ele>
      <time>2026-02-03T03:39:23Z</time>
    </trkpt>
    <trkpt lat="19.000824862" lon="98.94505349">
      <ele>326.819</ele>
      <time>2026-02-03T03:49:19Z</time>
    </trkpt>
    <trkpt lat="18.949231935" lon="98.944168148">
      <ele>323.769</ele>
      <time>2026-02-03T03:55:33Z</time>
    </trkpt>
    <trkpt lat="18.894542581" lon="98.952620421">
      <ele>323.353</ele>
      <time>2026-02-03T04:06:44Z</time>
    </trkpt>
    <trkpt lat="18.812342389" lon="98.983717365">
      <ele>316.617</ele>
      <time>2026-02-03T04:21:37Z</time>
    </trkpt>
    <trkpt lat="18.791113459" lon="98.9901949">
      <ele>312.304</ele>
      <time>2026-02-03T04:37:33Z</time>
    </trkpt>
    <trkpt lat="18.794224486" lon="98.981022919">
      <ele>316.251</ele>
      <time>2026-02-03T05:08:11Z</time>
    </trkpt>
    <trkpt lat="18.794349054" lon="98.981378404">
      <ele>316.0</ele>
      <time>2026-02-03T11:05:52Z</time>
    </trkpt>
    <trkpt lat="18.794236242" lon="98.981054773">
      <ele>316.152</ele>
      <time>2026-02-03T11:30:02Z</time>
    </trkpt>
    <trkpt lat="18.79358432" lon="98.980594528">
      <ele>315.956</ele>
      <time>2026-02-03T15:43:49Z</time>
    </trkpt>
    <trkpt lat="18.794189526" lon="98.9810162">
      <ele>316.314</ele>
      <time>2026-02-03T16:01:53Z</time>
    </trkpt>
    <trkpt lat="18.793933753" lon="98.980795371">
      <ele>315.574</ele>
      <time>2026-02-03T16:42:34Z</time>
    </trkpt>
    <trkpt lat="18.794420021" lon="98.981313694">
      <ele>316.0</ele>
      <time>2026-02-04T00:26:25Z</time>
    </trkpt>
    <trkpt lat="18.789071886" lon="98.978166252">
      <ele>316.718</ele>
      <time>2026-02-05T03:12:31Z</time>
    </trkpt>
    <trkpt lat="18.784157421" lon="98.977945209">
      <ele>313.212</ele>
      <time>2026-02-05T03:17:29Z</time>
    </trkpt>
    <trkpt lat="18.778904798" lon="98.977038665">
      <ele>309.415</ele>
      <time>2026-02-05T03:25:53Z</time>
    </trkpt>
    <trkpt lat="18.758385144" lon="99.008725863">
      <ele>303.554</ele>
      <time>2026-02-05T03:31:56Z</time>
    </trkpt>
    <trkpt lat="18.759554462" lon="99.015037268">
      <ele>302.604</ele>
      <time>2026-02-05T03:37:13Z</time>
    </trkpt>
    <trkpt lat="18.76231883" lon="99.023328392">
      <ele>301.678</ele>
      <time>2026-02-05T03:47:59Z</time>
    </trkpt>
    <trkpt lat="18.751084943" lon="99.03276867">
      <ele>298.912</ele>
      <time>2026-02-05T03:57:13Z</time>
    </trkpt>
    <trkpt lat="18.638246398" lon="99.052138344">
      <ele>290.928</ele>
      <time>2026-02-05T04:08:24Z</time>
    </trkpt>
    <trkpt lat="18.556194525" lon="99.046509052">
      <ele>300.529</ele>
      <time>2026-02-05T04:17:13Z</time>
    </trkpt>
    <trkpt lat="18.536244929" lon="99.025130002">
      <ele>297.95</ele>
      <time>2026-02-05T04:24:23Z</time>
    </trkpt>
    <trkpt lat="18.488504794" lon="98.985924823">
      <ele>306.981</ele>
      <time>2026-02-05T04:32:12Z</time>
    </trkpt>
    <trkpt lat="18.488218132" lon="98.985668253">
      <ele>310.255</ele>
      <time>2026-02-05T04:32:15Z</time>
    </trkpt>
    <trkpt lat="18.487940985" lon="98.985468261">
      <ele>310.99</ele>
      <time>2026-02-05T04:32:17Z</time>
    </trkpt>
    <trkpt lat="18.487670627" lon="98.985262066">
      <ele>309.636</ele>
      <time>2026-02-05T04:32:19Z</time>
    </trkpt>
    <trkpt lat="18.487320682" lon="98.984983703">
      <ele>310.059</ele>
      <time>2026-02-05T04:32:21Z</time>
    </trkpt>
    <trkpt lat="18.487070063" lon="98.984779185">
      <ele>310.359</ele>
      <time>2026-02-05T04:32:23Z</time>
    </trkpt>
    <trkpt lat="18.486821754" lon="98.9845736">
      <ele>309.26</ele>
      <time>2026-02-05T04:32:25Z</time>
    </trkpt>
    <trkpt lat="18.486455057" lon="98.984275007">
      <ele>307.774</ele>
      <time>2026-02-05T04:32:28Z</time>
    </trkpt>
    <trkpt lat="18.48609437" lon="98.983981062">
      <ele>306.432</ele>
      <time>2026-02-05T04:32:31Z</time>
    </trkpt>
    <trkpt lat="18.485736117" lon="98.983691655">
      <ele>307.888</ele>
      <time>2026-02-05T04:32:34Z</time>
    </trkpt>
    <trkpt lat="18.485369278" lon="98.983391522">
      <ele>308.35</ele>
      <time>2026-02-05T04:32:37Z</time>
    </trkpt>
    <trkpt lat="18.485109584" lon="98.983190305">
      <ele>307.282</ele>
      <time>2026-02-05T04:32:39Z</time>
    </trkpt>
    <trkpt lat="18.484853322" lon="98.982976715">
      <ele>308.868</ele>
      <time>2026-02-05T04:32:41Z</time>
    </trkpt>
    <trkpt lat="18.484580894" lon="98.982763056">
      <ele>311.508</ele>
      <time>2026-02-05T04:32:43Z</time>
    </trkpt>
    <trkpt lat="18.484308222" lon="98.982532241">
      <ele>310.192</ele>
      <time>2026-02-05T04:32:45Z</time>
    </trkpt>
    <trkpt lat="18.484043525" lon="98.982309456">
      <ele>307.793</ele>
      <time>2026-02-05T04:32:47Z</time>
    </trkpt>
    <trkpt lat="18.483790006" lon="98.982101325">
      <ele>308.076</ele>
      <time>2026-02-05T04:32:49Z</time>
    </trkpt>
    <trkpt lat="18.483422237" lon="98.981803542">
      <ele>309.345</ele>
      <time>2026-02-05T04:32:52Z</time>
    </trkpt>
    <trkpt lat="18.450343916" lon="98.89094227">
      <ele>312.463</ele>
      <time>2026-02-05T04:48:01Z</time>
    </trkpt>
    <trkpt lat="18.333547208" lon="98.817667756">
      <ele>313.117</ele>
      <time>2026-02-05T05:03:08Z</time>
    </trkpt>
    <trkpt lat="18.277666808" lon="98.819939651">
      <ele>325.964</ele>
      <time>2026-02-05T05:18:06Z</time>
    </trkpt>
    <trkpt lat="18.24636058" lon="98.825266874">
      <ele>338.079</ele>
      <time>2026-02-05T05:59:02Z</time>
    </trkpt>
    <trkpt lat="18.123798631" lon="98.885635687">
      <ele>379.769</ele>
      <time>2026-02-05T06:14:26Z</time>
    </trkpt>
    <trkpt lat="17.984134583" lon="98.875574051">
      <ele>419.067</ele>
      <time>2026-02-05T06:30:06Z</time>
    </trkpt>
    <trkpt lat="17.983743693" lon="98.875627611">
      <ele>418.601</ele>
      <time>2026-02-05T06:30:09Z</time>
    </trkpt>
    <trkpt lat="17.98340586" lon="98.875678741">
      <ele>418.0</ele>
      <time>2026-02-05T06:30:10Z</time>
    </trkpt>
    <trkpt lat="17.983067818" lon="98.875730792">
      <ele>419.309</ele>
      <time>2026-02-05T06:30:12Z</time>
    </trkpt>
    <trkpt lat="17.982726255" lon="98.875781754">
      <ele>421.371</ele>
      <time>2026-02-05T06:30:14Z</time>
    </trkpt>
    <trkpt lat="17.982382916" lon="98.875828228">
      <ele>422.44</ele>
      <time>2026-02-05T06:30:16Z</time>
    </trkpt>
    <trkpt lat="17.982034466" lon="98.875875122">
      <ele>423.627</ele>
      <time>2026-02-05T06:30:18Z</time>
    </trkpt>
    <trkpt lat="17.981689902" lon="98.875922118">
      <ele>424.623</ele>
      <time>2026-02-05T06:30:20Z</time>
    </trkpt>
    <trkpt lat="17.981340774" lon="98.875970585">
      <ele>422.074</ele>
      <time>2026-02-05T06:30:22Z</time>
    </trkpt>
    <trkpt lat="17.980988266" lon="98.876022936">
      <ele>419.193</ele>
      <time>2026-02-05T06:30:24Z</time>
    </trkpt>
    <trkpt lat="17.980623412" lon="98.876073783">
      <ele>418.923</ele>
      <time>2026-02-05T06:30:26Z</time>
    </trkpt>
    <trkpt lat="17.876200397" lon="98.923600847">
      <ele>440.012</ele>
      <time>2026-02-05T06:43:51Z</time>
    </trkpt>
    <trkpt lat="17.814881301" lon="98.935421855">
      <ele>465.297</ele>
      <time>2026-02-05T07:15:32Z</time>
    </trkpt>
    <trkpt lat="17.810669127" lon="98.939731568">
      <ele>454.067</ele>
      <time>2026-02-05T07:24:29Z</time>
    </trkpt>
    <trkpt lat="17.75714661" lon="98.937312383">
      <ele>503.57</ele>
      <time>2026-02-05T08:26:04Z</time>
    </trkpt>
    <trkpt lat="17.756593446" lon="98.937526289">
      <ele>498.279</ele>
      <time>2026-02-05T08:26:07Z</time>
    </trkpt>
    <trkpt lat="17.75471239" lon="98.938563807">
      <ele>484.182</ele>
      <time>2026-02-05T08:26:24Z</time>
    </trkpt>
    <trkpt lat="17.753463937" lon="98.938182676">
      <ele>485.164</ele>
      <time>2026-02-05T08:26:25Z</time>
    </trkpt>
    <trkpt lat="17.753532627" lon="98.938676706">
      <ele>482.848</ele>
      <time>2026-02-05T08:26:27Z</time>
    </trkpt>
    <trkpt lat="17.753173127" lon="98.938650806">
      <ele>486.071</ele>
      <time>2026-02-05T08:26:29Z</time>
    </trkpt>
    <trkpt lat="17.752796863" lon="98.938535806">
      <ele>488.455</ele>
      <time>2026-02-05T08:26:32Z</time>
    </trkpt>
    <trkpt lat="17.752424204" lon="98.938542763">
      <ele>488.054</ele>
      <time>2026-02-05T08:26:34Z</time>
    </trkpt>
    <trkpt lat="17.752136803" lon="98.938727848">
      <ele>483.561</ele>
      <time>2026-02-05T08:26:37Z</time>
    </trkpt>
    <trkpt lat="17.751958102" lon="98.93907731">
      <ele>482.678</ele>
      <time>2026-02-05T08:26:40Z</time>
    </trkpt>
    <trkpt lat="17.751845288" lon="98.939441917">
      <ele>483.0</ele>
      <time>2026-02-05T08:26:43Z</time>
    </trkpt>
    <trkpt lat="17.751730006" lon="98.939818672">
      <ele>483.189</ele>
      <time>2026-02-05T08:26:46Z</time>
    </trkpt>
    <trkpt lat="17.751670536" lon="98.940230984">
      <ele>485.635</ele>
      <time>2026-02-05T08:26:49Z</time>
    </trkpt>
    <trkpt lat="17.751615582" lon="98.940666702">
      <ele>488.184</ele>
      <time>2026-02-05T08:26:52Z</time>
    </trkpt>
    <trkpt lat="17.751533739" lon="98.94107612">
      <ele>488.934</ele>
      <time>2026-02-05T08:26:55Z</time>
    </trkpt>
    <trkpt lat="17.751377917" lon="98.941454477">
      <ele>488.276</ele>
      <time>2026-02-05T08:26:58Z</time>
    </trkpt>
    <trkpt lat="17.751150143" lon="98.941854367">
      <ele>491.116</ele>
      <time>2026-02-05T08:27:01Z</time>
    </trkpt>
    <trkpt lat="17.677443302" lon="98.865538398">
      <ele>594.266</ele>
      <time>2026-02-05T08:42:16Z</time>
    </trkpt>
    <trkpt lat="17.645096658" lon="98.878676947">
      <ele>693.387</ele>
      <time>2026-02-05T08:54:38Z</time>
    </trkpt>
    <trkpt lat="17.644886146" lon="98.878978528">
      <ele>693.81</ele>
      <time>2026-02-05T08:54:43Z</time>
    </trkpt>
    <trkpt lat="17.644683598" lon="98.879339034">
      <ele>693.379</ele>
      <time>2026-02-05T08:54:46Z</time>
    </trkpt>
    <trkpt lat="17.64449358" lon="98.879612032">
      <ele>691.297</ele>
      <time>2026-02-05T08:54:49Z</time>
    </trkpt>
    <trkpt lat="17.644234" lon="98.879925757">
      <ele>690.025</ele>
      <time>2026-02-05T08:54:53Z</time>
    </trkpt>
    <trkpt lat="17.644015146" lon="98.880218581">
      <ele>690.304</ele>
      <time>2026-02-05T08:54:57Z</time>
    </trkpt>
    <trkpt lat="17.594479686" lon="98.879765589">
      <ele>651.103</ele>
      <time>2026-02-05T09:09:57Z</time>
    </trkpt>
    <trkpt lat="17.560956725" lon="98.875396438">
      <ele>550.729</ele>
      <time>2026-02-05T09:25:03Z</time>
    </trkpt>
    <trkpt lat="17.560956725" lon="98.875396438">
      <ele>550.729</ele>
      <time>2026-02-05T09:25:03Z</time>
    </trkpt>
    <trkpt lat="17.560741733" lon="98.875029398">
      <ele>550.73</ele>
      <time>2026-02-05T09:53:09Z</time>
    </trkpt>
    <trkpt lat="17.561080641" lon="98.877004613">
      <ele>554.259</ele>
      <time>2026-02-08T03:56:54Z</time>
    </trkpt>
    <trkpt lat="17.565738685" lon="98.88110552">
      <ele>570.033</ele>
      <time>2026-02-08T04:11:51Z</time>
    </trkpt>
    <trkpt lat="17.634366187" lon="98.877748484">
      <ele>681.105</ele>
      <time>2026-02-08T04:26:46Z</time>
    </trkpt>
    <trkpt lat="17.701954795" lon="98.867303711">
      <ele>546.077</ele>
      <time>2026-02-08T04:41:11Z</time>
    </trkpt>
    <trkpt lat="17.772388095" lon="98.953151833">
      <ele>498.013</ele>
      <time>2026-02-08T04:55:58Z</time>
    </trkpt>
    <trkpt lat="17.741068485" lon="99.026274048">
      <ele>493.107</ele>
      <time>2026-02-08T05:05:47Z</time>
    </trkpt>
    <trkpt lat="17.682937263" lon="99.077238282">
      <ele>518.658</ele>
      <time>2026-02-08T05:20:50Z</time>
    </trkpt>
    <trkpt lat="17.660832088" lon="99.115973488">
      <ele>336.952</ele>
      <time>2026-02-08T05:35:40Z</time>
    </trkpt>
    <trkpt lat="17.643827721" lon="99.225224303">
      <ele>172.587</ele>
      <time>2026-02-08T05:48:47Z</time>
    </trkpt>
    <trkpt lat="17.622469417" lon="99.237505049">
      <ele>173.0</ele>
      <time>2026-02-08T05:58:52Z</time>
    </trkpt>
    <trkpt lat="17.618288565" lon="99.233469162">
      <ele>165.59</ele>
      <time>2026-02-08T06:42:57Z</time>
    </trkpt>
    <trkpt lat="17.475167736" lon="99.162969226">
      <ele>169.727</ele>
      <time>2026-02-08T06:58:01Z</time>
    </trkpt>
    <trkpt lat="17.303902153" lon="99.147489611">
      <ele>162.952</ele>
      <time>2026-02-08T07:12:51Z</time>
    </trkpt>
    <trkpt lat="17.159280083" lon="99.132292802">
      <ele>142.178</ele>
      <time>2026-02-08T07:25:42Z</time>
    </trkpt>
    <trkpt lat="17.050749776" lon="99.076597151">
      <ele>133.449</ele>
      <time>2026-02-08T07:37:57Z</time>
    </trkpt>
    <trkpt lat="17.02963199" lon="99.092176007">
      <ele>130.23</ele>
      <time>2026-02-08T07:55:43Z</time>
    </trkpt>
    <trkpt lat="16.914914162" lon="99.117926471">
      <ele>127.856</ele>
      <time>2026-02-08T08:06:39Z</time>
    </trkpt>
    <trkpt lat="16.854639519" lon="99.120906824">
      <ele>113.657</ele>
      <time>2026-02-08T08:18:37Z</time>
    </trkpt>
    <trkpt lat="16.821906553" lon="99.129475895">
      <ele>111.136</ele>
      <time>2026-02-08T08:23:53Z</time>
    </trkpt>
    <trkpt lat="16.725542997" lon="99.226448648">
      <ele>107.126</ele>
      <time>2026-02-08T08:35:35Z</time>
    </trkpt>
    <trkpt lat="16.619166378" lon="99.362915503">
      <ele>104.496</ele>
      <time>2026-02-08T09:02:17Z</time>
    </trkpt>
    <trkpt lat="16.613061964" lon="99.445817722">
      <ele>87.078</ele>
      <time>2026-02-08T09:16:41Z</time>
    </trkpt>
    <trkpt lat="16.559490371" lon="99.48520462">
      <ele>83.098</ele>
      <time>2026-02-08T09:25:12Z</time>
    </trkpt>
    <trkpt lat="16.557458849" lon="99.482602207">
      <ele>81.797</ele>
      <time>2026-02-08T11:39:38Z</time>
    </trkpt>
    <trkpt lat="16.553205525" lon="99.478158268">
      <ele>91.0</ele>
      <time>2026-02-08T13:02:48Z</time>
    </trkpt>
    <trkpt lat="16.558855438" lon="99.48541565">
      <ele>86.06</ele>
      <time>2026-02-08T13:08:05Z</time>
    </trkpt>
    <trkpt lat="16.558855438" lon="99.48541565">
      <ele>86.06</ele>
      <time>2026-02-08T13:08:05Z</time>
    </trkpt>
    <trkpt lat="16.558855438" lon="99.48541565">
      <ele>86.06</ele>
      <time>2026-02-08T13:08:05Z</time>
    </trkpt>
    <trkpt lat="16.557469078" lon="99.482523384">
      <ele>81.879</ele>
      <time>2026-02-08T13:08:08Z</time>
    </trkpt>
    <trkpt lat="16.55298614" lon="99.47793579">
      <ele>90.069</ele>
      <time>2026-02-09T01:07:56Z</time>
    </trkpt>
    <trkpt lat="16.55745377" lon="99.482570061">
      <ele>81.792</ele>
      <time>2026-02-09T01:17:47Z</time>
    </trkpt>
    <trkpt lat="16.536728852" lon="99.494101592">
      <ele>79.692</ele>
      <time>2026-02-09T05:31:48Z</time>
    </trkpt>
    <trkpt lat="16.503670332" lon="99.508204227">
      <ele>89.863</ele>
      <time>2026-02-09T05:42:24Z</time>
    </trkpt>
    <trkpt lat="16.486047925" lon="99.521126188">
      <ele>83.234</ele>
      <time>2026-02-09T05:53:27Z</time>
    </trkpt>
    <trkpt lat="16.489747781" lon="99.515936365">
      <ele>83.102</ele>
      <time>2026-02-09T07:01:46Z</time>
    </trkpt>
    <trkpt lat="16.524991379" lon="99.511703085">
      <ele>93.873</ele>
      <time>2026-02-09T07:07:46Z</time>
    </trkpt>
    <trkpt lat="16.531073581" lon="99.495520312">
      <ele>79.127</ele>
      <time>2026-02-09T07:22:21Z</time>
    </trkpt>
    <trkpt lat="16.557772802" lon="99.48606888">
      <ele>83.982</ele>
      <time>2026-02-09T07:25:41Z</time>
    </trkpt>
    <trkpt lat="16.559008874" lon="99.485313055">
      <ele>85.136</ele>
      <time>2026-02-09T07:33:16Z</time>
    </trkpt>
    <trkpt lat="16.557541997" lon="99.482492991">
      <ele>81.845</ele>
      <time>2026-02-09T07:33:24Z</time>
    </trkpt>
    <trkpt lat="16.55885314" lon="99.48539733">
      <ele>86.055</ele>
      <time>2026-02-09T07:47:05Z</time>
    </trkpt>
    <trkpt lat="16.557338694" lon="99.482467007">
      <ele>81.419</ele>
      <time>2026-02-09T07:54:36Z</time>
    </trkpt>
    <trkpt lat="16.540077673" lon="99.494228326">
      <ele>82.218</ele>
      <time>2026-02-11T02:54:24Z</time>
    </trkpt>
    <trkpt lat="16.521272454" lon="99.512717631">
      <ele>92.0</ele>
      <time>2026-02-11T02:59:47Z</time>
    </trkpt>
    <trkpt lat="16.492245882" lon="99.541201098">
      <ele>78.324</ele>
      <time>2026-02-11T03:05:18Z</time>
    </trkpt>
    <trkpt lat="16.477519381" lon="99.550096644">
      <ele>74.607</ele>
      <time>2026-02-11T03:11:06Z</time>
    </trkpt>
    <trkpt lat="16.457436006" lon="99.533206271">
      <ele>76.352</ele>
      <time>2026-02-11T04:19:14Z</time>
    </trkpt>
    <trkpt lat="16.451101718" lon="99.514826685">
      <ele>79.966</ele>
      <time>2026-02-11T04:24:24Z</time>
    </trkpt>
    <trkpt lat="16.401766632" lon="99.521539249">
      <ele>70.624</ele>
      <time>2026-02-11T04:30:59Z</time>
    </trkpt>
    <trkpt lat="16.305064405" lon="99.664333267">
      <ele>63.861</ele>
      <time>2026-02-11T04:46:14Z</time>
    </trkpt>
    <trkpt lat="16.141878013" lon="99.72079603">
      <ele>61.968</ele>
      <time>2026-02-11T05:01:20Z</time>
    </trkpt>
    <trkpt lat="15.99992143" lon="99.804409118">
      <ele>47.036</ele>
      <time>2026-02-11T05:16:19Z</time>
    </trkpt>
    <trkpt lat="15.883642556" lon="99.904323835">
      <ele>42.132</ele>
      <time>2026-02-11T05:31:21Z</time>
    </trkpt>
    <trkpt lat="15.792296827" lon="99.964799853">
      <ele>33.677</ele>
      <time>2026-02-11T05:41:11Z</time>
    </trkpt>
    <trkpt lat="15.764280525" lon="99.990857598">
      <ele>35.087</ele>
      <time>2026-02-11T05:46:19Z</time>
    </trkpt>
    <trkpt lat="15.766630144" lon="99.985848469">
      <ele>39.333</ele>
      <time>2026-02-11T06:58:27Z</time>
    </trkpt>
    <trkpt lat="15.712971501" lon="99.94797511">
      <ele>47.299</ele>
      <time>2026-02-11T07:13:54Z</time>
    </trkpt>
    <trkpt lat="15.730445632" lon="99.953103578">
      <ele>40.223</ele>
      <time>2026-02-12T04:01:21Z</time>
    </trkpt>
    <trkpt lat="15.766608808" lon="99.985445822">
      <ele>38.544</ele>
      <time>2026-02-12T04:12:09Z</time>
    </trkpt>
    <trkpt lat="15.728839324" lon="100.037730457">
      <ele>30.503</ele>
      <time>2026-02-12T04:19:12Z</time>
    </trkpt>
    <trkpt lat="15.629264913" lon="100.106111616">
      <ele>25.707</ele>
      <time>2026-02-12T04:35:00Z</time>
    </trkpt>
    <trkpt lat="15.577670611" lon="100.125465011">
      <ele>28.162</ele>
      <time>2026-02-12T04:50:05Z</time>
    </trkpt>
    <trkpt lat="15.492473594" lon="100.130181927">
      <ele>21.217</ele>
      <time>2026-02-12T05:05:41Z</time>
    </trkpt>
    <trkpt lat="15.345873521" lon="100.165355578">
      <ele>20.855</ele>
      <time>2026-02-12T05:20:43Z</time>
    </trkpt>
    <trkpt lat="15.21438757" lon="100.213859137">
      <ele>14.783</ele>
      <time>2026-02-12T05:35:41Z</time>
    </trkpt>
    <trkpt lat="15.213949196" lon="100.213992158">
      <ele>11.806</ele>
      <time>2026-02-12T05:35:43Z</time>
    </trkpt>
    <trkpt lat="15.21356103" lon="100.214213692">
      <ele>11.488</ele>
      <time>2026-02-12T05:35:45Z</time>
    </trkpt>
    <trkpt lat="15.213169805" lon="100.214412343">
      <ele>14.198</ele>
      <time>2026-02-12T05:35:47Z</time>
    </trkpt>
    <trkpt lat="15.212794086" lon="100.21457864">
      <ele>17.341</ele>
      <time>2026-02-12T05:35:49Z</time>
    </trkpt>
    <trkpt lat="15.212419289" lon="100.214748876">
      <ele>17.545</ele>
      <time>2026-02-12T05:35:51Z</time>
    </trkpt>
    <trkpt lat="15.212050821" lon="100.214920202">
      <ele>16.287</ele>
      <time>2026-02-12T05:35:53Z</time>
    </trkpt>
    <trkpt lat="15.211683845" lon="100.215086721">
      <ele>15.688</ele>
      <time>2026-02-12T05:35:55Z</time>
    </trkpt>
    <trkpt lat="15.211323072" lon="100.215259597">
      <ele>15.221</ele>
      <time>2026-02-12T05:35:57Z</time>
    </trkpt>
    <trkpt lat="15.21095875" lon="100.215435984">
      <ele>15.709</ele>
      <time>2026-02-12T05:35:59Z</time>
    </trkpt>
    <trkpt lat="15.210592615" lon="100.215615633">
      <ele>14.35</ele>
      <time>2026-02-12T05:36:01Z</time>
    </trkpt>
    <trkpt lat="15.21022772" lon="100.215800088">
      <ele>13.863</ele>
      <time>2026-02-12T05:36:03Z</time>
    </trkpt>
    <trkpt lat="15.209864304" lon="100.215981466">
      <ele>14.022</ele>
      <time>2026-02-12T05:36:05Z</time>
    </trkpt>
    <trkpt lat="15.209502965" lon="100.216167193">
      <ele>15.789</ele>
      <time>2026-02-12T05:36:07Z</time>
    </trkpt>
    <trkpt lat="15.209142739" lon="100.216355258">
      <ele>17.0</ele>
      <time>2026-02-12T05:36:09Z</time>
    </trkpt>
    <trkpt lat="15.208782195" lon="100.216544564">
      <ele>16.055</ele>
      <time>2026-02-12T05:36:11Z</time>
    </trkpt>
    <trkpt lat="15.208426091" lon="100.216740532">
      <ele>15.312</ele>
      <time>2026-02-12T05:36:13Z</time>
    </trkpt>
    <trkpt lat="15.208077115" lon="100.216917281">
      <ele>14.105</ele>
      <time>2026-02-12T05:36:15Z</time>
    </trkpt>
    <trkpt lat="15.207720496" lon="100.217107026">
      <ele>13.62</ele>
      <time>2026-02-12T05:36:17Z</time>
    </trkpt>
    <trkpt lat="15.207367647" lon="100.217307964">
      <ele>14.979</ele>
      <time>2026-02-12T05:36:19Z</time>
    </trkpt>
    <trkpt lat="15.207012197" lon="100.217512161">
      <ele>16.088</ele>
      <time>2026-02-12T05:36:21Z</time>
    </trkpt>
    <trkpt lat="15.051865946" lon="100.328579564">
      <ele>15.251</ele>
      <time>2026-02-12T05:51:44Z</time>
    </trkpt>
    <trkpt lat="14.898659466" lon="100.419838373">
      <ele>13.763</ele>
      <time>2026-02-12T06:06:45Z</time>
    </trkpt>
    <trkpt lat="14.732478135" lon="100.454900796">
      <ele>8.671</ele>
      <time>2026-02-12T06:21:45Z</time>
    </trkpt>
    <trkpt lat="14.731989596" lon="100.454900377">
      <ele>8.463</ele>
      <time>2026-02-12T06:21:47Z</time>
    </trkpt>
    <trkpt lat="14.73154611" lon="100.454930468">
      <ele>9.434</ele>
      <time>2026-02-12T06:21:49Z</time>
    </trkpt>
    <trkpt lat="14.731105641" lon="100.454946812">
      <ele>8.961</ele>
      <time>2026-02-12T06:21:50Z</time>
    </trkpt>
    <trkpt lat="14.730661986" lon="100.454960391">
      <ele>7.617</ele>
      <time>2026-02-12T06:21:52Z</time>
    </trkpt>
    <trkpt lat="14.73022223" lon="100.454980508">
      <ele>10.2</ele>
      <time>2026-02-12T06:21:54Z</time>
    </trkpt>
    <trkpt lat="14.729784359" lon="100.45500624">
      <ele>9.425</ele>
      <time>2026-02-12T06:21:56Z</time>
    </trkpt>
    <trkpt lat="14.729348018" lon="100.455031621">
      <ele>8.506</ele>
      <time>2026-02-12T06:21:58Z</time>
    </trkpt>
    <trkpt lat="14.728911225" lon="100.455055554">
      <ele>10.72</ele>
      <time>2026-02-12T06:22:00Z</time>
    </trkpt>
    <trkpt lat="14.728475522" lon="100.455076928">
      <ele>9.958</ele>
      <time>2026-02-12T06:22:02Z</time>
    </trkpt>
    <trkpt lat="14.728039338" lon="100.455102626">
      <ele>8.631</ele>
      <time>2026-02-12T06:22:04Z</time>
    </trkpt>
    <trkpt lat="14.727623142" lon="100.455128229">
      <ele>8.538</ele>
      <time>2026-02-12T06:22:06Z</time>
    </trkpt>
    <trkpt lat="14.727218797" lon="100.455154641">
      <ele>8.445</ele>
      <time>2026-02-12T06:22:08Z</time>
    </trkpt>
    <trkpt lat="14.726826263" lon="100.4551785">
      <ele>8.643</ele>
      <time>2026-02-12T06:22:10Z</time>
    </trkpt>
    <trkpt lat="14.726441548" lon="100.455199404">
      <ele>8.718</ele>
      <time>2026-02-12T06:22:12Z</time>
    </trkpt>
    <trkpt lat="14.726051437" lon="100.45522355">
      <ele>8.632</ele>
      <time>2026-02-12T06:22:14Z</time>
    </trkpt>
    <trkpt lat="14.725660921" lon="100.45526794">
      <ele>8.643</ele>
      <time>2026-02-12T06:22:16Z</time>
    </trkpt>
    <trkpt lat="14.725277039" lon="100.455295405">
      <ele>9.937</ele>
      <time>2026-02-12T06:22:18Z</time>
    </trkpt>
    <trkpt lat="14.724889954" lon="100.455313009">
      <ele>9.923</ele>
      <time>2026-02-12T06:22:20Z</time>
    </trkpt>
    <trkpt lat="14.724498068" lon="100.455321994">
      <ele>10.0</ele>
      <time>2026-02-12T06:22:22Z</time>
    </trkpt>
    <trkpt lat="14.724101449" lon="100.455327008">
      <ele>10.958</ele>
      <time>2026-02-12T06:22:24Z</time>
    </trkpt>
    <trkpt lat="14.558334039" lon="100.496930424">
      <ele>4.954</ele>
      <time>2026-02-12T06:36:16Z</time>
    </trkpt>
    <trkpt lat="14.510491919" lon="100.51865868">
      <ele>6.151</ele>
      <time>2026-02-12T06:51:16Z</time>
    </trkpt>
    <trkpt lat="14.435361251" lon="100.54589306">
      <ele>9.464</ele>
      <time>2026-02-12T07:22:03Z</time>
    </trkpt>
    <trkpt lat="14.434215032" lon="100.547310893">
      <ele>5.95</ele>
      <time>2026-02-12T07:22:27Z</time>
    </trkpt>
    <trkpt lat="14.432650901" lon="100.549484014">
      <ele>9.074</ele>
      <time>2026-02-12T07:22:28Z</time>
    </trkpt>
    <trkpt lat="14.430458025" lon="100.552464865">
      <ele>5.658</ele>
      <time>2026-02-12T07:22:43Z</time>
    </trkpt>
    <trkpt lat="14.430233976" lon="100.55276811">
      <ele>7.158</ele>
      <time>2026-02-12T07:22:45Z</time>
    </trkpt>
    <trkpt lat="14.328229842" lon="100.613125982">
      <ele>-3.524</ele>
      <time>2026-02-12T07:38:00Z</time>
    </trkpt>
    <trkpt lat="14.315876425" lon="100.613386659">
      <ele>1.118</ele>
      <time>2026-02-12T07:53:03Z</time>
    </trkpt>
    <trkpt lat="14.316011164" lon="100.61281384">
      <ele>2.12</ele>
      <time>2026-02-12T07:53:04Z</time>
    </trkpt>
    <trkpt lat="14.316372005" lon="100.61275349">
      <ele>1.918</ele>
      <time>2026-02-12T07:53:06Z</time>
    </trkpt>
    <trkpt lat="14.316744874" lon="100.61271661">
      <ele>1.722</ele>
      <time>2026-02-12T07:53:09Z</time>
    </trkpt>
    <trkpt lat="14.31711548" lon="100.612718035">
      <ele>3.046</ele>
      <time>2026-02-12T07:53:12Z</time>
    </trkpt>
    <trkpt lat="14.317494264" lon="100.61272378">
      <ele>3.987</ele>
      <time>2026-02-12T07:53:15Z</time>
    </trkpt>
    <trkpt lat="14.317905427" lon="100.612771648">
      <ele>3.471</ele>
      <time>2026-02-12T07:53:18Z</time>
    </trkpt>
    <trkpt lat="14.318325456" lon="100.612871838">
      <ele>4.962</ele>
      <time>2026-02-12T07:53:21Z</time>
    </trkpt>
    <trkpt lat="14.318749998" lon="100.612979687">
      <ele>5.863</ele>
      <time>2026-02-12T07:53:24Z</time>
    </trkpt>
    <trkpt lat="14.319201204" lon="100.613011901">
      <ele>3.928</ele>
      <time>2026-02-12T07:53:27Z</time>
    </trkpt>
    <trkpt lat="14.319517092" lon="100.613025609">
      <ele>4.182</ele>
      <time>2026-02-12T07:53:29Z</time>
    </trkpt>
    <trkpt lat="14.319835593" lon="100.613038173">
      <ele>2.467</ele>
      <time>2026-02-12T07:53:31Z</time>
    </trkpt>
    <trkpt lat="14.320158408" lon="100.613045354">
      <ele>1.927</ele>
      <time>2026-02-12T07:53:33Z</time>
    </trkpt>
    <trkpt lat="14.320634086" lon="100.613053974">
      <ele>3.56</ele>
      <time>2026-02-12T07:53:36Z</time>
    </trkpt>
    <trkpt lat="14.320985553" lon="100.613039565">
      <ele>3.846</ele>
      <time>2026-02-12T07:53:38Z</time>
    </trkpt>
    <trkpt lat="14.321337255" lon="100.613042411">
      <ele>1.363</ele>
      <time>2026-02-12T07:53:40Z</time>
    </trkpt>
    <trkpt lat="14.321696886" lon="100.613043145">
      <ele>2.812</ele>
      <time>2026-02-12T07:53:42Z</time>
    </trkpt>
    <trkpt lat="14.341802936" lon="100.610822194">
      <ele>6.491</ele>
      <time>2026-02-12T08:09:02Z</time>
    </trkpt>
    <trkpt lat="14.349837173" lon="100.569428019">
      <ele>5.941</ele>
      <time>2026-02-12T08:54:42Z</time>
    </trkpt>
    <trkpt lat="14.343571407" lon="100.555063114">
      <ele>3.838</ele>
      <time>2026-02-12T09:10:20Z</time>
    </trkpt>
    <trkpt lat="14.343468488" lon="100.554744328">
      <ele>4.448</ele>
      <time>2026-02-12T09:38:15Z</time>
    </trkpt>
    <trkpt lat="14.351509195" lon="100.555840032">
      <ele>7.567</ele>
      <time>2026-02-13T01:04:30Z</time>
    </trkpt>
    <trkpt lat="14.355981988" lon="100.568423784">
      <ele>8.164</ele>
      <time>2026-02-13T01:09:47Z</time>
    </trkpt>
    <trkpt lat="14.354464235" lon="100.594416568">
      <ele>7.871</ele>
      <time>2026-02-13T02:12:35Z</time>
    </trkpt>
    <trkpt lat="14.33312085" lon="100.613496294">
      <ele>8.254</ele>
      <time>2026-02-13T02:18:34Z</time>
    </trkpt>
    <trkpt lat="14.304275662" lon="100.614564149">
      <ele>4.646</ele>
      <time>2026-02-13T02:23:50Z</time>
    </trkpt>
    <trkpt lat="14.161227755" lon="100.618436253">
      <ele>3.995</ele>
      <time>2026-02-13T03:15:30Z</time>
    </trkpt>
    <trkpt lat="14.152119789" lon="100.619153256">
      <ele>6.018</ele>
      <time>2026-02-13T03:30:34Z</time>
    </trkpt>
    <trkpt lat="14.165624063" lon="100.61809008">
      <ele>3.434</ele>
      <time>2026-02-13T05:29:58Z</time>
    </trkpt>
    <trkpt lat="14.084872742" lon="100.694261701">
      <ele>2.727</ele>
      <time>2026-02-13T05:44:56Z</time>
    </trkpt>
    <trkpt lat="13.946267772" lon="100.711799255">
      <ele>6.045</ele>
      <time>2026-02-13T05:59:56Z</time>
    </trkpt>
    <trkpt lat="13.792563113" lon="100.682929214">
      <ele>4.186</ele>
      <time>2026-02-13T06:14:56Z</time>
    </trkpt>
    <trkpt lat="13.7921322" lon="100.683031976">
      <ele>3.998</ele>
      <time>2026-02-13T06:14:58Z</time>
    </trkpt>
    <trkpt lat="13.791700657" lon="100.683137756">
      <ele>0.79</ele>
      <time>2026-02-13T06:15:01Z</time>
    </trkpt>
    <trkpt lat="13.791381223" lon="100.683246134">
      <ele>4.122</ele>
      <time>2026-02-13T06:15:03Z</time>
    </trkpt>
    <trkpt lat="13.790949471" lon="100.683357697">
      <ele>6.898</ele>
      <time>2026-02-13T06:15:06Z</time>
    </trkpt>
    <trkpt lat="13.790516371" lon="100.683476682">
      <ele>2.968</ele>
      <time>2026-02-13T06:15:09Z</time>
    </trkpt>
    <trkpt lat="13.790100023" lon="100.683586864">
      <ele>1.591</ele>
      <time>2026-02-13T06:15:12Z</time>
    </trkpt>
    <trkpt lat="13.789681844" lon="100.683699787">
      <ele>-0.319</ele>
      <time>2026-02-13T06:15:15Z</time>
    </trkpt>
    <trkpt lat="13.789255141" lon="100.683809842">
      <ele>0.16</ele>
      <time>2026-02-13T06:15:18Z</time>
    </trkpt>
    <trkpt lat="13.788835972" lon="100.683919824">
      <ele>0.449</ele>
      <time>2026-02-13T06:15:21Z</time>
    </trkpt>
    <trkpt lat="13.788405943" lon="100.684037489">
      <ele>0.052</ele>
      <time>2026-02-13T06:15:24Z</time>
    </trkpt>
    <trkpt lat="13.788096053" lon="100.684115985">
      <ele>-4.178</ele>
      <time>2026-02-13T06:15:26Z</time>
    </trkpt>
    <trkpt lat="13.787787654" lon="100.684199762">
      <ele>-3.665</ele>
      <time>2026-02-13T06:15:28Z</time>
    </trkpt>
    <trkpt lat="13.787346401" lon="100.684309491">
      <ele>0.972</ele>
      <time>2026-02-13T06:15:31Z</time>
    </trkpt>
    <trkpt lat="13.78689931" lon="100.684421713">
      <ele>-0.863</ele>
      <time>2026-02-13T06:15:34Z</time>
    </trkpt>
    <trkpt lat="13.730709027" lon="100.745178005">
      <ele>0.967</ele>
      <time>2026-02-13T06:30:57Z</time>
    </trkpt>
    <trkpt lat="13.721905472" lon="100.782846026">
      <ele>7.719</ele>
      <time>2026-02-13T06:44:28Z</time>
    </trkpt>
    <trkpt lat="13.692934345" lon="100.793252327">
      <ele>1.309</ele>
      <time>2026-02-13T06:59:30Z</time>
    </trkpt>
    <trkpt lat="13.693118982" lon="100.793530463">
      <ele>2.257</ele>
      <time>2026-02-13T06:59:41Z</time>
    </trkpt>
    <trkpt lat="13.69422078" lon="100.793159056">
      <ele>0.327</ele>
      <time>2026-02-13T07:15:05Z</time>
    </trkpt>
    <trkpt lat="13.693415024" lon="100.793792642">
      <ele>2.334</ele>
      <time>2026-02-13T14:20:04Z</time>
    </trkpt>
    <trkpt lat="12.264488412" lon="99.974373693">
      <ele>1.286</ele>
      <time>2026-02-19T13:35:33Z</time>
    </trkpt>
    <trkpt lat="12.263226319" lon="99.972073365">
      <ele>9.351</ele>
      <time>2026-02-19T14:01:17Z</time>
    </trkpt>
    <trkpt lat="12.288722908" lon="99.965761341">
      <ele>21.559</ele>
      <time>2026-02-20T00:47:47Z</time>
    </trkpt>
    <trkpt lat="12.355813966" lon="99.938105419">
      <ele>3.192</ele>
      <time>2026-02-20T00:55:21Z</time>
    </trkpt>
    <trkpt lat="12.3863295" lon="99.902419048">
      <ele>11.078</ele>
      <time>2026-02-20T01:03:08Z</time>
    </trkpt>
    <trkpt lat="12.369940742" lon="99.887124086">
      <ele>11.22</ele>
      <time>2026-02-20T01:11:41Z</time>
    </trkpt>
    <trkpt lat="12.353018438" lon="99.883718579">
      <ele>10.689</ele>
      <time>2026-02-20T01:40:33Z</time>
    </trkpt>
    <trkpt lat="12.265423355" lon="99.869851498">
      <ele>17.258</ele>
      <time>2026-02-20T01:48:37Z</time>
    </trkpt>
    <trkpt lat="12.184268218" lon="99.849481126">
      <ele>15.312</ele>
      <time>2026-02-20T01:56:38Z</time>
    </trkpt>
    <trkpt lat="12.099862997" lon="99.853718514">
      <ele>12.076</ele>
      <time>2026-02-20T02:04:44Z</time>
    </trkpt>
    <trkpt lat="11.966434121" lon="99.831221486">
      <ele>14.594</ele>
      <time>2026-02-20T02:20:00Z</time>
    </trkpt>
    <trkpt lat="11.83585614" lon="99.781532306">
      <ele>13.402</ele>
      <time>2026-02-20T02:35:05Z</time>
    </trkpt>
    <trkpt lat="11.824518993" lon="99.782033442">
      <ele>15.325</ele>
      <time>2026-02-20T02:50:03Z</time>
    </trkpt>
    <trkpt lat="11.778343879" lon="99.771730593">
      <ele>10.489</ele>
      <time>2026-02-20T03:05:40Z</time>
    </trkpt>
    <trkpt lat="11.645629602" lon="99.676562045">
      <ele>28.12</ele>
      <time>2026-02-20T03:20:40Z</time>
    </trkpt>
    <trkpt lat="11.495658578" lon="99.601942739">
      <ele>14.623</ele>
      <time>2026-02-20T03:35:41Z</time>
    </trkpt>
    <trkpt lat="11.49530746" lon="99.601764707">
      <ele>14.616</ele>
      <time>2026-02-20T03:35:43Z</time>
    </trkpt>
    <trkpt lat="11.494797589" lon="99.601478297">
      <ele>16.591</ele>
      <time>2026-02-20T03:35:46Z</time>
    </trkpt>
    <trkpt lat="11.494484064" lon="99.601316443">
      <ele>16.776</ele>
      <time>2026-02-20T03:35:48Z</time>
    </trkpt>
    <trkpt lat="11.49416354" lon="99.601177638">
      <ele>15.239</ele>
      <time>2026-02-20T03:35:50Z</time>
    </trkpt>
    <trkpt lat="11.493831001" lon="99.601064502">
      <ele>15.098</ele>
      <time>2026-02-20T03:35:52Z</time>
    </trkpt>
    <trkpt lat="11.49347728" lon="99.600988906">
      <ele>14.83</ele>
      <time>2026-02-20T03:35:54Z</time>
    </trkpt>
    <trkpt lat="11.493123179" lon="99.600949989">
      <ele>14.84</ele>
      <time>2026-02-20T03:35:56Z</time>
    </trkpt>
    <trkpt lat="11.492768451" lon="99.600947304">
      <ele>14.84</ele>
      <time>2026-02-20T03:35:58Z</time>
    </trkpt>
    <trkpt lat="11.492412601" lon="99.600970813">
      <ele>15.495</ele>
      <time>2026-02-20T03:36:00Z</time>
    </trkpt>
    <trkpt lat="11.492041176" lon="99.6010195">
      <ele>15.018</ele>
      <time>2026-02-20T03:36:02Z</time>
    </trkpt>
    <trkpt lat="11.491667433" lon="99.601050716">
      <ele>14.999</ele>
      <time>2026-02-20T03:36:04Z</time>
    </trkpt>
    <trkpt lat="11.491287839" lon="99.601096668">
      <ele>17.124</ele>
      <time>2026-02-20T03:36:06Z</time>
    </trkpt>
    <trkpt lat="11.490910623" lon="99.601139562">
      <ele>20.546</ele>
      <time>2026-02-20T03:36:08Z</time>
    </trkpt>
    <trkpt lat="11.490528375" lon="99.601172045">
      <ele>22.198</ele>
      <time>2026-02-20T03:36:10Z</time>
    </trkpt>
    <trkpt lat="11.490143768" lon="99.601188322">
      <ele>22.0</ele>
      <time>2026-02-20T03:36:12Z</time>
    </trkpt>
    <trkpt lat="11.48976601" lon="99.601220057">
      <ele>23.173</ele>
      <time>2026-02-20T03:36:14Z</time>
    </trkpt>
    <trkpt lat="11.489387751" lon="99.601254508">
      <ele>27.023</ele>
      <time>2026-02-20T03:36:16Z</time>
    </trkpt>
    <trkpt lat="11.489010249" lon="99.601297566">
      <ele>29.563</ele>
      <time>2026-02-20T03:36:18Z</time>
    </trkpt>
    <trkpt lat="11.488630602" lon="99.601337684">
      <ele>30.0</ele>
      <time>2026-02-20T03:36:20Z</time>
    </trkpt>
    <trkpt lat="11.488260856" lon="99.601378126">
      <ele>31.261</ele>
      <time>2026-02-20T03:36:22Z</time>
    </trkpt>
    <trkpt lat="11.387505499" lon="99.508566745">
      <ele>52.12</ele>
      <time>2026-02-20T03:50:11Z</time>
    </trkpt>
    <trkpt lat="11.254360895" lon="99.439143716">
      <ele>25.301</ele>
      <time>2026-02-20T04:05:12Z</time>
    </trkpt>
    <trkpt lat="11.254029474" lon="99.439110356">
      <ele>26.394</ele>
      <time>2026-02-20T04:05:14Z</time>
    </trkpt>
    <trkpt lat="11.25363607" lon="99.439174393">
      <ele>25.18</ele>
      <time>2026-02-20T04:05:16Z</time>
    </trkpt>
    <trkpt lat="11.253276109" lon="99.439222757">
      <ele>24.366</ele>
      <time>2026-02-20T04:05:18Z</time>
    </trkpt>
    <trkpt lat="11.252902569" lon="99.439271875">
      <ele>25.342</ele>
      <time>2026-02-20T04:05:20Z</time>
    </trkpt>
    <trkpt lat="11.252525928" lon="99.439322418">
      <ele>25.549</ele>
      <time>2026-02-20T04:05:22Z</time>
    </trkpt>
    <trkpt lat="11.252158416" lon="99.439376774">
      <ele>25.826</ele>
      <time>2026-02-20T04:05:24Z</time>
    </trkpt>
    <trkpt lat="11.251800768" lon="99.439424019">
      <ele>25.035</ele>
      <time>2026-02-20T04:05:26Z</time>
    </trkpt>
    <trkpt lat="11.25145538" lon="99.439467296">
      <ele>25.082</ele>
      <time>2026-02-20T04:05:28Z</time>
    </trkpt>
    <trkpt lat="11.251109442" lon="99.439514301">
      <ele>24.0</ele>
      <time>2026-02-20T04:05:30Z</time>
    </trkpt>
    <trkpt lat="11.250780485" lon="99.439559359">
      <ele>24.0</ele>
      <time>2026-02-20T04:05:32Z</time>
    </trkpt>
    <trkpt lat="11.115998891" lon="99.369025324">
      <ele>93.877</ele>
      <time>2026-02-20T04:20:42Z</time>
    </trkpt>
    <trkpt lat="11.115642115" lon="99.368934548">
      <ele>93.267</ele>
      <time>2026-02-20T04:20:43Z</time>
    </trkpt>
    <trkpt lat="11.115296194" lon="99.368817033">
      <ele>91.307</ele>
      <time>2026-02-20T04:20:45Z</time>
    </trkpt>
    <trkpt lat="11.11477132" lon="99.368651239">
      <ele>89.868</ele>
      <time>2026-02-20T04:20:48Z</time>
    </trkpt>
    <trkpt lat="11.114421878" lon="99.36855183">
      <ele>89.495</ele>
      <time>2026-02-20T04:20:50Z</time>
    </trkpt>
    <trkpt lat="11.114075328" lon="99.368454851">
      <ele>89.25</ele>
      <time>2026-02-20T04:20:52Z</time>
    </trkpt>
    <trkpt lat="11.113725146" lon="99.368357547">
      <ele>90.267</ele>
      <time>2026-02-20T04:20:54Z</time>
    </trkpt>
    <trkpt lat="11.113376654" lon="99.368257143">
      <ele>90.36</ele>
      <time>2026-02-20T04:20:56Z</time>
    </trkpt>
    <trkpt lat="11.113030078" lon="99.368162818">
      <ele>88.852</ele>
      <time>2026-02-20T04:20:58Z</time>
    </trkpt>
    <trkpt lat="11.112677533" lon="99.368056446">
      <ele>87.003</ele>
      <time>2026-02-20T04:21:00Z</time>
    </trkpt>
    <trkpt lat="10.976874805" lon="99.330887916">
      <ele>102.15</ele>
      <time>2026-02-20T04:36:13Z</time>
    </trkpt>
    <trkpt lat="10.935948167" lon="99.29370547">
      <ele>80.048</ele>
      <time>2026-02-20T04:51:13Z</time>
    </trkpt>
    <trkpt lat="10.867521563" lon="99.248500262">
      <ele>49.171</ele>
      <time>2026-02-20T05:37:00Z</time>
    </trkpt>
    <trkpt lat="10.867021373" lon="99.248250397">
      <ele>47.187</ele>
      <time>2026-02-20T05:37:02Z</time>
    </trkpt>
    <trkpt lat="10.865037526" lon="99.247317498">
      <ele>46.254</ele>
      <time>2026-02-20T05:37:20Z</time>
    </trkpt>
    <trkpt lat="10.863571255" lon="99.247688055">
      <ele>48.127</ele>
      <time>2026-02-20T05:37:21Z</time>
    </trkpt>
    <trkpt lat="10.863140761" lon="99.247693168">
      <ele>55.912</ele>
      <time>2026-02-20T05:37:23Z</time>
    </trkpt>
    <trkpt lat="10.862765755" lon="99.247612031">
      <ele>57.526</ele>
      <time>2026-02-20T05:37:25Z</time>
    </trkpt>
    <trkpt lat="10.862356927" lon="99.247606248">
      <ele>53.954</ele>
      <time>2026-02-20T05:37:27Z</time>
    </trkpt>
    <trkpt lat="10.861981208" lon="99.247558555">
      <ele>49.451</ele>
      <time>2026-02-20T05:37:29Z</time>
    </trkpt>
    <trkpt lat="10.861595809" lon="99.247509353">
      <ele>47.628</ele>
      <time>2026-02-20T05:37:31Z</time>
    </trkpt>
    <trkpt lat="10.86121574" lon="99.247454491">
      <ele>49.857</ele>
      <time>2026-02-20T05:37:33Z</time>
    </trkpt>
    <trkpt lat="10.860836326" lon="99.247396828">
      <ele>53.592</ele>
      <time>2026-02-20T05:37:35Z</time>
    </trkpt>
    <trkpt lat="10.860456501" lon="99.247340245">
      <ele>58.826</ele>
      <time>2026-02-20T05:37:37Z</time>
    </trkpt>
    <trkpt lat="10.860079331" lon="99.247283617">
      <ele>59.514</ele>
      <time>2026-02-20T05:37:39Z</time>
    </trkpt>
    <trkpt lat="10.731145777" lon="99.206095375">
      <ele>57.057</ele>
      <time>2026-02-20T05:52:53Z</time>
    </trkpt>
    <trkpt lat="10.695794146" lon="99.205237585">
      <ele>31.286</ele>
      <time>2026-02-20T06:07:53Z</time>
    </trkpt>
    <trkpt lat="10.594614339" lon="99.138630694">
      <ele>16.847</ele>
      <time>2026-02-20T07:09:15Z</time>
    </trkpt>
    <trkpt lat="10.594755993" lon="99.138341267">
      <ele>15.268</ele>
      <time>2026-02-20T07:09:16Z</time>
    </trkpt>
    <trkpt lat="10.5947658" lon="99.137876323">
      <ele>15.655</ele>
      <time>2026-02-20T07:09:18Z</time>
    </trkpt>
    <trkpt lat="10.594794131" lon="99.137250194">
      <ele>14.482</ele>
      <time>2026-02-20T07:09:21Z</time>
    </trkpt>
    <trkpt lat="10.594816469" lon="99.13686689">
      <ele>13.476</ele>
      <time>2026-02-20T07:09:23Z</time>
    </trkpt>
    <trkpt lat="10.594842578" lon="99.136480736">
      <ele>13.29</ele>
      <time>2026-02-20T07:09:25Z</time>
    </trkpt>
    <trkpt lat="10.594872619" lon="99.136092853">
      <ele>13.476</ele>
      <time>2026-02-20T07:09:27Z</time>
    </trkpt>
    <trkpt lat="10.594897596" lon="99.135701389">
      <ele>11.856</ele>
      <time>2026-02-20T07:09:29Z</time>
    </trkpt>
    <trkpt lat="10.594923623" lon="99.135309277">
      <ele>10.113</ele>
      <time>2026-02-20T07:09:31Z</time>
    </trkpt>
    <trkpt lat="10.594952852" lon="99.134918171">
      <ele>11.295</ele>
      <time>2026-02-20T07:09:33Z</time>
    </trkpt>
    <trkpt lat="10.594981694" lon="99.134528036">
      <ele>12.0</ele>
      <time>2026-02-20T07:09:35Z</time>
    </trkpt>
    <trkpt lat="10.507311034" lon="99.09415531">
      <ele>17.307</ele>
      <time>2026-02-20T07:24:46Z</time>
    </trkpt>
    <trkpt lat="10.50262379" lon="98.960758243">
      <ele>46.975</ele>
      <time>2026-02-20T07:39:48Z</time>
    </trkpt>
    <trkpt lat="10.502526434" lon="98.960405113">
      <ele>49.351</ele>
      <time>2026-02-20T07:39:50Z</time>
    </trkpt>
    <trkpt lat="10.50239509" lon="98.96002776">
      <ele>51.133</ele>
      <time>2026-02-20T07:39:53Z</time>
    </trkpt>
    <trkpt lat="10.50228361" lon="98.959683599">
      <ele>51.229</ele>
      <time>2026-02-20T07:39:54Z</time>
    </trkpt>
    <trkpt lat="10.502171796" lon="98.959337175">
      <ele>50.614</ele>
      <time>2026-02-20T07:39:56Z</time>
    </trkpt>
    <trkpt lat="10.502064927" lon="98.958996786">
      <ele>49.735</ele>
      <time>2026-02-20T07:39:58Z</time>
    </trkpt>
    <trkpt lat="10.501958503" lon="98.958660695">
      <ele>49.949</ele>
      <time>2026-02-20T07:40:00Z</time>
    </trkpt>
    <trkpt lat="10.501805499" lon="98.958223458">
      <ele>49.802</ele>
      <time>2026-02-20T07:40:03Z</time>
    </trkpt>
    <trkpt lat="10.501539749" lon="98.957881573">
      <ele>48.256</ele>
      <time>2026-02-20T07:40:06Z</time>
    </trkpt>
    <trkpt lat="10.501171283" lon="98.957622741">
      <ele>46.112</ele>
      <time>2026-02-20T07:40:09Z</time>
    </trkpt>
    <trkpt lat="10.500731764" lon="98.957490699">
      <ele>46.466</ele>
      <time>2026-02-20T07:40:12Z</time>
    </trkpt>
    <trkpt lat="10.500279605" lon="98.957410415">
      <ele>50.307</ele>
      <time>2026-02-20T07:40:15Z</time>
    </trkpt>
    <trkpt lat="10.499901261" lon="98.957204763">
      <ele>54.333</ele>
      <time>2026-02-20T07:40:18Z</time>
    </trkpt>
    <trkpt lat="10.499579748" lon="98.956912223">
      <ele>54.966</ele>
      <time>2026-02-20T07:40:21Z</time>
    </trkpt>
    <trkpt lat="10.499329646" lon="98.956491106">
      <ele>55.195</ele>
      <time>2026-02-20T07:40:24Z</time>
    </trkpt>
    <trkpt lat="10.499146539" lon="98.956218515">
      <ele>56.117</ele>
      <time>2026-02-20T07:40:26Z</time>
    </trkpt>
    <trkpt lat="10.498965407" lon="98.955936078">
      <ele>57.166</ele>
      <time>2026-02-20T07:40:28Z</time>
    </trkpt>
    <trkpt lat="10.522923167" lon="98.839556594">
      <ele>16.303</ele>
      <time>2026-02-20T07:55:51Z</time>
    </trkpt>
    <trkpt lat="10.504617686" lon="98.822974293">
      <ele>12.019</ele>
      <time>2026-02-20T08:10:51Z</time>
    </trkpt>
    <trkpt lat="10.377917332" lon="98.779107733">
      <ele>32.111</ele>
      <time>2026-02-20T08:25:51Z</time>
    </trkpt>
    <trkpt lat="10.377507876" lon="98.779163137">
      <ele>30.016</ele>
      <time>2026-02-20T08:25:52Z</time>
    </trkpt>
    <trkpt lat="10.377113591" lon="98.779198928">
      <ele>30.045</ele>
      <time>2026-02-20T08:25:54Z</time>
    </trkpt>
    <trkpt lat="10.376748936" lon="98.779242346">
      <ele>29.76</ele>
      <time>2026-02-20T08:25:56Z</time>
    </trkpt>
    <trkpt lat="10.376341953" lon="98.779350054">
      <ele>28.474</ele>
      <time>2026-02-20T08:25:58Z</time>
    </trkpt>
    <trkpt lat="10.375994942" lon="98.779514339">
      <ele>26.5</ele>
      <time>2026-02-20T08:26:00Z</time>
    </trkpt>
    <trkpt lat="10.375666036" lon="98.77971299">
      <ele>26.86</ele>
      <time>2026-02-20T08:26:02Z</time>
    </trkpt>
    <trkpt lat="10.375362945" lon="98.779939867">
      <ele>31.608</ele>
      <time>2026-02-20T08:26:04Z</time>
    </trkpt>
    <trkpt lat="10.375099887" lon="98.780210019">
      <ele>33.512</ele>
      <time>2026-02-20T08:26:06Z</time>
    </trkpt>
    <trkpt lat="10.374832376" lon="98.78046493">
      <ele>33.327</ele>
      <time>2026-02-20T08:26:08Z</time>
    </trkpt>
    <trkpt lat="10.374562289" lon="98.78071401">
      <ele>31.747</ele>
      <time>2026-02-20T08:26:10Z</time>
    </trkpt>
    <trkpt lat="10.231950302" lon="98.738319967">
      <ele>8.892</ele>
      <time>2026-02-20T08:41:22Z</time>
    </trkpt>
    <trkpt lat="10.099441465" lon="98.675450496">
      <ele>39.19</ele>
      <time>2026-02-20T08:56:23Z</time>
    </trkpt>
    <trkpt lat="10.099113104" lon="98.675573543">
      <ele>34.926</ele>
      <time>2026-02-20T08:56:25Z</time>
    </trkpt>
    <trkpt lat="10.098784994" lon="98.675580332">
      <ele>34.445</ele>
      <time>2026-02-20T08:56:27Z</time>
    </trkpt>
    <trkpt lat="10.098463758" lon="98.675518138">
      <ele>38.446</ele>
      <time>2026-02-20T08:56:29Z</time>
    </trkpt>
    <trkpt lat="10.098163476" lon="98.675381681">
      <ele>39.137</ele>
      <time>2026-02-20T08:56:31Z</time>
    </trkpt>
    <trkpt lat="10.097899237" lon="98.675173391">
      <ele>36.686</ele>
      <time>2026-02-20T08:56:33Z</time>
    </trkpt>
    <trkpt lat="10.097675167" lon="98.674917262">
      <ele>35.072</ele>
      <time>2026-02-20T08:56:35Z</time>
    </trkpt>
    <trkpt lat="10.097513011" lon="98.674606138">
      <ele>35.391</ele>
      <time>2026-02-20T08:56:37Z</time>
    </trkpt>
    <trkpt lat="10.097349763" lon="98.674283124">
      <ele>36.768</ele>
      <time>2026-02-20T08:56:39Z</time>
    </trkpt>
    <trkpt lat="10.097147414" lon="98.673957898">
      <ele>36.102</ele>
      <time>2026-02-20T08:56:41Z</time>
    </trkpt>
    <trkpt lat="10.096944627" lon="98.67363049">
      <ele>34.209</ele>
      <time>2026-02-20T08:56:43Z</time>
    </trkpt>
    <trkpt lat="9.990170491" lon="98.650137233">
      <ele>18.007</ele>
      <time>2026-02-20T09:11:53Z</time>
    </trkpt>
    <trkpt lat="9.932273878" lon="98.634191416">
      <ele>21.661</ele>
      <time>2026-02-20T09:26:53Z</time>
    </trkpt>
    <trkpt lat="9.888212015" lon="98.628007164">
      <ele>8.902</ele>
      <time>2026-02-20T09:42:26Z</time>
    </trkpt>
    <trkpt lat="9.757346995" lon="98.592317943">
      <ele>20.483</ele>
      <time>2026-02-20T09:55:59Z</time>
    </trkpt>
    <trkpt lat="9.656359102" lon="98.561354019">
      <ele>15.112</ele>
      <time>2026-02-20T10:11:00Z</time>
    </trkpt>
    <trkpt lat="9.656072566" lon="98.561183028">
      <ele>14.861</ele>
      <time>2026-02-20T10:11:03Z</time>
    </trkpt>
    <trkpt lat="9.655630128" lon="98.56105051">
      <ele>12.537</ele>
      <time>2026-02-20T10:11:05Z</time>
    </trkpt>
    <trkpt lat="9.655308933" lon="98.561005667">
      <ele>9.336</ele>
      <time>2026-02-20T10:11:07Z</time>
    </trkpt>
    <trkpt lat="9.654987403" lon="98.560968535">
      <ele>9.0</ele>
      <time>2026-02-20T10:11:09Z</time>
    </trkpt>
    <trkpt lat="9.654666544" lon="98.560937695">
      <ele>8.925</ele>
      <time>2026-02-20T10:11:11Z</time>
    </trkpt>
    <trkpt lat="9.654338096" lon="98.560901873">
      <ele>9.425</ele>
      <time>2026-02-20T10:11:13Z</time>
    </trkpt>
    <trkpt lat="9.654011611" lon="98.560858423">
      <ele>11.378</ele>
      <time>2026-02-20T10:11:15Z</time>
    </trkpt>
    <trkpt lat="9.653693548" lon="98.560817757">
      <ele>11.504</ele>
      <time>2026-02-20T10:11:17Z</time>
    </trkpt>
    <trkpt lat="9.653240835" lon="98.560698682">
      <ele>11.293</ele>
      <time>2026-02-20T10:11:20Z</time>
    </trkpt>
    <trkpt lat="9.569314211" lon="98.598989435">
      <ele>7.401</ele>
      <time>2026-02-20T10:26:30Z</time>
    </trkpt>
    <trkpt lat="9.491430698" lon="98.515217425">
      <ele>20.569</ele>
      <time>2026-02-20T10:41:31Z</time>
    </trkpt>
    <trkpt lat="9.491063906" lon="98.514971417">
      <ele>17.983</ele>
      <time>2026-02-20T10:41:34Z</time>
    </trkpt>
    <trkpt lat="9.490740951" lon="98.514664807">
      <ele>18.4</ele>
      <time>2026-02-20T10:41:37Z</time>
    </trkpt>
    <trkpt lat="9.490463552" lon="98.514310252">
      <ele>20.362</ele>
      <time>2026-02-20T10:41:40Z</time>
    </trkpt>
    <trkpt lat="9.490167794" lon="98.51394191">
      <ele>19.948</ele>
      <time>2026-02-20T10:41:43Z</time>
    </trkpt>
    <trkpt lat="9.489977701" lon="98.513677871">
      <ele>21.061</ele>
      <time>2026-02-20T10:41:45Z</time>
    </trkpt>
    <trkpt lat="9.489768286" lon="98.513428856">
      <ele>20.821</ele>
      <time>2026-02-20T10:41:47Z</time>
    </trkpt>
    <trkpt lat="9.489565078" lon="98.513157409">
      <ele>20.363</ele>
      <time>2026-02-20T10:41:49Z</time>
    </trkpt>
    <trkpt lat="9.489349323" lon="98.512878823">
      <ele>20.63</ele>
      <time>2026-02-20T10:41:51Z</time>
    </trkpt>
    <trkpt lat="9.456019001" lon="98.445544951">
      <ele>107.01</ele>
      <time>2026-02-20T10:57:02Z</time>
    </trkpt>
    <trkpt lat="9.456343171" lon="98.445541598">
      <ele>109.944</ele>
      <time>2026-02-20T10:57:09Z</time>
    </trkpt>
    <trkpt lat="9.456699483" lon="98.445455593">
      <ele>101.082</ele>
      <time>2026-02-20T10:57:14Z</time>
    </trkpt>
    <trkpt lat="9.457035096" lon="98.445376454">
      <ele>84.613</ele>
      <time>2026-02-20T10:57:19Z</time>
    </trkpt>
    <trkpt lat="9.45740151" lon="98.445211668">
      <ele>75.249</ele>
      <time>2026-02-20T10:57:22Z</time>
    </trkpt>
    <trkpt lat="9.457730393" lon="98.445002254">
      <ele>73.325</ele>
      <time>2026-02-20T10:57:26Z</time>
    </trkpt>
    <trkpt lat="9.4580965" lon="98.444891754">
      <ele>76.518</ele>
      <time>2026-02-20T10:57:30Z</time>
    </trkpt>
    <trkpt lat="9.45847996" lon="98.444892632">
      <ele>75.195</ele>
      <time>2026-02-20T10:57:35Z</time>
    </trkpt>
    <trkpt lat="9.458704057" lon="98.44515808">
      <ele>63.349</ele>
      <time>2026-02-20T10:57:39Z</time>
    </trkpt>
    <trkpt lat="9.459029319" lon="98.445400613">
      <ele>51.99</ele>
      <time>2026-02-20T10:57:43Z</time>
    </trkpt>
    <trkpt lat="9.459389725" lon="98.445467774">
      <ele>47.446</ele>
      <time>2026-02-20T10:57:46Z</time>
    </trkpt>
    <trkpt lat="9.459743594" lon="98.445554011">
      <ele>46.847</ele>
      <time>2026-02-20T10:57:49Z</time>
    </trkpt>
    <trkpt lat="9.460071323" lon="98.445585159">
      <ele>44.839</ele>
      <time>2026-02-20T10:57:52Z</time>
    </trkpt>
    <trkpt lat="9.460395904" lon="98.445435197">
      <ele>45.0</ele>
      <time>2026-02-20T10:57:55Z</time>
    </trkpt>
    <trkpt lat="9.460695529" lon="98.445234555">
      <ele>43.758</ele>
      <time>2026-02-20T10:57:58Z</time>
    </trkpt>
    <trkpt lat="9.461076633" lon="98.445177166">
      <ele>38.772</ele>
      <time>2026-02-20T10:58:02Z</time>
    </trkpt>
    <trkpt lat="9.46402506" lon="98.433980774">
      <ele>5.838</ele>
      <time>2026-02-20T11:07:25Z</time>
    </trkpt>
    <trkpt lat="9.451134237" lon="98.449521661">
      <ele>41.506</ele>
      <time>2026-02-21T04:30:13Z</time>
    </trkpt>
    <trkpt lat="9.449904979" lon="98.450227872">
      <ele>26.514</ele>
      <time>2026-02-21T04:30:34Z</time>
    </trkpt>
    <trkpt lat="9.448298346" lon="98.451263085">
      <ele>17.736</ele>
      <time>2026-02-21T04:30:39Z</time>
    </trkpt>
    <trkpt lat="9.448086452" lon="98.451570114">
      <ele>15.406</ele>
      <time>2026-02-21T04:30:42Z</time>
    </trkpt>
    <trkpt lat="9.44783424" lon="98.451903965">
      <ele>15.347</ele>
      <time>2026-02-21T04:30:45Z</time>
    </trkpt>
    <trkpt lat="9.447631356" lon="98.452214347">
      <ele>13.501</ele>
      <time>2026-02-21T04:30:49Z</time>
    </trkpt>
    <trkpt lat="9.416735368" lon="98.442747826">
      <ele>23.564</ele>
      <time>2026-02-21T04:45:06Z</time>
    </trkpt>
    <trkpt lat="9.321676916" lon="98.40240866">
      <ele>23.509</ele>
      <time>2026-02-21T04:57:42Z</time>
    </trkpt>
    <trkpt lat="9.321184144" lon="98.402577974">
      <ele>24.512</ele>
      <time>2026-02-21T04:57:44Z</time>
    </trkpt>
    <trkpt lat="9.320657551" lon="98.402674282">
      <ele>21.343</ele>
      <time>2026-02-21T04:57:47Z</time>
    </trkpt>
    <trkpt lat="9.320322694" lon="98.402741421">
      <ele>21.429</ele>
      <time>2026-02-21T04:57:49Z</time>
    </trkpt>
    <trkpt lat="9.31998767" lon="98.402812248">
      <ele>21.879</ele>
      <time>2026-02-21T04:57:51Z</time>
    </trkpt>
    <trkpt lat="9.31964946" lon="98.402883997">
      <ele>24.176</ele>
      <time>2026-02-21T04:57:53Z</time>
    </trkpt>
    <trkpt lat="9.319307074" lon="98.402944602">
      <ele>23.997</ele>
      <time>2026-02-21T04:57:55Z</time>
    </trkpt>
    <trkpt lat="9.318958747" lon="98.402982914">
      <ele>22.916</ele>
      <time>2026-02-21T04:57:57Z</time>
    </trkpt>
    <trkpt lat="9.31861419" lon="98.402987525">
      <ele>22.735</ele>
      <time>2026-02-21T04:57:59Z</time>
    </trkpt>
    <trkpt lat="9.318269042" lon="98.402961243">
      <ele>21.63</ele>
      <time>2026-02-21T04:58:01Z</time>
    </trkpt>
    <trkpt lat="8.04795411" lon="98.814186333">
      <ele>11.001</ele>
      <time>2026-02-26T08:58:41Z</time>
    </trkpt>
    <trkpt lat="8.048276957" lon="98.814097479">
      <ele>10.654</ele>
      <time>2026-02-28T01:22:03Z</time>
    </trkpt>
    <trkpt lat="8.044248258" lon="98.811142116">
      <ele>5.0</ele>
      <time>2026-02-28T04:34:37Z</time>
    </trkpt>
    <trkpt lat="8.04572467" lon="98.803387705">
      <ele>7.294</ele>
      <time>2026-02-28T04:49:30Z</time>
    </trkpt>
    <trkpt lat="8.046424121" lon="98.80015936">
      <ele>17.692</ele>
      <time>2026-02-28T05:53:24Z</time>
    </trkpt>
    <trkpt lat="8.045361255" lon="98.80445358">
      <ele>5.611</ele>
      <time>2026-02-28T09:37:31Z</time>
    </trkpt>
    <trkpt lat="8.042967555" lon="98.810080066">
      <ele>1.909</ele>
      <time>2026-02-28T09:48:33Z</time>
    </trkpt>
    <trkpt lat="8.04622692" lon="98.813175386">
      <ele>4.0</ele>
      <time>2026-02-28T11:05:51Z</time>
    </trkpt>
    <trkpt lat="8.049931012" lon="98.816079492">
      <ele>11.369</ele>
      <time>2026-03-01T06:22:08Z</time>
    </trkpt>
    <trkpt lat="8.048107022" lon="98.814089081">
      <ele>11.029</ele>
      <time>2026-03-01T16:15:00Z</time>
    </trkpt>
    <trkpt lat="8.06576557" lon="98.826445621">
      <ele>61.93</ele>
      <time>2026-03-02T02:41:38Z</time>
    </trkpt>
    <trkpt lat="8.145187078" lon="98.822357431">
      <ele>45.476</ele>
      <time>2026-03-02T02:56:59Z</time>
    </trkpt>
    <trkpt lat="8.215900585" lon="98.808601052">
      <ele>46.516</ele>
      <time>2026-03-02T03:08:14Z</time>
    </trkpt>
    <trkpt lat="8.322678697" lon="98.772658696">
      <ele>33.429</ele>
      <time>2026-03-02T03:20:07Z</time>
    </trkpt>
    <trkpt lat="8.399870032" lon="98.742281674">
      <ele>24.424</ele>
      <time>2026-03-02T03:30:44Z</time>
    </trkpt>
    <trkpt lat="8.506716462" lon="98.682462661">
      <ele>17.531</ele>
      <time>2026-03-02T03:43:03Z</time>
    </trkpt>
    <trkpt lat="8.474046355" lon="98.670999957">
      <ele>11.967</ele>
      <time>2026-03-02T03:48:09Z</time>
    </trkpt>
    <trkpt lat="8.438138491" lon="98.573377188">
      <ele>1.97</ele>
      <time>2026-03-02T04:00:01Z</time>
    </trkpt>
    <trkpt lat="8.431180548" lon="98.519326737">
      <ele>5.674</ele>
      <time>2026-03-02T04:14:06Z</time>
    </trkpt>
    <trkpt lat="8.434978381" lon="98.514871001">
      <ele>7.929</ele>
      <time>2026-03-02T04:34:28Z</time>
    </trkpt>
    <trkpt lat="8.481330815" lon="98.521809365">
      <ele>15.486</ele>
      <time>2026-03-02T04:45:07Z</time>
    </trkpt>
    <trkpt lat="8.545871609" lon="98.480352052">
      <ele>26.211</ele>
      <time>2026-03-02T04:55:55Z</time>
    </trkpt>
    <trkpt lat="8.56439736" lon="98.400621635">
      <ele>27.972</ele>
      <time>2026-03-02T05:06:49Z</time>
    </trkpt>
    <trkpt lat="8.535398157" lon="98.304864494">
      <ele>30.461</ele>
      <time>2026-03-02T05:19:38Z</time>
    </trkpt>
    <trkpt lat="8.591351295" lon="98.256886949">
      <ele>8.036</ele>
      <time>2026-03-02T05:30:35Z</time>
    </trkpt>
    <trkpt lat="8.644167767" lon="98.251365256">
      <ele>18.83</ele>
      <time>2026-03-02T05:41:29Z</time>
    </trkpt>
    <trkpt lat="8.674785485" lon="98.252988893">
      <ele>5.945</ele>
      <time>2026-03-02T05:46:27Z</time>
    </trkpt>
    <trkpt lat="8.795470172" lon="98.267459264">
      <ele>10.102</ele>
      <time>2026-03-02T05:58:46Z</time>
    </trkpt>
    <trkpt lat="8.839848284" lon="98.283497281">
      <ele>11.727</ele>
      <time>2026-03-02T06:03:55Z</time>
    </trkpt>
    <trkpt lat="8.860955592" lon="98.275908642">
      <ele>6.169</ele>
      <time>2026-03-02T06:08:57Z</time>
    </trkpt>
    <trkpt lat="8.865483454" lon="98.273965716">
      <ele>1.465</ele>
      <time>2026-03-02T06:14:08Z</time>
    </trkpt>
    <trkpt lat="8.884496762" lon="98.268681692">
      <ele>3.886</ele>
      <time>2026-03-02T06:38:20Z</time>
    </trkpt>
    <trkpt lat="8.91778586" lon="98.249990456">
      <ele>5.738</ele>
      <time>2026-03-02T06:53:06Z</time>
    </trkpt>
    <trkpt lat="8.923366279" lon="98.258245709">
      <ele>5.0</ele>
      <time>2026-03-05T06:54:03Z</time>
    </trkpt>
    <trkpt lat="8.932803716" lon="98.259783033">
      <ele>5.178</ele>
      <time>2026-03-05T07:04:30Z</time>
    </trkpt>
    <trkpt lat="8.933500419" lon="98.258788018">
      <ele>10.418</ele>
      <time>2026-03-05T13:10:51Z</time>
    </trkpt>
    <trkpt lat="8.93372459" lon="98.25822561">
      <ele>0.0</ele>
      <time>2026-03-08T04:58:32Z</time>
    </trkpt>
    <trkpt lat="8.541321951" lon="98.531299407">
      <ele>33.725</ele>
      <time>2026-03-09T09:35:12Z</time>
    </trkpt>
    <trkpt lat="8.540875266" lon="98.531704963">
      <ele>28.992</ele>
      <time>2026-03-09T10:04:47Z</time>
    </trkpt>
    <trkpt lat="8.533403808" lon="98.524193186">
      <ele>39.937</ele>
      <time>2026-03-10T03:21:08Z</time>
    </trkpt>
    <trkpt lat="8.511391422" lon="98.513671719">
      <ele>30.562</ele>
      <time>2026-03-10T03:27:55Z</time>
    </trkpt>
    <trkpt lat="8.457554542" lon="98.531534057">
      <ele>21.915</ele>
      <time>2026-03-10T03:36:30Z</time>
    </trkpt>
    <trkpt lat="8.433258464" lon="98.516770005">
      <ele>17.445</ele>
      <time>2026-03-10T03:41:36Z</time>
    </trkpt>
    <trkpt lat="8.430119231" lon="98.567564255">
      <ele>5.132</ele>
      <time>2026-03-10T03:49:02Z</time>
    </trkpt>
    <trkpt lat="8.468350265" lon="98.594737463">
      <ele>16.11</ele>
      <time>2026-03-10T03:54:06Z</time>
    </trkpt>
    <trkpt lat="8.492725259" lon="98.628796153">
      <ele>22.126</ele>
      <time>2026-03-10T03:59:18Z</time>
    </trkpt>
    <trkpt lat="8.506996622" lon="98.679831214">
      <ele>21.507</ele>
      <time>2026-03-10T04:09:17Z</time>
    </trkpt>
    <trkpt lat="8.439606456" lon="98.739213226">
      <ele>64.098</ele>
      <time>2026-03-10T04:19:10Z</time>
    </trkpt>
    <trkpt lat="8.396995794" lon="98.742953735">
      <ele>39.648</ele>
      <time>2026-03-10T04:24:12Z</time>
    </trkpt>
    <trkpt lat="8.363013966" lon="98.751557507">
      <ele>27.824</ele>
      <time>2026-03-10T04:29:19Z</time>
    </trkpt>
    <trkpt lat="8.313866802" lon="98.775403602">
      <ele>44.971</ele>
      <time>2026-03-10T04:34:22Z</time>
    </trkpt>
    <trkpt lat="8.273076648" lon="98.802846875">
      <ele>43.171</ele>
      <time>2026-03-10T04:39:24Z</time>
    </trkpt>
    <trkpt lat="8.220510129" lon="98.80858521">
      <ele>39.58</ele>
      <time>2026-03-10T04:44:35Z</time>
    </trkpt>
    <trkpt lat="8.144310121" lon="98.828669926">
      <ele>39.761</ele>
      <time>2026-03-10T04:57:39Z</time>
    </trkpt>
    <trkpt lat="8.122727307" lon="98.804063425">
      <ele>43.182</ele>
      <time>2026-03-10T05:02:51Z</time>
    </trkpt>
    <trkpt lat="8.093825625" lon="98.810685296">
      <ele>26.894</ele>
      <time>2026-03-10T05:07:54Z</time>
    </trkpt>
    <trkpt lat="8.061901471" lon="98.784688236">
      <ele>9.245</ele>
      <time>2026-03-10T05:16:24Z</time>
    </trkpt>
    <trkpt lat="8.046719665" lon="98.760560425">
      <ele>7.809</ele>
      <time>2026-03-10T05:25:18Z</time>
    </trkpt>
    <trkpt lat="8.05235122" lon="98.752759069">
      <ele>3.032</ele>
      <time>2026-03-11T07:45:32Z</time>
    </trkpt>
    <trkpt lat="8.046583683" lon="98.760362431">
      <ele>6.927</ele>
      <time>2026-03-11T07:50:55Z</time>
    </trkpt>
    <trkpt lat="8.052347551" lon="98.752762004">
      <ele>2.979</ele>
      <time>2026-03-11T08:42:51Z</time>
    </trkpt>
    <trkpt lat="8.046596513" lon="98.760348214">
      <ele>6.643</ele>
      <time>2026-03-11T08:47:51Z</time>
    </trkpt>
    <trkpt lat="8.051743358" lon="98.761242041">
      <ele>9.659</ele>
      <time>2026-03-12T03:54:00Z</time>
    </trkpt>
    <trkpt lat="8.091264325" lon="98.813734967">
      <ele>27.648</ele>
      <time>2026-03-12T04:03:57Z</time>
    </trkpt>
    <trkpt lat="8.094528702" lon="98.806663168">
      <ele>17.693</ele>
      <time>2026-03-12T05:39:24Z</time>
    </trkpt>
    <trkpt lat="8.076017504" lon="98.830959141">
      <ele>30.794</ele>
      <time>2026-03-12T05:44:19Z</time>
    </trkpt>
    <trkpt lat="8.08355398" lon="98.88911535">
      <ele>17.627</ele>
      <time>2026-03-12T05:54:56Z</time>
    </trkpt>
    <trkpt lat="8.102114699" lon="98.889497733">
      <ele>29.545</ele>
      <time>2026-03-12T06:00:52Z</time>
    </trkpt>
    <trkpt lat="8.102487484" lon="98.967700638">
      <ele>16.722</ele>
      <time>2026-03-12T06:13:18Z</time>
    </trkpt>
    <trkpt lat="8.102071281" lon="98.971491186">
      <ele>20.906</ele>
      <time>2026-03-12T06:37:50Z</time>
    </trkpt>
    <trkpt lat="8.067502258" lon="99.000854921">
      <ele>11.83</ele>
      <time>2026-03-12T06:43:03Z</time>
    </trkpt>
    <trkpt lat="8.044268964" lon="99.04758621">
      <ele>18.688</ele>
      <time>2026-03-12T06:48:19Z</time>
    </trkpt>
    <trkpt lat="8.018765263" lon="99.115015855">
      <ele>46.472</ele>
      <time>2026-03-12T06:55:26Z</time>
    </trkpt>
    <trkpt lat="7.900880585" lon="99.150553616">
      <ele>19.17</ele>
      <time>2026-03-12T07:09:22Z</time>
    </trkpt>
    <trkpt lat="7.850465108" lon="99.171353233">
      <ele>24.042</ele>
      <time>2026-03-12T07:14:21Z</time>
    </trkpt>
    <trkpt lat="7.80924262" lon="99.200647222">
      <ele>16.0</ele>
      <time>2026-03-12T07:20:09Z</time>
    </trkpt>
    <trkpt lat="7.795009475" lon="99.207657029">
      <ele>12.546</ele>
      <time>2026-03-12T07:25:07Z</time>
    </trkpt>
    <trkpt lat="7.74536158" lon="99.265848873">
      <ele>25.732</ele>
      <time>2026-03-12T07:34:41Z</time>
    </trkpt>
    <trkpt lat="7.734918608" lon="99.30739671">
      <ele>29.36</ele>
      <time>2026-03-12T07:39:48Z</time>
    </trkpt>
    <trkpt lat="7.619370427" lon="99.322445914">
      <ele>28.266</ele>
      <time>2026-03-12T07:53:42Z</time>
    </trkpt>
    <trkpt lat="7.563839606" lon="99.355813935">
      <ele>18.235</ele>
      <time>2026-03-12T08:02:27Z</time>
    </trkpt>
    <trkpt lat="7.540215589" lon="99.363905238">
      <ele>36.013</ele>
      <time>2026-03-12T08:07:34Z</time>
    </trkpt>
    <trkpt lat="7.497585062" lon="99.33248098">
      <ele>11.251</ele>
      <time>2026-03-12T08:21:06Z</time>
    </trkpt>
    <trkpt lat="7.489898186" lon="99.329717215">
      <ele>18.33</ele>
      <time>2026-03-12T08:32:18Z</time>
    </trkpt>
    <trkpt lat="7.482301323" lon="99.332102819">
      <ele>6.261</ele>
      <time>2026-03-12T09:10:23Z</time>
    </trkpt>
    <trkpt lat="7.453536862" lon="99.342809329">
      <ele>5.68</ele>
      <time>2026-03-12T09:24:21Z</time>
    </trkpt>
    <trkpt lat="7.442354732" lon="99.346794924">
      <ele>8.988</ele>
      <time>2026-03-12T09:36:55Z</time>
    </trkpt>
    <trkpt lat="7.437310766" lon="99.345551474">
      <ele>8.687</ele>
      <time>2026-03-12T09:52:04Z</time>
    </trkpt>
    <trkpt lat="7.435810664" lon="99.345777247">
      <ele>6.541</ele>
      <time>2026-03-13T01:06:34Z</time>
    </trkpt>
    <trkpt lat="7.431367859" lon="99.346100148">
      <ele>6.809</ele>
      <time>2026-03-13T02:33:34Z</time>
    </trkpt>
    <trkpt lat="7.426846493" lon="99.361810684">
      <ele>9.211</ele>
      <time>2026-03-14T03:44:47Z</time>
    </trkpt>
    <trkpt lat="7.3898349" lon="99.413800528">
      <ele>16.493</ele>
      <time>2026-03-14T03:55:25Z</time>
    </trkpt>
    <trkpt lat="7.414531675" lon="99.484528788">
      <ele>7.618</ele>
      <time>2026-03-14T04:06:16Z</time>
    </trkpt>
    <trkpt lat="7.486265553" lon="99.520411044">
      <ele>30.117</ele>
      <time>2026-03-14T04:17:31Z</time>
    </trkpt>
    <trkpt lat="7.535208827" lon="99.584086184">
      <ele>13.172</ele>
      <time>2026-03-14T04:31:47Z</time>
    </trkpt>
    <trkpt lat="7.547060489" lon="99.626429753">
      <ele>16.706</ele>
      <time>2026-03-14T04:43:21Z</time>
    </trkpt>
    <trkpt lat="7.566825072" lon="99.67951918">
      <ele>26.141</ele>
      <time>2026-03-14T04:54:25Z</time>
    </trkpt>
    <trkpt lat="7.560685027" lon="99.713496445">
      <ele>25.901</ele>
      <time>2026-03-14T05:08:32Z</time>
    </trkpt>
    <trkpt lat="7.580493148" lon="99.788897233">
      <ele>151.699</ele>
      <time>2026-03-14T05:59:30Z</time>
    </trkpt>
    <trkpt lat="7.563593765" lon="99.915552735">
      <ele>44.937</ele>
      <time>2026-03-14T06:12:09Z</time>
    </trkpt>
    <trkpt lat="7.599204406" lon="100.024206257">
      <ele>19.233</ele>
      <time>2026-03-14T06:23:03Z</time>
    </trkpt>
    <trkpt lat="7.596374801" lon="100.056533832">
      <ele>13.461</ele>
      <time>2026-03-14T06:28:13Z</time>
    </trkpt>
    <trkpt lat="7.481103331" lon="100.070117918">
      <ele>16.71</ele>
      <time>2026-03-14T06:39:48Z</time>
    </trkpt>
    <trkpt lat="7.398652621" lon="100.101340469">
      <ele>19.001</ele>
      <time>2026-03-14T06:51:21Z</time>
    </trkpt>
    <trkpt lat="7.267137459" lon="100.173322829">
      <ele>46.343</ele>
      <time>2026-03-14T07:06:15Z</time>
    </trkpt>
    <trkpt lat="7.205971442" lon="100.208590441">
      <ele>29.0</ele>
      <time>2026-03-14T07:16:59Z</time>
    </trkpt>
    <trkpt lat="7.14237832" lon="100.296850037">
      <ele>19.882</ele>
      <time>2026-03-14T07:28:03Z</time>
    </trkpt>
    <trkpt lat="7.094001621" lon="100.342930639">
      <ele>30.283</ele>
      <time>2026-03-14T07:33:42Z</time>
    </trkpt>
    <trkpt lat="7.049917085" lon="100.382097932">
      <ele>34.403</ele>
      <time>2026-03-14T07:38:43Z</time>
    </trkpt>
    <trkpt lat="6.9979349" lon="100.417067408">
      <ele>11.184</ele>
      <time>2026-03-14T07:47:39Z</time>
    </trkpt>
    <trkpt lat="6.991950735" lon="100.485347053">
      <ele>20.289</ele>
      <time>2026-03-14T07:58:36Z</time>
    </trkpt>
    <trkpt lat="7.000184404" lon="100.518991677">
      <ele>39.588</ele>
      <time>2026-03-14T08:10:12Z</time>
    </trkpt>
    <trkpt lat="7.003797451" lon="100.52309247">
      <ele>48.913</ele>
      <time>2026-03-14T08:15:12Z</time>
    </trkpt>
    <trkpt lat="6.977429967" lon="100.557248779">
      <ele>30.92</ele>
      <time>2026-03-14T08:27:36Z</time>
    </trkpt>
    <trkpt lat="6.965295025" lon="100.558355525">
      <ele>29.868</ele>
      <time>2026-03-14T08:32:46Z</time>
    </trkpt>
    <trkpt lat="6.970268469" lon="100.496571008">
      <ele>18.0</ele>
      <time>2026-03-14T08:44:21Z</time>
    </trkpt>
    <trkpt lat="6.936806487" lon="100.461581675">
      <ele>11.154</ele>
      <time>2026-03-14T08:56:07Z</time>
    </trkpt>
    <trkpt lat="6.921140752" lon="100.390886106">
      <ele>20.787</ele>
      <time>2026-03-14T09:06:52Z</time>
    </trkpt>
    <trkpt lat="6.89870948" lon="100.368500557">
      <ele>33.548</ele>
      <time>2026-03-14T09:17:41Z</time>
    </trkpt>
    <trkpt lat="6.888695033" lon="100.372601571">
      <ele>20.255</ele>
      <time>2026-03-14T09:22:51Z</time>
    </trkpt>
    <trkpt lat="6.866816967" lon="100.32911106">
      <ele>48.567</ele>
      <time>2026-03-14T09:35:20Z</time>
    </trkpt>
    <trkpt lat="6.86792326" lon="100.328199514">
      <ele>45.985</ele>
      <time>2026-03-15T02:35:34Z</time>
    </trkpt>
    <trkpt lat="6.879744376" lon="100.34312292">
      <ele>31.534</ele>
      <time>2026-03-15T02:59:57Z</time>
    </trkpt>
    <trkpt lat="6.877256585" lon="100.371266166">
      <ele>20.387</ele>
      <time>2026-03-15T03:05:35Z</time>
    </trkpt>
    <trkpt lat="6.841028742" lon="100.353790568">
      <ele>37.546</ele>
      <time>2026-03-15T03:10:43Z</time>
    </trkpt>
    <trkpt lat="6.796646775" lon="100.345863719">
      <ele>46.898</ele>
      <time>2026-03-15T03:15:57Z</time>
    </trkpt>
    <trkpt lat="6.773004951" lon="100.375775202">
      <ele>44.745</ele>
      <time>2026-03-15T03:20:55Z</time>
    </trkpt>
    <trkpt lat="6.794958363" lon="100.423007753">
      <ele>30.398</ele>
      <time>2026-03-15T03:26:22Z</time>
    </trkpt>
    <trkpt lat="6.795492" lon="100.423822627">
      <ele>30.393</ele>
      <time>2026-03-15T03:26:25Z</time>
    </trkpt>
    <trkpt lat="6.793425567" lon="100.453152079">
      <ele>24.031</ele>
      <time>2026-03-15T03:31:33Z</time>
    </trkpt>
    <trkpt lat="6.754383501" lon="100.45489979">
      <ele>34.558</ele>
      <time>2026-03-15T03:36:36Z</time>
    </trkpt>
    <trkpt lat="6.703209216" lon="100.443076613">
      <ele>28.89</ele>
      <time>2026-03-15T03:41:39Z</time>
    </trkpt>
    <trkpt lat="6.650140411" lon="100.428379448">
      <ele>32.091</ele>
      <time>2026-03-15T03:46:46Z</time>
    </trkpt>
    <trkpt lat="6.634980189" lon="100.423182249">
      <ele>45.456</ele>
      <time>2026-03-15T03:51:51Z</time>
    </trkpt>
    <trkpt lat="6.602040986" lon="100.417540809">
      <ele>63.486</ele>
      <time>2026-03-15T03:57:36Z</time>
    </trkpt>
    <trkpt lat="6.554092728" lon="100.413718242">
      <ele>68.981</ele>
      <time>2026-03-15T04:02:40Z</time>
    </trkpt>
    <trkpt lat="6.522885854" lon="100.418690723">
      <ele>87.324</ele>
      <time>2026-03-15T04:07:46Z</time>
    </trkpt>
    <trkpt lat="6.518537449" lon="100.420803633">
      <ele>85.842</ele>
      <time>2026-03-15T04:14:56Z</time>
    </trkpt>
    <trkpt lat="6.513704401" lon="100.420003748">
      <ele>71.003</ele>
      <time>2026-03-15T04:40:27Z</time>
    </trkpt>
    <trkpt lat="6.505417256" lon="100.422435338">
      <ele>56.382</ele>
      <time>2026-03-15T05:22:58Z</time>
    </trkpt>
    <trkpt lat="6.489324421" lon="100.423668232">
      <ele>45.0</ele>
      <time>2026-03-15T06:19:36Z</time>
    </trkpt>
    <trkpt lat="6.455983615" lon="100.429205561">
      <ele>38.504</ele>
      <time>2026-03-15T06:40:36Z</time>
    </trkpt>
    <trkpt lat="6.398613495" lon="100.426387657">
      <ele>25.013</ele>
      <time>2026-03-15T06:50:29Z</time>
    </trkpt>
    <trkpt lat="6.266996157" lon="100.430619093">
      <ele>9.356</ele>
      <time>2026-03-15T07:05:32Z</time>
    </trkpt>
    <trkpt lat="6.181789376" lon="100.410384508">
      <ele>3.594</ele>
      <time>2026-03-15T07:15:28Z</time>
    </trkpt>
    <trkpt lat="6.089758761" lon="100.388343874">
      <ele>2.132</ele>
      <time>2026-03-15T07:25:29Z</time>
    </trkpt>
    <trkpt lat="6.039497978" lon="100.402966188">
      <ele>4.807</ele>
      <time>2026-03-15T07:30:29Z</time>
    </trkpt>
    <trkpt lat="5.972598027" lon="100.4434196">
      <ele>8.042</ele>
      <time>2026-03-15T07:40:29Z</time>
    </trkpt>
    <trkpt lat="5.973267867" lon="100.400316082">
      <ele>5.764</ele>
      <time>2026-03-15T07:45:33Z</time>
    </trkpt>
    <trkpt lat="5.937003815" lon="100.364230983">
      <ele>5.214</ele>
      <time>2026-03-15T07:55:43Z</time>
    </trkpt>
    <trkpt lat="5.900942478" lon="100.377444886">
      <ele>5.0</ele>
      <time>2026-03-15T08:00:49Z</time>
    </trkpt>
    <trkpt lat="5.860202364" lon="100.382906366">
      <ele>2.755</ele>
      <time>2026-03-15T08:06:45Z</time>
    </trkpt>
    <trkpt lat="5.796406777" lon="100.382116875">
      <ele>17.04</ele>
      <time>2026-03-15T08:17:52Z</time>
    </trkpt>
    <trkpt lat="5.794436778" lon="100.402468974">
      <ele>81.691</ele>
      <time>2026-03-15T08:29:14Z</time>
    </trkpt>
    <trkpt lat="5.794033689" lon="100.402533864">
      <ele>79.126</ele>
      <time>2026-03-15T13:38:19Z</time>
    </trkpt>
    <trkpt lat="5.797121645" lon="100.377948193">
      <ele>15.247</ele>
      <time>2026-03-16T03:54:34Z</time>
    </trkpt>
    <trkpt lat="5.771402093" lon="100.369696487">
      <ele>5.817</ele>
      <time>2026-03-16T04:05:55Z</time>
    </trkpt>
    <trkpt lat="5.764157907" lon="100.365852462">
      <ele>3.825</ele>
      <time>2026-03-16T04:18:45Z</time>
    </trkpt>
    <trkpt lat="5.75956278" lon="100.364586627">
      <ele>7.72</ele>
      <time>2026-03-16T04:34:06Z</time>
    </trkpt>
    <trkpt lat="5.755334162" lon="100.362976932">
      <ele>2.722</ele>
      <time>2026-03-16T04:49:43Z</time>
    </trkpt>
    <trkpt lat="5.749613561" lon="100.361979772">
      <ele>45.997</ele>
      <time>2026-03-18T04:37:05Z</time>
    </trkpt>
    <trkpt lat="5.73180079" lon="100.379382463">
      <ele>14.081</ele>
      <time>2026-03-18T04:42:04Z</time>
    </trkpt>
    <trkpt lat="5.70872352" lon="100.464536799">
      <ele>27.347</ele>
      <time>2026-03-18T04:54:58Z</time>
    </trkpt>
    <trkpt lat="5.677904588" lon="100.469017485">
      <ele>2.372</ele>
      <time>2026-03-18T05:01:33Z</time>
    </trkpt>
    <trkpt lat="5.638544024" lon="100.464028521">
      <ele>2.904</ele>
      <time>2026-03-18T05:12:08Z</time>
    </trkpt>
    <trkpt lat="5.608929168" lon="100.491843112">
      <ele>9.128</ele>
      <time>2026-03-18T05:23:45Z</time>
    </trkpt>
    <trkpt lat="5.572536578" lon="100.451131035">
      <ele>4.113</ele>
      <time>2026-03-18T05:33:10Z</time>
    </trkpt>
    <trkpt lat="5.462532106" lon="100.418792941">
      <ele>1.77</ele>
      <time>2026-03-18T05:44:08Z</time>
    </trkpt>
    <trkpt lat="5.440061102" lon="100.419150218">
      <ele>2.279</ele>
      <time>2026-03-18T05:49:31Z</time>
    </trkpt>
    <trkpt lat="5.354262516" lon="100.390416468">
      <ele>4.154</ele>
      <time>2026-03-18T06:00:40Z</time>
    </trkpt>
    <trkpt lat="5.380111006" lon="100.310638268">
      <ele>24.042</ele>
      <time>2026-03-18T06:11:26Z</time>
    </trkpt>
    <trkpt lat="5.432994319" lon="100.297071235">
      <ele>21.306</ele>
      <time>2026-03-18T06:24:34Z</time>
    </trkpt>
    <trkpt lat="5.439029289" lon="100.306914775">
      <ele>9.635</ele>
      <time>2026-03-18T07:05:22Z</time>
    </trkpt>
    <trkpt lat="5.454984744" lon="100.306690168">
      <ele>6.911</ele>
      <time>2026-03-18T07:10:35Z</time>
    </trkpt>
    <trkpt lat="5.476768222" lon="100.274871094">
      <ele>27.152</ele>
      <time>2026-03-18T07:23:07Z</time>
    </trkpt>
    <trkpt lat="5.473042043" lon="100.247354993">
      <ele>6.573</ele>
      <time>2026-03-18T07:31:43Z</time>
    </trkpt>
    <trkpt lat="5.465719663" lon="100.23937437">
      <ele>7.809</ele>
      <time>2026-03-18T07:36:58Z</time>
    </trkpt>
    <trkpt lat="5.46560579" lon="100.238927566">
      <ele>3.212</ele>
      <time>2026-03-20T08:59:39Z</time>
    </trkpt>
    <trkpt lat="5.465720136" lon="100.239226752">
      <ele>5.68</ele>
      <time>2026-03-20T14:28:26Z</time>
    </trkpt>
    <trkpt lat="5.477753305" lon="100.267752595">
      <ele>13.003</ele>
      <time>2026-03-23T01:53:41Z</time>
    </trkpt>
    <trkpt lat="5.456474796" lon="100.307395225">
      <ele>4.759</ele>
      <time>2026-03-23T02:05:13Z</time>
    </trkpt>
    <trkpt lat="5.430765613" lon="100.29963878">
      <ele>20.227</ele>
      <time>2026-03-23T02:15:55Z</time>
    </trkpt>
    <trkpt lat="5.405693119" lon="100.303426562">
      <ele>13.16</ele>
      <time>2026-03-23T02:20:57Z</time>
    </trkpt>
    <trkpt lat="5.356464023" lon="100.330632879">
      <ele>0.0</ele>
      <time>2026-03-23T02:31:02Z</time>
    </trkpt>
    <trkpt lat="5.355004985" lon="100.416335743">
      <ele>3.617</ele>
      <time>2026-03-23T02:41:38Z</time>
    </trkpt>
    <trkpt lat="5.32483621" lon="100.436654398">
      <ele>2.878</ele>
      <time>2026-03-23T02:47:16Z</time>
    </trkpt>
    <trkpt lat="5.242887768" lon="100.475800568">
      <ele>1.141</ele>
      <time>2026-03-23T02:57:55Z</time>
    </trkpt>
    <trkpt lat="5.227836594" lon="100.486727133">
      <ele>3.429</ele>
      <time>2026-03-23T03:03:20Z</time>
    </trkpt>
    <trkpt lat="5.192153826" lon="100.487848045">
      <ele>4.492</ele>
      <time>2026-03-23T03:18:52Z</time>
    </trkpt>
    <trkpt lat="5.126057114" lon="100.528685181">
      <ele>11.415</ele>
      <time>2026-03-23T03:31:30Z</time>
    </trkpt>
    <trkpt lat="5.080598281" lon="100.580889601">
      <ele>-0.276</ele>
      <time>2026-03-23T03:44:22Z</time>
    </trkpt>
    <trkpt lat="4.986229534" lon="100.665663499">
      <ele>15.242</ele>
      <time>2026-03-23T03:58:48Z</time>
    </trkpt>
    <trkpt lat="4.876560881" lon="100.667196214">
      <ele>4.007</ele>
      <time>2026-03-23T04:11:56Z</time>
    </trkpt>
    <trkpt lat="4.786235522" lon="100.705318535">
      <ele>16.564</ele>
      <time>2026-03-23T04:24:08Z</time>
    </trkpt>
    <trkpt lat="4.776577558" lon="100.822406681">
      <ele>80.917</ele>
      <time>2026-03-23T04:37:53Z</time>
    </trkpt>
    <trkpt lat="4.761954364" lon="100.903753052">
      <ele>49.528</ele>
      <time>2026-03-23T04:51:08Z</time>
    </trkpt>
    <trkpt lat="4.714978952" lon="100.94594772">
      <ele>48.519</ele>
      <time>2026-03-23T05:05:59Z</time>
    </trkpt>
    <trkpt lat="4.701432372" lon="100.958928187">
      <ele>75.553</ele>
      <time>2026-03-23T05:59:22Z</time>
    </trkpt>
    <trkpt lat="4.697060916" lon="101.022762247">
      <ele>261.75</ele>
      <time>2026-03-23T06:13:23Z</time>
    </trkpt>
    <trkpt lat="4.669566178" lon="101.066020327">
      <ele>114.667</ele>
      <time>2026-03-23T06:24:16Z</time>
    </trkpt>
    <trkpt lat="4.586578128" lon="101.144608883">
      <ele>57.551</ele>
      <time>2026-03-23T06:35:03Z</time>
    </trkpt>
    <trkpt lat="4.437611131" lon="101.185276704">
      <ele>50.406</ele>
      <time>2026-03-23T06:49:57Z</time>
    </trkpt>
    <trkpt lat="4.376388243" lon="101.226381892">
      <ele>71.899</ele>
      <time>2026-03-23T07:04:42Z</time>
    </trkpt>
    <trkpt lat="4.342555446" lon="101.234227941">
      <ele>142.126</ele>
      <time>2026-03-23T07:19:49Z</time>
    </trkpt>
    <trkpt lat="4.214620236" lon="101.27142624">
      <ele>45.279</ele>
      <time>2026-03-23T07:34:20Z</time>
    </trkpt>
    <trkpt lat="4.185341829" lon="101.286448455">
      <ele>89.384</ele>
      <time>2026-03-23T07:47:30Z</time>
    </trkpt>
    <trkpt lat="4.177032136" lon="101.29186769">
      <ele>85.316</ele>
      <time>2026-03-23T07:59:46Z</time>
    </trkpt>
    <trkpt lat="4.104681937" lon="101.303073205">
      <ele>47.91</ele>
      <time>2026-03-23T08:13:59Z</time>
    </trkpt>
    <trkpt lat="4.004353615" lon="101.316952799">
      <ele>46.713</ele>
      <time>2026-03-23T08:27:30Z</time>
    </trkpt>
    <trkpt lat="3.928004955" lon="101.350172293">
      <ele>75.912</ele>
      <time>2026-03-23T08:40:51Z</time>
    </trkpt>
    <trkpt lat="3.844133746" lon="101.395071466">
      <ele>36.422</ele>
      <time>2026-03-23T08:52:18Z</time>
    </trkpt>
    <trkpt lat="3.83087391" lon="101.403837679">
      <ele>24.753</ele>
      <time>2026-03-23T08:58:58Z</time>
    </trkpt>
    <trkpt lat="3.792520375" lon="101.436764225">
      <ele>46.379</ele>
      <time>2026-03-23T09:04:02Z</time>
    </trkpt>
    <trkpt lat="3.787365169" lon="101.499154084">
      <ele>48.12</ele>
      <time>2026-03-23T09:18:49Z</time>
    </trkpt>
    <trkpt lat="3.817463745" lon="101.5009344">
      <ele>114.444</ele>
      <time>2026-03-23T09:33:58Z</time>
    </trkpt>
    <trkpt lat="3.817966534" lon="101.501466189">
      <ele>120.098</ele>
      <time>2026-03-23T14:23:45Z</time>
    </trkpt>
    <trkpt lat="3.788872487" lon="101.497415509">
      <ele>40.714</ele>
      <time>2026-03-24T04:11:17Z</time>
    </trkpt>
    <trkpt lat="3.693669238" lon="101.524660969">
      <ele>44.209</ele>
      <time>2026-03-24T04:24:26Z</time>
    </trkpt>
    <trkpt lat="3.661189028" lon="101.537249833">
      <ele>51.395</ele>
      <time>2026-03-24T04:30:53Z</time>
    </trkpt>
    <trkpt lat="3.542628475" lon="101.5187182">
      <ele>47.648</ele>
      <time>2026-03-24T04:44:35Z</time>
    </trkpt>
    <trkpt lat="3.385445075" lon="101.558798784">
      <ele>43.862</ele>
      <time>2026-03-24T04:59:28Z</time>
    </trkpt>
    <trkpt lat="3.270019689" lon="101.546306731">
      <ele>38.771</ele>
      <time>2026-03-24T05:12:16Z</time>
    </trkpt>
    <trkpt lat="3.173630862" lon="101.519230586">
      <ele>37.716</ele>
      <time>2026-03-24T05:24:01Z</time>
    </trkpt>
    <trkpt lat="3.165970976" lon="101.518892963">
      <ele>65.985</ele>
      <time>2026-03-24T05:57:28Z</time>
    </trkpt>
    <trkpt lat="3.10964379" lon="101.545580104">
      <ele>-3.45</ele>
      <time>2026-03-24T06:04:33Z</time>
    </trkpt>
    <trkpt lat="3.106933502" lon="101.551151136">
      <ele>17.073</ele>
      <time>2026-03-24T06:14:58Z</time>
    </trkpt>
    <trkpt lat="3.109679497" lon="101.546726078">
      <ele>5.12</ele>
      <time>2026-03-24T06:59:56Z</time>
    </trkpt>
    <trkpt lat="3.202731614" lon="101.507020081">
      <ele>44.682</ele>
      <time>2026-03-24T07:12:44Z</time>
    </trkpt>
    <trkpt lat="3.271366116" lon="101.562452959">
      <ele>72.817</ele>
      <time>2026-03-24T07:24:40Z</time>
    </trkpt>
    <trkpt lat="3.296799073" lon="101.604139768">
      <ele>88.086</ele>
      <time>2026-03-24T07:30:13Z</time>
    </trkpt>
    <trkpt lat="3.301882188" lon="101.599237301">
      <ele>35.589</ele>
      <time>2026-03-24T07:40:11Z</time>
    </trkpt>
    <trkpt lat="3.297985902" lon="101.619531014">
      <ele>88.554</ele>
      <time>2026-03-24T08:58:58Z</time>
    </trkpt>
    <trkpt lat="3.301054889" lon="101.602169433">
      <ele>69.446</ele>
      <time>2026-03-24T09:03:57Z</time>
    </trkpt>
    <trkpt lat="3.295815205" lon="101.613078062">
      <ele>68.504</ele>
      <time>2026-03-24T09:15:46Z</time>
    </trkpt>
    <trkpt lat="3.299866894" lon="101.608057428">
      <ele>72.904</ele>
      <time>2026-03-24T09:24:17Z</time>
    </trkpt>
    <trkpt lat="3.29152694" lon="101.630644016">
      <ele>78.408</ele>
      <time>2026-03-24T09:29:21Z</time>
    </trkpt>
    <trkpt lat="3.258103263" lon="101.643818775">
      <ele>70.976</ele>
      <time>2026-03-24T09:39:26Z</time>
    </trkpt>
    <trkpt lat="3.258198774" lon="101.638697349">
      <ele>73.414</ele>
      <time>2026-03-24T09:54:33Z</time>
    </trkpt>
    <trkpt lat="3.25704949" lon="101.643224079">
      <ele>74.004</ele>
      <time>2026-03-26T04:40:16Z</time>
    </trkpt>
    <trkpt lat="3.288182477" lon="101.582638761">
      <ele>70.501</ele>
      <time>2026-03-26T04:53:15Z</time>
    </trkpt>
    <trkpt lat="3.22841343" lon="101.514718356">
      <ele>44.577</ele>
      <time>2026-03-26T05:03:38Z</time>
    </trkpt>
    <trkpt lat="3.129505171" lon="101.525121052">
      <ele>31.341</ele>
      <time>2026-03-26T05:15:30Z</time>
    </trkpt>
    <trkpt lat="3.110547527" lon="101.550461557">
      <ele>10.391</ele>
      <time>2026-03-26T05:21:33Z</time>
    </trkpt>
    <trkpt lat="3.135039448" lon="101.595629705">
      <ele>46.415</ele>
      <time>2026-03-26T06:28:30Z</time>
    </trkpt>
    <trkpt lat="3.148696494" lon="101.66382125">
      <ele>64.502</ele>
      <time>2026-03-26T06:36:35Z</time>
    </trkpt>
    <trkpt lat="3.136108627" lon="101.692051176">
      <ele>34.592</ele>
      <time>2026-03-26T06:41:30Z</time>
    </trkpt>
    <trkpt lat="3.131338167" lon="101.715114154">
      <ele>41.635</ele>
      <time>2026-03-26T06:48:18Z</time>
    </trkpt>
    <trkpt lat="3.134724214" lon="101.718163126">
      <ele>45.819</ele>
      <time>2026-03-26T07:07:15Z</time>
    </trkpt>
    <trkpt lat="3.134153487" lon="101.717857539">
      <ele>43.922</ele>
      <time>2026-03-26T11:07:45Z</time>
    </trkpt>
    <trkpt lat="3.134597763" lon="101.713622008">
      <ele>42.143</ele>
      <time>2026-04-02T01:33:09Z</time>
    </trkpt>
    <trkpt lat="3.13464948" lon="101.712997304">
      <ele>37.631</ele>
      <time>2026-04-02T01:35:29Z</time>
    </trkpt>
    <trkpt lat="3.143057367" lon="101.661374336">
      <ele>50.824</ele>
      <time>2026-04-02T01:50:20Z</time>
    </trkpt>
    <trkpt lat="3.133949549" lon="101.603511879">
      <ele>48.513</ele>
      <time>2026-04-02T01:58:04Z</time>
    </trkpt>
    <trkpt lat="3.110032668" lon="101.547335861">
      <ele>7.182</ele>
      <time>2026-04-02T02:07:42Z</time>
    </trkpt>
    <trkpt lat="3.106863571" lon="101.551339011">
      <ele>17.343</ele>
      <time>2026-04-02T02:13:39Z</time>
    </trkpt>
    <trkpt lat="3.098451267" lon="101.545141311">
      <ele>3.017</ele>
      <time>2026-04-02T03:59:06Z</time>
    </trkpt>
    <trkpt lat="3.137195692" lon="101.596373599">
      <ele>50.979</ele>
      <time>2026-04-02T04:10:51Z</time>
    </trkpt>
    <trkpt lat="3.176476811" lon="101.656560442">
      <ele>74.244</ele>
      <time>2026-04-02T04:21:34Z</time>
    </trkpt>
    <trkpt lat="3.19148968" lon="101.693128673">
      <ele>41.1</ele>
      <time>2026-04-02T04:33:13Z</time>
    </trkpt>
    <trkpt lat="3.242254299" lon="101.727066748">
      <ele>91.38</ele>
      <time>2026-04-02T04:44:06Z</time>
    </trkpt>
    <trkpt lat="3.344707182" lon="101.771819154">
      <ele>487.205</ele>
      <time>2026-04-02T04:58:47Z</time>
    </trkpt>
    <trkpt lat="3.408338903" lon="101.892386042">
      <ele>137.44</ele>
      <time>2026-04-02T05:13:57Z</time>
    </trkpt>
    <trkpt lat="3.481283211" lon="101.951575354">
      <ele>92.057</ele>
      <time>2026-04-02T05:26:03Z</time>
    </trkpt>
    <trkpt lat="3.481085482" lon="102.076385245">
      <ele>69.287</ele>
      <time>2026-04-02T05:43:07Z</time>
    </trkpt>
    <trkpt lat="3.528569257" lon="102.225895599">
      <ele>69.381</ele>
      <time>2026-04-02T05:56:16Z</time>
    </trkpt>
    <trkpt lat="3.50600977" lon="102.39521365">
      <ele>34.144</ele>
      <time>2026-04-02T06:11:08Z</time>
    </trkpt>
    <trkpt lat="3.51236813" lon="102.439913773">
      <ele>43.898</ele>
      <time>2026-04-02T06:17:06Z</time>
    </trkpt>
    <trkpt lat="3.526698626" lon="102.477030829">
      <ele>56.074</ele>
      <time>2026-04-02T06:52:28Z</time>
    </trkpt>
    <trkpt lat="3.495560408" lon="102.52983878">
      <ele>46.44</ele>
      <time>2026-04-02T07:05:20Z</time>
    </trkpt>
    <trkpt lat="3.489719094" lon="102.58531915">
      <ele>40.285</ele>
      <time>2026-04-02T07:14:49Z</time>
    </trkpt>
    <trkpt lat="3.482524653" lon="102.592939849">
      <ele>26.176</ele>
      <time>2026-04-02T07:33:55Z</time>
    </trkpt>
    <trkpt lat="3.482576036" lon="102.592341928">
      <ele>24.274</ele>
      <time>2026-04-05T00:48:15Z</time>
    </trkpt>
    <trkpt lat="3.486213025" lon="102.587655182">
      <ele>34.149</ele>
      <time>2026-04-05T03:05:52Z</time>
    </trkpt>
    <trkpt lat="3.51392515" lon="102.568922388">
      <ele>32.036</ele>
      <time>2026-04-05T03:11:26Z</time>
    </trkpt>
    <trkpt lat="3.492921065" lon="102.530748015">
      <ele>56.713</ele>
      <time>2026-04-05T03:16:44Z</time>
    </trkpt>
    <trkpt lat="3.572856258" lon="102.560870396">
      <ele>47.137</ele>
      <time>2026-04-05T03:30:03Z</time>
    </trkpt>
    <trkpt lat="3.573200251" lon="102.739744568">
      <ele>42.759</ele>
      <time>2026-04-05T03:45:26Z</time>
    </trkpt>
    <trkpt lat="3.685100712" lon="102.871507248">
      <ele>60.077</ele>
      <time>2026-04-05T04:00:25Z</time>
    </trkpt>
    <trkpt lat="3.724502865" lon="102.920324039">
      <ele>58.499</ele>
      <time>2026-04-05T04:06:00Z</time>
    </trkpt>
    <trkpt lat="3.724306684" lon="102.925232586">
      <ele>70.521</ele>
      <time>2026-04-05T04:41:55Z</time>
    </trkpt>
    <trkpt lat="3.72010685" lon="103.034863081">
      <ele>50.172</ele>
      <time>2026-04-05T05:08:48Z</time>
    </trkpt>
    <trkpt lat="3.725897999" lon="103.090475827">
      <ele>64.22</ele>
      <time>2026-04-05T05:13:49Z</time>
    </trkpt>
    <trkpt lat="3.76272541" lon="103.139643928">
      <ele>66.597</ele>
      <time>2026-04-05T05:18:50Z</time>
    </trkpt>
    <trkpt lat="3.81486476" lon="103.163396516">
      <ele>52.329</ele>
      <time>2026-04-05T05:23:50Z</time>
    </trkpt>
    <trkpt lat="3.841386145" lon="103.206390411">
      <ele>18.99</ele>
      <time>2026-04-05T05:28:51Z</time>
    </trkpt>
    <trkpt lat="3.843472651" lon="103.210503346">
      <ele>18.217</ele>
      <time>2026-04-05T05:33:51Z</time>
    </trkpt>
    <trkpt lat="3.874372437" lon="103.237506717">
      <ele>9.783</ele>
      <time>2026-04-05T05:38:52Z</time>
    </trkpt>
    <trkpt lat="3.862850208" lon="103.250312408">
      <ele>18.739</ele>
      <time>2026-04-05T05:43:53Z</time>
    </trkpt>
    <trkpt lat="3.839951414" lon="103.264190588">
      <ele>23.012</ele>
      <time>2026-04-05T05:48:54Z</time>
    </trkpt>
    <trkpt lat="3.821478133" lon="103.289613903">
      <ele>7.333</ele>
      <time>2026-04-05T05:53:54Z</time>
    </trkpt>
    <trkpt lat="3.808465893" lon="103.295727456">
      <ele>12.053</ele>
      <time>2026-04-05T05:58:55Z</time>
    </trkpt>
    <trkpt lat="3.783247076" lon="103.317729684">
      <ele>13.934</ele>
      <time>2026-04-05T06:03:56Z</time>
    </trkpt>
    <trkpt lat="3.759137648" lon="103.315140301">
      <ele>7.947</ele>
      <time>2026-04-05T06:08:56Z</time>
    </trkpt>
    <trkpt lat="3.731453975" lon="103.318776637">
      <ele>6.0</ele>
      <time>2026-04-05T06:13:56Z</time>
    </trkpt>
    <trkpt lat="3.724088112" lon="103.328692042">
      <ele>1.357</ele>
      <time>2026-04-05T06:18:57Z</time>
    </trkpt>
    <trkpt lat="3.742886516" lon="103.31174341">
      <ele>6.993</ele>
      <time>2026-04-07T02:20:44Z</time>
    </trkpt>
    <trkpt lat="3.650114271" lon="103.303042157">
      <ele>4.0</ele>
      <time>2026-04-07T02:33:44Z</time>
    </trkpt>
    <trkpt lat="3.59139049" lon="103.352097664">
      <ele>6.452</ele>
      <time>2026-04-07T02:46:26Z</time>
    </trkpt>
    <trkpt lat="3.541050707" lon="103.384340666">
      <ele>8.292</ele>
      <time>2026-04-07T02:56:31Z</time>
    </trkpt>
    <trkpt lat="3.48074568" lon="103.417971544">
      <ele>3.698</ele>
      <time>2026-04-07T03:09:01Z</time>
    </trkpt>
    <trkpt lat="3.282765462" lon="103.430616316">
      <ele>7.867</ele>
      <time>2026-04-07T03:27:46Z</time>
    </trkpt>
    <trkpt lat="3.149381639" lon="103.437288813">
      <ele>5.412</ele>
      <time>2026-04-07T03:40:18Z</time>
    </trkpt>
    <trkpt lat="3.009178885" lon="103.427260453">
      <ele>2.082</ele>
      <time>2026-04-07T03:53:29Z</time>
    </trkpt>
    <trkpt lat="2.880408084" lon="103.428312549">
      <ele>4.96</ele>
      <time>2026-04-07T04:05:12Z</time>
    </trkpt>
    <trkpt lat="2.800434502" lon="103.477726719">
      <ele>2.356</ele>
      <time>2026-04-07T04:15:35Z</time>
    </trkpt>
    <trkpt lat="2.727929698" lon="103.550779279">
      <ele>3.101</ele>
      <time>2026-04-07T04:29:43Z</time>
    </trkpt>
    <trkpt lat="2.658976978" lon="103.621085929">
      <ele>5.745</ele>
      <time>2026-04-07T04:40:19Z</time>
    </trkpt>
    <trkpt lat="2.624664316" lon="103.674758189">
      <ele>14.118</ele>
      <time>2026-04-07T04:52:09Z</time>
    </trkpt>
    <trkpt lat="2.549391054" lon="103.759775246">
      <ele>39.008</ele>
      <time>2026-04-07T05:07:18Z</time>
    </trkpt>
    <trkpt lat="2.509651193" lon="103.833790468">
      <ele>1.736</ele>
      <time>2026-04-07T05:19:12Z</time>
    </trkpt>
    <trkpt lat="2.523557106" lon="103.82942182">
      <ele>5.536</ele>
      <time>2026-04-07T05:29:46Z</time>
    </trkpt>
    <trkpt lat="2.48857033" lon="103.804690261">
      <ele>6.132</ele>
      <time>2026-04-08T01:06:29Z</time>
    </trkpt>
    <trkpt lat="2.433959967" lon="103.839327218">
      <ele>4.47</ele>
      <time>2026-04-08T01:20:46Z</time>
    </trkpt>
    <trkpt lat="2.446181872" lon="103.849769309">
      <ele>0.0</ele>
      <time>2026-04-08T03:05:13Z</time>
    </trkpt>
    <trkpt lat="2.475899784" lon="103.872255273">
      <ele>0.0</ele>
      <time>2026-04-08T03:11:30Z</time>
    </trkpt>
    <trkpt lat="2.515118751" lon="103.901690673">
      <ele>0.0</ele>
      <time>2026-04-08T03:20:07Z</time>
    </trkpt>
    <trkpt lat="2.575962148" lon="103.947166186">
      <ele>0.0</ele>
      <time>2026-04-08T03:33:36Z</time>
    </trkpt>
    <trkpt lat="2.638424593" lon="104.002871811">
      <ele>0.0</ele>
      <time>2026-04-08T03:48:22Z</time>
    </trkpt>
    <trkpt lat="2.692565108" lon="104.05083633">
      <ele>0.0</ele>
      <time>2026-04-08T04:01:06Z</time>
    </trkpt>
    <trkpt lat="2.753853668" lon="104.109142944">
      <ele>0.0</ele>
      <time>2026-04-08T04:16:00Z</time>
    </trkpt>
    <trkpt lat="2.761623272" lon="104.121773856">
      <ele>0.386</ele>
      <time>2026-04-08T04:22:05Z</time>
    </trkpt>
    <trkpt lat="2.770343938" lon="104.120723829">
      <ele>10.163</ele>
      <time>2026-04-08T04:38:01Z</time>
    </trkpt>
    <trkpt lat="2.771355923" lon="104.120797411">
      <ele>7.274</ele>
      <time>2026-04-08T04:38:05Z</time>
    </trkpt>
    <trkpt lat="2.783101596" lon="104.115402525">
      <ele>0.0</ele>
      <time>2026-04-14T04:15:49Z</time>
    </trkpt>
    <trkpt lat="2.817897527" lon="104.155804999">
      <ele>7.914</ele>
      <time>2026-04-14T04:28:40Z</time>
    </trkpt>
    <trkpt lat="2.803264959" lon="104.165199323">
      <ele>415.951</ele>
      <time>2026-04-14T04:45:42Z</time>
    </trkpt>
    <trkpt lat="2.791366178" lon="104.202578361">
      <ele>4.787</ele>
      <time>2026-04-14T05:00:18Z</time>
    </trkpt>
    <trkpt lat="2.814882977" lon="104.15272775">
      <ele>3.497</ele>
      <time>2026-04-16T23:49:45Z</time>
    </trkpt>
    <trkpt lat="2.81881418" lon="104.158261414">
      <ele>2.293</ele>
      <time>2026-04-16T23:54:56Z</time>
    </trkpt>
    <trkpt lat="2.780207611" lon="104.104325375">
      <ele>0.0</ele>
      <time>2026-04-17T01:32:53Z</time>
    </trkpt>
    <trkpt lat="2.743353951" lon="104.07576696">
      <ele>0.0</ele>
      <time>2026-04-17T01:41:44Z</time>
    </trkpt>
    <trkpt lat="2.71909802" lon="104.055535372">
      <ele>0.0</ele>
      <time>2026-04-17T01:47:37Z</time>
    </trkpt>
    <trkpt lat="2.656486421" lon="104.002291029">
      <ele>0.0</ele>
      <time>2026-04-17T02:03:03Z</time>
    </trkpt>
    <trkpt lat="2.595425555" lon="103.954838729">
      <ele>0.0</ele>
      <time>2026-04-17T02:17:46Z</time>
    </trkpt>
    <trkpt lat="2.53198863" lon="103.910870869">
      <ele>0.0</ele>
      <time>2026-04-17T02:32:31Z</time>
    </trkpt>
    <trkpt lat="2.476477682" lon="103.870718662">
      <ele>0.0</ele>
      <time>2026-04-17T02:45:50Z</time>
    </trkpt>
    <trkpt lat="2.434809083" lon="103.838765998">
      <ele>2.107</ele>
      <time>2026-04-17T02:59:34Z</time>
    </trkpt>
    <trkpt lat="2.430148039" lon="103.839489022">
      <ele>5.734</ele>
      <time>2026-04-17T06:21:02Z</time>
    </trkpt>
    <trkpt lat="2.440499486" lon="103.833286548">
      <ele>8.033</ele>
      <time>2026-04-17T06:26:13Z</time>
    </trkpt>
    <trkpt lat="2.476352029" lon="103.81079522">
      <ele>7.995</ele>
      <time>2026-04-17T06:33:20Z</time>
    </trkpt>
    <trkpt lat="2.504966686" lon="103.825413227">
      <ele>2.12</ele>
      <time>2026-04-17T06:39:31Z</time>
    </trkpt>
    <trkpt lat="2.52466444" lon="103.828722035">
      <ele>5.065</ele>
      <time>2026-04-17T06:45:34Z</time>
    </trkpt>
    <trkpt lat="2.523649238" lon="103.829363839">
      <ele>5.483</ele>
      <time>2026-04-17T06:45:37Z</time>
    </trkpt>
    <trkpt lat="2.523342862" lon="103.829495694">
      <ele>6.938</ele>
      <time>2026-04-18T12:46:46Z</time>
    </trkpt>
    <trkpt lat="2.523667634" lon="103.829449848">
      <ele>4.816</ele>
      <time>2026-04-18T13:11:30Z</time>
    </trkpt>
    <trkpt lat="2.519818116" lon="103.831576539">
      <ele>9.395</ele>
      <time>2026-04-18T14:04:53Z</time>
    </trkpt>
    <trkpt lat="2.524111111" lon="103.829080564">
      <ele>6.578</ele>
      <time>2026-04-18T14:10:24Z</time>
    </trkpt>
    <trkpt lat="2.52361367" lon="103.829425397">
      <ele>5.129</ele>
      <time>2026-04-18T14:10:28Z</time>
    </trkpt>
    <trkpt lat="2.523949084" lon="103.829163661">
      <ele>6.601</ele>
      <time>2026-04-19T10:17:37Z</time>
    </trkpt>
    <trkpt lat="2.50661158" lon="103.826781856">
      <ele>2.281</ele>
      <time>2026-04-20T00:52:32Z</time>
    </trkpt>
    <trkpt lat="2.488313885" lon="103.804861754">
      <ele>5.567</ele>
      <time>2026-04-20T00:58:06Z</time>
    </trkpt>
    <trkpt lat="2.430591029" lon="103.83536811">
      <ele>3.128</ele>
      <time>2026-04-20T01:06:05Z</time>
    </trkpt>
    <trkpt lat="2.417585375" lon="103.829719965">
      <ele>23.394</ele>
      <time>2026-04-20T01:13:47Z</time>
    </trkpt>
    <trkpt lat="2.391350437" lon="103.772030091">
      <ele>10.394</ele>
      <time>2026-04-20T01:23:28Z</time>
    </trkpt>
    <trkpt lat="2.363655581" lon="103.655382246">
      <ele>26.431</ele>
      <time>2026-04-20T01:38:36Z</time>
    </trkpt>
    <trkpt lat="2.256958354" lon="103.593750447">
      <ele>7.025</ele>
      <time>2026-04-20T01:53:22Z</time>
    </trkpt>
    <trkpt lat="2.171031693" lon="103.494772576">
      <ele>28.622</ele>
      <time>2026-04-20T02:08:07Z</time>
    </trkpt>
    <trkpt lat="2.10680821" lon="103.400174417">
      <ele>33.41</ele>
      <time>2026-04-20T02:22:52Z</time>
    </trkpt>
    <trkpt lat="2.037462587" lon="103.332909225">
      <ele>32.456</ele>
      <time>2026-04-20T02:37:27Z</time>
    </trkpt>
    <trkpt lat="2.013268056" lon="103.285968555">
      <ele>38.584</ele>
      <time>2026-04-20T02:54:16Z</time>
    </trkpt>
    <trkpt lat="1.993160038" lon="103.259479562">
      <ele>44.956</ele>
      <time>2026-04-20T03:11:11Z</time>
    </trkpt>
    <trkpt lat="1.985917518" lon="103.250487053">
      <ele>26.55</ele>
      <time>2026-04-20T05:02:59Z</time>
    </trkpt>
    <trkpt lat="1.931061619" lon="103.18477476">
      <ele>7.178</ele>
      <time>2026-04-20T05:19:48Z</time>
    </trkpt>
    <trkpt lat="1.971559455" lon="103.110145731">
      <ele>10.48</ele>
      <time>2026-04-20T05:34:14Z</time>
    </trkpt>
    <trkpt lat="1.987974825" lon="103.042084258">
      <ele>14.217</ele>
      <time>2026-04-20T05:48:54Z</time>
    </trkpt>
    <trkpt lat="1.953894213" lon="103.027243376">
      <ele>5.906</ele>
      <time>2026-04-20T06:03:11Z</time>
    </trkpt>
    <trkpt lat="1.949584116" lon="103.018982979">
      <ele>4.162</ele>
      <time>2026-04-20T06:24:23Z</time>
    </trkpt>
    <trkpt lat="1.948415637" lon="102.961398717">
      <ele>35.071</ele>
      <time>2026-04-20T06:30:37Z</time>
    </trkpt>
    <trkpt lat="1.976551297" lon="102.882313617">
      <ele>4.498</ele>
      <time>2026-04-20T06:41:09Z</time>
    </trkpt>
    <trkpt lat="2.018400128" lon="102.850787351">
      <ele>5.72</ele>
      <time>2026-04-20T06:55:24Z</time>
    </trkpt>
    <trkpt lat="2.00629381" lon="102.841897253">
      <ele>7.568</ele>
      <time>2026-04-20T07:51:40Z</time>
    </trkpt>
    <trkpt lat="2.006807802" lon="102.822703584">
      <ele>10.199</ele>
      <time>2026-04-21T02:01:15Z</time>
    </trkpt>
    <trkpt lat="2.027703813" lon="102.748360573">
      <ele>15.928</ele>
      <time>2026-04-21T02:13:13Z</time>
    </trkpt>
    <trkpt lat="2.041729689" lon="102.657362195">
      <ele>11.609</ele>
      <time>2026-04-21T02:25:36Z</time>
    </trkpt>
    <trkpt lat="2.049616976" lon="102.605713243">
      <ele>10.731</ele>
      <time>2026-04-21T02:39:52Z</time>
    </trkpt>
    <trkpt lat="2.084588204" lon="102.576193772">
      <ele>12.702</ele>
      <time>2026-04-21T02:50:14Z</time>
    </trkpt>
    <trkpt lat="2.12514115" lon="102.504272182">
      <ele>3.567</ele>
      <time>2026-04-21T03:02:34Z</time>
    </trkpt>
    <trkpt lat="2.175739137" lon="102.443027962">
      <ele>34.206</ele>
      <time>2026-04-21T03:15:06Z</time>
    </trkpt>
    <trkpt lat="2.190691028" lon="102.329844106">
      <ele>4.751</ele>
      <time>2026-04-21T03:27:35Z</time>
    </trkpt>
    <trkpt lat="2.188955219" lon="102.265662616">
      <ele>5.56</ele>
      <time>2026-04-21T03:39:59Z</time>
    </trkpt>
    <trkpt lat="2.204014021" lon="102.222165065">
      <ele>0.0</ele>
      <time>2026-04-21T03:52:15Z</time>
    </trkpt>
    <trkpt lat="2.219737256" lon="102.185158292">
      <ele>2.352</ele>
      <time>2026-04-21T04:04:24Z</time>
    </trkpt>
    <trkpt lat="2.218733857" lon="102.185757764">
      <ele>0.0</ele>
      <time>2026-04-22T06:17:50Z</time>
    </trkpt>
    <trkpt lat="2.219091617" lon="102.185432883">
      <ele>0.408</ele>
      <time>2026-04-22T06:17:57Z</time>
    </trkpt>
    <trkpt lat="2.219538074" lon="102.185213773">
      <ele>2.302</ele>
      <time>2026-04-23T10:04:50Z</time>
    </trkpt>
    <trkpt lat="2.219125791" lon="102.185369753">
      <ele>0.282</ele>
      <time>2026-04-23T10:05:08Z</time>
    </trkpt>
    <trkpt lat="2.218574421" lon="102.185928628">
      <ele>0.0</ele>
      <time>2026-04-24T10:36:59Z</time>
    </trkpt>
    <trkpt lat="2.219103249" lon="102.193182875">
      <ele>2.103</ele>
      <time>2026-04-26T05:47:04Z</time>
    </trkpt>
    <trkpt lat="2.25882777" lon="102.221793663">
      <ele>10.577</ele>
      <time>2026-04-26T05:58:42Z</time>
    </trkpt>
    <trkpt lat="2.287968169" lon="102.243953068">
      <ele>10.22</ele>
      <time>2026-04-26T06:10:41Z</time>
    </trkpt>
    <trkpt lat="2.327794824" lon="102.279886119">
      <ele>23.478</ele>
      <time>2026-04-26T06:27:53Z</time>
    </trkpt>
    <trkpt lat="2.425058344" lon="102.211506805">
      <ele>47.636</ele>
      <time>2026-04-26T06:38:25Z</time>
    </trkpt>
    <trkpt lat="2.483380591" lon="102.101038518">
      <ele>20.912</ele>
      <time>2026-04-26T06:50:09Z</time>
    </trkpt>
    <trkpt lat="2.569766832" lon="102.040506173">
      <ele>41.132</ele>
      <time>2026-04-26T07:03:16Z</time>
    </trkpt>
    <trkpt lat="2.660440248" lon="101.982681435">
      <ele>73.09</ele>
      <time>2026-04-26T07:18:32Z</time>
    </trkpt>
    <trkpt lat="2.713299883" lon="101.918465579">
      <ele>50.178</ele>
      <time>2026-04-26T07:30:09Z</time>
    </trkpt>
    <trkpt lat="2.756300722" lon="101.846063454">
      <ele>59.642</ele>
      <time>2026-04-26T07:42:37Z</time>
    </trkpt>
    <trkpt lat="2.77108334" lon="101.820519352">
      <ele>58.317</ele>
      <time>2026-04-26T07:57:40Z</time>
    </trkpt>
    <trkpt lat="2.848993381" lon="101.786632408">
      <ele>41.448</ele>
      <time>2026-04-26T08:08:09Z</time>
    </trkpt>
    <trkpt lat="2.850338635" lon="101.655268036">
      <ele>14.02</ele>
      <time>2026-04-26T08:23:16Z</time>
    </trkpt>
    <trkpt lat="2.931669666" lon="101.599485045">
      <ele>4.312</ele>
      <time>2026-04-26T08:35:24Z</time>
    </trkpt>
    <trkpt lat="3.045171029" lon="101.569093941">
      <ele>8.577</ele>
      <time>2026-04-26T08:47:07Z</time>
    </trkpt>
    <trkpt lat="3.107138062" lon="101.546300277">
      <ele>7.968</ele>
      <time>2026-04-26T08:57:52Z</time>
    </trkpt>
    <trkpt lat="3.106095395" lon="101.551100426">
      <ele>19.808</ele>
      <time>2026-04-27T01:15:58Z</time>
    </trkpt>
    <trkpt lat="3.10250302" lon="101.547759849">
      <ele>6.193</ele>
      <time>2026-04-27T01:48:25Z</time>
    </trkpt>
    <trkpt lat="3.074270901" lon="101.555627994">
      <ele>13.024</ele>
      <time>2026-04-27T01:58:44Z</time>
    </trkpt>
    <trkpt lat="3.031970537" lon="101.552460138">
      <ele>-0.189</ele>
      <time>2026-04-27T02:10:56Z</time>
    </trkpt>
    <trkpt lat="2.986629135" lon="101.50259234">
      <ele>6.665</ele>
      <time>2026-04-27T02:21:13Z</time>
    </trkpt>
    <trkpt lat="2.999815838" lon="101.499658423">
      <ele>14.105</ele>
      <time>2026-04-27T02:32:20Z</time>
    </trkpt>
    <trkpt lat="3.010215643" lon="101.469606198">
      <ele>3.03</ele>
      <time>2026-04-27T03:30:50Z</time>
    </trkpt>
    <trkpt lat="3.013999975" lon="101.457274413">
      <ele>3.25</ele>
      <time>2026-04-27T03:42:16Z</time>
    </trkpt>
    <trkpt lat="3.017397299" lon="101.418825025">
      <ele>3.116</ele>
      <time>2026-04-27T03:53:57Z</time>
    </trkpt>
    <trkpt lat="3.012011298" lon="101.413611397">
      <ele>0.76</ele>
      <time>2026-04-27T04:04:42Z</time>
    </trkpt>
    <trkpt lat="3.009356816" lon="101.409520579">
      <ele>12.536</ele>
      <time>2026-04-27T06:51:49Z</time>
    </trkpt>
    <trkpt lat="3.012376211" lon="101.410975141">
      <ele>17.728</ele>
      <time>2026-04-27T06:51:58Z</time>
    </trkpt>
    <trkpt lat="3.010293817" lon="101.410260718">
      <ele>5.112</ele>
      <time>2026-04-28T05:08:29Z</time>
    </trkpt>
    <trkpt lat="3.01374316" lon="101.41166687">
      <ele>3.999</ele>
      <time>2026-04-28T05:28:09Z</time>
    </trkpt>
    <trkpt lat="3.01247794" lon="101.411247618">
      <ele>12.772</ele>
      <time>2026-04-29T04:22:26Z</time>
    </trkpt>
    <trkpt lat="3.012846915" lon="101.411374638">
      <ele>-1.52</ele>
      <time>2026-04-29T04:23:14Z</time>
    </trkpt>
    <trkpt lat="3.013702161" lon="101.411634622">
      <ele>4.115</ele>
      <time>2026-04-29T09:42:57Z</time>
    </trkpt>
    <trkpt lat="3.005374368" lon="101.403284267">
      <ele>8.256</ele>
      <time>2026-04-30T01:24:35Z</time>
    </trkpt>
    <trkpt lat="3.004960399" lon="101.403192775">
      <ele>11.01</ele>
      <time>2026-04-30T01:24:40Z</time>
    </trkpt>
    <trkpt lat="2.98364107" lon="101.420956291">
      <ele>1.504</ele>
      <time>2026-04-30T01:33:17Z</time>
    </trkpt>
    <trkpt lat="2.983036609" lon="101.473493641">
      <ele>3.462</ele>
      <time>2026-04-30T01:39:27Z</time>
    </trkpt>
    <trkpt lat="2.959402283" lon="101.501299515">
      <ele>7.323</ele>
      <time>2026-04-30T01:45:06Z</time>
    </trkpt>
    <trkpt lat="2.83547488" lon="101.594905928">
      <ele>5.76</ele>
      <time>2026-04-30T02:03:42Z</time>
    </trkpt>
    <trkpt lat="2.788886544" lon="101.672799457">
      <ele>7.148</ele>
      <time>2026-04-30T02:17:39Z</time>
    </trkpt>
    <trkpt lat="2.789223794" lon="101.674663773">
      <ele>4.583</ele>
      <time>2026-04-30T02:17:57Z</time>
    </trkpt>
    <trkpt lat="2.743350514" lon="101.685508937">
      <ele>1.23</ele>
      <time>2026-04-30T02:35:33Z</time>
    </trkpt>
    <trkpt lat="2.805864789" lon="101.695053117">
      <ele>-1.056</ele>
      <time>2026-05-06T14:34:33Z</time>
    </trkpt>
    <trkpt lat="2.821478528" lon="101.693906667">
      <ele>12.604</ele>
      <time>2026-05-08T00:39:33Z</time>
    </trkpt>
    <trkpt lat="2.805220066" lon="101.699758424">
      <ele>5.689</ele>
      <time>2026-05-08T00:45:02Z</time>
    </trkpt>
    <trkpt lat="2.744303495" lon="101.685546404">
      <ele>2.475</ele>
      <time>2026-05-08T00:55:45Z</time>
    </trkpt>
    <trkpt lat="2.757879538" lon="101.701429272">
      <ele>8.122</ele>
      <time>2026-05-08T01:50:40Z</time>
    </trkpt>
    <trkpt lat="2.761125052" lon="101.702635428">
      <ele>13.1</ele>
      <time>2026-05-08T01:59:59Z</time>
    </trkpt>
    <trkpt lat="2.754893474" lon="101.703614152">
      <ele>20.822</ele>
      <time>2026-05-08T02:04:58Z</time>
    </trkpt>
    <trkpt lat="2.752809527" lon="101.705275497">
      <ele>27.307</ele>
      <time>2026-05-08T02:20:30Z</time>
    </trkpt>
  </trkseg>
</trk>
</gpx>
