<?xml version="1.0" encoding="UTF-8"?>
<gpx version="1.1" creator="Polarsteps-to-GPX" xmlns="http://www.topografix.com/GPX/1/1" xmlns:xsi="http://www.w3.org/2001/XMLSchema-instance" xsi:schemaLocation="http://www.topografix.com/GPX/1/1 http://www.topografix.com/GPX/1/1/gpx.xsd">
  <metadata><name>...Destination Mongolei</name></metadata>
  <wpt lat="47.5010687" lon="8.7527567">
    <time>2025-03-29T06:44:58Z</time>
    <name>Winterthur</name>
  </wpt>
  <wpt lat="47.5012167" lon="8.7528224">
    <time>2025-03-30T11:31:10Z</time>
    <name>Winterthur</name>
  </wpt>
  <wpt lat="47.500835" lon="8.7528482">
    <time>2025-03-31T20:55:41Z</time>
    <name>Winterthur</name>
  </wpt>
  <wpt lat="47.5008775012964" lon="8.752374286633579">
    <time>2025-04-01T05:10:15Z</time>
    <name>Winterthur</name>
  </wpt>
  <wpt lat="47.492482" lon="8.7419271">
    <time>2025-04-02T22:10:59Z</time>
    <name>Winterthur</name>
  </wpt>
  <wpt lat="47.49243637324667" lon="8.741965525351825">
    <time>2025-04-05T15:52:39Z</time>
    <name>Marthalen</name>
  </wpt>
  <wpt lat="47.5250099" lon="8.7086948">
    <time>2025-04-06T09:25:11Z</time>
    <name>Seuzach</name>
  </wpt>
  <wpt lat="47.20993177153334" lon="8.182580795073754">
    <time>2025-04-06T14:52:56Z</time>
    <name>Gunzwil</name>
  </wpt>
  <wpt lat="46.96444119765685" lon="8.380843375587235">
    <time>2025-04-07T06:53:46Z</time>
    <name>Stans</name>
  </wpt>
  <wpt lat="44.18903872563272" lon="12.416553871284119">
    <time>2025-04-08T16:17:24Z</time>
    <name>Cesenatico</name>
  </wpt>
  <wpt lat="39.84582100615293" lon="20.8125365993085">
    <time>2025-04-11T19:25:17Z</time>
    <name>Zagori Municipality</name>
  </wpt>
  <wpt lat="39.730688939513236" lon="21.650555322438578">
    <time>2025-04-13T11:51:03Z</time>
    <name>Meteora</name>
  </wpt>
  <wpt lat="39.98172787487505" lon="23.661638405196054">
    <time>2025-04-17T11:30:24Z</time>
    <name>Glarokavos Beach</name>
  </wpt>
  <wpt lat="40.93309366613713" lon="26.328944228614056">
    <time>2025-04-20T07:32:26Z</time>
    <name>İpsala</name>
  </wpt>
  <wpt lat="38.42379531372858" lon="29.304763564989557">
    <time>2025-04-21T18:14:13Z</time>
    <name>Ulubey</name>
  </wpt>
  <wpt lat="37.73384111894479" lon="30.111256262497395">
    <time>2025-04-24T18:03:38Z</time>
    <name>Burdur</name>
  </wpt>
  <wpt lat="38.65613769999999" lon="34.820250000000016">
    <time>2025-04-26T14:43:36Z</time>
    <name>Göreme</name>
  </wpt>
  <wpt lat="38.6478261" lon="34.8291282">
    <time>2025-04-29T15:20:22Z</time>
    <name>Göreme</name>
  </wpt>
  <wpt lat="39.73320588907918" lon="39.613209867852625">
    <time>2025-05-02T13:42:14Z</time>
    <name>Erzincan</name>
  </wpt>
  <wpt lat="40.7752046" lon="41.7434694">
    <time>2025-05-05T17:08:02Z</time>
    <name>Yusufeli</name>
  </wpt>
  <wpt lat="41.6529184" lon="41.6408208">
    <time>2025-05-07T17:50:09Z</time>
    <name>Batumi</name>
  </wpt>
  <wpt lat="41.95191155910079" lon="42.0583533441619">
    <time>2025-05-09T06:30:33Z</time>
    <name>Ozurgeti</name>
  </wpt>
  <wpt lat="42.31710217841405" lon="42.58498967800772">
    <time>2025-05-10T05:50:30Z</time>
    <name>Tskaltubo</name>
  </wpt>
  <wpt lat="42.25781909280952" lon="42.66759334057901">
    <time>2025-05-10T11:17:46Z</time>
    <name>Kutaisi</name>
  </wpt>
  <wpt lat="42.2847868" lon="43.2163601">
    <time>2025-05-11T22:15:10Z</time>
    <name>Didi Katskhi</name>
  </wpt>
  <wpt lat="41.37878929734358" lon="43.28760182489016">
    <time>2025-05-14T10:02:49Z</time>
    <name>Vardzia</name>
  </wpt>
  <wpt lat="41.659315893288124" lon="44.61670931641718">
    <time>2025-05-15T09:55:22Z</time>
    <name>Tbilisi</name>
  </wpt>
  <wpt lat="42.58067666000842" lon="44.46505231684026">
    <time>2025-05-19T12:48:53Z</time>
    <name>Kazbegi Municipality</name>
  </wpt>
  <wpt lat="42.6644434" lon="44.6151325">
    <time>2025-05-21T17:26:08Z</time>
    <name>Stepansminda</name>
  </wpt>
  <wpt lat="42.7518386717858" lon="44.62681939466025">
    <time>2025-05-22T04:22:27Z</time>
    <name>Vladikavkaz</name>
  </wpt>
  <wpt lat="46.34856383233231" lon="48.019459409202426">
    <time>2025-05-24T09:35:16Z</time>
    <name>Astrakhan</name>
  </wpt>
  <wpt lat="47.12157879960455" lon="50.84475455810394">
    <time>2025-05-26T12:05:20Z</time>
    <name>Isatayskiy</name>
  </wpt>
  <wpt lat="47.928399720799405" lon="54.22823647186354">
    <time>2025-05-27T12:01:36Z</time>
    <name>Мұқыр ауылдық округі</name>
  </wpt>
  <wpt lat="50.177963012876155" lon="57.28928072383375">
    <time>2025-05-28T09:11:46Z</time>
    <name>Aktöbe</name>
  </wpt>
  <wpt lat="48.5190806" lon="61.0903742">
    <time>2025-05-31T18:01:35Z</time>
    <name>Irgizskiy</name>
  </wpt>
  <wpt lat="45.759529941219675" lon="63.75465114618751">
    <time>2025-06-02T05:38:31Z</time>
    <name>Karmakshy District</name>
  </wpt>
  <wpt lat="43.29614792954484" lon="68.28392772010368">
    <time>2025-06-03T09:46:19Z</time>
    <name>Turkestan</name>
  </wpt>
  <wpt lat="41.01615149389095" lon="68.71646266048593">
    <time>2025-06-06T05:23:40Z</time>
    <name>Saryagashskiy</name>
  </wpt>
  <wpt lat="39.859515" lon="67.511954">
    <time>2025-06-10T17:46:46Z</time>
    <name>Jizzakh</name>
  </wpt>
  <wpt lat="39.8596488" lon="67.5119631">
    <time>2025-06-11T00:57:07Z</time>
    <name>Jizzakh</name>
  </wpt>
  <wpt lat="39.6644802" lon="66.9861853">
    <time>2025-06-12T11:20:28Z</time>
    <name>Samarkand City</name>
  </wpt>
  <wpt lat="39.07849312171668" lon="68.35930678248941">
    <time>2025-06-13T12:15:42Z</time>
    <name>Iskanderkul</name>
  </wpt>
  <wpt lat="38.68407230362173" lon="68.79114082089512">
    <time>2025-06-15T11:03:14Z</time>
    <name>Dushanbe</name>
  </wpt>
  <wpt lat="38.0403065" lon="70.3637865">
    <time>2025-06-19T14:37:25Z</time>
    <name>Darvoz District</name>
  </wpt>
  <wpt lat="37.9123581" lon="71.3890069">
    <time>2025-06-20T16:02:36Z</time>
    <name>Vamd</name>
  </wpt>
  <wpt lat="37.998576162380246" lon="71.74972365310306">
    <time>2025-06-22T16:51:21Z</time>
    <name>Bartang Valley - Jizeu valley Trak</name>
  </wpt>
  <wpt lat="37.136288546060335" lon="72.73426492705265">
    <time>2025-06-27T10:37:52Z</time>
    <name>Pamirhighway / Wakhan Valley</name>
  </wpt>
  <wpt lat="37.23439450180493" lon="72.83927422073688">
    <time>2025-06-29T07:51:01Z</time>
    <name>Ishkoshim District</name>
  </wpt>
  <wpt lat="37.75120563666422" lon="72.98946971498921">
    <time>2025-07-01T06:12:25Z</time>
    <name>Yashikul</name>
  </wpt>
  <wpt lat="38.56081816716217" lon="73.59664488789056">
    <time>2025-07-04T05:16:19Z</time>
    <name>Ak-Bailtal</name>
  </wpt>
  <wpt lat="39.60305415097587" lon="73.24192143052187">
    <time>2025-07-05T12:31:26Z</time>
    <name>Alai</name>
  </wpt>
  <wpt lat="39.50297271836524" lon="72.93232661678728">
    <time>2025-07-07T02:02:13Z</time>
    <name>Alay District</name>
  </wpt>
  <wpt lat="41.25983353708057" lon="73.59817100695669">
    <time>2025-07-11T05:22:48Z</time>
    <name>Tossor-Pass</name>
  </wpt>
  <wpt lat="41.50287589897879" lon="74.73785842039146">
    <time>2025-07-12T09:55:39Z</time>
    <name>Ak-Talaa</name>
  </wpt>
  <wpt lat="41.76567309539929" lon="75.16292028136101">
    <time>2025-07-13T14:07:06Z</time>
    <name>Song - Kul</name>
  </wpt>
  <wpt lat="41.76567309539929" lon="75.16292028136101">
    <time>2025-07-15T13:47:21Z</time>
    <name>Song -Kul</name>
  </wpt>
  <wpt lat="41.75780215304509" lon="75.16911434016671">
    <time>2025-07-16T03:32:31Z</time>
    <name>Ak-Talaa District</name>
  </wpt>
  <wpt lat="42.3332099" lon="78.2415184">
    <time>2025-07-20T09:55:43Z</time>
    <name>7 Bulls hill &amp; a broken heart </name>
  </wpt>
  <wpt lat="43.27837334949828" lon="77.19242261729873">
    <time>2025-07-23T08:46:59Z</time>
    <name>Talgar</name>
  </wpt>
  <wpt lat="43.2363924" lon="76.9457275">
    <time>2025-08-01T10:43:54Z</time>
    <name>Almaty</name>
  </wpt>
  <wpt lat="43.2363924" lon="76.9457275">
    <time>2025-08-08T10:00:46Z</time>
    <name>looking back...over my shoulder - dieses Mal nach Georgien...</name>
  </wpt>
  <wpt lat="43.2363924" lon="76.9457275">
    <time>2025-08-19T10:47:59Z</time>
    <name>...der Versuch eines "best of" der "Stan-Länder"...</name>
  </wpt>
  <wpt lat="43.27892728585983" lon="77.1915684256433">
    <time>2025-08-24T16:06:43Z</time>
    <name>"Little-Alma-Ata"</name>
  </wpt>
  <wpt lat="43.2363924" lon="76.9457275">
    <time>2025-08-25T00:35:01Z</time>
    <name>Almaty ...zwischen himmelhochjauchzend bis zu todebetrübt..."</name>
  </wpt>
  <wpt lat="44.15808794308572" lon="80.39159472938464">
    <time>2025-08-28T03:46:56Z</time>
    <name>Grenzübergang Khorgas</name>
  </wpt>
  <wpt lat="44.419184875774135" lon="84.86960907011644">
    <time>2025-08-29T15:23:16Z</time>
    <name>Kuytun City</name>
  </wpt>
  <wpt lat="47.35187548682778" lon="87.83437807121112">
    <time>2025-08-31T01:25:58Z</time>
    <name>Beitun City</name>
  </wpt>
  <wpt lat="46.143150828855724" lon="90.98720650438189">
    <time>2025-09-01T03:22:57Z</time>
    <name>Taykeshken Town</name>
  </wpt>
  <wpt lat="46.14204631920836" lon="90.99479461701415">
    <time>2025-09-01T08:28:42Z</time>
    <name>Bulgan</name>
  </wpt>
  <wpt lat="46.311716004317915" lon="91.41691496604254">
    <time>2025-09-02T08:49:15Z</time>
    <name>Bulgan</name>
  </wpt>
  <wpt lat="46.76909743346904" lon="92.70475373612038">
    <time>2025-09-05T14:48:38Z</time>
    <name>Most</name>
  </wpt>
  <wpt lat="47.45883374049677" lon="92.31333193295163">
    <time>2025-09-06T10:47:46Z</time>
    <name>Manhan</name>
  </wpt>
  <wpt lat="47.66376853459296" lon="93.62127553680317">
    <time>2025-09-07T10:03:22Z</time>
    <name>Dorgon Nuur I</name>
  </wpt>
  <wpt lat="47.6492076181319" lon="93.61754768536763">
    <time>2025-09-07T10:18:06Z</time>
    <name>Dorgon Nuur II</name>
  </wpt>
  <wpt lat="47.6492076181319" lon="93.61754768536763">
    <time>2025-09-07T10:18:06Z</time>
    <name>Dorgon Nuur III</name>
  </wpt>
  <wpt lat="47.4064395" lon="95.9000095">
    <time>2025-09-13T09:08:04Z</time>
    <name>Aldarkhaan</name>
  </wpt>
  <wpt lat="48.10618453614042" lon="99.18925191440373">
    <time>2025-09-16T01:54:50Z</time>
    <name>Tariat</name>
  </wpt>
  <wpt lat="48.15672481437042" lon="100.28202303694587">
    <time>2025-09-17T07:52:32Z</time>
    <name>Tariat</name>
  </wpt>
  <wpt lat="48.10931148943315" lon="100.29149777265292">
    <time>2025-09-18T01:26:13Z</time>
    <name>Tariat</name>
  </wpt>
  <wpt lat="47.19175808601751" lon="102.83556975433866">
    <time>2025-09-19T01:50:35Z</time>
    <name>Kharkhorin</name>
  </wpt>
  <wpt lat="47.80161039039407" lon="105.88976344114829">
    <time>2025-09-20T14:49:47Z</time>
    <name>Argalant</name>
  </wpt>
  <wpt lat="47.91231592082004" lon="106.84772242877385">
    <time>2025-09-21T07:55:53Z</time>
    <name>Ulaanbaatar</name>
  </wpt>
  <wpt lat="47.91361444872391" lon="106.86958485135642">
    <time>2025-09-21T08:02:55Z</time>
    <name>Ulan Bator</name>
  </wpt>
  <wpt lat="47.91467133357034" lon="106.91083052028522">
    <time>2025-09-23T02:29:57Z</time>
    <name>Ulan Bator</name>
  </wpt>
  <wpt lat="47.915083515871615" lon="106.89864791399029">
    <time>2025-09-24T06:26:05Z</time>
    <name>Ulan Bator</name>
  </wpt>
  <wpt lat="47.91508349999996" lon="106.89864790000007">
    <time>2025-09-25T04:54:16Z</time>
    <name>Ulaanbaatar</name>
  </wpt>
  <wpt lat="47.88728393693478" lon="107.07455530077098">
    <time>2025-09-26T06:41:26Z</time>
    <name>Ulaanbaatar</name>
  </wpt>
  <wpt lat="47.85429681045189" lon="106.78004607295006">
    <time>2025-09-29T23:28:03Z</time>
    <name>Ulaanbaatar  - zum Letzten...</name>
  </wpt>
  <wpt lat="46.90659802877057" lon="102.48378857048459">
    <time>2025-10-02T08:05:05Z</time>
    <name>Bat-Ölzii</name>
  </wpt>
  <wpt lat="45.3078644677991" lon="102.38041706288254">
    <time>2025-10-05T07:23:34Z</time>
    <name>Guchin-Us</name>
  </wpt>
  <wpt lat="43.97573176775498" lon="101.48348537283157">
    <time>2025-10-07T05:06:34Z</time>
    <name>Bayanlig</name>
  </wpt>
  <wpt lat="43.4977546" lon="99.815643">
    <time>2025-10-09T12:05:59Z</time>
    <name>Gurvantes</name>
  </wpt>
  <wpt lat="43.4743656" lon="99.8309628">
    <time>2025-10-12T00:57:36Z</time>
    <name>Gurvantes</name>
  </wpt>
  <wpt lat="43.353631" lon="102.6652138">
    <time>2025-10-14T07:23:56Z</time>
    <name>Sevrei</name>
  </wpt>
  <wpt lat="43.574897" lon="104.0765739">
    <time>2025-10-15T09:05:24Z</time>
    <name>Hanongor I</name>
  </wpt>
  <wpt lat="43.5748498" lon="104.0765121">
    <time>2025-10-16T07:39:10Z</time>
    <name>Hanongor II</name>
  </wpt>
  <wpt lat="43.5885047" lon="104.4324127">
    <time>2025-10-17T11:36:44Z</time>
    <name>Dalanzadgad</name>
  </wpt>
  <wpt lat="43.5884641" lon="104.4320698">
    <time>2025-10-20T01:07:20Z</time>
    <name>Dalanzadgad</name>
  </wpt>
  <wpt lat="47.89526081648459" lon="106.8830452860397">
    <time>2025-10-21T08:45:57Z</time>
    <name>Ulaanbaatar</name>
  </wpt>
  <wpt lat="47.897678708841056" lon="106.8894829560856">
    <time>2025-10-25T01:53:39Z</time>
    <name>Ulaanbaatar</name>
  </wpt>
  <wpt lat="44.9356974" lon="110.1377584">
    <time>2025-10-26T03:40:45Z</time>
    <name>Saynshand</name>
  </wpt>
  <wpt lat="43.7121983" lon="111.9081379">
    <time>2025-10-28T08:30:35Z</time>
    <name>Zamiin uud</name>
  </wpt>
  <trk>
    <name>...Destination Mongolei</name>
    <trkseg>
      <trkpt lat="47.5011455" lon="8.752758"><time>2025-03-29T06:46:16Z</time></trkpt>
      <trkpt lat="47.5010177" lon="8.7526905"><time>2025-03-29T08:17:57Z</time></trkpt>
      <trkpt lat="47.5060774" lon="8.7579491"><time>2025-03-29T13:27:58Z</time></trkpt>
      <trkpt lat="47.5251618" lon="8.7070926"><time>2025-03-29T13:37:29Z</time></trkpt>
      <trkpt lat="47.58892647863179" lon="8.69021093060747"><time>2025-03-29T13:43:40Z</time></trkpt>
      <trkpt lat="47.6294826" lon="8.672559"><time>2025-03-29T13:46:59Z</time></trkpt>
      <trkpt lat="47.6824809" lon="8.6164619"><time>2025-03-29T13:56:30Z</time></trkpt>
      <trkpt lat="47.70130378633277" lon="8.548367128009952"><time>2025-03-29T14:04:41Z</time></trkpt>
      <trkpt lat="47.7077195" lon="8.5290466"><time>2025-03-29T14:06:00Z</time></trkpt>
      <trkpt lat="47.72906" lon="8.4860609"><time>2025-03-29T16:36:26Z</time></trkpt>
      <trkpt lat="47.75169756940222" lon="8.700309173021395"><time>2025-03-29T19:48:45Z</time></trkpt>
      <trkpt lat="47.5055919" lon="8.7282552"><time>2025-03-29T20:18:49Z</time></trkpt>
      <trkpt lat="47.4998589" lon="8.7538578"><time>2025-03-29T20:28:27Z</time></trkpt>
      <trkpt lat="47.5005724" lon="8.7518038"><time>2025-03-29T20:56:01Z</time></trkpt>
      <trkpt lat="47.5559374" lon="8.7700014"><time>2025-03-30T10:19:01Z</time></trkpt>
      <trkpt lat="47.5003447" lon="8.7518473"><time>2025-03-30T11:15:55Z</time></trkpt>
      <trkpt lat="47.4983935" lon="8.750618"><time>2025-03-30T14:51:28Z</time></trkpt>
      <trkpt lat="47.4932665" lon="8.7419576"><time>2025-03-30T15:06:44Z</time></trkpt>
      <trkpt lat="47.4952539" lon="8.7509088"><time>2025-03-30T21:18:53Z</time></trkpt>
      <trkpt lat="47.5011525" lon="8.7530271"><time>2025-03-30T21:29:03Z</time></trkpt>
      <trkpt lat="47.500569610939344" lon="8.752019963251492"><time>2025-03-30T21:57:21Z</time></trkpt>
      <trkpt lat="47.50111361309631" lon="8.752595785657817"><time>2025-03-30T22:00:33Z</time></trkpt>
      <trkpt lat="47.5227743" lon="8.7728169"><time>2025-03-31T07:35:47Z</time></trkpt>
      <trkpt lat="47.5390093" lon="8.7911198"><time>2025-03-31T08:00:07Z</time></trkpt>
      <trkpt lat="47.50051318614828" lon="8.753241657825624"><time>2025-03-31T11:57:10Z</time></trkpt>
      <trkpt lat="47.5183974" lon="8.720164"><time>2025-03-31T13:25:14Z</time></trkpt>
      <trkpt lat="47.5003425" lon="8.7301404"><time>2025-03-31T13:59:28Z</time></trkpt>
      <trkpt lat="47.50004831300135" lon="8.727497939195706"><time>2025-03-31T14:00:02Z</time></trkpt>
      <trkpt lat="47.4962673" lon="8.7499152"><time>2025-03-31T14:14:31Z</time></trkpt>
      <trkpt lat="47.500656883065915" lon="8.75294264286366"><time>2025-03-31T14:22:45Z</time></trkpt>
      <trkpt lat="47.500378" lon="8.7517698"><time>2025-03-31T14:30:55Z</time></trkpt>
      <trkpt lat="47.5006706" lon="8.752844"><time>2025-03-31T15:44:10Z</time></trkpt>
      <trkpt lat="47.4982272" lon="8.727045"><time>2025-03-31T16:26:05Z</time></trkpt>
      <trkpt lat="47.500835" lon="8.7528482"><time>2025-03-31T16:26:06Z</time></trkpt>
      <trkpt lat="47.4982523" lon="8.727081"><time>2025-03-31T16:28:17Z</time></trkpt>
      <trkpt lat="47.5006487" lon="8.7272438"><time>2025-03-31T19:32:09Z</time></trkpt>
      <trkpt lat="47.5013005" lon="8.7246656"><time>2025-03-31T20:37:03Z</time></trkpt>
      <trkpt lat="47.5012568" lon="8.7533689"><time>2025-03-31T20:53:13Z</time></trkpt>
      <trkpt lat="47.5003528" lon="8.751868"><time>2025-03-31T21:29:20Z</time></trkpt>
      <trkpt lat="47.50080566538129" lon="8.75272844401782"><time>2025-04-01T05:33:42Z</time></trkpt>
      <trkpt lat="47.5003662109375" lon="8.752520896686109"><time>2025-04-01T21:19:12Z</time></trkpt>
      <trkpt lat="47.50097450117529" lon="8.752362831951526"><time>2025-04-02T05:49:03Z</time></trkpt>
      <trkpt lat="47.50665230711268" lon="8.758329301115218"><time>2025-04-02T10:45:50Z</time></trkpt>
      <trkpt lat="47.539089630267064" lon="8.791188187916426"><time>2025-04-02T11:02:36Z</time></trkpt>
      <trkpt lat="47.533459884240514" lon="8.742022607066218"><time>2025-04-02T11:22:42Z</time></trkpt>
      <trkpt lat="47.52108216513597" lon="8.657636759187069"><time>2025-04-02T11:32:49Z</time></trkpt>
      <trkpt lat="47.51888332194669" lon="8.637057215920526"><time>2025-04-02T11:40:50Z</time></trkpt>
      <trkpt lat="47.52027553880796" lon="8.65789497479365"><time>2025-04-02T14:23:10Z</time></trkpt>
      <trkpt lat="47.52089430212186" lon="8.65785999434001"><time>2025-04-02T14:23:29Z</time></trkpt>
      <trkpt lat="47.53407264584625" lon="8.782009052673628"><time>2025-04-02T14:38:09Z</time></trkpt>
      <trkpt lat="47.539111224483634" lon="8.791227594693813"><time>2025-04-02T14:47:33Z</time></trkpt>
      <trkpt lat="47.54357332427882" lon="8.787889856496841"><time>2025-04-02T15:29:59Z</time></trkpt>
      <trkpt lat="47.62324393133065" lon="8.795492411466634"><time>2025-04-02T15:45:13Z</time></trkpt>
      <trkpt lat="47.63182180238123" lon="8.800963298367918"><time>2025-04-02T16:01:44Z</time></trkpt>
      <trkpt lat="47.60051266651318" lon="8.803096322113285"><time>2025-04-02T20:17:29Z</time></trkpt>
      <trkpt lat="47.50696640757825" lon="8.758723109912985"><time>2025-04-02T20:32:15Z</time></trkpt>
      <trkpt lat="47.5009588554361" lon="8.723379465022033"><time>2025-04-02T20:47:07Z</time></trkpt>
      <trkpt lat="47.51340949550764" lon="8.721803573838521"><time>2025-04-02T20:52:02Z</time></trkpt>
      <trkpt lat="47.625190399894436" lon="8.651009364305104"><time>2025-04-02T21:06:54Z</time></trkpt>
      <trkpt lat="47.62233365165491" lon="8.679008314508067"><time>2025-04-02T21:24:46Z</time></trkpt>
      <trkpt lat="47.499635112086686" lon="8.7335115128897"><time>2025-04-02T21:39:33Z</time></trkpt>
      <trkpt lat="47.49243637324667" lon="8.741965525351825"><time>2025-04-02T21:44:46Z</time></trkpt>
      <trkpt lat="47.49628381808055" lon="8.735941350468188"><time>2025-04-04T05:19:13Z</time></trkpt>
      <trkpt lat="47.4493832560698" lon="8.70096257888591"><time>2025-04-04T05:36:11Z</time></trkpt>
      <trkpt lat="47.51516175044011" lon="8.683674331230021"><time>2025-04-04T05:48:34Z</time></trkpt>
      <trkpt lat="47.508574429604415" lon="8.676624688218954"><time>2025-04-04T06:01:33Z</time></trkpt>
      <trkpt lat="47.51528760422721" lon="8.685196135201197"><time>2025-04-04T06:17:51Z</time></trkpt>
      <trkpt lat="47.602490908462585" lon="8.68848487622475"><time>2025-04-04T06:27:57Z</time></trkpt>
      <trkpt lat="47.62273122135345" lon="8.648510684291393"><time>2025-04-04T06:41:12Z</time></trkpt>
      <trkpt lat="47.60885923173987" lon="8.675340190537902"><time>2025-04-06T08:03:54Z</time></trkpt>
      <trkpt lat="47.55612265660541" lon="8.770057818741732"><time>2025-04-06T08:22:27Z</time></trkpt>
      <trkpt lat="47.540179719429396" lon="8.790527465555925"><time>2025-04-06T08:30:27Z</time></trkpt>
      <trkpt lat="47.52698654811719" lon="8.734633365864195"><time>2025-04-06T09:18:23Z</time></trkpt>
      <trkpt lat="47.475496752507276" lon="8.704629033022833"><time>2025-04-06T09:29:35Z</time></trkpt>
      <trkpt lat="47.40843947756792" lon="8.588970152376156"><time>2025-04-06T09:39:40Z</time></trkpt>
      <trkpt lat="47.41340599936445" lon="8.433997811502714"><time>2025-04-06T09:49:54Z</time></trkpt>
      <trkpt lat="47.43797636595316" lon="8.348578317098644"><time>2025-04-06T09:55:10Z</time></trkpt>
      <trkpt lat="47.413864540323" lon="8.220851566693268"><time>2025-04-06T10:05:28Z</time></trkpt>
      <trkpt lat="47.38986937336689" lon="8.181121380578439"><time>2025-04-06T10:10:41Z</time></trkpt>
      <trkpt lat="47.35570755042937" lon="8.16151124479509"><time>2025-04-06T10:15:47Z</time></trkpt>
      <trkpt lat="47.28612716645256" lon="8.199347018229298"><time>2025-04-06T10:25:51Z</time></trkpt>
      <trkpt lat="47.246047589722956" lon="8.184812624210837"><time>2025-04-06T10:34:38Z</time></trkpt>
      <trkpt lat="47.211574573800014" lon="8.1921622729833"><time>2025-04-06T10:39:59Z</time></trkpt>
      <trkpt lat="47.210507257117925" lon="8.183650782846668"><time>2025-04-06T10:45:11Z</time></trkpt>
      <trkpt lat="47.210710122084876" lon="8.18373236809336"><time>2025-04-06T20:15:58Z</time></trkpt>
      <trkpt lat="47.20674387649363" lon="8.189323841016288"><time>2025-04-07T06:03:47Z</time></trkpt>
      <trkpt lat="47.1263822095383" lon="8.24352129998558"><time>2025-04-07T06:15:37Z</time></trkpt>
      <trkpt lat="47.09446878146266" lon="8.256718139272968"><time>2025-04-07T06:20:41Z</time></trkpt>
      <trkpt lat="47.091606573580805" lon="8.252237474046675"><time>2025-04-07T06:33:17Z</time></trkpt>
      <trkpt lat="47.08309356919768" lon="8.276931313412671"><time>2025-04-07T06:38:28Z</time></trkpt>
      <trkpt lat="47.03677059404401" lon="8.295300413606622"><time>2025-04-07T06:43:44Z</time></trkpt>
      <trkpt lat="46.96465326943152" lon="8.38158499450272"><time>2025-04-07T06:53:53Z</time></trkpt>
      <trkpt lat="46.86508723663797" lon="8.632143900656422"><time>2025-04-07T08:29:20Z</time></trkpt>
      <trkpt lat="46.758449162430026" lon="8.651869619787748"><time>2025-04-07T08:39:41Z</time></trkpt>
      <trkpt lat="46.70813791370266" lon="8.605842645589624"><time>2025-04-07T08:44:50Z</time></trkpt>
      <trkpt lat="46.488659182071316" lon="8.764324656423804"><time>2025-04-07T09:13:50Z</time></trkpt>
      <trkpt lat="46.447104903235726" lon="8.830145982581344"><time>2025-04-07T09:27:21Z</time></trkpt>
      <trkpt lat="46.32687021051161" lon="8.979282425372046"><time>2025-04-07T09:55:48Z</time></trkpt>
      <trkpt lat="46.17664934605935" lon="8.995400229477319"><time>2025-04-07T10:11:10Z</time></trkpt>
      <trkpt lat="46.096360688140706" lon="8.92761058174905"><time>2025-04-07T10:20:38Z</time></trkpt>
      <trkpt lat="46.03497177793251" lon="8.928792756963794"><time>2025-04-07T10:25:42Z</time></trkpt>
      <trkpt lat="45.98357270706515" lon="8.933073089870392"><time>2025-04-07T10:31:10Z</time></trkpt>
      <trkpt lat="45.87719079116733" lon="8.979488395513343"><time>2025-04-07T10:41:21Z</time></trkpt>
      <trkpt lat="45.83924092982599" lon="9.025630172343924"><time>2025-04-07T10:46:45Z</time></trkpt>
      <trkpt lat="45.838788379772524" lon="9.031313259717887"><time>2025-04-07T10:51:59Z</time></trkpt>
      <trkpt lat="45.84090496417679" lon="9.04193077237256"><time>2025-04-07T10:57:12Z</time></trkpt>
      <trkpt lat="45.77430680398435" lon="9.048893200242006"><time>2025-04-07T11:07:50Z</time></trkpt>
      <trkpt lat="45.65287588705798" lon="9.014902412195488"><time>2025-04-07T11:20:40Z</time></trkpt>
      <trkpt lat="45.56205634136041" lon="9.033956024895602"><time>2025-04-07T11:28:32Z</time></trkpt>
      <trkpt lat="45.46358865599471" lon="9.076049051497025"><time>2025-04-07T11:38:49Z</time></trkpt>
      <trkpt lat="45.40925568286568" lon="9.108697093663084"><time>2025-04-07T11:44:05Z</time></trkpt>
      <trkpt lat="45.37771315783763" lon="9.276173952975567"><time>2025-04-07T11:53:50Z</time></trkpt>
      <trkpt lat="45.258246272843856" lon="9.473191252202225"><time>2025-04-07T12:08:50Z</time></trkpt>
      <trkpt lat="45.18969125377559" lon="9.564056681701599"><time>2025-04-07T12:16:12Z</time></trkpt>
      <trkpt lat="45.05129355956523" lon="9.748166243465802"><time>2025-04-07T12:31:43Z</time></trkpt>
      <trkpt lat="45.03834506778357" lon="9.745118117514163"><time>2025-04-07T12:36:54Z</time></trkpt>
      <trkpt lat="45.02892698958755" lon="9.68340260724019"><time>2025-04-07T12:42:00Z</time></trkpt>
      <trkpt lat="44.94531430678058" lon="9.635776093670328"><time>2025-04-07T12:51:51Z</time></trkpt>
      <trkpt lat="44.91266043923758" lon="9.59692295999742"><time>2025-04-07T12:57:03Z</time></trkpt>
      <trkpt lat="44.9081354205476" lon="9.59112135115721"><time>2025-04-07T13:59:11Z</time></trkpt>
      <trkpt lat="44.941430278164276" lon="9.632625365638763"><time>2025-04-08T08:52:56Z</time></trkpt>
      <trkpt lat="45.026528872964974" lon="9.680668072533297"><time>2025-04-08T09:03:21Z</time></trkpt>
      <trkpt lat="45.03722730684963" lon="9.76213802621678"><time>2025-04-08T09:12:02Z</time></trkpt>
      <trkpt lat="44.95765030853912" lon="9.916597288111147"><time>2025-04-08T09:23:05Z</time></trkpt>
      <trkpt lat="44.89610279259918" lon="10.048504612927227"><time>2025-04-08T09:31:58Z</time></trkpt>
      <trkpt lat="44.88006920854974" lon="10.149876239365096"><time>2025-04-08T09:37:56Z</time></trkpt>
      <trkpt lat="44.81897207566063" lon="10.399517631403356"><time>2025-04-08T09:52:56Z</time></trkpt>
      <trkpt lat="44.73211633100363" lon="10.615823716754125"><time>2025-04-08T10:07:05Z</time></trkpt>
      <trkpt lat="44.71099739423501" lon="10.716079120290047"><time>2025-04-08T10:13:04Z</time></trkpt>
      <trkpt lat="44.51866698003507" lon="11.168963283583423"><time>2025-04-08T10:44:06Z</time></trkpt>
      <trkpt lat="44.523880365346116" lon="11.286482736478826"><time>2025-04-08T10:51:58Z</time></trkpt>
      <trkpt lat="44.500598110793234" lon="11.384650748322144"><time>2025-04-08T11:03:15Z</time></trkpt>
      <trkpt lat="44.42746697929169" lon="11.598090212802958"><time>2025-04-08T11:29:53Z</time></trkpt>
      <trkpt lat="44.245301527012366" lon="12.113935332756595"><time>2025-04-08T12:21:23Z</time></trkpt>
      <trkpt lat="44.16748565625788" lon="12.283483548101302"><time>2025-04-08T12:36:16Z</time></trkpt>
      <trkpt lat="44.19033502967445" lon="12.408743832422335"><time>2025-04-08T13:10:18Z</time></trkpt>
      <trkpt lat="44.18902844660374" lon="12.414901899185418"><time>2025-04-08T13:16:35Z</time></trkpt>
      <trkpt lat="44.16706340840243" lon="12.425213636219903"><time>2025-04-09T10:17:07Z</time></trkpt>
      <trkpt lat="44.158779674554516" lon="12.433075005055965"><time>2025-04-09T10:25:15Z</time></trkpt>
      <trkpt lat="44.151973272197495" lon="12.442305422224765"><time>2025-04-09T10:58:20Z</time></trkpt>
      <trkpt lat="44.08799804254937" lon="12.476614579186645"><time>2025-04-09T11:05:54Z</time></trkpt>
      <trkpt lat="43.985288295687845" lon="12.640946059828547"><time>2025-04-09T11:21:27Z</time></trkpt>
      <trkpt lat="43.89937123378127" lon="12.86333886798817"><time>2025-04-09T11:37:07Z</time></trkpt>
      <trkpt lat="43.797609013648504" lon="13.076114630135365"><time>2025-04-09T11:52:35Z</time></trkpt>
      <trkpt lat="43.68121398616925" lon="13.262242069480253"><time>2025-04-09T12:07:33Z</time></trkpt>
      <trkpt lat="43.595916107098155" lon="13.357095842592654"><time>2025-04-09T12:22:35Z</time></trkpt>
      <trkpt lat="43.58860085419927" lon="13.492093759092693"><time>2025-04-09T12:38:07Z</time></trkpt>
      <trkpt lat="43.59763571209194" lon="13.509579089632586"><time>2025-04-09T12:43:18Z</time></trkpt>
      <trkpt lat="43.6127235487008" lon="13.499957463520047"><time>2025-04-09T12:53:21Z</time></trkpt>
      <trkpt lat="43.617568215896014" lon="13.506842309607904"><time>2025-04-09T13:37:39Z</time></trkpt>
      <trkpt lat="41.40297905080151" lon="17.226783530802678"><time>2025-04-10T06:27:59Z</time></trkpt>
      <trkpt lat="41.38356743093393" lon="17.255297252362737"><time>2025-04-10T06:33:00Z</time></trkpt>
      <trkpt lat="41.36405854796104" lon="17.283693325002506"><time>2025-04-10T06:38:01Z</time></trkpt>
      <trkpt lat="41.3445500612569" lon="17.311899051016802"><time>2025-04-10T06:43:02Z</time></trkpt>
      <trkpt lat="41.32505256547554" lon="17.340249637501003"><time>2025-04-10T06:48:03Z</time></trkpt>
      <trkpt lat="41.30561750643216" lon="17.368544953357052"><time>2025-04-10T06:53:04Z</time></trkpt>
      <trkpt lat="41.28622866220824" lon="17.396831216748172"><time>2025-04-10T06:58:04Z</time></trkpt>
      <trkpt lat="41.26621224737089" lon="17.425231904403518"><time>2025-04-10T07:03:07Z</time></trkpt>
      <trkpt lat="41.246653789631445" lon="17.45307690783032"><time>2025-04-10T07:08:05Z</time></trkpt>
      <trkpt lat="41.223903456506804" lon="17.484704750499777"><time>2025-04-10T07:13:44Z</time></trkpt>
      <trkpt lat="41.20438088057142" lon="17.51274739541429"><time>2025-04-10T07:18:44Z</time></trkpt>
      <trkpt lat="41.1778129684191" lon="17.549781091527592"><time>2025-04-10T07:25:23Z</time></trkpt>
      <trkpt lat="41.13319517693075" lon="17.61320753579257"><time>2025-04-10T07:36:41Z</time></trkpt>
      <trkpt lat="41.08056579254668" lon="17.68388961443462"><time>2025-04-10T07:49:40Z</time></trkpt>
      <trkpt lat="41.06011083671617" lon="17.710898748434"><time>2025-04-10T07:54:41Z</time></trkpt>
      <trkpt lat="41.03968305767741" lon="17.737961065342873"><time>2025-04-10T07:59:41Z</time></trkpt>
      <trkpt lat="41.0194179228022" lon="17.76526692845106"><time>2025-04-10T08:04:42Z</time></trkpt>
      <trkpt lat="40.99951103323333" lon="17.79307025416863"><time>2025-04-10T08:09:43Z</time></trkpt>
      <trkpt lat="40.04987061027442" lon="19.611178664508845"><time>2025-04-10T13:01:59Z</time></trkpt>
      <trkpt lat="40.03111486174131" lon="19.640380629549693"><time>2025-04-10T13:07:00Z</time></trkpt>
      <trkpt lat="40.01077863850129" lon="19.67241656441014"><time>2025-04-10T13:12:25Z</time></trkpt>
      <trkpt lat="39.99181015064749" lon="19.70052090401925"><time>2025-04-10T13:17:21Z</time></trkpt>
      <trkpt lat="39.86654816199081" lon="19.884772365931312"><time>2025-04-10T13:49:35Z</time></trkpt>
      <trkpt lat="39.842500397972614" lon="19.91981199013062"><time>2025-04-10T13:55:45Z</time></trkpt>
      <trkpt lat="39.82307697032447" lon="19.948590425415624"><time>2025-04-10T14:00:46Z</time></trkpt>
      <trkpt lat="39.8012095898368" lon="19.97328874980888"><time>2025-04-10T14:05:47Z</time></trkpt>
      <trkpt lat="39.45425639241815" lon="20.275108485946916"><time>2025-04-10T16:31:30Z</time></trkpt>
      <trkpt lat="39.42396100148505" lon="20.31393871644541"><time>2025-04-11T06:24:32Z</time></trkpt>
      <trkpt lat="39.44422465593242" lon="20.384399559624967"><time>2025-04-11T06:38:30Z</time></trkpt>
      <trkpt lat="39.54040013723032" lon="20.67388295197922"><time>2025-04-11T07:05:33Z</time></trkpt>
      <trkpt lat="39.61017772252166" lon="20.85780599859178"><time>2025-04-11T07:32:31Z</time></trkpt>
      <trkpt lat="39.58401461601218" lon="20.86259974168694"><time>2025-04-11T07:46:00Z</time></trkpt>
      <trkpt lat="39.589365175931476" lon="20.86190655400548"><time>2025-04-11T08:39:49Z</time></trkpt>
      <trkpt lat="39.62419124563976" lon="20.850955086033345"><time>2025-04-11T08:53:20Z</time></trkpt>
      <trkpt lat="39.62413616963386" lon="20.833170978999398"><time>2025-04-11T09:40:37Z</time></trkpt>
      <trkpt lat="39.62738411672765" lon="20.85796234799177"><time>2025-04-11T09:48:32Z</time></trkpt>
      <trkpt lat="39.58489276723187" lon="20.862565690842942"><time>2025-04-11T10:30:42Z</time></trkpt>
      <trkpt lat="39.65338182173637" lon="20.82935853863212"><time>2025-04-11T10:44:11Z</time></trkpt>
      <trkpt lat="39.721008399538434" lon="20.78475222924797"><time>2025-04-11T10:57:41Z</time></trkpt>
      <trkpt lat="39.81484456685579" lon="20.723575717078216"><time>2025-04-11T11:11:12Z</time></trkpt>
      <trkpt lat="39.857623845909714" lon="20.774905531511628"><time>2025-04-11T11:24:41Z</time></trkpt>
      <trkpt lat="39.86379923919693" lon="20.775832290387"><time>2025-04-11T11:38:13Z</time></trkpt>
      <trkpt lat="39.84761934970728" lon="20.809077995808487"><time>2025-04-11T11:51:41Z</time></trkpt>
      <trkpt lat="39.84582047947373" lon="20.812601855927593"><time>2025-04-11T19:34:00Z</time></trkpt>
      <trkpt lat="39.86226792553858" lon="20.785839912496"><time>2025-04-12T07:09:54Z</time></trkpt>
      <trkpt lat="39.8612535570552" lon="20.774298650624935"><time>2025-04-12T07:22:54Z</time></trkpt>
      <trkpt lat="39.86388364812471" lon="20.79322951386427"><time>2025-04-12T11:08:42Z</time></trkpt>
      <trkpt lat="39.8458375556931" lon="20.81271605566008"><time>2025-04-12T11:22:43Z</time></trkpt>
      <trkpt lat="39.86253929851966" lon="20.774769714869137"><time>2025-04-13T08:40:01Z</time></trkpt>
      <trkpt lat="39.838056728899915" lon="20.74774748544233"><time>2025-04-13T08:45:32Z</time></trkpt>
      <trkpt lat="39.7867688014803" lon="20.738825831693568"><time>2025-04-13T08:59:25Z</time></trkpt>
      <trkpt lat="39.67423821328566" lon="20.823606415799397"><time>2025-04-13T09:19:35Z</time></trkpt>
      <trkpt lat="39.65926063447726" lon="20.8407206281303"><time>2025-04-13T09:24:48Z</time></trkpt>
      <trkpt lat="39.634942916569095" lon="20.83709749909413"><time>2025-04-13T09:32:38Z</time></trkpt>
      <trkpt lat="39.6015422651913" lon="20.92843565160495"><time>2025-04-13T09:48:10Z</time></trkpt>
      <trkpt lat="39.75035580675542" lon="21.07859391819653"><time>2025-04-13T10:08:00Z</time></trkpt>
      <trkpt lat="39.78937090843896" lon="21.267011314650315"><time>2025-04-13T10:23:23Z</time></trkpt>
      <trkpt lat="39.806139647302146" lon="21.32939955428803"><time>2025-04-13T10:38:22Z</time></trkpt>
      <trkpt lat="39.788556313179235" lon="21.378283510004525"><time>2025-04-13T10:53:22Z</time></trkpt>
      <trkpt lat="39.769011332129836" lon="21.461797255579175"><time>2025-04-13T11:08:21Z</time></trkpt>
      <trkpt lat="39.73106374967818" lon="21.569287721087754"><time>2025-04-13T11:23:21Z</time></trkpt>
      <trkpt lat="39.704982777316445" lon="21.62130804475172"><time>2025-04-13T11:35:46Z</time></trkpt>
      <trkpt lat="39.730688939513236" lon="21.650555322438578"><time>2025-04-13T11:51:03Z</time></trkpt>
      <trkpt lat="39.73101384505656" lon="21.651061747989697"><time>2025-04-13T12:05:21Z</time></trkpt>
      <trkpt lat="39.716560905255704" lon="21.641097215988015"><time>2025-04-14T07:13:03Z</time></trkpt>
      <trkpt lat="39.6974381106344" lon="21.640156544765123"><time>2025-04-14T07:25:35Z</time></trkpt>
      <trkpt lat="39.60831370415377" lon="21.723234587327443"><time>2025-04-14T07:36:57Z</time></trkpt>
      <trkpt lat="39.565353440157665" lon="21.778575964292305"><time>2025-04-14T07:47:11Z</time></trkpt>
      <trkpt lat="39.56629688179848" lon="21.81445337094817"><time>2025-04-14T07:52:27Z</time></trkpt>
      <trkpt lat="39.58153809890112" lon="22.02764589341546"><time>2025-04-14T08:07:55Z</time></trkpt>
      <trkpt lat="39.6128813876208" lon="22.22381008791013"><time>2025-04-14T08:22:55Z</time></trkpt>
      <trkpt lat="39.631061128510055" lon="22.35615817917698"><time>2025-04-14T08:33:10Z</time></trkpt>
      <trkpt lat="39.64624215028283" lon="22.427878933464044"><time>2025-04-14T08:44:11Z</time></trkpt>
      <trkpt lat="39.80078169614058" lon="22.50030711295316"><time>2025-04-14T09:00:35Z</time></trkpt>
      <trkpt lat="39.850163008123495" lon="22.520549576750508"><time>2025-04-14T09:06:07Z</time></trkpt>
      <trkpt lat="39.93395500820124" lon="22.644364116734494"><time>2025-04-14T09:17:52Z</time></trkpt>
      <trkpt lat="40.09957553401577" lon="22.557758546287797"><time>2025-04-14T09:35:57Z</time></trkpt>
      <trkpt lat="40.116622180812364" lon="22.55526501079792"><time>2025-04-14T09:43:35Z</time></trkpt>
      <trkpt lat="40.23797828409368" lon="22.537036589906016"><time>2025-04-15T07:41:00Z</time></trkpt>
      <trkpt lat="40.287349373139705" lon="22.532036975047113"><time>2025-04-15T07:46:21Z</time></trkpt>
      <trkpt lat="40.32819530930401" lon="22.581067755839396"><time>2025-04-15T07:51:47Z</time></trkpt>
      <trkpt lat="40.45372449331028" lon="22.58009025829153"><time>2025-04-15T08:13:34Z</time></trkpt>
      <trkpt lat="40.588032201254144" lon="22.653527288741323"><time>2025-04-15T08:28:25Z</time></trkpt>
      <trkpt lat="40.65287441005942" lon="22.83987734522558"><time>2025-04-15T08:43:33Z</time></trkpt>
      <trkpt lat="40.669410361819914" lon="22.884688809861267"><time>2025-04-15T08:48:49Z</time></trkpt>
      <trkpt lat="40.66888790369547" lon="22.962134890497087"><time>2025-04-15T08:59:03Z</time></trkpt>
      <trkpt lat="40.66141858235063" lon="22.96807296576255"><time>2025-04-15T09:09:28Z</time></trkpt>
      <trkpt lat="40.645133511616066" lon="22.968721233543786"><time>2025-04-15T09:19:39Z</time></trkpt>
      <trkpt lat="40.57522301307087" lon="22.982041719857538"><time>2025-04-15T09:29:18Z</time></trkpt>
      <trkpt lat="40.49928667562485" lon="23.00360067136833"><time>2025-04-15T09:36:50Z</time></trkpt>
      <trkpt lat="40.34340272195669" lon="23.065830012804888"><time>2025-04-15T09:51:47Z</time></trkpt>
      <trkpt lat="40.201464158573984" lon="23.32677026355959"><time>2025-04-15T10:14:46Z</time></trkpt>
      <trkpt lat="40.149477322512574" lon="23.356120730445816"><time>2025-04-15T10:20:11Z</time></trkpt>
      <trkpt lat="40.05851388871877" lon="23.460524265580993"><time>2025-04-15T10:35:09Z</time></trkpt>
      <trkpt lat="40.015365847508534" lon="23.5253100728852"><time>2025-04-15T10:50:20Z</time></trkpt>
      <trkpt lat="39.99696330672555" lon="23.57579635800476"><time>2025-04-15T10:55:28Z</time></trkpt>
      <trkpt lat="39.9818273783721" lon="23.64380856915369"><time>2025-04-15T11:11:44Z</time></trkpt>
      <trkpt lat="39.97752495539462" lon="23.651228552440514"><time>2025-04-15T11:20:40Z</time></trkpt>
      <trkpt lat="39.981820369176546" lon="23.65574659781871"><time>2025-04-15T11:52:12Z</time></trkpt>
      <trkpt lat="39.981766139639284" lon="23.661784858194537"><time>2025-04-15T12:41:44Z</time></trkpt>
      <trkpt lat="39.98269981503937" lon="23.66153559190137"><time>2025-04-15T15:40:46Z</time></trkpt>
      <trkpt lat="39.97675323000001" lon="23.660076139999994"><time>2025-04-15T15:54:43Z</time></trkpt>
      <trkpt lat="39.98194064948706" lon="23.66165910849689"><time>2025-04-15T16:02:52Z</time></trkpt>
      <trkpt lat="39.977239139510935" lon="23.660230917078955"><time>2025-04-15T20:14:19Z</time></trkpt>
      <trkpt lat="39.98189664449544" lon="23.66160269828853"><time>2025-04-15T20:32:08Z</time></trkpt>
      <trkpt lat="39.97679164457514" lon="23.660086714452444"><time>2025-04-16T09:21:34Z</time></trkpt>
      <trkpt lat="39.98191747352479" lon="23.661517873428444"><time>2025-04-16T09:30:48Z</time></trkpt>
      <trkpt lat="39.97675323000001" lon="23.66007614"><time>2025-04-17T10:34:45Z</time></trkpt>
      <trkpt lat="39.981954018622616" lon="23.66155047903178"><time>2025-04-17T10:45:39Z</time></trkpt>
      <trkpt lat="39.976753230000014" lon="23.66007614"><time>2025-04-17T11:16:28Z</time></trkpt>
      <trkpt lat="39.98172787487505" lon="23.661638405196054"><time>2025-04-17T11:30:24Z</time></trkpt>
      <trkpt lat="39.992613119050965" lon="23.60023526351124"><time>2025-04-18T07:47:37Z</time></trkpt>
      <trkpt lat="40.05040558524435" lon="23.468335624806087"><time>2025-04-18T08:02:44Z</time></trkpt>
      <trkpt lat="40.06027234256273" lon="23.430989887587195"><time>2025-04-18T08:13:17Z</time></trkpt>
      <trkpt lat="40.102871563322935" lon="23.397404439769122"><time>2025-04-18T08:24:11Z</time></trkpt>
      <trkpt lat="40.2464011358472" lon="23.306681737325437"><time>2025-04-18T08:39:03Z</time></trkpt>
      <trkpt lat="40.31326286949747" lon="23.44218530689156"><time>2025-04-18T08:53:50Z</time></trkpt>
      <trkpt lat="40.40914810732045" lon="23.42171388680434"><time>2025-04-18T09:08:51Z</time></trkpt>
      <trkpt lat="40.48606084956958" lon="23.40018166840698"><time>2025-04-18T09:23:03Z</time></trkpt>
      <trkpt lat="40.55887292512335" lon="23.47221590651328"><time>2025-04-18T09:37:17Z</time></trkpt>
      <trkpt lat="40.62805282195048" lon="23.547278079252735"><time>2025-04-18T09:53:06Z</time></trkpt>
      <trkpt lat="40.71140705059497" lon="23.68312352043526"><time>2025-04-18T10:08:13Z</time></trkpt>
      <trkpt lat="40.780130554959904" lon="23.794924998678074"><time>2025-04-18T10:21:03Z</time></trkpt>
      <trkpt lat="40.820400947742925" lon="23.845026651419555"><time>2025-04-18T10:33:44Z</time></trkpt>
      <trkpt lat="40.82491601871945" lon="23.84474883020772"><time>2025-04-18T15:18:41Z</time></trkpt>
      <trkpt lat="40.82036699511519" lon="23.845023744982825"><time>2025-04-18T15:46:42Z</time></trkpt>
      <trkpt lat="40.82495498" lon="23.84487152"><time>2025-04-19T02:06:53Z</time></trkpt>
      <trkpt lat="40.820451076460905" lon="23.844962796593432"><time>2025-04-19T02:18:50Z</time></trkpt>
      <trkpt lat="40.823900350407534" lon="23.851968543626228"><time>2025-04-19T07:02:27Z</time></trkpt>
      <trkpt lat="40.78811704184933" lon="23.965578787051108"><time>2025-04-19T07:17:27Z</time></trkpt>
      <trkpt lat="40.84380971461944" lon="24.11518029833129"><time>2025-04-19T07:31:53Z</time></trkpt>
      <trkpt lat="40.846550473981395" lon="24.12775260398549"><time>2025-04-19T07:52:30Z</time></trkpt>
      <trkpt lat="40.884913648516765" lon="24.309668233640778"><time>2025-04-19T08:07:34Z</time></trkpt>
      <trkpt lat="40.96080291640186" lon="24.474456964648958"><time>2025-04-19T08:25:59Z</time></trkpt>
      <trkpt lat="41.00349647974094" lon="24.667722754739074"><time>2025-04-19T08:40:26Z</time></trkpt>
      <trkpt lat="40.982281680941846" lon="24.694776514693167"><time>2025-04-19T08:46:25Z</time></trkpt>
      <trkpt lat="40.98525081299337" lon="24.700176827632543"><time>2025-04-19T10:32:18Z</time></trkpt>
      <trkpt lat="41.06825491417299" lon="24.78515029887183"><time>2025-04-19T10:47:35Z</time></trkpt>
      <trkpt lat="41.108021219299275" lon="24.967622151621587"><time>2025-04-19T10:59:54Z</time></trkpt>
      <trkpt lat="41.11660303086146" lon="25.17723402010759"><time>2025-04-19T11:14:34Z</time></trkpt>
      <trkpt lat="41.105517041907746" lon="25.348774530017142"><time>2025-04-19T11:26:17Z</time></trkpt>
      <trkpt lat="41.013827486933224" lon="25.53275722081357"><time>2025-04-19T11:41:32Z</time></trkpt>
      <trkpt lat="40.93964767707252" lon="25.667348578425187"><time>2025-04-19T11:54:13Z</time></trkpt>
      <trkpt lat="40.87062208451412" lon="25.799363683933205"><time>2025-04-19T12:06:56Z</time></trkpt>
      <trkpt lat="40.92885795409019" lon="25.920363157537444"><time>2025-04-19T12:22:13Z</time></trkpt>
      <trkpt lat="40.94196091484065" lon="25.9108755004433"><time>2025-04-19T12:32:36Z</time></trkpt>
      <trkpt lat="40.92794273518112" lon="25.92133915054232"><time>2025-04-19T12:53:05Z</time></trkpt>
      <trkpt lat="40.91254241302694" lon="25.95327210615012"><time>2025-04-19T13:07:15Z</time></trkpt>
      <trkpt lat="40.9235812887263" lon="25.981785242947854"><time>2025-04-19T13:20:11Z</time></trkpt>
      <trkpt lat="40.926060621430665" lon="26.013208267953523"><time>2025-04-20T05:49:31Z</time></trkpt>
      <trkpt lat="40.930219176263485" lon="26.16611000152879"><time>2025-04-20T05:59:41Z</time></trkpt>
      <trkpt lat="40.944884866514194" lon="26.310993712419933"><time>2025-04-20T06:11:44Z</time></trkpt>
      <trkpt lat="40.93309366613713" lon="26.328944228614056"><time>2025-04-20T07:32:26Z</time></trkpt>
      <trkpt lat="40.91188183523799" lon="26.364560108656402"><time>2025-04-20T08:15:40Z</time></trkpt>
      <trkpt lat="40.87925992909901" lon="26.426385277906828"><time>2025-04-20T08:30:41Z</time></trkpt>
      <trkpt lat="40.8764517927566" lon="26.50322039860833"><time>2025-04-20T08:48:15Z</time></trkpt>
      <trkpt lat="40.87487011893836" lon="26.63570134029109"><time>2025-04-20T09:01:06Z</time></trkpt>
      <trkpt lat="40.78124974858088" lon="26.68683305385214"><time>2025-04-20T09:32:26Z</time></trkpt>
      <trkpt lat="40.66588190542912" lon="26.805019465125977"><time>2025-04-20T09:47:11Z</time></trkpt>
      <trkpt lat="40.55145693946681" lon="26.80001783187203"><time>2025-04-20T10:01:18Z</time></trkpt>
      <trkpt lat="40.52467755511451" lon="26.760156182597168"><time>2025-04-20T10:16:01Z</time></trkpt>
      <trkpt lat="40.41265333540776" lon="26.650149822259927"><time>2025-04-20T10:30:45Z</time></trkpt>
      <trkpt lat="40.29555329471393" lon="26.521573932715327"><time>2025-04-20T10:45:29Z</time></trkpt>
      <trkpt lat="40.1834290288763" lon="26.359932040820237"><time>2025-04-20T11:14:18Z</time></trkpt>
      <trkpt lat="40.16766891352848" lon="26.39448417353108"><time>2025-04-20T12:24:50Z</time></trkpt>
      <trkpt lat="40.150103964880245" lon="26.402533147508652"><time>2025-04-20T12:38:41Z</time></trkpt>
      <trkpt lat="40.111885970717736" lon="26.40916071234372"><time>2025-04-20T12:53:42Z</time></trkpt>
      <trkpt lat="39.99765914868563" lon="26.31437664853997"><time>2025-04-20T13:08:42Z</time></trkpt>
      <trkpt lat="39.905944322273044" lon="26.30827738905913"><time>2025-04-20T13:18:44Z</time></trkpt>
      <trkpt lat="39.767586174458046" lon="26.351349726343855"><time>2025-04-20T13:34:19Z</time></trkpt>
      <trkpt lat="39.62190576367045" lon="26.407113019401585"><time>2025-04-20T13:49:44Z</time></trkpt>
      <trkpt lat="39.58355675455144" lon="26.490459395597213"><time>2025-04-20T13:58:17Z</time></trkpt>
      <trkpt lat="39.56975766909441" lon="26.584611206513028"><time>2025-04-20T14:05:02Z</time></trkpt>
      <trkpt lat="39.54785419554488" lon="26.603237108419446"><time>2025-04-20T14:10:02Z</time></trkpt>
      <trkpt lat="39.555484881943734" lon="26.652853317548473"><time>2025-04-20T14:15:02Z</time></trkpt>
      <trkpt lat="39.5623790482951" lon="26.709554869468516"><time>2025-04-20T14:20:03Z</time></trkpt>
      <trkpt lat="39.570150453409305" lon="26.760802170643846"><time>2025-04-20T14:25:03Z</time></trkpt>
      <trkpt lat="39.57249364819338" lon="26.841020006711446"><time>2025-04-20T14:32:56Z</time></trkpt>
      <trkpt lat="39.58573512541032" lon="26.87578284046179"><time>2025-04-20T14:37:56Z</time></trkpt>
      <trkpt lat="39.58681899564709" lon="26.918626206467774"><time>2025-04-20T14:42:57Z</time></trkpt>
      <trkpt lat="39.59817609525896" lon="26.96120251304962"><time>2025-04-20T14:47:59Z</time></trkpt>
      <trkpt lat="39.616396069660546" lon="26.955128148486654"><time>2025-04-20T15:04:33Z</time></trkpt>
      <trkpt lat="39.62100856766126" lon="26.954997366293554"><time>2025-04-20T16:38:05Z</time></trkpt>
      <trkpt lat="39.620622671150876" lon="26.955032671933566"><time>2025-04-21T04:51:38Z</time></trkpt>
      <trkpt lat="39.60901166995465" lon="26.967316219124832"><time>2025-04-21T06:09:51Z</time></trkpt>
      <trkpt lat="39.597495072722" lon="27.009794893067564"><time>2025-04-21T06:23:20Z</time></trkpt>
      <trkpt lat="39.54997076190966" lon="27.090482376541093"><time>2025-04-21T06:36:51Z</time></trkpt>
      <trkpt lat="39.56838260877802" lon="27.264048030331114"><time>2025-04-21T06:50:22Z</time></trkpt>
      <trkpt lat="39.62948423249062" lon="27.4148143338168"><time>2025-04-21T07:03:52Z</time></trkpt>
      <trkpt lat="39.61811169519985" lon="27.56330762992386"><time>2025-04-21T07:17:22Z</time></trkpt>
      <trkpt lat="39.64401878137858" lon="27.755428553782153"><time>2025-04-21T07:30:53Z</time></trkpt>
      <trkpt lat="39.651713320091034" lon="27.880655871730184"><time>2025-04-21T07:44:24Z</time></trkpt>
      <trkpt lat="39.643729910900205" lon="27.885597381355105"><time>2025-04-21T07:57:49Z</time></trkpt>
      <trkpt lat="39.62897195675996" lon="27.881488430862888"><time>2025-04-21T09:40:08Z</time></trkpt>
      <trkpt lat="39.53912189368053" lon="27.89970177589074"><time>2025-04-21T09:53:37Z</time></trkpt>
      <trkpt lat="39.48183035939745" lon="27.9042074561337"><time>2025-04-21T09:58:38Z</time></trkpt>
      <trkpt lat="39.37786516337894" lon="27.95531307334588"><time>2025-04-21T10:12:33Z</time></trkpt>
      <trkpt lat="39.24236803319234" lon="27.874324517350527"><time>2025-04-21T10:26:02Z</time></trkpt>
      <trkpt lat="39.09719007559036" lon="27.841956876244247"><time>2025-04-21T10:39:33Z</time></trkpt>
      <trkpt lat="38.952300832643125" lon="27.835988458271917"><time>2025-04-21T10:53:03Z</time></trkpt>
      <trkpt lat="38.90202404003488" lon="27.798066297571918"><time>2025-04-21T11:06:33Z</time></trkpt>
      <trkpt lat="38.79308473788089" lon="27.899028835844152"><time>2025-04-21T11:20:03Z</time></trkpt>
      <trkpt lat="38.67062274370218" lon="27.95067334550242"><time>2025-04-21T11:33:33Z</time></trkpt>
      <trkpt lat="38.5663298808674" lon="28.03467558324534"><time>2025-04-21T11:47:03Z</time></trkpt>
      <trkpt lat="38.499655547870375" lon="28.202858686688675"><time>2025-04-21T12:00:33Z</time></trkpt>
      <trkpt lat="38.522372189945095" lon="28.37833539585432"><time>2025-04-21T12:14:03Z</time></trkpt>
      <trkpt lat="38.553490298836074" lon="28.47077940593331"><time>2025-04-21T12:27:33Z</time></trkpt>
      <trkpt lat="38.5635968624042" lon="28.555703423943886"><time>2025-04-21T12:33:40Z</time></trkpt>
      <trkpt lat="38.54843873534216" lon="28.673561112981915"><time>2025-04-21T12:47:34Z</time></trkpt>
      <trkpt lat="38.47756784377382" lon="28.788118710032087"><time>2025-04-21T13:01:05Z</time></trkpt>
      <trkpt lat="38.42774800494167" lon="28.93894281241013"><time>2025-04-21T13:14:34Z</time></trkpt>
      <trkpt lat="38.441729697136246" lon="29.085823212121948"><time>2025-04-21T13:28:04Z</time></trkpt>
      <trkpt lat="38.41708503040558" lon="29.246323313953745"><time>2025-04-21T13:41:33Z</time></trkpt>
      <trkpt lat="38.414259261119724" lon="29.29427957548437"><time>2025-04-21T13:48:40Z</time></trkpt>
      <trkpt lat="38.414140536999426" lon="29.300106359399063"><time>2025-04-21T14:02:35Z</time></trkpt>
      <trkpt lat="38.42388011427828" lon="29.304734125410803"><time>2025-04-21T14:29:33Z</time></trkpt>
      <trkpt lat="38.41869354" lon="29.304319379999995"><time>2025-04-21T17:51:47Z</time></trkpt>
      <trkpt lat="38.423672558305945" lon="29.304640287239103"><time>2025-04-21T18:05:41Z</time></trkpt>
      <trkpt lat="38.41865921" lon="29.304325100000003"><time>2025-04-21T19:37:19Z</time></trkpt>
      <trkpt lat="38.42382581908109" lon="29.304757481468194"><time>2025-04-21T19:38:51Z</time></trkpt>
      <trkpt lat="38.42166750748826" lon="29.299897157357254"><time>2025-04-21T19:43:16Z</time></trkpt>
      <trkpt lat="38.42383009378039" lon="29.304775083560383"><time>2025-04-21T19:58:36Z</time></trkpt>
      <trkpt lat="38.41865921" lon="29.304325099999996"><time>2025-04-22T02:12:29Z</time></trkpt>
      <trkpt lat="38.42385062951453" lon="29.3047397956525"><time>2025-04-22T02:43:41Z</time></trkpt>
      <trkpt lat="38.41865921" lon="29.304325100000003"><time>2025-04-22T02:48:46Z</time></trkpt>
      <trkpt lat="38.42103576" lon="29.298477170000005"><time>2025-04-22T03:24:40Z</time></trkpt>
      <trkpt lat="38.418659209999994" lon="29.304325100000003"><time>2025-04-22T03:33:59Z</time></trkpt>
      <trkpt lat="38.42380259271344" lon="29.30472606841979"><time>2025-04-22T04:04:50Z</time></trkpt>
      <trkpt lat="38.42175714492428" lon="29.30076694804573"><time>2025-04-22T04:21:31Z</time></trkpt>
      <trkpt lat="38.41413990727494" lon="29.300271932191766"><time>2025-04-22T04:37:59Z</time></trkpt>
      <trkpt lat="38.41471083465816" lon="29.29758659566687"><time>2025-04-22T06:54:10Z</time></trkpt>
      <trkpt lat="38.39239308909777" lon="29.29094143974906"><time>2025-04-22T07:26:53Z</time></trkpt>
      <trkpt lat="38.36387874096479" lon="29.402694571790654"><time>2025-04-22T07:40:47Z</time></trkpt>
      <trkpt lat="38.28028597872544" lon="29.466336853829645"><time>2025-04-22T07:54:19Z</time></trkpt>
      <trkpt lat="38.163979654235916" lon="29.471852062297494"><time>2025-04-22T08:07:47Z</time></trkpt>
      <trkpt lat="38.08554442170758" lon="29.39698991614045"><time>2025-04-22T08:21:18Z</time></trkpt>
      <trkpt lat="37.973020091170845" lon="29.43665739187454"><time>2025-04-22T08:34:48Z</time></trkpt>
      <trkpt lat="37.83826581205971" lon="29.41725661980865"><time>2025-04-22T08:48:17Z</time></trkpt>
      <trkpt lat="37.81430517792498" lon="29.32699525731553"><time>2025-04-22T09:01:48Z</time></trkpt>
      <trkpt lat="37.80714757744018" lon="29.242450688061528"><time>2025-04-22T09:15:25Z</time></trkpt>
      <trkpt lat="37.81900633595681" lon="29.1252441890809"><time>2025-04-22T09:29:18Z</time></trkpt>
      <trkpt lat="37.74268123291141" lon="29.11019978450865"><time>2025-04-22T09:42:50Z</time></trkpt>
      <trkpt lat="37.692694612117876" lon="29.213504694837987"><time>2025-04-22T09:56:20Z</time></trkpt>
      <trkpt lat="37.59346164300813" lon="29.26741844977184"><time>2025-04-22T10:09:51Z</time></trkpt>
      <trkpt lat="37.551665492390796" lon="29.29258419203506"><time>2025-04-22T10:15:48Z</time></trkpt>
      <trkpt lat="37.50913911576681" lon="29.416875614172895"><time>2025-04-22T10:29:41Z</time></trkpt>
      <trkpt lat="37.489663189485896" lon="29.586326889491517"><time>2025-04-22T10:43:13Z</time></trkpt>
      <trkpt lat="37.53641417803757" lon="29.64016490398327"><time>2025-04-22T10:56:43Z</time></trkpt>
      <trkpt lat="37.57492927863009" lon="29.641209769556113"><time>2025-04-22T11:10:11Z</time></trkpt>
      <trkpt lat="37.57383100922678" lon="29.640981225428167"><time>2025-04-22T13:16:53Z</time></trkpt>
      <trkpt lat="37.591018275237914" lon="29.659331760158423"><time>2025-04-23T07:43:16Z</time></trkpt>
      <trkpt lat="37.55158739803833" lon="29.71851512675718"><time>2025-04-23T07:58:18Z</time></trkpt>
      <trkpt lat="37.54240874897173" lon="29.71999218327429"><time>2025-04-23T08:09:20Z</time></trkpt>
      <trkpt lat="37.5355216954253" lon="29.797728722942804"><time>2025-04-23T08:24:57Z</time></trkpt>
      <trkpt lat="37.589468588156244" lon="29.985220246044904"><time>2025-04-23T08:40:28Z</time></trkpt>
      <trkpt lat="37.63440321668762" lon="30.158405201537683"><time>2025-04-23T08:56:08Z</time></trkpt>
      <trkpt lat="37.62986082978548" lon="30.155357225688594"><time>2025-04-23T09:01:17Z</time></trkpt>
      <trkpt lat="37.64908146367563" lon="30.06640318888747"><time>2025-04-23T09:16:42Z</time></trkpt>
      <trkpt lat="37.73517769459717" lon="30.108810241003273"><time>2025-04-23T09:32:11Z</time></trkpt>
      <trkpt lat="37.73388660050718" lon="30.111265545738963"><time>2025-04-24T14:46:08Z</time></trkpt>
      <trkpt lat="37.68759022809782" lon="30.05652718345252"><time>2025-04-25T07:07:16Z</time></trkpt>
      <trkpt lat="37.65412680627631" lon="30.164303277520176"><time>2025-04-25T07:22:18Z</time></trkpt>
      <trkpt lat="37.71466141119587" lon="30.25094540316344"><time>2025-04-25T07:32:20Z</time></trkpt>
      <trkpt lat="37.76671233164178" lon="30.35992663115941"><time>2025-04-25T07:47:56Z</time></trkpt>
      <trkpt lat="37.87770157683443" lon="30.42671226899179"><time>2025-04-25T08:03:27Z</time></trkpt>
      <trkpt lat="37.92153985243097" lon="30.482532391353026"><time>2025-04-25T08:18:55Z</time></trkpt>
      <trkpt lat="37.80299782813297" lon="30.53739377899995"><time>2025-04-25T08:34:01Z</time></trkpt>
      <trkpt lat="37.848779449351746" lon="30.61378095623504"><time>2025-04-25T08:49:29Z</time></trkpt>
      <trkpt lat="37.851599057582895" lon="30.85552981380456"><time>2025-04-25T09:19:46Z</time></trkpt>
      <trkpt lat="37.92052304265283" lon="30.9189912323053"><time>2025-04-25T09:35:41Z</time></trkpt>
      <trkpt lat="38.057836063824986" lon="30.96482625928616"><time>2025-04-25T09:51:07Z</time></trkpt>
      <trkpt lat="38.118435413606434" lon="31.028120136189425"><time>2025-04-25T10:06:07Z</time></trkpt>
      <trkpt lat="38.15853404743864" lon="31.082519928253152"><time>2025-04-25T10:12:19Z</time></trkpt>
      <trkpt lat="38.19666928615253" lon="31.197441676660624"><time>2025-04-25T10:21:06Z</time></trkpt>
      <trkpt lat="38.237196170558256" lon="31.315682262692587"><time>2025-04-25T10:36:08Z</time></trkpt>
      <trkpt lat="38.299888764183216" lon="31.453272700499493"><time>2025-04-25T10:51:09Z</time></trkpt>
      <trkpt lat="38.32234527486956" lon="31.56651956238268"><time>2025-04-25T11:06:11Z</time></trkpt>
      <trkpt lat="38.29746976703992" lon="31.67243456960014"><time>2025-04-25T11:21:44Z</time></trkpt>
      <trkpt lat="38.294546570183265" lon="31.718127409283518"><time>2025-04-25T11:37:13Z</time></trkpt>
      <trkpt lat="38.28893523410899" lon="31.9058696865311"><time>2025-04-25T11:52:11Z</time></trkpt>
      <trkpt lat="38.27035132025673" lon="32.09085209334825"><time>2025-04-25T12:07:11Z</time></trkpt>
      <trkpt lat="38.21179730250527" lon="32.29555826981623"><time>2025-04-25T12:22:14Z</time></trkpt>
      <trkpt lat="38.16584757734367" lon="32.46853807649966"><time>2025-04-25T12:37:12Z</time></trkpt>
      <trkpt lat="38.01096939485335" lon="32.51844889487374"><time>2025-04-25T12:52:12Z</time></trkpt>
      <trkpt lat="37.951386102276906" lon="32.56573269377141"><time>2025-04-25T13:07:11Z</time></trkpt>
      <trkpt lat="37.961266974653796" lon="32.62938280279891"><time>2025-04-25T13:12:19Z</time></trkpt>
      <trkpt lat="37.9984316183608" lon="32.7640234027363"><time>2025-04-25T13:22:10Z</time></trkpt>
      <trkpt lat="38.0532478820887" lon="32.974580163166834"><time>2025-04-25T13:37:11Z</time></trkpt>
      <trkpt lat="38.13505083102992" lon="33.16366005800054"><time>2025-04-25T13:52:11Z</time></trkpt>
      <trkpt lat="38.13094589326311" lon="33.18100948114103"><time>2025-04-25T14:04:45Z</time></trkpt>
      <trkpt lat="38.17098801493474" lon="33.27744246463597"><time>2025-04-26T07:55:31Z</time></trkpt>
      <trkpt lat="38.251454243472075" lon="33.4659476112886"><time>2025-04-26T08:10:31Z</time></trkpt>
      <trkpt lat="38.24956140018836" lon="33.5416243784442"><time>2025-04-26T08:15:39Z</time></trkpt>
      <trkpt lat="38.272092123551545" lon="33.67804873737849"><time>2025-04-26T08:25:33Z</time></trkpt>
      <trkpt lat="38.32518687009655" lon="33.88327452357289"><time>2025-04-26T08:40:33Z</time></trkpt>
      <trkpt lat="38.365647951176726" lon="34.00661137889512"><time>2025-04-26T08:55:33Z</time></trkpt>
      <trkpt lat="38.412522738835236" lon="34.05833710919512"><time>2025-04-26T09:10:32Z</time></trkpt>
      <trkpt lat="38.41431048740145" lon="34.065472694586724"><time>2025-04-26T09:15:46Z</time></trkpt>
      <trkpt lat="38.46252597291589" lon="34.18870920769809"><time>2025-04-26T09:25:31Z</time></trkpt>
      <trkpt lat="38.52396007481988" lon="34.380996376494856"><time>2025-04-26T09:40:31Z</time></trkpt>
      <trkpt lat="38.554852190463386" lon="34.585168473454736"><time>2025-04-26T09:55:33Z</time></trkpt>
      <trkpt lat="38.63356829275468" lon="34.71917851102896"><time>2025-04-26T10:10:33Z</time></trkpt>
      <trkpt lat="38.6796245724323" lon="34.7896465100672"><time>2025-04-26T10:25:33Z</time></trkpt>
      <trkpt lat="38.705031238862404" lon="34.83781300135788"><time>2025-04-26T10:38:08Z</time></trkpt>
      <trkpt lat="38.67004020143176" lon="34.83697651888694"><time>2025-04-26T11:40:08Z</time></trkpt>
      <trkpt lat="38.655357873103256" lon="34.81773611161375"><time>2025-04-26T11:55:42Z</time></trkpt>
      <trkpt lat="38.65615463662611" lon="34.8202542056116"><time>2025-04-26T12:26:08Z</time></trkpt>
      <trkpt lat="38.650314992259936" lon="34.82210870725439"><time>2025-04-26T14:24:26Z</time></trkpt>
      <trkpt lat="38.65602917972827" lon="34.82016761790479"><time>2025-04-26T14:35:10Z</time></trkpt>
      <trkpt lat="38.67049265656496" lon="34.83733350414302"><time>2025-04-29T06:21:52Z</time></trkpt>
      <trkpt lat="38.67140504173854" lon="34.863834198010736"><time>2025-04-29T06:36:49Z</time></trkpt>
      <trkpt lat="38.67993575137619" lon="34.85444357028201"><time>2025-04-29T08:33:20Z</time></trkpt>
      <trkpt lat="38.67971480397484" lon="34.84582343888945"><time>2025-04-29T09:16:01Z</time></trkpt>
      <trkpt lat="38.66016221117385" lon="34.81900664326654"><time>2025-04-29T09:29:15Z</time></trkpt>
      <trkpt lat="38.65619519722017" lon="34.82025776988792"><time>2025-04-29T16:28:34Z</time></trkpt>
      <trkpt lat="38.68033272894252" lon="34.790672659856966"><time>2025-04-30T04:40:11Z</time></trkpt>
      <trkpt lat="38.71848216716415" lon="34.941968548198005"><time>2025-04-30T04:55:13Z</time></trkpt>
      <trkpt lat="38.69516734524627" lon="35.13053510645726"><time>2025-04-30T05:10:12Z</time></trkpt>
      <trkpt lat="38.728691244710085" lon="35.28138929788952"><time>2025-04-30T05:25:08Z</time></trkpt>
      <trkpt lat="38.78301484659692" lon="35.412684688980875"><time>2025-04-30T05:40:11Z</time></trkpt>
      <trkpt lat="38.79045649533109" lon="35.59138230887076"><time>2025-04-30T05:54:58Z</time></trkpt>
      <trkpt lat="38.78540836339487" lon="35.60758523183845"><time>2025-04-30T06:10:15Z</time></trkpt>
      <trkpt lat="38.79248254765879" lon="35.588718983459145"><time>2025-04-30T07:50:49Z</time></trkpt>
      <trkpt lat="38.74742268802741" lon="35.55331917789326"><time>2025-04-30T08:01:42Z</time></trkpt>
      <trkpt lat="38.6691702856111" lon="35.66035584549947"><time>2025-04-30T08:16:52Z</time></trkpt>
      <trkpt lat="38.62947841178498" lon="35.83233254965006"><time>2025-04-30T08:32:01Z</time></trkpt>
      <trkpt lat="38.645130619818296" lon="35.95234305151157"><time>2025-04-30T08:41:47Z</time></trkpt>
      <trkpt lat="38.65852061662698" lon="36.180413458530026"><time>2025-04-30T08:57:09Z</time></trkpt>
      <trkpt lat="38.70909469766914" lon="36.376503799576554"><time>2025-04-30T09:12:09Z</time></trkpt>
      <trkpt lat="38.79372777199558" lon="36.49668636610288"><time>2025-04-30T09:27:09Z</time></trkpt>
      <trkpt lat="38.84390073388046" lon="36.592865507913736"><time>2025-04-30T09:42:09Z</time></trkpt>
      <trkpt lat="38.86972140195871" lon="36.75551062928943"><time>2025-04-30T09:57:09Z</time></trkpt>
      <trkpt lat="38.808501865750934" lon="36.90640781078199"><time>2025-04-30T10:12:07Z</time></trkpt>
      <trkpt lat="38.76469973561957" lon="37.0878044527606"><time>2025-04-30T10:27:10Z</time></trkpt>
      <trkpt lat="38.71925115116746" lon="37.19916936906399"><time>2025-04-30T10:40:39Z</time></trkpt>
      <trkpt lat="38.72168551439183" lon="37.26731258876546"><time>2025-04-30T10:47:19Z</time></trkpt>
      <trkpt lat="38.71689781716007" lon="37.314291837701084"><time>2025-04-30T10:58:53Z</time></trkpt>
      <trkpt lat="38.7161766952104" lon="37.31434581888511"><time>2025-04-30T13:48:44Z</time></trkpt>
      <trkpt lat="38.723746285105804" lon="37.28633478349724"><time>2025-05-02T06:53:53Z</time></trkpt>
      <trkpt lat="38.76100577065108" lon="37.29430627926709"><time>2025-05-02T07:00:24Z</time></trkpt>
      <trkpt lat="38.89164237945378" lon="37.268812000293785"><time>2025-05-02T07:15:36Z</time></trkpt>
      <trkpt lat="38.95086717799579" lon="37.28198972882434"><time>2025-05-02T07:28:59Z</time></trkpt>
      <trkpt lat="39.00194194317333" lon="37.27773145852729"><time>2025-05-02T07:44:11Z</time></trkpt>
      <trkpt lat="39.08015030483843" lon="37.223604114567344"><time>2025-05-02T07:57:55Z</time></trkpt>
      <trkpt lat="39.20987381714462" lon="37.202038237312465"><time>2025-05-02T08:11:10Z</time></trkpt>
      <trkpt lat="39.328943411856265" lon="37.141840048168916"><time>2025-05-02T08:25:05Z</time></trkpt>
      <trkpt lat="39.45752381482607" lon="37.018049332231676"><time>2025-05-02T08:39:02Z</time></trkpt>
      <trkpt lat="39.61240952838176" lon="37.024841085110815"><time>2025-05-02T08:54:02Z</time></trkpt>
      <trkpt lat="39.72031136047069" lon="37.012913888354795"><time>2025-05-02T09:09:02Z</time></trkpt>
      <trkpt lat="39.734499501693186" lon="37.0266951959123"><time>2025-05-02T09:29:29Z</time></trkpt>
      <trkpt lat="39.77347624272482" lon="37.08557696212143"><time>2025-05-02T09:35:49Z</time></trkpt>
      <trkpt lat="39.82668714135869" lon="37.15935965072099"><time>2025-05-02T09:43:22Z</time></trkpt>
      <trkpt lat="39.85145897608236" lon="37.385933138464935"><time>2025-05-02T09:58:57Z</time></trkpt>
      <trkpt lat="39.870382413170184" lon="37.5968839347052"><time>2025-05-02T10:14:26Z</time></trkpt>
      <trkpt lat="39.87677177883673" lon="37.73792445663152"><time>2025-05-02T10:24:36Z</time></trkpt>
      <trkpt lat="39.87059136141482" lon="37.919240401295355"><time>2025-05-02T10:38:38Z</time></trkpt>
      <trkpt lat="39.87114027146238" lon="38.10437883253964"><time>2025-05-02T10:53:13Z</time></trkpt>
      <trkpt lat="39.84136867340639" lon="38.25279140848504"><time>2025-05-02T11:08:45Z</time></trkpt>
      <trkpt lat="39.86070323269762" lon="38.42850956165087"><time>2025-05-02T11:24:07Z</time></trkpt>
      <trkpt lat="39.92549351885908" lon="38.50235201421985"><time>2025-05-02T11:39:16Z</time></trkpt>
      <trkpt lat="39.92920859245905" lon="38.55733281120021"><time>2025-05-02T11:54:51Z</time></trkpt>
      <trkpt lat="39.93543674403904" lon="38.74687201850045"><time>2025-05-02T12:10:22Z</time></trkpt>
      <trkpt lat="39.896243775697016" lon="38.859576902107975"><time>2025-05-02T12:25:50Z</time></trkpt>
      <trkpt lat="39.8954392470924" lon="38.94459032268487"><time>2025-05-02T12:33:56Z</time></trkpt>
      <trkpt lat="39.88020081655811" lon="39.15110353335214"><time>2025-05-02T12:49:37Z</time></trkpt>
      <trkpt lat="39.81437529906613" lon="39.35574945066064"><time>2025-05-02T13:04:48Z</time></trkpt>
      <trkpt lat="39.75098713976437" lon="39.41408443692715"><time>2025-05-02T13:13:17Z</time></trkpt>
      <trkpt lat="39.72958073987047" lon="39.56924128213174"><time>2025-05-02T13:28:35Z</time></trkpt>
      <trkpt lat="39.73320588907918" lon="39.613209867852625"><time>2025-05-02T13:42:14Z</time></trkpt>
      <trkpt lat="39.726622430644674" lon="39.552726019210695"><time>2025-05-03T08:33:54Z</time></trkpt>
      <trkpt lat="39.73580494143413" lon="39.531863680431506"><time>2025-05-03T08:44:01Z</time></trkpt>
      <trkpt lat="39.72326740647777" lon="39.559340357646576"><time>2025-05-03T09:18:18Z</time></trkpt>
      <trkpt lat="39.68816843818844" lon="39.65011945929346"><time>2025-05-03T09:33:30Z</time></trkpt>
      <trkpt lat="39.662004201709905" lon="39.71465927552405"><time>2025-05-03T09:38:25Z</time></trkpt>
      <trkpt lat="39.58373047381518" lon="39.91270891449707"><time>2025-05-03T09:53:53Z</time></trkpt>
      <trkpt lat="39.55279621764976" lon="40.0499664992467"><time>2025-05-03T10:09:13Z</time></trkpt>
      <trkpt lat="39.59442657422237" lon="40.182074932418935"><time>2025-05-03T10:24:20Z</time></trkpt>
      <trkpt lat="39.726330779125206" lon="40.24999837769176"><time>2025-05-03T10:37:49Z</time></trkpt>
      <trkpt lat="39.76664446709745" lon="40.41628514778255"><time>2025-05-03T10:52:51Z</time></trkpt>
      <trkpt lat="39.829610565481694" lon="40.55310383394164"><time>2025-05-03T11:07:49Z</time></trkpt>
      <trkpt lat="39.86728828404086" lon="40.63751041892975"><time>2025-05-03T11:15:46Z</time></trkpt>
      <trkpt lat="39.9202399168139" lon="40.694412953038814"><time>2025-05-03T11:23:14Z</time></trkpt>
      <trkpt lat="39.97105040733641" lon="40.914193527505375"><time>2025-05-03T11:39:41Z</time></trkpt>
      <trkpt lat="39.98292229607699" lon="40.99057202231231"><time>2025-05-03T11:44:55Z</time></trkpt>
      <trkpt lat="39.929788969970694" lon="41.16278572353598"><time>2025-05-03T12:00:19Z</time></trkpt>
      <trkpt lat="39.924562247507204" lon="41.181876137891024"><time>2025-05-03T12:05:25Z</time></trkpt>
      <trkpt lat="39.90634340519133" lon="41.25647107998565"><time>2025-05-03T12:17:23Z</time></trkpt>
      <trkpt lat="39.9065684387832" lon="41.259125936814826"><time>2025-05-03T16:06:27Z</time></trkpt>
      <trkpt lat="39.897824456901255" lon="41.27085487173432"><time>2025-05-04T06:08:13Z</time></trkpt>
      <trkpt lat="39.90555167201897" lon="41.314169475847216"><time>2025-05-04T06:13:32Z</time></trkpt>
      <trkpt lat="39.932637796851566" lon="41.43101103023735"><time>2025-05-04T06:29:04Z</time></trkpt>
      <trkpt lat="39.93232621570825" lon="41.43117639345362"><time>2025-05-04T11:52:41Z</time></trkpt>
      <trkpt lat="39.93215375717561" lon="41.41835531775402"><time>2025-05-05T05:20:01Z</time></trkpt>
      <trkpt lat="39.967623227313126" lon="41.41552839432043"><time>2025-05-05T05:57:43Z</time></trkpt>
      <trkpt lat="39.956325930580455" lon="41.29464500587554"><time>2025-05-05T06:12:26Z</time></trkpt>
      <trkpt lat="39.926269035137686" lon="41.28138735424066"><time>2025-05-05T06:26:18Z</time></trkpt>
      <trkpt lat="39.92077258206819" lon="41.2800798929197"><time>2025-05-05T06:48:35Z</time></trkpt>
      <trkpt lat="39.916660836934966" lon="41.212868224867826"><time>2025-05-05T07:03:27Z</time></trkpt>
      <trkpt lat="39.93372115310275" lon="41.1466493457939"><time>2025-05-05T07:13:52Z</time></trkpt>
      <trkpt lat="39.937630808018085" lon="41.133958306201855"><time>2025-05-05T07:57:37Z</time></trkpt>
      <trkpt lat="39.94351691784399" lon="41.1128146269867"><time>2025-05-05T08:03:16Z</time></trkpt>
      <trkpt lat="39.96741418264803" lon="41.04757139463075"><time>2025-05-05T08:54:04Z</time></trkpt>
      <trkpt lat="39.96216451287266" lon="41.21791689660513"><time>2025-05-05T09:09:15Z</time></trkpt>
      <trkpt lat="39.95893752206113" lon="41.281759087034764"><time>2025-05-05T09:14:29Z</time></trkpt>
      <trkpt lat="40.108476290516656" lon="41.38530350294093"><time>2025-05-05T09:30:41Z</time></trkpt>
      <trkpt lat="40.24312255745169" lon="41.511823505342704"><time>2025-05-05T09:46:11Z</time></trkpt>
      <trkpt lat="40.29632718771724" lon="41.54581091370577"><time>2025-05-05T09:53:27Z</time></trkpt>
      <trkpt lat="40.4071526276324" lon="41.490510553160206"><time>2025-05-05T10:08:50Z</time></trkpt>
      <trkpt lat="40.486562149901644" lon="41.507744445832124"><time>2025-05-05T10:19:37Z</time></trkpt>
      <trkpt lat="40.54213626314005" lon="41.55895868320163"><time>2025-05-05T10:30:00Z</time></trkpt>
      <trkpt lat="40.65363523786487" lon="41.639458434062384"><time>2025-05-05T10:43:59Z</time></trkpt>
      <trkpt lat="40.658175456375496" lon="41.66563055481917"><time>2025-05-05T10:49:20Z</time></trkpt>
      <trkpt lat="40.75453465342592" lon="41.83047610338948"><time>2025-05-05T12:58:01Z</time></trkpt>
      <trkpt lat="40.7770507923996" lon="41.75892430701363"><time>2025-05-05T13:11:29Z</time></trkpt>
      <trkpt lat="40.95072164669721" lon="41.76142908636645"><time>2025-05-06T06:26:13Z</time></trkpt>
      <trkpt lat="41.031623398923344" lon="41.801607571581194"><time>2025-05-06T06:41:21Z</time></trkpt>
      <trkpt lat="41.12486448686568" lon="41.870963476827335"><time>2025-05-06T06:55:50Z</time></trkpt>
      <trkpt lat="41.17820273344971" lon="41.86187029301296"><time>2025-05-06T07:08:59Z</time></trkpt>
      <trkpt lat="41.21517387688273" lon="41.79458722476083"><time>2025-05-06T07:32:19Z</time></trkpt>
      <trkpt lat="41.29447812218339" lon="41.75507183190599"><time>2025-05-06T07:46:32Z</time></trkpt>
      <trkpt lat="41.373510760675124" lon="41.63070621382353"><time>2025-05-06T08:09:24Z</time></trkpt>
      <trkpt lat="41.383894798384404" lon="41.553399721199234"><time>2025-05-06T08:19:46Z</time></trkpt>
      <trkpt lat="41.402117558793535" lon="41.50454588238291"><time>2025-05-06T08:37:13Z</time></trkpt>
      <trkpt lat="41.389558492266936" lon="41.42914957370742"><time>2025-05-06T08:50:08Z</time></trkpt>
      <trkpt lat="41.43846995666757" lon="41.45426661711321"><time>2025-05-06T09:05:17Z</time></trkpt>
      <trkpt lat="41.5174989449455" lon="41.546727212721116"><time>2025-05-06T09:20:04Z</time></trkpt>
      <trkpt lat="41.521169368351494" lon="41.549576451790905"><time>2025-05-06T10:09:16Z</time></trkpt>
      <trkpt lat="41.585471649814615" lon="41.59270111393538"><time>2025-05-06T10:24:10Z</time></trkpt>
      <trkpt lat="41.63285002116266" lon="41.6126009356618"><time>2025-05-06T10:38:56Z</time></trkpt>
      <trkpt lat="41.64375496100787" lon="41.63218215111795"><time>2025-05-06T10:53:40Z</time></trkpt>
      <trkpt lat="41.65173658639346" lon="41.64308826442961"><time>2025-05-06T11:08:41Z</time></trkpt>
      <trkpt lat="41.65370155267123" lon="41.64147728688577"><time>2025-05-07T17:48:40Z</time></trkpt>
      <trkpt lat="41.64623499851827" lon="41.6487912275285"><time>2025-05-08T07:06:43Z</time></trkpt>
      <trkpt lat="41.70250872586821" lon="41.735437856075094"><time>2025-05-08T07:25:11Z</time></trkpt>
      <trkpt lat="41.815485991576516" lon="41.80653973486442"><time>2025-05-08T07:36:56Z</time></trkpt>
      <trkpt lat="41.85420156127014" lon="41.905968229973084"><time>2025-05-08T07:51:38Z</time></trkpt>
      <trkpt lat="41.897524006237816" lon="41.996420794662214"><time>2025-05-08T08:04:18Z</time></trkpt>
      <trkpt lat="41.92226287840788" lon="42.01721645422533"><time>2025-05-08T08:14:22Z</time></trkpt>
      <trkpt lat="41.953225884453005" lon="42.032693144547466"><time>2025-05-08T08:27:03Z</time></trkpt>
      <trkpt lat="41.953007637288486" lon="42.03204849463435"><time>2025-05-08T11:25:10Z</time></trkpt>
      <trkpt lat="41.95191155910079" lon="42.0583533441619"><time>2025-05-09T06:30:33Z</time></trkpt>
      <trkpt lat="42.010946924212604" lon="42.12613255330586"><time>2025-05-09T06:45:59Z</time></trkpt>
      <trkpt lat="42.01908733223395" lon="42.241251134299"><time>2025-05-09T06:56:31Z</time></trkpt>
      <trkpt lat="42.04703192620502" lon="42.29397432065904"><time>2025-05-09T07:12:41Z</time></trkpt>
      <trkpt lat="42.084640416434986" lon="42.27333210855873"><time>2025-05-09T07:28:08Z</time></trkpt>
      <trkpt lat="42.12519810908123" lon="42.33449926026883"><time>2025-05-09T07:43:07Z</time></trkpt>
      <trkpt lat="42.15380725282934" lon="42.33729885808281"><time>2025-05-09T07:48:22Z</time></trkpt>
      <trkpt lat="42.16386056948835" lon="42.35445806752296"><time>2025-05-09T07:53:27Z</time></trkpt>
      <trkpt lat="42.24065786787561" lon="42.35516102849122"><time>2025-05-09T08:09:01Z</time></trkpt>
      <trkpt lat="42.324619763570205" lon="42.42033510472851"><time>2025-05-09T08:23:15Z</time></trkpt>
      <trkpt lat="42.348752048061016" lon="42.300753058607356"><time>2025-05-09T08:38:46Z</time></trkpt>
      <trkpt lat="42.381342683754944" lon="42.33713646071311"><time>2025-05-09T08:54:12Z</time></trkpt>
      <trkpt lat="42.39379943619662" lon="42.35810787909882"><time>2025-05-09T08:59:22Z</time></trkpt>
      <trkpt lat="42.40457934797034" lon="42.36840619709563"><time>2025-05-09T09:04:28Z</time></trkpt>
      <trkpt lat="42.4119439598056" lon="42.37770339712468"><time>2025-05-09T09:10:12Z</time></trkpt>
      <trkpt lat="42.419870604247166" lon="42.37856533098602"><time>2025-05-09T09:26:22Z</time></trkpt>
      <trkpt lat="42.438989201952104" lon="42.38110412603323"><time>2025-05-09T11:55:04Z</time></trkpt>
      <trkpt lat="42.44394072335441" lon="42.37340734344197"><time>2025-05-09T12:10:26Z</time></trkpt>
      <trkpt lat="42.4284438988448" lon="42.37748892639526"><time>2025-05-10T03:40:11Z</time></trkpt>
      <trkpt lat="42.443906254339645" lon="42.37341068561861"><time>2025-05-10T03:45:26Z</time></trkpt>
      <trkpt lat="42.42159271" lon="42.37929534"><time>2025-05-10T04:13:36Z</time></trkpt>
      <trkpt lat="42.44391138728749" lon="42.37342175839754"><time>2025-05-10T04:19:04Z</time></trkpt>
      <trkpt lat="42.414485164957505" lon="42.37346861515415"><time>2025-05-10T04:55:26Z</time></trkpt>
      <trkpt lat="42.39805938443955" lon="42.36460007405505"><time>2025-05-10T05:05:24Z</time></trkpt>
      <trkpt lat="42.38297040663078" lon="42.43658914334461"><time>2025-05-10T05:15:57Z</time></trkpt>
      <trkpt lat="42.32128754782845" lon="42.42797423669899"><time>2025-05-10T05:26:20Z</time></trkpt>
      <trkpt lat="42.31758374259091" lon="42.45408735241969"><time>2025-05-10T05:34:50Z</time></trkpt>
      <trkpt lat="42.30515861583146" lon="42.51083194319998"><time>2025-05-10T05:41:21Z</time></trkpt>
      <trkpt lat="42.31710217841405" lon="42.58498967800772"><time>2025-05-10T05:50:30Z</time></trkpt>
      <trkpt lat="42.32768865704872" lon="42.60282914913482"><time>2025-05-10T06:01:02Z</time></trkpt>
      <trkpt lat="42.32239367766728" lon="42.60379652638013"><time>2025-05-10T10:59:32Z</time></trkpt>
      <trkpt lat="42.28891394006901" lon="42.60653569953566"><time>2025-05-10T11:06:26Z</time></trkpt>
      <trkpt lat="42.25781909280952" lon="42.66759334057901"><time>2025-05-10T11:17:46Z</time></trkpt>
      <trkpt lat="42.25554755892814" lon="42.681192252824715"><time>2025-05-10T11:24:13Z</time></trkpt>
      <trkpt lat="42.24509185998599" lon="42.68449788891117"><time>2025-05-11T06:14:39Z</time></trkpt>
      <trkpt lat="42.213991836306825" lon="42.71040609768719"><time>2025-05-12T06:32:43Z</time></trkpt>
      <trkpt lat="42.203010502310654" lon="42.78003995310774"><time>2025-05-12T06:41:32Z</time></trkpt>
      <trkpt lat="42.1648587421874" lon="42.941296441923406"><time>2025-05-12T06:53:22Z</time></trkpt>
      <trkpt lat="42.12646865342976" lon="43.01075589681127"><time>2025-05-12T07:00:57Z</time></trkpt>
      <trkpt lat="42.113544498609485" lon="43.04814300503865"><time>2025-05-12T07:13:17Z</time></trkpt>
      <trkpt lat="42.186427337811374" lon="43.14063150320728"><time>2025-05-12T07:28:55Z</time></trkpt>
      <trkpt lat="42.2783288230861" lon="43.20507637860641"><time>2025-05-12T07:43:42Z</time></trkpt>
      <trkpt lat="42.282550865823666" lon="43.216158673207474"><time>2025-05-12T07:56:19Z</time></trkpt>
      <trkpt lat="42.284837988591455" lon="43.21641613337023"><time>2025-05-13T04:53:42Z</time></trkpt>
      <trkpt lat="42.23872000821143" lon="43.18379547450988"><time>2025-05-13T05:12:59Z</time></trkpt>
      <trkpt lat="42.20757419713047" lon="43.15471136015202"><time>2025-05-13T05:18:10Z</time></trkpt>
      <trkpt lat="42.148629854991064" lon="43.10626143608205"><time>2025-05-13T05:27:11Z</time></trkpt>
      <trkpt lat="42.128506434554524" lon="43.06688737626678"><time>2025-05-13T05:32:34Z</time></trkpt>
      <trkpt lat="42.10965590318263" lon="43.04540613707828"><time>2025-05-13T05:37:54Z</time></trkpt>
      <trkpt lat="42.09877010812985" lon="43.385272268180415"><time>2025-05-13T06:04:17Z</time></trkpt>
      <trkpt lat="42.09106385711775" lon="43.46282869581456"><time>2025-05-13T06:12:45Z</time></trkpt>
      <trkpt lat="42.023222542034354" lon="43.56670518355982"><time>2025-05-13T06:28:10Z</time></trkpt>
      <trkpt lat="41.987182207444754" lon="43.59356028130596"><time>2025-05-13T06:35:27Z</time></trkpt>
      <trkpt lat="41.92421721298427" lon="43.4848294314402"><time>2025-05-13T06:50:59Z</time></trkpt>
      <trkpt lat="41.85439158729" lon="43.41338932109374"><time>2025-05-13T07:06:23Z</time></trkpt>
      <trkpt lat="41.84018669304916" lon="43.37863059613686"><time>2025-05-13T07:11:25Z</time></trkpt>
      <trkpt lat="41.77844901473267" lon="43.28916829431255"><time>2025-05-13T07:27:36Z</time></trkpt>
      <trkpt lat="41.730413251868164" lon="43.16194682628704"><time>2025-05-13T07:42:59Z</time></trkpt>
      <trkpt lat="41.694358376981576" lon="43.12941687146377"><time>2025-05-13T07:48:31Z</time></trkpt>
      <trkpt lat="41.65711594140779" lon="43.024456908165114"><time>2025-05-13T08:01:32Z</time></trkpt>
      <trkpt lat="41.63310467875855" lon="43.043535387400325"><time>2025-05-13T08:32:04Z</time></trkpt>
      <trkpt lat="41.614700510840635" lon="43.131755955904104"><time>2025-05-13T09:03:44Z</time></trkpt>
      <trkpt lat="41.59244520927694" lon="43.17347376649685"><time>2025-05-13T09:11:00Z</time></trkpt>
      <trkpt lat="41.589634986862706" lon="43.22841360737542"><time>2025-05-13T09:19:19Z</time></trkpt>
      <trkpt lat="41.54018702376334" lon="43.25995789186616"><time>2025-05-13T09:34:44Z</time></trkpt>
      <trkpt lat="41.468972558643316" lon="43.29119040081375"><time>2025-05-13T09:46:18Z</time></trkpt>
      <trkpt lat="41.39032384384553" lon="43.31027252603631"><time>2025-05-13T10:01:00Z</time></trkpt>
      <trkpt lat="41.37883055495804" lon="43.28764745597599"><time>2025-05-13T10:15:20Z</time></trkpt>
      <trkpt lat="41.40270005915445" lon="43.32680289637607"><time>2025-05-14T09:49:29Z</time></trkpt>
      <trkpt lat="41.37878929734358" lon="43.28760182489016"><time>2025-05-14T10:02:49Z</time></trkpt>
      <trkpt lat="41.441499229344004" lon="43.311451954961925"><time>2025-05-15T05:16:18Z</time></trkpt>
      <trkpt lat="41.48314243348371" lon="43.300354522332"><time>2025-05-15T05:26:40Z</time></trkpt>
      <trkpt lat="41.48862790436753" lon="43.34625869600563"><time>2025-05-15T05:31:39Z</time></trkpt>
      <trkpt lat="41.46469156727331" lon="43.423490580211784"><time>2025-05-15T05:42:37Z</time></trkpt>
      <trkpt lat="41.41733347907794" lon="43.484980389516316"><time>2025-05-15T05:56:12Z</time></trkpt>
      <trkpt lat="41.40193352777251" lon="43.47580549969166"><time>2025-05-15T06:05:22Z</time></trkpt>
      <trkpt lat="41.39092173403272" lon="43.489446697914886"><time>2025-05-15T06:15:48Z</time></trkpt>
      <trkpt lat="41.39078885048926" lon="43.49004701591985"><time>2025-05-15T06:15:50Z</time></trkpt>
      <trkpt lat="41.36655948010889" lon="43.49655872009822"><time>2025-05-15T06:50:42Z</time></trkpt>
      <trkpt lat="41.3083460432646" lon="43.53664963483485"><time>2025-05-15T06:57:28Z</time></trkpt>
      <trkpt lat="41.28465629186601" lon="43.571727722923804"><time>2025-05-15T07:02:30Z</time></trkpt>
      <trkpt lat="41.265138755504346" lon="43.593802470594454"><time>2025-05-15T07:07:32Z</time></trkpt>
      <trkpt lat="41.29411034545514" lon="43.645850544384764"><time>2025-05-15T07:12:44Z</time></trkpt>
      <trkpt lat="41.29190996082166" lon="43.72328271753875"><time>2025-05-15T07:21:42Z</time></trkpt>
      <trkpt lat="41.319285216710085" lon="43.75875626779549"><time>2025-05-15T07:27:21Z</time></trkpt>
      <trkpt lat="41.35392210415294" lon="43.75591108182527"><time>2025-05-15T07:32:21Z</time></trkpt>
      <trkpt lat="41.39428147322749" lon="43.794162686251525"><time>2025-05-15T07:37:22Z</time></trkpt>
      <trkpt lat="41.45196997564421" lon="43.85461670350642"><time>2025-05-15T07:49:53Z</time></trkpt>
      <trkpt lat="41.4821359003349" lon="43.85276061486812"><time>2025-05-15T07:54:56Z</time></trkpt>
      <trkpt lat="41.51249936062997" lon="43.88732456943242"><time>2025-05-15T07:59:59Z</time></trkpt>
      <trkpt lat="41.56572142604221" lon="43.89470789146303"><time>2025-05-15T08:04:58Z</time></trkpt>
      <trkpt lat="41.56582011246822" lon="43.90250729229466"><time>2025-05-15T08:10:34Z</time></trkpt>
      <trkpt lat="41.59153873508954" lon="43.93053534112636"><time>2025-05-15T08:15:37Z</time></trkpt>
      <trkpt lat="41.59382044115316" lon="43.97115498854588"><time>2025-05-15T08:20:48Z</time></trkpt>
      <trkpt lat="41.59815184245117" lon="44.020718787089045"><time>2025-05-15T08:26:17Z</time></trkpt>
      <trkpt lat="41.598481428945405" lon="44.08310899429932"><time>2025-05-15T08:33:49Z</time></trkpt>
      <trkpt lat="41.60023611453048" lon="44.09243747965806"><time>2025-05-15T08:38:49Z</time></trkpt>
      <trkpt lat="41.630581165702665" lon="44.1488867160344"><time>2025-05-15T08:48:16Z</time></trkpt>
      <trkpt lat="41.64785811653592" lon="44.21000963623093"><time>2025-05-15T08:53:17Z</time></trkpt>
      <trkpt lat="41.66286914696743" lon="44.29726625806968"><time>2025-05-15T08:59:42Z</time></trkpt>
      <trkpt lat="41.669376021178806" lon="44.33493825652089"><time>2025-05-15T09:07:10Z</time></trkpt>
      <trkpt lat="41.66465108752406" lon="44.379574544769135"><time>2025-05-15T09:12:48Z</time></trkpt>
      <trkpt lat="41.67618069502864" lon="44.379822104682155"><time>2025-05-15T09:17:53Z</time></trkpt>
      <trkpt lat="41.68497557987681" lon="44.416222363139795"><time>2025-05-15T09:28:28Z</time></trkpt>
      <trkpt lat="41.70645488318572" lon="44.43640401669832"><time>2025-05-15T09:33:31Z</time></trkpt>
      <trkpt lat="41.700868700000505" lon="44.49858970947034"><time>2025-05-15T09:38:40Z</time></trkpt>
      <trkpt lat="41.668874811521505" lon="44.524664460067356"><time>2025-05-15T09:44:03Z</time></trkpt>
      <trkpt lat="41.653293319303614" lon="44.565619000511106"><time>2025-05-15T09:50:19Z</time></trkpt>
      <trkpt lat="41.659315893288124" lon="44.61670931641718"><time>2025-05-15T09:55:22Z</time></trkpt>
      <trkpt lat="41.690194664034976" lon="44.697001758542974"><time>2025-05-15T10:09:20Z</time></trkpt>
      <trkpt lat="41.70902041586818" lon="44.708574880406026"><time>2025-05-15T10:14:34Z</time></trkpt>
      <trkpt lat="41.71258516934695" lon="44.72097674384414"><time>2025-05-15T10:19:39Z</time></trkpt>
      <trkpt lat="41.70741700465362" lon="44.73767502374863"><time>2025-05-15T10:24:59Z</time></trkpt>
      <trkpt lat="41.71382859353135" lon="44.74787293937499"><time>2025-05-15T10:30:57Z</time></trkpt>
      <trkpt lat="41.71901309400957" lon="44.73918543201381"><time>2025-05-15T10:36:23Z</time></trkpt>
      <trkpt lat="41.71516927894364" lon="44.74525166679616"><time>2025-05-15T11:11:10Z</time></trkpt>
      <trkpt lat="41.71172062870274" lon="44.75267241713102"><time>2025-05-15T11:24:14Z</time></trkpt>
      <trkpt lat="41.70994789809148" lon="44.764936734032595"><time>2025-05-15T11:29:29Z</time></trkpt>
      <trkpt lat="41.709013693073494" lon="44.77244750600752"><time>2025-05-15T11:40:14Z</time></trkpt>
      <trkpt lat="41.70907471332858" lon="44.779069544789174"><time>2025-05-15T11:46:04Z</time></trkpt>
      <trkpt lat="41.69631076795402" lon="44.80328833813761"><time>2025-05-15T11:53:49Z</time></trkpt>
      <trkpt lat="41.69670646082768" lon="44.81826609004737"><time>2025-05-15T12:08:52Z</time></trkpt>
      <trkpt lat="41.6987959950833" lon="44.81815236485202"><time>2025-05-17T13:40:20Z</time></trkpt>
      <trkpt lat="41.69666070637096" lon="44.82468169787686"><time>2025-05-19T05:06:19Z</time></trkpt>
      <trkpt lat="41.69265832279473" lon="44.81810242023374"><time>2025-05-19T05:22:53Z</time></trkpt>
      <trkpt lat="41.69860781174311" lon="44.80931421746016"><time>2025-05-19T05:32:12Z</time></trkpt>
      <trkpt lat="41.705246991516745" lon="44.795816671144955"><time>2025-05-19T05:42:30Z</time></trkpt>
      <trkpt lat="41.72081112301283" lon="44.787937068708736"><time>2025-05-19T05:47:52Z</time></trkpt>
      <trkpt lat="41.73018537384316" lon="44.786286054426775"><time>2025-05-19T05:52:59Z</time></trkpt>
      <trkpt lat="41.74013110577862" lon="44.780172805774"><time>2025-05-19T06:02:23Z</time></trkpt>
      <trkpt lat="41.744252454197294" lon="44.77854156553489"><time>2025-05-19T06:27:24Z</time></trkpt>
      <trkpt lat="41.75255476321767" lon="44.778366802460596"><time>2025-05-19T06:35:08Z</time></trkpt>
      <trkpt lat="41.77731670574693" lon="44.768975338382305"><time>2025-05-19T06:40:12Z</time></trkpt>
      <trkpt lat="41.82042899510372" lon="44.75941195317454"><time>2025-05-19T06:46:31Z</time></trkpt>
      <trkpt lat="41.82457917950354" lon="44.73269224116258"><time>2025-05-19T06:51:35Z</time></trkpt>
      <trkpt lat="41.89962756473367" lon="44.72059670422599"><time>2025-05-19T07:01:42Z</time></trkpt>
      <trkpt lat="41.97026162785362" lon="44.74734936353603"><time>2025-05-19T07:10:38Z</time></trkpt>
      <trkpt lat="41.97349605517594" lon="44.74749608998899"><time>2025-05-19T07:25:51Z</time></trkpt>
      <trkpt lat="42.06329989611886" lon="44.7461636151666"><time>2025-05-19T08:31:29Z</time></trkpt>
      <trkpt lat="41.95981239341939" lon="44.744802134705495"><time>2025-05-19T08:51:44Z</time></trkpt>
      <trkpt lat="41.9246065736684" lon="44.730669046449194"><time>2025-05-19T08:56:58Z</time></trkpt>
      <trkpt lat="41.94343571474558" lon="44.73907764193198"><time>2025-05-19T09:10:32Z</time></trkpt>
      <trkpt lat="41.94830564981622" lon="44.74121034759187"><time>2025-05-19T09:15:44Z</time></trkpt>
      <trkpt lat="41.998979342456046" lon="44.75212406729947"><time>2025-05-19T09:21:05Z</time></trkpt>
      <trkpt lat="42.0906168154306" lon="44.7590406360102"><time>2025-05-19T09:31:12Z</time></trkpt>
      <trkpt lat="42.15429979362282" lon="44.721578502418495"><time>2025-05-19T09:45:19Z</time></trkpt>
      <trkpt lat="42.25258818625273" lon="44.677036615249804"><time>2025-05-19T10:00:37Z</time></trkpt>
      <trkpt lat="42.29211980172755" lon="44.68767112164144"><time>2025-05-19T10:06:09Z</time></trkpt>
      <trkpt lat="42.32909204929884" lon="44.68173858073535"><time>2025-05-19T10:11:16Z</time></trkpt>
      <trkpt lat="42.405594073299184" lon="44.64097296559935"><time>2025-05-19T10:30:11Z</time></trkpt>
      <trkpt lat="42.4290149890994" lon="44.51033266071696"><time>2025-05-19T10:44:54Z</time></trkpt>
      <trkpt lat="42.45048534634967" lon="44.48978274077435"><time>2025-05-19T11:00:00Z</time></trkpt>
      <trkpt lat="42.4631551166996" lon="44.481028221126586"><time>2025-05-19T11:05:06Z</time></trkpt>
      <trkpt lat="42.471720895532336" lon="44.47977743300643"><time>2025-05-19T11:10:14Z</time></trkpt>
      <trkpt lat="42.4934915210351" lon="44.45410695226383"><time>2025-05-19T11:30:23Z</time></trkpt>
      <trkpt lat="42.531377485926484" lon="44.47214208047886"><time>2025-05-19T12:00:13Z</time></trkpt>
      <trkpt lat="42.56449399498226" lon="44.4902390728892"><time>2025-05-19T12:18:43Z</time></trkpt>
      <trkpt lat="42.5804061680296" lon="44.46482450045816"><time>2025-05-21T04:12:48Z</time></trkpt>
      <trkpt lat="42.571998120030244" lon="44.479861456675074"><time>2025-05-21T05:52:34Z</time></trkpt>
      <trkpt lat="42.55725787489444" lon="44.49739194459256"><time>2025-05-21T06:08:52Z</time></trkpt>
      <trkpt lat="42.6087284828494" lon="44.582173467190735"><time>2025-05-21T06:23:00Z</time></trkpt>
      <trkpt lat="42.62965152919426" lon="44.618637150731956"><time>2025-05-21T06:27:58Z</time></trkpt>
      <trkpt lat="42.65930775500012" lon="44.640838605475466"><time>2025-05-21T06:38:21Z</time></trkpt>
      <trkpt lat="42.663179710547126" lon="44.62433734912856"><time>2025-05-21T06:53:54Z</time></trkpt>
      <trkpt lat="42.66451409280085" lon="44.61503714875794"><time>2025-05-21T07:06:39Z</time></trkpt>
      <trkpt lat="42.664302047381796" lon="44.640538394492715"><time>2025-05-22T03:47:17Z</time></trkpt>
      <trkpt lat="42.682954240201546" lon="44.63296634855925"><time>2025-05-22T03:54:47Z</time></trkpt>
      <trkpt lat="42.73601672002131" lon="44.63021987090821"><time>2025-05-22T04:06:17Z</time></trkpt>
      <trkpt lat="42.7518386717858" lon="44.62681939466025"><time>2025-05-22T04:22:27Z</time></trkpt>
      <trkpt lat="42.76901193851549" lon="44.632113064357334"><time>2025-05-22T04:37:24Z</time></trkpt>
      <trkpt lat="42.79699210845211" lon="44.63758528687876"><time>2025-05-22T10:44:39Z</time></trkpt>
      <trkpt lat="42.8366292540111" lon="44.63604400118369"><time>2025-05-22T11:55:53Z</time></trkpt>
      <trkpt lat="42.90841074162014" lon="44.632626795924196"><time>2025-05-22T12:10:36Z</time></trkpt>
      <trkpt lat="42.97531964727023" lon="44.57145156342962"><time>2025-05-22T12:51:28Z</time></trkpt>
      <trkpt lat="42.97446059999999" lon="44.5723648"><time>2025-05-22T15:42:48Z</time></trkpt>
      <trkpt lat="43.26505317398026" lon="45.21824551614089"><time>2025-05-23T04:18:39Z</time></trkpt>
      <trkpt lat="43.24261631820654" lon="45.311114620459556"><time>2025-05-23T04:33:25Z</time></trkpt>
      <trkpt lat="43.22343503724653" lon="45.5093021509398"><time>2025-05-23T04:48:10Z</time></trkpt>
      <trkpt lat="43.234575055579874" lon="45.66586827863535"><time>2025-05-23T05:02:26Z</time></trkpt>
      <trkpt lat="43.2184041624654" lon="45.847308277781856"><time>2025-05-23T05:17:14Z</time></trkpt>
      <trkpt lat="43.26322495607265" lon="46.03558804997808"><time>2025-05-23T05:31:32Z</time></trkpt>
      <trkpt lat="43.23971079230693" lon="46.26892990009244"><time>2025-05-23T05:46:15Z</time></trkpt>
      <trkpt lat="43.24210712133499" lon="46.45970960143301"><time>2025-05-23T06:01:00Z</time></trkpt>
      <trkpt lat="43.23284649892339" lon="46.59056660068632"><time>2025-05-23T06:15:46Z</time></trkpt>
      <trkpt lat="43.28120349910416" lon="46.617179838983915"><time>2025-05-23T06:30:31Z</time></trkpt>
      <trkpt lat="43.32764297262144" lon="46.68032616381224"><time>2025-05-23T06:44:28Z</time></trkpt>
      <trkpt lat="43.34640347402854" lon="46.706076962916846"><time>2025-05-23T07:39:45Z</time></trkpt>
      <trkpt lat="43.46270212610821" lon="46.75441815561035"><time>2025-05-23T07:54:30Z</time></trkpt>
      <trkpt lat="43.5449565109271" lon="46.71636474323153"><time>2025-05-23T08:09:15Z</time></trkpt>
      <trkpt lat="43.61348401759156" lon="46.75762239847961"><time>2025-05-23T08:19:49Z</time></trkpt>
      <trkpt lat="43.69302606777821" lon="46.71614350532684"><time>2025-05-23T08:28:54Z</time></trkpt>
      <trkpt lat="43.797965222079114" lon="46.66711192582424"><time>2025-05-23T08:43:48Z</time></trkpt>
      <trkpt lat="43.88820579745237" lon="46.64197434675567"><time>2025-05-23T08:58:33Z</time></trkpt>
      <trkpt lat="44.01774580594526" lon="46.581362625627385"><time>2025-05-23T09:11:56Z</time></trkpt>
      <trkpt lat="44.14311062083034" lon="46.57894662585722"><time>2025-05-23T09:25:21Z</time></trkpt>
      <trkpt lat="44.383697100025024" lon="46.557621723084296"><time>2025-05-23T09:52:07Z</time></trkpt>
      <trkpt lat="44.39111535363449" lon="46.55961948513551"><time>2025-05-23T10:05:51Z</time></trkpt>
      <trkpt lat="44.3966268893588" lon="46.556655108819434"><time>2025-05-23T10:19:23Z</time></trkpt>
      <trkpt lat="44.38415980306683" lon="46.55754664106579"><time>2025-05-24T02:36:58Z</time></trkpt>
      <trkpt lat="44.506418432808" lon="46.56649701863619"><time>2025-05-24T03:04:23Z</time></trkpt>
      <trkpt lat="44.67250014193791" lon="46.59239354547727"><time>2025-05-24T03:17:53Z</time></trkpt>
      <trkpt lat="44.841405088123715" lon="46.60444328565765"><time>2025-05-24T03:31:22Z</time></trkpt>
      <trkpt lat="44.89610903434911" lon="46.62029958334436"><time>2025-05-24T03:44:51Z</time></trkpt>
      <trkpt lat="44.99274894133675" lon="46.71888208021104"><time>2025-05-24T03:58:22Z</time></trkpt>
      <trkpt lat="45.148404948455415" lon="46.7773207929421"><time>2025-05-24T04:11:53Z</time></trkpt>
      <trkpt lat="45.25110903665912" lon="46.81740129370877"><time>2025-05-24T04:20:54Z</time></trkpt>
      <trkpt lat="45.416472293478826" lon="46.88837874685125"><time>2025-05-24T04:39:03Z</time></trkpt>
      <trkpt lat="45.46398318376901" lon="47.074106466068955"><time>2025-05-24T05:54:51Z</time></trkpt>
      <trkpt lat="45.630196107732914" lon="47.15406501928447"><time>2025-05-24T06:09:51Z</time></trkpt>
      <trkpt lat="45.754092916747304" lon="47.262997608253336"><time>2025-05-24T06:24:51Z</time></trkpt>
      <trkpt lat="45.86904971864621" lon="47.436046768024035"><time>2025-05-24T06:44:53Z</time></trkpt>
      <trkpt lat="45.87653081868391" lon="47.51412612390473"><time>2025-05-24T06:52:10Z</time></trkpt>
      <trkpt lat="46.04693168312874" lon="47.719990862577895"><time>2025-05-24T07:30:35Z</time></trkpt>
      <trkpt lat="46.19817080446165" lon="47.84834143710122"><time>2025-05-24T07:54:54Z</time></trkpt>
      <trkpt lat="46.30590545949182" lon="47.90063906465461"><time>2025-05-24T08:12:19Z</time></trkpt>
      <trkpt lat="46.378899305170755" lon="48.00907289613784"><time>2025-05-24T08:59:25Z</time></trkpt>
      <trkpt lat="46.34856383233231" lon="48.019459409202426"><time>2025-05-24T09:35:16Z</time></trkpt>
      <trkpt lat="46.39433779426074" lon="47.98330630335009"><time>2025-05-25T18:59:39Z</time></trkpt>
      <trkpt lat="46.40772919640542" lon="48.1326627172978"><time>2025-05-26T02:30:09Z</time></trkpt>
      <trkpt lat="46.521144279329" lon="48.34091307394676"><time>2025-05-26T03:32:18Z</time></trkpt>
      <trkpt lat="46.545745488299566" lon="48.40253552426435"><time>2025-05-26T04:04:49Z</time></trkpt>
      <trkpt lat="46.54567935387166" lon="48.63615686624193"><time>2025-05-26T04:33:49Z</time></trkpt>
      <trkpt lat="46.53746403013873" lon="48.68475746907356"><time>2025-05-26T07:02:53Z</time></trkpt>
      <trkpt lat="46.553396992428745" lon="48.764109956145994"><time>2025-05-26T07:21:19Z</time></trkpt>
      <trkpt lat="46.56468874664081" lon="48.792793858201726"><time>2025-05-26T08:00:39Z</time></trkpt>
      <trkpt lat="46.59525215164441" lon="49.10494839777155"><time>2025-05-26T08:19:30Z</time></trkpt>
      <trkpt lat="46.597567568576515" lon="49.20784397055321"><time>2025-05-26T08:34:31Z</time></trkpt>
      <trkpt lat="46.69790661898134" lon="49.556704899342314"><time>2025-05-26T09:00:40Z</time></trkpt>
      <trkpt lat="46.736997342712" lon="49.81315174144675"><time>2025-05-26T09:23:08Z</time></trkpt>
      <trkpt lat="46.73983235022169" lon="49.885251747827816"><time>2025-05-26T10:55:58Z</time></trkpt>
      <trkpt lat="46.77520230882501" lon="50.17773929988051"><time>2025-05-26T11:13:55Z</time></trkpt>
      <trkpt lat="46.90875272270935" lon="50.357746873097824"><time>2025-05-26T11:28:55Z</time></trkpt>
      <trkpt lat="47.12157879960455" lon="50.84475455810394"><time>2025-05-26T12:05:20Z</time></trkpt>
      <trkpt lat="47.152811776616375" lon="50.89550467465906"><time>2025-05-26T12:22:10Z</time></trkpt>
      <trkpt lat="47.158584063916614" lon="50.90742747304114"><time>2025-05-27T05:06:22Z</time></trkpt>
      <trkpt lat="47.24531346005131" lon="51.055319029885396"><time>2025-05-27T05:21:46Z</time></trkpt>
      <trkpt lat="47.34778498817364" lon="51.193241199697134"><time>2025-05-27T05:36:30Z</time></trkpt>
      <trkpt lat="47.286540982357494" lon="51.43795282584749"><time>2025-05-27T05:51:46Z</time></trkpt>
      <trkpt lat="47.22167984586881" lon="51.68762910184608"><time>2025-05-27T06:06:46Z</time></trkpt>
      <trkpt lat="47.181478310420346" lon="51.784107992473785"><time>2025-05-27T06:16:47Z</time></trkpt>
      <trkpt lat="47.165406057036314" lon="51.828444925160774"><time>2025-05-27T06:26:52Z</time></trkpt>
      <trkpt lat="47.14299245044694" lon="51.881860517805805"><time>2025-05-27T06:37:04Z</time></trkpt>
      <trkpt lat="47.134693854842034" lon="51.897055952846024"><time>2025-05-27T06:43:45Z</time></trkpt>
      <trkpt lat="47.14037979052043" lon="51.89147687568006"><time>2025-05-27T07:29:56Z</time></trkpt>
      <trkpt lat="47.14759270241701" lon="51.87199319783507"><time>2025-05-27T07:39:59Z</time></trkpt>
      <trkpt lat="47.14407729999999" lon="51.90402221"><time>2025-05-27T08:41:25Z</time></trkpt>
      <trkpt lat="47.138214430220664" lon="51.94058658231575"><time>2025-05-27T08:46:55Z</time></trkpt>
      <trkpt lat="47.14572056313614" lon="51.97582196889348"><time>2025-05-27T08:57:51Z</time></trkpt>
      <trkpt lat="47.203199258118126" lon="52.11414501075829"><time>2025-05-27T09:18:20Z</time></trkpt>
      <trkpt lat="47.274675856490376" lon="52.26458154901896"><time>2025-05-27T09:29:40Z</time></trkpt>
      <trkpt lat="47.38366343551071" lon="52.4522833899152"><time>2025-05-27T09:45:10Z</time></trkpt>
      <trkpt lat="47.40704732424991" lon="52.69270412810192"><time>2025-05-27T10:00:35Z</time></trkpt>
      <trkpt lat="47.49059481085044" lon="52.866316130434036"><time>2025-05-27T10:14:04Z</time></trkpt>
      <trkpt lat="47.58730109977236" lon="53.05748336867474"><time>2025-05-27T10:29:05Z</time></trkpt>
      <trkpt lat="47.63439372961546" lon="53.22485813861649"><time>2025-05-27T10:39:26Z</time></trkpt>
      <trkpt lat="47.68460613860587" lon="53.31906928946487"><time>2025-05-27T10:47:11Z</time></trkpt>
      <trkpt lat="47.726765732917244" lon="53.5725811668524"><time>2025-05-27T11:02:46Z</time></trkpt>
      <trkpt lat="47.78526099403182" lon="53.77794633624495"><time>2025-05-27T11:15:40Z</time></trkpt>
      <trkpt lat="47.87036379803705" lon="54.00912928400003"><time>2025-05-27T11:31:13Z</time></trkpt>
      <trkpt lat="47.92877191263217" lon="54.20866351469309"><time>2025-05-27T11:46:37Z</time></trkpt>
      <trkpt lat="47.928399720799405" lon="54.22823647186354"><time>2025-05-27T12:01:36Z</time></trkpt>
      <trkpt lat="47.925674429999994" lon="54.222808829999984"><time>2025-05-27T20:57:18Z</time></trkpt>
      <trkpt lat="47.928478163352345" lon="54.227109999580605"><time>2025-05-28T02:18:19Z</time></trkpt>
      <trkpt lat="47.93585868525779" lon="54.230447008084774"><time>2025-05-28T03:28:02Z</time></trkpt>
      <trkpt lat="48.03204609055266" lon="54.45948320714348"><time>2025-05-28T03:43:02Z</time></trkpt>
      <trkpt lat="48.07967482643091" lon="54.57355495545994"><time>2025-05-28T03:50:48Z</time></trkpt>
      <trkpt lat="48.115417975162245" lon="54.648271750172256"><time>2025-05-28T03:55:50Z</time></trkpt>
      <trkpt lat="48.17448736638592" lon="54.74133982328208"><time>2025-05-28T04:03:07Z</time></trkpt>
      <trkpt lat="48.21489807222803" lon="54.81217545462289"><time>2025-05-28T04:08:27Z</time></trkpt>
      <trkpt lat="48.24840397125031" lon="54.874714829483516"><time>2025-05-28T04:13:29Z</time></trkpt>
      <trkpt lat="48.27547484082009" lon="54.935857309079665"><time>2025-05-28T04:18:35Z</time></trkpt>
      <trkpt lat="48.32177517474472" lon="54.990555429882356"><time>2025-05-28T04:23:38Z</time></trkpt>
      <trkpt lat="48.36181795694713" lon="55.05443374631466"><time>2025-05-28T04:28:40Z</time></trkpt>
      <trkpt lat="48.39129191362149" lon="55.158745944551335"><time>2025-05-28T04:35:15Z</time></trkpt>
      <trkpt lat="48.41942044910827" lon="55.24728708905656"><time>2025-05-28T04:40:50Z</time></trkpt>
      <trkpt lat="48.44888619151753" lon="55.32024342571881"><time>2025-05-28T04:45:54Z</time></trkpt>
      <trkpt lat="48.472202058294016" lon="55.403340716339045"><time>2025-05-28T04:50:57Z</time></trkpt>
      <trkpt lat="48.50320855160104" lon="55.54850142454314"><time>2025-05-28T04:59:54Z</time></trkpt>
      <trkpt lat="48.540835836947466" lon="55.60947474097424"><time>2025-05-28T05:04:57Z</time></trkpt>
      <trkpt lat="48.57993351765776" lon="55.716193383611476"><time>2025-05-28T05:12:04Z</time></trkpt>
      <trkpt lat="48.62339498479722" lon="55.78199828048775"><time>2025-05-28T05:17:06Z</time></trkpt>
      <trkpt lat="48.628483093388965" lon="55.78887923625837"><time>2025-05-28T05:23:02Z</time></trkpt>
      <trkpt lat="48.66348895190447" lon="55.852265791518214"><time>2025-05-28T05:44:00Z</time></trkpt>
      <trkpt lat="49.19795060069225" lon="56.56777814967238"><time>2025-05-28T06:48:54Z</time></trkpt>
      <trkpt lat="49.19669687752537" lon="56.656843582220986"><time>2025-05-28T06:53:57Z</time></trkpt>
      <trkpt lat="49.20295401820746" lon="56.74595874607175"><time>2025-05-28T06:59:00Z</time></trkpt>
      <trkpt lat="49.227286466962575" lon="56.85756102339907"><time>2025-05-28T07:05:41Z</time></trkpt>
      <trkpt lat="49.260768119911944" lon="56.971648853132976"><time>2025-05-28T07:12:29Z</time></trkpt>
      <trkpt lat="49.30546460212143" lon="57.042291183077765"><time>2025-05-28T07:23:08Z</time></trkpt>
      <trkpt lat="49.34387688147055" lon="57.03929438944717"><time>2025-05-28T07:29:02Z</time></trkpt>
      <trkpt lat="49.37071865717162" lon="57.22468766375771"><time>2025-05-28T07:39:20Z</time></trkpt>
      <trkpt lat="49.391399513584865" lon="57.3147388492439"><time>2025-05-28T07:44:21Z</time></trkpt>
      <trkpt lat="49.44287969065294" lon="57.34319733546781"><time>2025-05-28T07:49:23Z</time></trkpt>
      <trkpt lat="49.4996741367965" lon="57.34528533188379"><time>2025-05-28T07:54:43Z</time></trkpt>
      <trkpt lat="49.5818306180179" lon="57.372806305119184"><time>2025-05-28T08:02:27Z</time></trkpt>
      <trkpt lat="49.64024548936902" lon="57.33700242687232"><time>2025-05-28T08:07:45Z</time></trkpt>
      <trkpt lat="49.69914138787398" lon="57.31810919014487"><time>2025-05-28T08:12:46Z</time></trkpt>
      <trkpt lat="49.761427310341745" lon="57.324142819323875"><time>2025-05-28T08:17:59Z</time></trkpt>
      <trkpt lat="49.78084457577186" lon="57.329819966161"><time>2025-05-28T08:23:02Z</time></trkpt>
      <trkpt lat="49.79084825147855" lon="57.33187395153318"><time>2025-05-28T08:30:52Z</time></trkpt>
      <trkpt lat="49.889122084760935" lon="57.363655529969705"><time>2025-05-28T08:39:55Z</time></trkpt>
      <trkpt lat="49.91472651824879" lon="57.38978414434487"><time>2025-05-28T08:44:53Z</time></trkpt>
      <trkpt lat="50.177963012876155" lon="57.28928072383375"><time>2025-05-28T09:11:46Z</time></trkpt>
      <trkpt lat="50.22175486302605" lon="57.27034253655047"><time>2025-05-28T09:16:49Z</time></trkpt>
      <trkpt lat="50.26271149226182" lon="57.261667339404134"><time>2025-05-28T09:22:27Z</time></trkpt>
      <trkpt lat="50.286370335190696" lon="57.250540860565195"><time>2025-05-28T09:27:30Z</time></trkpt>
      <trkpt lat="50.2875417704231" lon="57.22237050538624"><time>2025-05-28T09:32:50Z</time></trkpt>
      <trkpt lat="50.291614537174155" lon="57.1958946716573"><time>2025-05-28T09:39:11Z</time></trkpt>
      <trkpt lat="50.28618718160312" lon="57.19087559155833"><time>2025-05-28T09:56:52Z</time></trkpt>
      <trkpt lat="50.28869210777619" lon="57.19980321741219"><time>2025-05-28T14:34:55Z</time></trkpt>
      <trkpt lat="50.28616020710621" lon="57.1908421756066"><time>2025-05-28T15:43:39Z</time></trkpt>
      <trkpt lat="50.28757923052673" lon="57.221423866344296"><time>2025-05-31T01:46:11Z</time></trkpt>
      <trkpt lat="50.2894649307371" lon="57.254464448434696"><time>2025-05-31T02:06:40Z</time></trkpt>
      <trkpt lat="50.290346159436844" lon="57.29438519295432"><time>2025-05-31T02:12:12Z</time></trkpt>
      <trkpt lat="50.292483296889486" lon="57.38729863726724"><time>2025-05-31T02:18:34Z</time></trkpt>
      <trkpt lat="50.294514379462264" lon="57.4634893300369"><time>2025-05-31T02:23:38Z</time></trkpt>
      <trkpt lat="50.29353544991624" lon="57.53901825321357"><time>2025-05-31T02:28:41Z</time></trkpt>
      <trkpt lat="50.29355856243721" lon="57.615172327373145"><time>2025-05-31T02:33:44Z</time></trkpt>
      <trkpt lat="50.292495916099476" lon="57.64016565532583"><time>2025-05-31T02:38:43Z</time></trkpt>
      <trkpt lat="50.28169898101626" lon="57.750363738833926"><time>2025-05-31T02:43:49Z</time></trkpt>
      <trkpt lat="50.284372614743454" lon="57.823252296129084"><time>2025-05-31T02:48:52Z</time></trkpt>
      <trkpt lat="50.27530326978329" lon="57.88583669816879"><time>2025-05-31T02:53:55Z</time></trkpt>
      <trkpt lat="50.258134659426524" lon="57.945492463240356"><time>2025-05-31T02:59:16Z</time></trkpt>
      <trkpt lat="50.245795450220115" lon="57.99956336622871"><time>2025-05-31T03:04:53Z</time></trkpt>
      <trkpt lat="50.22338404324858" lon="58.0618570000474"><time>2025-05-31T03:11:05Z</time></trkpt>
      <trkpt lat="50.21149293058571" lon="58.09367696760045"><time>2025-05-31T03:16:08Z</time></trkpt>
      <trkpt lat="50.23299882971458" lon="58.278406181593304"><time>2025-05-31T03:30:11Z</time></trkpt>
      <trkpt lat="50.258617960765505" lon="58.409190195554324"><time>2025-05-31T03:39:18Z</time></trkpt>
      <trkpt lat="50.24120334074855" lon="58.43370898632187"><time>2025-05-31T03:44:21Z</time></trkpt>
      <trkpt lat="50.238265544374315" lon="58.51921668356624"><time>2025-05-31T04:52:33Z</time></trkpt>
      <trkpt lat="50.176017377828174" lon="58.600608480189514"><time>2025-05-31T05:02:24Z</time></trkpt>
      <trkpt lat="50.18226854507829" lon="58.69692413141829"><time>2025-05-31T05:09:05Z</time></trkpt>
      <trkpt lat="50.15474442084236" lon="58.75892260649534"><time>2025-05-31T05:14:08Z</time></trkpt>
      <trkpt lat="50.11735355224339" lon="58.943972396122746"><time>2025-05-31T05:25:44Z</time></trkpt>
      <trkpt lat="50.12758417203719" lon="59.02843326226138"><time>2025-05-31T05:30:47Z</time></trkpt>
      <trkpt lat="50.125091902390665" lon="59.097147484313716"><time>2025-05-31T05:54:19Z</time></trkpt>
      <trkpt lat="50.12293866840202" lon="59.16007499216046"><time>2025-05-31T05:57:59Z</time></trkpt>
      <trkpt lat="50.12227848399143" lon="59.167812240496865"><time>2025-05-31T05:59:51Z</time></trkpt>
      <trkpt lat="50.105826049158445" lon="59.356206078137596"><time>2025-05-31T06:09:04Z</time></trkpt>
      <trkpt lat="50.10204574022144" lon="59.400129739232085"><time>2025-05-31T06:14:05Z</time></trkpt>
      <trkpt lat="50.09098096630322" lon="59.51214870744879"><time>2025-05-31T06:25:35Z</time></trkpt>
      <trkpt lat="50.07978098891692" lon="59.57857929301272"><time>2025-05-31T06:30:36Z</time></trkpt>
      <trkpt lat="50.02247222761224" lon="59.815902457546755"><time>2025-05-31T06:48:18Z</time></trkpt>
      <trkpt lat="50.00346658290364" lon="59.88279813906167"><time>2025-05-31T06:53:53Z</time></trkpt>
      <trkpt lat="49.987955954903725" lon="59.959393898081004"><time>2025-05-31T06:59:01Z</time></trkpt>
      <trkpt lat="49.9910753641035" lon="59.944132797317145"><time>2025-05-31T07:04:00Z</time></trkpt>
      <trkpt lat="49.968959041917664" lon="60.06429358391097"><time>2025-05-31T07:13:10Z</time></trkpt>
      <trkpt lat="49.959025640968086" lon="60.08088941713592"><time>2025-05-31T07:19:15Z</time></trkpt>
      <trkpt lat="49.84932633144717" lon="60.101832771666835"><time>2025-05-31T07:33:34Z</time></trkpt>
      <trkpt lat="49.77546519910718" lon="60.16444137831488"><time>2025-05-31T07:42:46Z</time></trkpt>
      <trkpt lat="49.70635793463503" lon="60.20763923688066"><time>2025-05-31T07:49:25Z</time></trkpt>
      <trkpt lat="49.65712876689295" lon="60.23811643406597"><time>2025-05-31T07:54:30Z</time></trkpt>
      <trkpt lat="49.56130012841826" lon="60.296370054023654"><time>2025-05-31T08:03:52Z</time></trkpt>
      <trkpt lat="49.511961693328374" lon="60.337615099732545"><time>2025-05-31T08:08:56Z</time></trkpt>
      <trkpt lat="49.480518207121" lon="60.36979572276593"><time>2025-05-31T08:13:59Z</time></trkpt>
      <trkpt lat="49.44259112917396" lon="60.39440151647208"><time>2025-05-31T08:19:47Z</time></trkpt>
      <trkpt lat="49.38972730045755" lon="60.43160539388441"><time>2025-05-31T08:25:00Z</time></trkpt>
      <trkpt lat="49.3098794511356" lon="60.5666216507319"><time>2025-05-31T08:35:29Z</time></trkpt>
      <trkpt lat="49.27641008894878" lon="60.622966196913694"><time>2025-05-31T08:40:43Z</time></trkpt>
      <trkpt lat="49.25513395181121" lon="60.67124344821472"><time>2025-05-31T10:01:13Z</time></trkpt>
      <trkpt lat="49.19519587370639" lon="60.768732168292495"><time>2025-05-31T10:09:08Z</time></trkpt>
      <trkpt lat="49.15019823981588" lon="60.81804482221389"><time>2025-05-31T10:14:15Z</time></trkpt>
      <trkpt lat="49.07306474798031" lon="60.82591111036457"><time>2025-05-31T10:20:53Z</time></trkpt>
      <trkpt lat="48.987863631095294" lon="60.83296466461387"><time>2025-05-31T10:28:17Z</time></trkpt>
      <trkpt lat="48.914461533115585" lon="60.83506580713656"><time>2025-05-31T10:34:30Z</time></trkpt>
      <trkpt lat="48.84232602552071" lon="60.82726260595931"><time>2025-05-31T10:40:55Z</time></trkpt>
      <trkpt lat="48.792554861812256" lon="60.82720756579739"><time>2025-05-31T10:45:57Z</time></trkpt>
      <trkpt lat="48.726700673549956" lon="60.83847688668768"><time>2025-05-31T10:52:17Z</time></trkpt>
      <trkpt lat="48.670375960093445" lon="60.82432556991689"><time>2025-05-31T10:57:20Z</time></trkpt>
      <trkpt lat="48.55788910054302" lon="60.93195798540158"><time>2025-05-31T11:11:53Z</time></trkpt>
      <trkpt lat="48.5187207712131" lon="60.99397141502132"><time>2025-05-31T11:17:32Z</time></trkpt>
      <trkpt lat="48.52135701572615" lon="61.088538950685894"><time>2025-05-31T11:32:56Z</time></trkpt>
      <trkpt lat="48.519078680185714" lon="61.09042463931129"><time>2025-05-31T13:46:52Z</time></trkpt>
      <trkpt lat="48.510047845882454" lon="61.007963584747706"><time>2025-06-01T02:31:36Z</time></trkpt>
      <trkpt lat="48.2579591801026" lon="61.16438556252445"><time>2025-06-01T03:02:17Z</time></trkpt>
      <trkpt lat="48.18479277524291" lon="61.17284408508261"><time>2025-06-01T03:11:51Z</time></trkpt>
      <trkpt lat="48.13450920865697" lon="61.183371450809"><time>2025-06-01T03:17:41Z</time></trkpt>
      <trkpt lat="48.002016549043354" lon="61.21360111987331"><time>2025-06-01T03:32:41Z</time></trkpt>
      <trkpt lat="47.883839401511125" lon="61.310128004330565"><time>2025-06-01T03:47:40Z</time></trkpt>
      <trkpt lat="47.75176794597067" lon="61.356029122432105"><time>2025-06-01T04:02:42Z</time></trkpt>
      <trkpt lat="47.63834802438285" lon="61.479047024679815"><time>2025-06-01T04:17:42Z</time></trkpt>
      <trkpt lat="47.50518991172154" lon="61.5330316321962"><time>2025-06-01T06:21:40Z</time></trkpt>
      <trkpt lat="47.326740689325874" lon="61.53592628208874"><time>2025-06-01T06:37:15Z</time></trkpt>
      <trkpt lat="47.20312761967558" lon="61.532137004532906"><time>2025-06-01T06:48:04Z</time></trkpt>
      <trkpt lat="47.14174972774981" lon="61.52796646734675"><time>2025-06-01T06:53:22Z</time></trkpt>
      <trkpt lat="47.08537828923961" lon="61.52130373218495"><time>2025-06-01T06:58:25Z</time></trkpt>
      <trkpt lat="47.036886529762285" lon="61.51570558505771"><time>2025-06-01T07:03:39Z</time></trkpt>
      <trkpt lat="46.95086922573111" lon="61.5411915230448"><time>2025-06-01T07:12:24Z</time></trkpt>
      <trkpt lat="46.91710358314383" lon="61.60553637122766"><time>2025-06-01T07:17:27Z</time></trkpt>
      <trkpt lat="46.82863628985886" lon="61.692120489465815"><time>2025-06-01T07:33:46Z</time></trkpt>
      <trkpt lat="46.694280831325855" lon="61.77199645269501"><time>2025-06-01T07:52:32Z</time></trkpt>
      <trkpt lat="46.56659141889763" lon="61.85333020701497"><time>2025-06-01T08:04:56Z</time></trkpt>
      <trkpt lat="46.50917199373824" lon="61.896282802979286"><time>2025-06-01T08:10:57Z</time></trkpt>
      <trkpt lat="46.40762254706411" lon="61.89546718227891"><time>2025-06-01T08:20:20Z</time></trkpt>
      <trkpt lat="46.35992545610818" lon="61.92995463482897"><time>2025-06-01T08:25:25Z</time></trkpt>
      <trkpt lat="46.29576348643055" lon="61.966455217100865"><time>2025-06-01T08:31:27Z</time></trkpt>
      <trkpt lat="46.234284578829836" lon="62.0064476266833"><time>2025-06-01T08:38:30Z</time></trkpt>
      <trkpt lat="46.234067889746626" lon="62.00603431616289"><time>2025-06-01T08:43:31Z</time></trkpt>
      <trkpt lat="46.18273426390807" lon="62.05616822693133"><time>2025-06-01T09:19:04Z</time></trkpt>
      <trkpt lat="46.130127670445674" lon="62.0871214671605"><time>2025-06-01T09:24:09Z</time></trkpt>
      <trkpt lat="46.015874560033076" lon="62.112686006098166"><time>2025-06-01T09:34:04Z</time></trkpt>
      <trkpt lat="46.000147414093924" lon="62.12060913102042"><time>2025-06-01T09:40:12Z</time></trkpt>
      <trkpt lat="46.14019413859445" lon="62.08449823506801"><time>2025-06-01T09:53:08Z</time></trkpt>
      <trkpt lat="46.19279811489217" lon="62.04286200512844"><time>2025-06-01T09:58:12Z</time></trkpt>
      <trkpt lat="46.20623840370717" lon="61.95699256829093"><time>2025-06-01T10:06:43Z</time></trkpt>
      <trkpt lat="46.206245838863815" lon="61.956514206165714"><time>2025-06-01T10:23:20Z</time></trkpt>
      <trkpt lat="46.16120362547403" lon="62.07607068369948"><time>2025-06-01T10:35:35Z</time></trkpt>
      <trkpt lat="46.16552111231365" lon="62.09036336286188"><time>2025-06-01T10:51:13Z</time></trkpt>
      <trkpt lat="45.95514297" lon="62.133098600000004"><time>2025-06-01T18:33:19Z</time></trkpt>
      <trkpt lat="46.16541769852336" lon="62.090347695819545"><time>2025-06-01T18:46:03Z</time></trkpt>
      <trkpt lat="45.95514297" lon="62.133098600000004"><time>2025-06-01T19:15:32Z</time></trkpt>
      <trkpt lat="46.16548268128761" lon="62.090338384790435"><time>2025-06-01T19:33:04Z</time></trkpt>
      <trkpt lat="45.91423034667969" lon="62.144821166992195"><time>2025-06-01T20:02:11Z</time></trkpt>
      <trkpt lat="46.16544450171866" lon="62.090356741158374"><time>2025-06-01T20:14:31Z</time></trkpt>
      <trkpt lat="45.91423034667969" lon="62.144821166992195"><time>2025-06-01T20:26:49Z</time></trkpt>
      <trkpt lat="46.16539190527626" lon="62.09034031262816"><time>2025-06-01T20:39:56Z</time></trkpt>
      <trkpt lat="46.16496015344389" lon="62.08983060909629"><time>2025-06-01T20:49:58Z</time></trkpt>
      <trkpt lat="46.16541143511065" lon="62.09036830818476"><time>2025-06-01T21:02:38Z</time></trkpt>
      <trkpt lat="45.95514297" lon="62.133098600000004"><time>2025-06-01T21:13:48Z</time></trkpt>
      <trkpt lat="46.16537489001282" lon="62.090398650674224"><time>2025-06-01T21:29:57Z</time></trkpt>
      <trkpt lat="45.95514297" lon="62.133098600000004"><time>2025-06-01T22:07:53Z</time></trkpt>
      <trkpt lat="46.16558107114624" lon="62.090338887100486"><time>2025-06-01T22:20:13Z</time></trkpt>
      <trkpt lat="46.125278379811085" lon="62.08834583876849"><time>2025-06-02T02:15:37Z</time></trkpt>
      <trkpt lat="46.046674324237465" lon="62.102552583154655"><time>2025-06-02T02:22:46Z</time></trkpt>
      <trkpt lat="45.98948704141526" lon="62.12728130304348"><time>2025-06-02T02:28:19Z</time></trkpt>
      <trkpt lat="45.90016342911896" lon="62.1453615823977"><time>2025-06-02T02:35:38Z</time></trkpt>
      <trkpt lat="45.8594218036587" lon="62.18591940595041"><time>2025-06-02T02:40:50Z</time></trkpt>
      <trkpt lat="45.850311716893124" lon="62.26474665555542"><time>2025-06-02T02:46:27Z</time></trkpt>
      <trkpt lat="45.86087159460065" lon="62.415654510972686"><time>2025-06-02T02:55:37Z</time></trkpt>
      <trkpt lat="45.85246175938791" lon="62.51900009824621"><time>2025-06-02T03:01:50Z</time></trkpt>
      <trkpt lat="45.83283896979583" lon="62.63139184845997"><time>2025-06-02T03:08:56Z</time></trkpt>
      <trkpt lat="45.79152447515242" lon="62.71624682132782"><time>2025-06-02T03:16:33Z</time></trkpt>
      <trkpt lat="45.78948214618137" lon="62.71925693052888"><time>2025-06-02T03:20:13Z</time></trkpt>
      <trkpt lat="45.7508179824596" lon="62.87342865267369"><time>2025-06-02T03:26:36Z</time></trkpt>
      <trkpt lat="45.73703138352991" lon="62.956443938175816"><time>2025-06-02T03:31:51Z</time></trkpt>
      <trkpt lat="45.71821063546228" lon="63.03760221519363"><time>2025-06-02T03:37:10Z</time></trkpt>
      <trkpt lat="45.71552522950407" lon="63.04767318075806"><time>2025-06-02T03:37:51Z</time></trkpt>
      <trkpt lat="45.71335815425948" lon="63.05659893084115"><time>2025-06-02T03:42:08Z</time></trkpt>
      <trkpt lat="45.67874782722972" lon="63.20049874490425"><time>2025-06-02T03:47:23Z</time></trkpt>
      <trkpt lat="45.672335587484454" lon="63.280194718449636"><time>2025-06-02T03:52:51Z</time></trkpt>
      <trkpt lat="45.67567741036944" lon="63.30806110991473"><time>2025-06-02T04:02:18Z</time></trkpt>
      <trkpt lat="45.67439293921207" lon="63.30878766595112"><time>2025-06-02T04:07:21Z</time></trkpt>
      <trkpt lat="45.67674124030985" lon="63.311863298811666"><time>2025-06-02T04:14:01Z</time></trkpt>
      <trkpt lat="45.7011061556488" lon="63.44246775100535"><time>2025-06-02T04:22:56Z</time></trkpt>
      <trkpt lat="45.70949115217863" lon="63.478741601154866"><time>2025-06-02T05:20:55Z</time></trkpt>
      <trkpt lat="45.72801173018427" lon="63.55932848107249"><time>2025-06-02T05:25:58Z</time></trkpt>
      <trkpt lat="45.759529941219675" lon="63.75465114618751"><time>2025-06-02T05:38:31Z</time></trkpt>
      <trkpt lat="45.680104088771806" lon="63.858446739375964"><time>2025-06-02T05:48:14Z</time></trkpt>
      <trkpt lat="45.62821057400646" lon="63.915180384986535"><time>2025-06-02T05:53:51Z</time></trkpt>
      <trkpt lat="45.56313946522019" lon="63.999284902890246"><time>2025-06-02T06:01:38Z</time></trkpt>
      <trkpt lat="45.515890985949476" lon="64.0336218813429"><time>2025-06-02T06:06:42Z</time></trkpt>
      <trkpt lat="45.46355473938996" lon="64.06706106429112"><time>2025-06-02T06:11:53Z</time></trkpt>
      <trkpt lat="45.440735113344545" lon="64.07013216177099"><time>2025-06-02T06:16:58Z</time></trkpt>
      <trkpt lat="45.313880799802874" lon="64.07525139894327"><time>2025-06-02T07:01:34Z</time></trkpt>
      <trkpt lat="45.257023647492325" lon="64.11092081576234"><time>2025-06-02T07:06:53Z</time></trkpt>
      <trkpt lat="45.149893172737585" lon="64.17779718190836"><time>2025-06-02T07:17:29Z</time></trkpt>
      <trkpt lat="45.088095325976525" lon="64.26954524310979"><time>2025-06-02T07:25:41Z</time></trkpt>
      <trkpt lat="45.07441788916017" lon="64.30862431420414"><time>2025-06-02T07:30:43Z</time></trkpt>
      <trkpt lat="44.99173193927781" lon="64.52450230115853"><time>2025-06-02T07:46:01Z</time></trkpt>
      <trkpt lat="44.92500782445831" lon="64.66805491345278"><time>2025-06-02T07:56:53Z</time></trkpt>
      <trkpt lat="44.88618381406783" lon="64.76750672438953"><time>2025-06-02T08:03:48Z</time></trkpt>
      <trkpt lat="44.880126314310274" lon="64.88740325257262"><time>2025-06-02T08:12:28Z</time></trkpt>
      <trkpt lat="44.89774013341465" lon="64.99351311700323"><time>2025-06-02T08:19:52Z</time></trkpt>
      <trkpt lat="44.883818296639184" lon="65.05884943058904"><time>2025-06-02T08:24:54Z</time></trkpt>
      <trkpt lat="44.88223720210075" lon="65.1411554773149"><time>2025-06-02T08:30:04Z</time></trkpt>
      <trkpt lat="44.88438904823957" lon="65.23250668434143"><time>2025-06-02T08:35:44Z</time></trkpt>
      <trkpt lat="44.885131708922124" lon="65.31553396142839"><time>2025-06-02T08:40:46Z</time></trkpt>
      <trkpt lat="44.87169355328063" lon="65.38559868420214"><time>2025-06-02T08:45:46Z</time></trkpt>
      <trkpt lat="44.81738229991805" lon="65.42548448176979"><time>2025-06-02T08:50:48Z</time></trkpt>
      <trkpt lat="44.78099453267155" lon="65.47591899527747"><time>2025-06-02T08:55:51Z</time></trkpt>
      <trkpt lat="44.767346378774896" lon="65.55134090776602"><time>2025-06-02T09:00:50Z</time></trkpt>
      <trkpt lat="44.78843318482321" lon="65.61056183859515"><time>2025-06-02T09:08:05Z</time></trkpt>
      <trkpt lat="44.81182285953211" lon="65.65676803743764"><time>2025-06-02T09:13:05Z</time></trkpt>
      <trkpt lat="44.806480314228374" lon="65.6835863774328"><time>2025-06-02T09:22:43Z</time></trkpt>
      <trkpt lat="44.78645919826327" lon="65.73929524055285"><time>2025-06-02T09:27:47Z</time></trkpt>
      <trkpt lat="44.7694264982111" lon="65.77127248650699"><time>2025-06-02T09:35:30Z</time></trkpt>
      <trkpt lat="44.7194598144559" lon="65.86202042929058"><time>2025-06-02T09:42:38Z</time></trkpt>
      <trkpt lat="44.68228014582719" lon="65.93238218405473"><time>2025-06-02T09:48:00Z</time></trkpt>
      <trkpt lat="44.636297542817644" lon="66.06250714064177"><time>2025-06-02T09:57:11Z</time></trkpt>
      <trkpt lat="44.62221535616026" lon="66.047141101413"><time>2025-06-02T10:07:18Z</time></trkpt>
      <trkpt lat="44.6215984795638" lon="66.06054250886491"><time>2025-06-02T10:19:38Z</time></trkpt>
      <trkpt lat="44.61354772897791" lon="66.06080718121432"><time>2025-06-02T15:01:21Z</time></trkpt>
      <trkpt lat="44.62243151584359" lon="66.06066286494966"><time>2025-06-03T03:30:34Z</time></trkpt>
      <trkpt lat="44.51520918213676" lon="66.19321468287767"><time>2025-06-03T04:05:09Z</time></trkpt>
      <trkpt lat="44.47169354027497" lon="66.24491869631666"><time>2025-06-03T04:10:13Z</time></trkpt>
      <trkpt lat="44.4287908371908" lon="66.29611759714982"><time>2025-06-03T04:15:16Z</time></trkpt>
      <trkpt lat="44.38966953076189" lon="66.35539798999505"><time>2025-06-03T04:20:20Z</time></trkpt>
      <trkpt lat="44.30893571278659" lon="66.49363506976312"><time>2025-06-03T04:31:37Z</time></trkpt>
      <trkpt lat="44.272596541178004" lon="66.58571190921869"><time>2025-06-03T04:38:11Z</time></trkpt>
      <trkpt lat="44.23392768053396" lon="66.6812244150411"><time>2025-06-03T04:45:08Z</time></trkpt>
      <trkpt lat="44.20794355664845" lon="66.75121566047984"><time>2025-06-03T04:50:13Z</time></trkpt>
      <trkpt lat="44.181112661067566" lon="66.87418942345946"><time>2025-06-03T04:58:33Z</time></trkpt>
      <trkpt lat="44.13680498420229" lon="66.96998269444191"><time>2025-06-03T05:06:13Z</time></trkpt>
      <trkpt lat="44.110210081201224" lon="67.03362300881288"><time>2025-06-03T05:11:18Z</time></trkpt>
      <trkpt lat="44.08606235658422" lon="67.1087798694673"><time>2025-06-03T05:16:45Z</time></trkpt>
      <trkpt lat="44.03364652771878" lon="67.17859424656925"><time>2025-06-03T05:23:17Z</time></trkpt>
      <trkpt lat="44.01431823694285" lon="67.19804907313035"><time>2025-06-03T05:38:22Z</time></trkpt>
      <trkpt lat="44.00827815433672" lon="67.20528151228271"><time>2025-06-03T06:12:45Z</time></trkpt>
      <trkpt lat="43.887483100003834" lon="67.36981682656767"><time>2025-06-03T06:27:46Z</time></trkpt>
      <trkpt lat="43.74468944320836" lon="67.51877852460262"><time>2025-06-03T06:43:34Z</time></trkpt>
      <trkpt lat="43.62689736768941" lon="67.64753029688042"><time>2025-06-03T06:57:16Z</time></trkpt>
      <trkpt lat="43.58319478886086" lon="67.69763367405919"><time>2025-06-03T07:02:17Z</time></trkpt>
      <trkpt lat="43.54644423044224" lon="67.75639710674827"><time>2025-06-03T07:07:17Z</time></trkpt>
      <trkpt lat="43.53193914834119" lon="67.78033918257995"><time>2025-06-03T07:12:18Z</time></trkpt>
      <trkpt lat="43.527102680217894" lon="67.79053247449242"><time>2025-06-03T07:17:18Z</time></trkpt>
      <trkpt lat="43.501338040110056" lon="67.84368843293427"><time>2025-06-03T07:22:18Z</time></trkpt>
      <trkpt lat="43.469115290831276" lon="67.90747683501607"><time>2025-06-03T07:27:35Z</time></trkpt>
      <trkpt lat="43.43978492378955" lon="67.97093457727297"><time>2025-06-03T07:32:35Z</time></trkpt>
      <trkpt lat="43.411352104723875" lon="68.03219870250328"><time>2025-06-03T07:37:36Z</time></trkpt>
      <trkpt lat="43.382281384638944" lon="68.08605987122525"><time>2025-06-03T07:42:36Z</time></trkpt>
      <trkpt lat="43.35222999927944" lon="68.14575278815371"><time>2025-06-03T07:47:37Z</time></trkpt>
      <trkpt lat="43.3271152541996" lon="68.20066035660575"><time>2025-06-03T07:52:37Z</time></trkpt>
      <trkpt lat="43.32221661232744" lon="68.21049923083578"><time>2025-06-03T07:57:38Z</time></trkpt>
      <trkpt lat="43.32030094390098" lon="68.2161743188206"><time>2025-06-03T08:26:03Z</time></trkpt>
      <trkpt lat="43.32020384455871" lon="68.26775091127159"><time>2025-06-03T08:31:04Z</time></trkpt>
      <trkpt lat="43.31698039063275" lon="68.30703897386864"><time>2025-06-03T08:36:05Z</time></trkpt>
      <trkpt lat="43.313167163330064" lon="68.31049093364572"><time>2025-06-03T08:46:41Z</time></trkpt>
      <trkpt lat="43.292328639661726" lon="68.32685189792184"><time>2025-06-03T08:51:41Z</time></trkpt>
      <trkpt lat="43.28942421613723" lon="68.29492423305696"><time>2025-06-03T08:56:42Z</time></trkpt>
      <trkpt lat="43.30216166142689" lon="68.27147315535281"><time>2025-06-03T09:01:42Z</time></trkpt>
      <trkpt lat="43.302094912266" lon="68.26148024895652"><time>2025-06-03T09:06:43Z</time></trkpt>
      <trkpt lat="43.3037260362325" lon="68.26762775835223"><time>2025-06-03T09:41:05Z</time></trkpt>
      <trkpt lat="43.29614792954484" lon="68.28392772010368"><time>2025-06-03T09:46:19Z</time></trkpt>
      <trkpt lat="43.294995834861474" lon="68.28465419296778"><time>2025-06-03T13:51:10Z</time></trkpt>
      <trkpt lat="43.28942359630195" lon="68.29461138819559"><time>2025-06-05T03:21:22Z</time></trkpt>
      <trkpt lat="43.27708588917113" lon="68.33011477260695"><time>2025-06-05T03:26:45Z</time></trkpt>
      <trkpt lat="43.264317987527015" lon="68.366533303697"><time>2025-06-05T03:32:38Z</time></trkpt>
      <trkpt lat="42.97062913425543" lon="68.86905446655011"><time>2025-06-05T04:16:10Z</time></trkpt>
      <trkpt lat="42.936294325994446" lon="68.92458889421869"><time>2025-06-05T04:21:13Z</time></trkpt>
      <trkpt lat="42.92212588793989" lon="68.95521976630602"><time>2025-06-05T04:26:12Z</time></trkpt>
      <trkpt lat="42.884022530959264" lon="69.0239120341287"><time>2025-06-05T04:31:39Z</time></trkpt>
      <trkpt lat="42.844973670271784" lon="69.09533502479923"><time>2025-06-05T05:00:49Z</time></trkpt>
      <trkpt lat="42.769844373727935" lon="69.20659873641021"><time>2025-06-05T06:07:22Z</time></trkpt>
      <trkpt lat="42.65693135072483" lon="69.23311526869321"><time>2025-06-05T06:17:48Z</time></trkpt>
      <trkpt lat="42.6259213546688" lon="69.29612525745229"><time>2025-06-05T06:22:50Z</time></trkpt>
      <trkpt lat="42.582317127011414" lon="69.30936608598714"><time>2025-06-05T06:27:52Z</time></trkpt>
      <trkpt lat="42.52450420360353" lon="69.37487603968515"><time>2025-06-05T06:35:41Z</time></trkpt>
      <trkpt lat="42.50649129782336" lon="69.44878418664838"><time>2025-06-05T06:40:48Z</time></trkpt>
      <trkpt lat="42.490935643322736" lon="69.51039535175045"><time>2025-06-05T06:45:51Z</time></trkpt>
      <trkpt lat="42.51165099445964" lon="69.44052667363495"><time>2025-06-05T06:50:53Z</time></trkpt>
      <trkpt lat="42.524533549559166" lon="69.36432848733764"><time>2025-06-05T06:56:00Z</time></trkpt>
      <trkpt lat="42.503313511782984" lon="69.3662574159844"><time>2025-06-05T07:01:00Z</time></trkpt>
      <trkpt lat="42.457586294079626" lon="69.40193563706185"><time>2025-06-05T07:06:03Z</time></trkpt>
      <trkpt lat="42.408427563535426" lon="69.45168751298398"><time>2025-06-05T07:12:02Z</time></trkpt>
      <trkpt lat="42.38063454801037" lon="69.49292756301891"><time>2025-06-05T07:18:03Z</time></trkpt>
      <trkpt lat="42.36566115642472" lon="69.51500793854238"><time>2025-06-05T07:23:01Z</time></trkpt>
      <trkpt lat="42.34233054853162" lon="69.52321567598439"><time>2025-06-05T07:29:20Z</time></trkpt>
      <trkpt lat="42.327459300907634" lon="69.51339256956196"><time>2025-06-05T07:34:33Z</time></trkpt>
      <trkpt lat="42.31538860596932" lon="69.52572553425051"><time>2025-06-05T07:42:57Z</time></trkpt>
      <trkpt lat="42.303170795751726" lon="69.5404742389194"><time>2025-06-05T07:48:57Z</time></trkpt>
      <trkpt lat="42.29206164158406" lon="69.55861240751403"><time>2025-06-05T07:56:55Z</time></trkpt>
      <trkpt lat="42.25557309857172" lon="69.54587528305389"><time>2025-06-05T08:02:12Z</time></trkpt>
      <trkpt lat="42.2107739673916" lon="69.5183529855484"><time>2025-06-05T08:07:34Z</time></trkpt>
      <trkpt lat="42.157896501051404" lon="69.48613445281003"><time>2025-06-05T08:17:14Z</time></trkpt>
      <trkpt lat="42.01445569288173" lon="69.47128096601877"><time>2025-06-05T08:30:18Z</time></trkpt>
      <trkpt lat="41.936401240039636" lon="69.48576739481646"><time>2025-06-05T08:39:06Z</time></trkpt>
      <trkpt lat="41.82900452344269" lon="69.40192236405287"><time>2025-06-05T08:51:24Z</time></trkpt>
      <trkpt lat="41.70123453255901" lon="69.39727395779397"><time>2025-06-05T09:03:57Z</time></trkpt>
      <trkpt lat="41.65698362035902" lon="69.39193595113552"><time>2025-06-05T09:18:57Z</time></trkpt>
      <trkpt lat="41.657345127353125" lon="69.39210391609872"><time>2025-06-05T12:39:45Z</time></trkpt>
      <trkpt lat="41.65696426149932" lon="69.39197085048337"><time>2025-06-05T12:45:06Z</time></trkpt>
      <trkpt lat="41.63240515863508" lon="69.40017060992693"><time>2025-06-06T03:07:13Z</time></trkpt>
      <trkpt lat="41.574916807622785" lon="69.40851315451553"><time>2025-06-06T03:12:16Z</time></trkpt>
      <trkpt lat="41.52897035876406" lon="69.40209325591698"><time>2025-06-06T03:17:19Z</time></trkpt>
      <trkpt lat="41.50801449913634" lon="69.37628458538457"><time>2025-06-06T03:22:31Z</time></trkpt>
      <trkpt lat="41.49851336076578" lon="69.35009149427083"><time>2025-06-06T03:41:01Z</time></trkpt>
      <trkpt lat="41.49062087871527" lon="69.27566493093508"><time>2025-06-06T03:48:14Z</time></trkpt>
      <trkpt lat="41.45362085767683" lon="69.1355603744521"><time>2025-06-06T04:04:38Z</time></trkpt>
      <trkpt lat="41.42216771744662" lon="69.09224718014424"><time>2025-06-06T04:09:44Z</time></trkpt>
      <trkpt lat="41.40214847401425" lon="69.04615730704863"><time>2025-06-06T04:15:33Z</time></trkpt>
      <trkpt lat="41.37429236438253" lon="69.00505671284068"><time>2025-06-06T04:21:48Z</time></trkpt>
      <trkpt lat="41.35341546862558" lon="68.9690695980745"><time>2025-06-06T04:28:50Z</time></trkpt>
      <trkpt lat="41.347417728631086" lon="68.96002835217554"><time>2025-06-06T04:37:16Z</time></trkpt>
      <trkpt lat="41.33294968824448" lon="68.91902308530739"><time>2025-06-06T04:42:50Z</time></trkpt>
      <trkpt lat="41.3281136099634" lon="68.89411719522336"><time>2025-06-06T04:47:55Z</time></trkpt>
      <trkpt lat="41.29141127334522" lon="68.8420167245735"><time>2025-06-06T04:52:51Z</time></trkpt>
      <trkpt lat="41.087475962585906" lon="68.68264911513748"><time>2025-06-06T05:15:47Z</time></trkpt>
      <trkpt lat="41.01615149389095" lon="68.71646266048593"><time>2025-06-06T05:23:40Z</time></trkpt>
      <trkpt lat="40.97998006273152" lon="68.72546592733704"><time>2025-06-06T05:29:30Z</time></trkpt>
      <trkpt lat="40.97415711095688" lon="68.72744329414473"><time>2025-06-06T06:37:31Z</time></trkpt>
      <trkpt lat="40.96887031108231" lon="68.72710157192193"><time>2025-06-06T08:24:31Z</time></trkpt>
      <trkpt lat="40.94991485962976" lon="68.73415855847844"><time>2025-06-06T10:47:54Z</time></trkpt>
      <trkpt lat="40.91094702756441" lon="68.70234280028315"><time>2025-06-06T10:56:07Z</time></trkpt>
      <trkpt lat="40.92905358762538" lon="68.72419351947437"><time>2025-06-06T11:01:35Z</time></trkpt>
      <trkpt lat="40.95778406258125" lon="68.758428180373"><time>2025-06-06T11:06:29Z</time></trkpt>
      <trkpt lat="41.001806252080456" lon="68.82361796914702"><time>2025-06-06T11:12:20Z</time></trkpt>
      <trkpt lat="41.03823441550232" lon="68.87825930497505"><time>2025-06-06T11:17:47Z</time></trkpt>
      <trkpt lat="41.07246789776543" lon="68.92695091092548"><time>2025-06-06T11:23:03Z</time></trkpt>
      <trkpt lat="41.10459633175386" lon="68.97275587550268"><time>2025-06-06T11:28:07Z</time></trkpt>
      <trkpt lat="41.13524663248965" lon="69.01526788540205"><time>2025-06-06T11:33:13Z</time></trkpt>
      <trkpt lat="41.1635747700078" lon="69.0554318603091"><time>2025-06-06T11:38:26Z</time></trkpt>
      <trkpt lat="41.19284285413112" lon="69.09709854926409"><time>2025-06-06T11:43:31Z</time></trkpt>
      <trkpt lat="41.22324296839849" lon="69.1403827937985"><time>2025-06-06T11:49:10Z</time></trkpt>
      <trkpt lat="41.25012589820679" lon="69.1829656107269"><time>2025-06-06T11:55:14Z</time></trkpt>
      <trkpt lat="41.27647231430067" lon="69.20641751324123"><time>2025-06-06T12:00:24Z</time></trkpt>
      <trkpt lat="41.30776004931472" lon="69.23833913575018"><time>2025-06-06T12:06:03Z</time></trkpt>
      <trkpt lat="41.345026696519774" lon="69.25859379861136"><time>2025-06-06T12:12:45Z</time></trkpt>
      <trkpt lat="41.361380435013835" lon="69.2815170380019"><time>2025-06-06T12:17:43Z</time></trkpt>
      <trkpt lat="41.35625105093522" lon="69.3094879841026"><time>2025-06-06T12:23:16Z</time></trkpt>
      <trkpt lat="41.35500610809899" lon="69.33421438566347"><time>2025-06-06T12:28:21Z</time></trkpt>
      <trkpt lat="41.356505184167624" lon="69.37865065470322"><time>2025-06-06T12:37:18Z</time></trkpt>
      <trkpt lat="41.36770216390304" lon="69.41574016762765"><time>2025-06-06T12:44:18Z</time></trkpt>
      <trkpt lat="41.349916700312264" lon="69.43224434747307"><time>2025-06-06T12:50:22Z</time></trkpt>
      <trkpt lat="41.35597417086386" lon="69.43750667556964"><time>2025-06-06T13:03:40Z</time></trkpt>
      <trkpt lat="41.3558148360265" lon="69.43752645521371"><time>2025-06-06T13:03:43Z</time></trkpt>
      <trkpt lat="41.35603491467356" lon="69.43794917989072"><time>2025-06-07T04:26:18Z</time></trkpt>
      <trkpt lat="41.35595411094676" lon="69.43731978707893"><time>2025-06-07T04:38:33Z</time></trkpt>
      <trkpt lat="41.3560685562357" lon="69.43793884484975"><time>2025-06-07T04:39:00Z</time></trkpt>
      <trkpt lat="41.355818245857876" lon="69.4372366232611"><time>2025-06-08T03:32:30Z</time></trkpt>
      <trkpt lat="41.35607426108441" lon="69.43793619836018"><time>2025-06-08T05:25:00Z</time></trkpt>
      <trkpt lat="41.352031428825406" lon="69.43131194061596"><time>2025-06-10T02:40:10Z</time></trkpt>
      <trkpt lat="41.33181975661222" lon="69.42271508725068"><time>2025-06-10T02:46:14Z</time></trkpt>
      <trkpt lat="41.326479436828485" lon="69.42645187307444"><time>2025-06-10T02:51:19Z</time></trkpt>
      <trkpt lat="41.31568661971131" lon="69.37607616359509"><time>2025-06-10T02:56:28Z</time></trkpt>
      <trkpt lat="41.30502077617108" lon="69.32628374285599"><time>2025-06-10T03:02:07Z</time></trkpt>
      <trkpt lat="41.30156364908024" lon="69.29687587826409"><time>2025-06-10T03:07:52Z</time></trkpt>
      <trkpt lat="41.27701061315953" lon="69.30861328734952"><time>2025-06-10T03:15:04Z</time></trkpt>
      <trkpt lat="41.25140200557475" lon="69.3232020585758"><time>2025-06-10T03:20:44Z</time></trkpt>
      <trkpt lat="41.21606768112743" lon="69.3345344905456"><time>2025-06-10T03:29:09Z</time></trkpt>
      <trkpt lat="41.192940055512835" lon="69.33097023258136"><time>2025-06-10T03:34:13Z</time></trkpt>
      <trkpt lat="41.15449493428531" lon="69.32313153591589"><time>2025-06-10T03:39:53Z</time></trkpt>
      <trkpt lat="41.08482761312377" lon="69.32636791846652"><time>2025-06-10T03:52:15Z</time></trkpt>
      <trkpt lat="41.01677984325086" lon="69.31229769349902"><time>2025-06-10T04:02:21Z</time></trkpt>
      <trkpt lat="40.98055649392213" lon="69.28775332004247"><time>2025-06-10T04:08:03Z</time></trkpt>
      <trkpt lat="40.93817236222053" lon="69.26604830560814"><time>2025-06-10T04:13:04Z</time></trkpt>
      <trkpt lat="40.869728322178936" lon="69.27722012630596"><time>2025-06-10T04:22:47Z</time></trkpt>
      <trkpt lat="40.81637496761177" lon="69.20451231706416"><time>2025-06-10T04:33:08Z</time></trkpt>
      <trkpt lat="40.80184339392318" lon="69.208176301318"><time>2025-06-10T04:49:21Z</time></trkpt>
      <trkpt lat="40.76933885462654" lon="69.16264537728313"><time>2025-06-10T05:20:31Z</time></trkpt>
      <trkpt lat="40.715307298805286" lon="69.0640448508269"><time>2025-06-10T05:29:16Z</time></trkpt>
      <trkpt lat="40.68999978251819" lon="68.96269164054557"><time>2025-06-10T05:37:32Z</time></trkpt>
      <trkpt lat="40.619719390144176" lon="68.84769273772021"><time>2025-06-10T05:56:32Z</time></trkpt>
      <trkpt lat="40.62654242596067" lon="68.73188902441211"><time>2025-06-10T06:11:45Z</time></trkpt>
      <trkpt lat="40.60939358412101" lon="68.72927001741033"><time>2025-06-10T06:16:58Z</time></trkpt>
      <trkpt lat="40.55610642092317" lon="68.74571854862174"><time>2025-06-10T06:27:15Z</time></trkpt>
      <trkpt lat="40.502356710580614" lon="68.76216051301344"><time>2025-06-10T06:35:17Z</time></trkpt>
      <trkpt lat="40.367070265852426" lon="68.8005481173208"><time>2025-06-10T06:51:40Z</time></trkpt>
      <trkpt lat="40.32309536461433" lon="68.81382058386562"><time>2025-06-10T06:56:56Z</time></trkpt>
      <trkpt lat="40.2873387413366" lon="68.8245593276509"><time>2025-06-10T07:02:07Z</time></trkpt>
      <trkpt lat="40.23730760909639" lon="68.83953558287475"><time>2025-06-10T07:10:02Z</time></trkpt>
      <trkpt lat="40.20614981796157" lon="68.77223340551946"><time>2025-06-10T07:17:53Z</time></trkpt>
      <trkpt lat="40.1812553080173" lon="68.66913040174978"><time>2025-06-10T07:33:10Z</time></trkpt>
      <trkpt lat="40.154843008199684" lon="68.55518793404272"><time>2025-06-10T08:02:53Z</time></trkpt>
      <trkpt lat="40.17344278645717" lon="68.6366042356182"><time>2025-06-10T08:07:53Z</time></trkpt>
      <trkpt lat="40.14766953878451" lon="68.52412907455123"><time>2025-06-10T08:16:30Z</time></trkpt>
      <trkpt lat="40.13466190084827" lon="68.46898832364796"><time>2025-06-10T08:22:15Z</time></trkpt>
      <trkpt lat="40.10480355009446" lon="68.34390610462832"><time>2025-06-10T08:35:44Z</time></trkpt>
      <trkpt lat="40.09453963350175" lon="68.29985856875962"><time>2025-06-10T08:41:17Z</time></trkpt>
      <trkpt lat="40.09157398622955" lon="68.10860152104198"><time>2025-06-10T08:58:48Z</time></trkpt>
      <trkpt lat="40.09558953253687" lon="67.96407915724721"><time>2025-06-10T09:10:26Z</time></trkpt>
      <trkpt lat="40.06210202146516" lon="67.83469175535205"><time>2025-06-10T09:27:27Z</time></trkpt>
      <trkpt lat="40.05541543935067" lon="67.81237339232554"><time>2025-06-10T09:38:12Z</time></trkpt>
      <trkpt lat="40.04862976171338" lon="67.75039946685496"><time>2025-06-10T10:53:03Z</time></trkpt>
      <trkpt lat="40.0353336132766" lon="67.62852419952584"><time>2025-06-10T11:05:33Z</time></trkpt>
      <trkpt lat="39.982359451279024" lon="67.57124735048745"><time>2025-06-10T11:19:01Z</time></trkpt>
      <trkpt lat="39.943877427037876" lon="67.53021419186176"><time>2025-06-10T11:26:22Z</time></trkpt>
      <trkpt lat="39.88145269818952" lon="67.48611984742413"><time>2025-06-10T11:36:44Z</time></trkpt>
      <trkpt lat="39.85959927036402" lon="67.50125959583175"><time>2025-06-10T11:47:59Z</time></trkpt>
      <trkpt lat="39.85967978233818" lon="67.51183548851488"><time>2025-06-10T12:03:09Z</time></trkpt>
      <trkpt lat="39.789890273645604" lon="67.57450525623783"><time>2025-06-10T16:23:33Z</time></trkpt>
      <trkpt lat="39.85971554783805" lon="67.51189307985652"><time>2025-06-10T16:37:29Z</time></trkpt>
      <trkpt lat="39.77529144" lon="67.58537292"><time>2025-06-10T16:52:13Z</time></trkpt>
      <trkpt lat="39.859725225846844" lon="67.5118963863761"><time>2025-06-10T17:08:13Z</time></trkpt>
      <trkpt lat="39.88656154837449" lon="67.49012335209873"><time>2025-06-11T01:12:01Z</time></trkpt>
      <trkpt lat="39.78822126007927" lon="67.31445766639118"><time>2025-06-11T01:33:30Z</time></trkpt>
      <trkpt lat="39.741574178136446" lon="67.19126584460793"><time>2025-06-11T01:46:52Z</time></trkpt>
      <trkpt lat="39.71353100619915" lon="67.09973238212076"><time>2025-06-11T01:59:05Z</time></trkpt>
      <trkpt lat="39.69060702718765" lon="67.06769781193422"><time>2025-06-11T02:11:22Z</time></trkpt>
      <trkpt lat="39.6830001054162" lon="67.05089576263524"><time>2025-06-11T04:16:49Z</time></trkpt>
      <trkpt lat="39.6460620314252" lon="67.04410996294305"><time>2025-06-11T04:23:52Z</time></trkpt>
      <trkpt lat="39.65095170426122" lon="67.04578690394325"><time>2025-06-11T04:31:09Z</time></trkpt>
      <trkpt lat="39.65806512631444" lon="67.03514182946368"><time>2025-06-11T06:58:13Z</time></trkpt>
      <trkpt lat="39.675233459359966" lon="67.00256544563793"><time>2025-06-11T07:08:32Z</time></trkpt>
      <trkpt lat="39.664399892412106" lon="66.98592112860192"><time>2025-06-11T07:20:11Z</time></trkpt>
      <trkpt lat="39.66654773805259" lon="66.99110414839069"><time>2025-06-13T02:10:49Z</time></trkpt>
      <trkpt lat="39.67595236100329" lon="67.00807806884072"><time>2025-06-13T02:16:30Z</time></trkpt>
      <trkpt lat="39.637185595966535" lon="67.04119088134452"><time>2025-06-13T02:28:26Z</time></trkpt>
      <trkpt lat="39.60374279373903" lon="67.09176776070963"><time>2025-06-13T02:40:04Z</time></trkpt>
      <trkpt lat="39.572277765246895" lon="67.17856922217335"><time>2025-06-13T02:51:43Z</time></trkpt>
      <trkpt lat="39.56152449578447" lon="67.21887171021893"><time>2025-06-13T02:56:49Z</time></trkpt>
      <trkpt lat="39.537525647356674" lon="67.31083226396451"><time>2025-06-13T03:08:04Z</time></trkpt>
      <trkpt lat="39.521111869290024" lon="67.3864265531929"><time>2025-06-13T03:21:06Z</time></trkpt>
      <trkpt lat="39.51908597120111" lon="67.39514080635698"><time>2025-06-13T03:36:55Z</time></trkpt>
      <trkpt lat="39.517636438868486" lon="67.40122119902391"><time>2025-06-13T04:47:19Z</time></trkpt>
      <trkpt lat="39.51760536469167" lon="67.40218299296265"><time>2025-06-13T04:54:05Z</time></trkpt>
      <trkpt lat="39.47785370911846" lon="67.54746970740113"><time>2025-06-13T06:13:05Z</time></trkpt>
      <trkpt lat="39.49381082570529" lon="67.61784290666618"><time>2025-06-13T06:26:09Z</time></trkpt>
      <trkpt lat="39.49604397114572" lon="67.65429651933513"><time>2025-06-13T06:41:07Z</time></trkpt>
      <trkpt lat="39.49036344856897" lon="67.70250916113595"><time>2025-06-13T07:47:03Z</time></trkpt>
      <trkpt lat="39.477896829366415" lon="67.79933980562666"><time>2025-06-13T07:58:05Z</time></trkpt>
      <trkpt lat="39.4454965969244" lon="67.91357388114082"><time>2025-06-13T08:10:56Z</time></trkpt>
      <trkpt lat="39.471537572772114" lon="68.03400378152755"><time>2025-06-13T08:24:32Z</time></trkpt>
      <trkpt lat="39.45014139287319" lon="68.16937980425769"><time>2025-06-13T08:39:36Z</time></trkpt>
      <trkpt lat="39.43541358749406" lon="68.27031574898585"><time>2025-06-13T08:51:25Z</time></trkpt>
      <trkpt lat="39.45210274672941" lon="68.35972713951759"><time>2025-06-13T09:02:47Z</time></trkpt>
      <trkpt lat="39.45343767624566" lon="68.44009816202673"><time>2025-06-13T09:16:21Z</time></trkpt>
      <trkpt lat="39.4363836952979" lon="68.46020444205693"><time>2025-06-13T09:21:21Z</time></trkpt>
      <trkpt lat="39.41286189485287" lon="68.50882985635522"><time>2025-06-13T09:34:25Z</time></trkpt>
      <trkpt lat="39.38368147814372" lon="68.55931192131675"><time>2025-06-13T09:46:40Z</time></trkpt>
      <trkpt lat="39.361784500665344" lon="68.55783948302027"><time>2025-06-13T09:51:51Z</time></trkpt>
      <trkpt lat="39.27476779109421" lon="68.54594795460258"><time>2025-06-13T10:06:34Z</time></trkpt>
      <trkpt lat="39.223047980471875" lon="68.5280151015406"><time>2025-06-13T10:21:17Z</time></trkpt>
      <trkpt lat="39.218432251400515" lon="68.52168442687812"><time>2025-06-13T10:36:02Z</time></trkpt>
      <trkpt lat="39.18435331421936" lon="68.53212879237277"><time>2025-06-13T11:01:51Z</time></trkpt>
      <trkpt lat="39.14323392501137" lon="68.47623699431088"><time>2025-06-13T11:17:40Z</time></trkpt>
      <trkpt lat="39.12007242674302" lon="68.42026822462617"><time>2025-06-13T11:32:26Z</time></trkpt>
      <trkpt lat="39.09456268422221" lon="68.39936438022963"><time>2025-06-13T11:47:13Z</time></trkpt>
      <trkpt lat="39.081863262727" lon="68.37409193633904"><time>2025-06-13T12:00:43Z</time></trkpt>
      <trkpt lat="39.07849312171668" lon="68.35930678248941"><time>2025-06-13T12:15:42Z</time></trkpt>
      <trkpt lat="39.057302640432646" lon="68.34925371071787"><time>2025-06-13T12:28:47Z</time></trkpt>
      <trkpt lat="39.057980848109466" lon="68.35058609318347"><time>2025-06-13T18:07:50Z</time></trkpt>
      <trkpt lat="39.058023460675756" lon="68.35062329359954"><time>2025-06-13T20:15:02Z</time></trkpt>
      <trkpt lat="39.05784983559002" lon="68.35064482999574"><time>2025-06-13T20:50:08Z</time></trkpt>
      <trkpt lat="39.05795676593319" lon="68.35059850870522"><time>2025-06-13T21:21:11Z</time></trkpt>
      <trkpt lat="39.057982962626845" lon="68.3506171067039"><time>2025-06-13T22:20:41Z</time></trkpt>
      <trkpt lat="39.058018149761914" lon="68.35054723522128"><time>2025-06-13T23:02:40Z</time></trkpt>
      <trkpt lat="39.05802650869078" lon="68.35056097097991"><time>2025-06-14T01:30:09Z</time></trkpt>
      <trkpt lat="39.0579983123458" lon="68.35063540982804"><time>2025-06-14T01:57:47Z</time></trkpt>
      <trkpt lat="39.05792242580359" lon="68.35064010280081"><time>2025-06-14T02:57:20Z</time></trkpt>
      <trkpt lat="39.05798347915463" lon="68.35054826455162"><time>2025-06-14T03:36:08Z</time></trkpt>
      <trkpt lat="39.05803448530144" lon="68.35059320727419"><time>2025-06-14T04:19:04Z</time></trkpt>
      <trkpt lat="39.05807943065841" lon="68.35059685642896"><time>2025-06-14T06:09:59Z</time></trkpt>
      <trkpt lat="39.05798889347816" lon="68.35054275433994"><time>2025-06-14T06:45:00Z</time></trkpt>
      <trkpt lat="39.05798126477216" lon="68.35061115095503"><time>2025-06-14T07:42:53Z</time></trkpt>
      <trkpt lat="39.05800380488426" lon="68.3506583208095"><time>2025-06-14T08:35:57Z</time></trkpt>
      <trkpt lat="39.05792669308737" lon="68.35051358367228"><time>2025-06-14T09:44:22Z</time></trkpt>
      <trkpt lat="39.05788094977754" lon="68.35070459611323"><time>2025-06-14T10:11:23Z</time></trkpt>
      <trkpt lat="39.0579986105357" lon="68.35053273881786"><time>2025-06-14T10:29:51Z</time></trkpt>
      <trkpt lat="39.0472145" lon="68.33701324"><time>2025-06-14T13:10:08Z</time></trkpt>
      <trkpt lat="39.05793586283834" lon="68.35057114257323"><time>2025-06-14T13:16:23Z</time></trkpt>
      <trkpt lat="39.04751586" lon="68.33717346"><time>2025-06-14T13:37:15Z</time></trkpt>
      <trkpt lat="39.0578116675621" lon="68.35070599915451"><time>2025-06-14T13:48:42Z</time></trkpt>
      <trkpt lat="39.0472145" lon="68.33701324"><time>2025-06-14T14:34:35Z</time></trkpt>
      <trkpt lat="39.057993883710914" lon="68.35060210021442"><time>2025-06-14T14:48:00Z</time></trkpt>
      <trkpt lat="39.0472145" lon="68.33701324"><time>2025-06-14T15:46:22Z</time></trkpt>
      <trkpt lat="39.05798342376407" lon="68.35056932130351"><time>2025-06-14T15:58:22Z</time></trkpt>
      <trkpt lat="39.0472145" lon="68.33701324"><time>2025-06-14T17:34:39Z</time></trkpt>
      <trkpt lat="39.05802713415121" lon="68.35062923119628"><time>2025-06-14T17:50:00Z</time></trkpt>
      <trkpt lat="39.0472145" lon="68.33701324"><time>2025-06-14T18:14:27Z</time></trkpt>
      <trkpt lat="39.05810747365613" lon="68.35060178961933"><time>2025-06-14T18:31:39Z</time></trkpt>
      <trkpt lat="39.0472145" lon="68.33701324"><time>2025-06-14T19:45:21Z</time></trkpt>
      <trkpt lat="39.057885113795734" lon="68.3506942726661"><time>2025-06-14T19:59:51Z</time></trkpt>
      <trkpt lat="39.0472145" lon="68.33701324"><time>2025-06-14T20:29:43Z</time></trkpt>
      <trkpt lat="39.057960991259094" lon="68.35054301757393"><time>2025-06-14T20:45:56Z</time></trkpt>
      <trkpt lat="39.0472145" lon="68.33701324"><time>2025-06-14T21:00:42Z</time></trkpt>
      <trkpt lat="39.058006900676055" lon="68.35051404442449"><time>2025-06-14T21:14:54Z</time></trkpt>
      <trkpt lat="39.0472145" lon="68.33701324"><time>2025-06-14T21:25:37Z</time></trkpt>
      <trkpt lat="39.05799504736165" lon="68.35056144924312"><time>2025-06-14T21:43:04Z</time></trkpt>
      <trkpt lat="39.0472145" lon="68.33701324"><time>2025-06-14T21:57:49Z</time></trkpt>
      <trkpt lat="39.05801532821475" lon="68.35054664508532"><time>2025-06-14T22:14:07Z</time></trkpt>
      <trkpt lat="39.0472145" lon="68.33701324"><time>2025-06-14T22:59:24Z</time></trkpt>
      <trkpt lat="39.057964089589" lon="68.35059137139817"><time>2025-06-14T23:15:46Z</time></trkpt>
      <trkpt lat="39.0472145" lon="68.33701324"><time>2025-06-15T00:12:13Z</time></trkpt>
      <trkpt lat="39.05799229551412" lon="68.35054787436528"><time>2025-06-15T00:28:26Z</time></trkpt>
      <trkpt lat="39.0472145" lon="68.33701324"><time>2025-06-15T01:21:12Z</time></trkpt>
      <trkpt lat="39.05797593123653" lon="68.35057689799682"><time>2025-06-15T01:36:04Z</time></trkpt>
      <trkpt lat="39.0472145" lon="68.33701324"><time>2025-06-15T02:01:58Z</time></trkpt>
      <trkpt lat="39.05799520671283" lon="68.35066569044103"><time>2025-06-15T02:13:24Z</time></trkpt>
      <trkpt lat="39.0472145" lon="68.33701324"><time>2025-06-15T02:56:11Z</time></trkpt>
      <trkpt lat="39.05799845734727" lon="68.35054990636588"><time>2025-06-15T02:59:24Z</time></trkpt>
      <trkpt lat="39.05763242844893" lon="68.35060080316521"><time>2025-06-15T03:20:29Z</time></trkpt>
      <trkpt lat="39.058014946094765" lon="68.35054658359694"><time>2025-06-15T03:30:36Z</time></trkpt>
      <trkpt lat="39.050000004017335" lon="68.3405035757349"><time>2025-06-15T03:36:19Z</time></trkpt>
      <trkpt lat="39.05805169053066" lon="68.35049756698244"><time>2025-06-15T03:51:43Z</time></trkpt>
      <trkpt lat="39.0472145" lon="68.33701324"><time>2025-06-15T04:40:26Z</time></trkpt>
      <trkpt lat="39.05795821339556" lon="68.35060314419582"><time>2025-06-15T04:47:34Z</time></trkpt>
      <trkpt lat="39.05630192138782" lon="68.34652591556743"><time>2025-06-15T05:04:05Z</time></trkpt>
      <trkpt lat="39.06445874370547" lon="68.35101764655518"><time>2025-06-15T05:10:24Z</time></trkpt>
      <trkpt lat="39.08559905426893" lon="68.36790726582312"><time>2025-06-15T05:25:47Z</time></trkpt>
      <trkpt lat="39.081961624360716" lon="68.37429947226157"><time>2025-06-15T06:46:51Z</time></trkpt>
      <trkpt lat="39.09277903467475" lon="68.39997964294975"><time>2025-06-15T07:30:59Z</time></trkpt>
      <trkpt lat="39.10035671669906" lon="68.40492870665007"><time>2025-06-15T07:37:56Z</time></trkpt>
      <trkpt lat="39.12557463630952" lon="68.43215907930251"><time>2025-06-15T07:46:49Z</time></trkpt>
      <trkpt lat="39.14071434632829" lon="68.46927175281601"><time>2025-06-15T08:00:06Z</time></trkpt>
      <trkpt lat="39.1489793407164" lon="68.48279960459888"><time>2025-06-15T08:13:33Z</time></trkpt>
      <trkpt lat="39.17995286320995" lon="68.52328511930236"><time>2025-06-15T08:26:45Z</time></trkpt>
      <trkpt lat="39.18633114109468" lon="68.5381727058639"><time>2025-06-15T08:38:07Z</time></trkpt>
      <trkpt lat="39.187917849085466" lon="68.54271671741134"><time>2025-06-15T08:51:37Z</time></trkpt>
      <trkpt lat="39.186464385166005" lon="68.58222783549556"><time>2025-06-15T08:56:39Z</time></trkpt>
      <trkpt lat="39.19390989301096" lon="68.63376847572476"><time>2025-06-15T09:09:20Z</time></trkpt>
      <trkpt lat="39.156072758730105" lon="68.64891701181239"><time>2025-06-15T09:24:30Z</time></trkpt>
      <trkpt lat="39.06102166049095" lon="68.70673673233829"><time>2025-06-15T09:47:20Z</time></trkpt>
      <trkpt lat="39.057630673392396" lon="68.72982642201256"><time>2025-06-15T09:53:57Z</time></trkpt>
      <trkpt lat="39.01553435768486" lon="68.7708960348664"><time>2025-06-15T10:05:29Z</time></trkpt>
      <trkpt lat="38.92132924702133" lon="68.80869389569159"><time>2025-06-15T10:20:50Z</time></trkpt>
      <trkpt lat="38.8676775244744" lon="68.8357200221321"><time>2025-06-15T10:34:58Z</time></trkpt>
      <trkpt lat="38.793495402998815" lon="68.82440688326065"><time>2025-06-15T10:46:03Z</time></trkpt>
      <trkpt lat="38.752572982609315" lon="68.8154097487508"><time>2025-06-15T10:52:07Z</time></trkpt>
      <trkpt lat="38.68407230362173" lon="68.79114082089512"><time>2025-06-15T11:03:14Z</time></trkpt>
      <trkpt lat="38.6508408235746" lon="68.76792579895702"><time>2025-06-15T11:16:06Z</time></trkpt>
      <trkpt lat="38.616311581902494" lon="68.78326728842865"><time>2025-06-15T11:21:11Z</time></trkpt>
      <trkpt lat="38.57367555721255" lon="68.78623681338063"><time>2025-06-15T11:31:05Z</time></trkpt>
      <trkpt lat="38.56783320199565" lon="68.77276710240987"><time>2025-06-15T11:43:53Z</time></trkpt>
      <trkpt lat="38.58312937900292" lon="68.77725795849112"><time>2025-06-17T02:53:37Z</time></trkpt>
      <trkpt lat="38.58465354427563" lon="68.75459270558204"><time>2025-06-17T02:58:43Z</time></trkpt>
      <trkpt lat="38.579095839558704" lon="68.73235451063954"><time>2025-06-17T03:10:21Z</time></trkpt>
      <trkpt lat="38.58304983474182" lon="68.74049107550526"><time>2025-06-17T09:22:31Z</time></trkpt>
      <trkpt lat="38.55791355486825" lon="68.76189627691056"><time>2025-06-17T09:34:10Z</time></trkpt>
      <trkpt lat="38.56003161118593" lon="68.77050264397502"><time>2025-06-17T09:40:41Z</time></trkpt>
      <trkpt lat="38.562904925315955" lon="68.79567703593459"><time>2025-06-17T09:47:05Z</time></trkpt>
      <trkpt lat="38.56337918437883" lon="68.80725176080018"><time>2025-06-17T09:52:10Z</time></trkpt>
      <trkpt lat="38.56674365352502" lon="68.81506636740714"><time>2025-06-17T09:57:09Z</time></trkpt>
      <trkpt lat="38.57401805321627" lon="68.80289154409157"><time>2025-06-17T10:07:32Z</time></trkpt>
      <trkpt lat="38.58015221081542" lon="68.80309701903612"><time>2025-06-17T10:19:18Z</time></trkpt>
      <trkpt lat="38.579170860590054" lon="68.81083627611496"><time>2025-06-17T10:32:56Z</time></trkpt>
      <trkpt lat="38.57881764419244" lon="68.79685912287681"><time>2025-06-18T06:01:42Z</time></trkpt>
      <trkpt lat="38.57958964368049" lon="68.786723784535"><time>2025-06-18T06:13:25Z</time></trkpt>
      <trkpt lat="38.59492464460302" lon="68.77741629264203"><time>2025-06-18T06:23:42Z</time></trkpt>
      <trkpt lat="38.55982006065413" lon="68.77015513374356"><time>2025-06-18T06:56:05Z</time></trkpt>
      <trkpt lat="38.56306138452008" lon="68.79701083532422"><time>2025-06-18T07:07:43Z</time></trkpt>
      <trkpt lat="38.5570260269075" lon="68.83431920124525"><time>2025-06-18T07:18:27Z</time></trkpt>
      <trkpt lat="38.55321139536038" lon="68.90368433032506"><time>2025-06-18T07:29:49Z</time></trkpt>
      <trkpt lat="38.554952737481955" lon="68.93103009095135"><time>2025-06-18T07:38:35Z</time></trkpt>
      <trkpt lat="38.55570366609707" lon="68.94061831763847"><time>2025-06-18T07:52:09Z</time></trkpt>
      <trkpt lat="38.55637229051306" lon="69.00957724085916"><time>2025-06-18T07:59:33Z</time></trkpt>
      <trkpt lat="38.55564261550894" lon="69.01068840892032"><time>2025-06-18T08:07:23Z</time></trkpt>
      <trkpt lat="38.541099708563216" lon="69.01933620690276"><time>2025-06-18T08:12:41Z</time></trkpt>
      <trkpt lat="38.50248092789064" lon="69.13175295113504"><time>2025-06-18T08:26:04Z</time></trkpt>
      <trkpt lat="38.429241015717025" lon="69.21145595536629"><time>2025-06-18T08:40:12Z</time></trkpt>
      <trkpt lat="38.40515381629716" lon="69.24316619009167"><time>2025-06-18T08:45:48Z</time></trkpt>
      <trkpt lat="38.39555734772085" lon="69.23897551379095"><time>2025-06-18T08:56:35Z</time></trkpt>
      <trkpt lat="38.36860551381226" lon="69.2404533428339"><time>2025-06-18T09:01:39Z</time></trkpt>
      <trkpt lat="38.313329620322506" lon="69.26022808073951"><time>2025-06-18T09:12:15Z</time></trkpt>
      <trkpt lat="38.27625285837639" lon="69.2609347589959"><time>2025-06-18T09:18:18Z</time></trkpt>
      <trkpt lat="38.26510637764933" lon="69.29428832665877"><time>2025-06-18T09:27:22Z</time></trkpt>
      <trkpt lat="38.27766973363685" lon="69.30532699467713"><time>2025-06-18T09:41:29Z</time></trkpt>
      <trkpt lat="38.27785639263373" lon="69.30601147933208"><time>2025-06-18T13:03:34Z</time></trkpt>
      <trkpt lat="38.00324249" lon="69.322052"><time>2025-06-18T14:08:25Z</time></trkpt>
      <trkpt lat="38.277733982576315" lon="69.30608212022977"><time>2025-06-18T14:22:27Z</time></trkpt>
      <trkpt lat="38.00324249" lon="69.322052"><time>2025-06-18T14:33:51Z</time></trkpt>
      <trkpt lat="38.277877645543455" lon="69.30605622978791"><time>2025-06-18T14:45:46Z</time></trkpt>
      <trkpt lat="38.00324249" lon="69.322052"><time>2025-06-18T15:17:18Z</time></trkpt>
      <trkpt lat="38.2778755948304" lon="69.30595521821576"><time>2025-06-18T15:30:53Z</time></trkpt>
      <trkpt lat="38.003242489999984" lon="69.32205199999999"><time>2025-06-18T15:42:28Z</time></trkpt>
      <trkpt lat="38.27786151323307" lon="69.30606803863245"><time>2025-06-18T15:59:42Z</time></trkpt>
      <trkpt lat="38.00324249" lon="69.322052"><time>2025-06-18T16:14:05Z</time></trkpt>
      <trkpt lat="38.277838513441594" lon="69.3060179619955"><time>2025-06-18T16:19:05Z</time></trkpt>
      <trkpt lat="38.00324249" lon="69.322052"><time>2025-06-18T16:46:53Z</time></trkpt>
      <trkpt lat="38.2778484022423" lon="69.3059493266898"><time>2025-06-18T17:00:05Z</time></trkpt>
      <trkpt lat="38.00324248999999" lon="69.322052"><time>2025-06-18T17:41:20Z</time></trkpt>
      <trkpt lat="38.27786198522091" lon="69.30595742845492"><time>2025-06-18T17:57:44Z</time></trkpt>
      <trkpt lat="38.27789542567322" lon="69.30547178320897"><time>2025-06-19T00:41:02Z</time></trkpt>
      <trkpt lat="38.27791066317806" lon="69.30594435961986"><time>2025-06-19T00:55:03Z</time></trkpt>
      <trkpt lat="38.00324249" lon="69.322052"><time>2025-06-19T01:07:44Z</time></trkpt>
      <trkpt lat="38.27789223290822" lon="69.30597214966022"><time>2025-06-19T01:23:56Z</time></trkpt>
      <trkpt lat="38.00324249" lon="69.322052"><time>2025-06-19T02:05:59Z</time></trkpt>
      <trkpt lat="38.2778113029946" lon="69.30589975476845"><time>2025-06-19T02:15:29Z</time></trkpt>
      <trkpt lat="38.275136404899136" lon="69.29694363656185"><time>2025-06-19T02:55:17Z</time></trkpt>
      <trkpt lat="38.2426177953612" lon="69.28322095499608"><time>2025-06-19T03:07:37Z</time></trkpt>
      <trkpt lat="38.176572948313094" lon="69.28926734119688"><time>2025-06-19T03:16:04Z</time></trkpt>
      <trkpt lat="38.11414238517315" lon="69.30773849816092"><time>2025-06-19T03:23:17Z</time></trkpt>
      <trkpt lat="38.03263586840754" lon="69.35925216456071"><time>2025-06-19T03:35:11Z</time></trkpt>
      <trkpt lat="37.918950269623274" lon="69.34027201368804"><time>2025-06-19T03:51:58Z</time></trkpt>
      <trkpt lat="37.828529949182986" lon="69.36307450356166"><time>2025-06-19T04:06:34Z</time></trkpt>
      <trkpt lat="37.735192306017005" lon="69.44972833578817"><time>2025-06-19T04:22:30Z</time></trkpt>
      <trkpt lat="37.76554844333302" lon="69.53759271717611"><time>2025-06-19T04:35:50Z</time></trkpt>
      <trkpt lat="37.79779123611543" lon="69.60188811651393"><time>2025-06-19T04:49:15Z</time></trkpt>
      <trkpt lat="37.80436432458256" lon="69.6463034023248"><time>2025-06-19T05:43:48Z</time></trkpt>
      <trkpt lat="37.837907326175284" lon="69.726108731723"><time>2025-06-19T05:56:22Z</time></trkpt>
      <trkpt lat="37.89670507657089" lon="69.77228919782425"><time>2025-06-19T06:10:05Z</time></trkpt>
      <trkpt lat="37.90868828598014" lon="69.77990951905987"><time>2025-06-19T06:20:48Z</time></trkpt>
      <trkpt lat="37.90013892579628" lon="69.782513435995"><time>2025-06-19T06:30:48Z</time></trkpt>
      <trkpt lat="37.91329563059682" lon="69.82816402125341"><time>2025-06-19T06:39:54Z</time></trkpt>
      <trkpt lat="37.89747806866829" lon="69.90927757064505"><time>2025-06-19T06:55:20Z</time></trkpt>
      <trkpt lat="37.8778761785955" lon="69.97677672708137"><time>2025-06-19T07:06:44Z</time></trkpt>
      <trkpt lat="37.87176154518438" lon="69.99147527078486"><time>2025-06-19T07:21:05Z</time></trkpt>
      <trkpt lat="37.91036987" lon="69.80217742"><time>2025-06-19T07:36:06Z</time></trkpt>
      <trkpt lat="37.871989477461085" lon="69.99132466509006"><time>2025-06-19T07:50:38Z</time></trkpt>
      <trkpt lat="37.91036987" lon="69.80217742"><time>2025-06-19T08:01:59Z</time></trkpt>
      <trkpt lat="37.8718098113666" lon="69.99137956655584"><time>2025-06-19T08:12:31Z</time></trkpt>
      <trkpt lat="37.91036987" lon="69.80217742"><time>2025-06-19T08:41:34Z</time></trkpt>
      <trkpt lat="37.871962571551904" lon="69.99133723794482"><time>2025-06-19T08:51:58Z</time></trkpt>
      <trkpt lat="37.91036987" lon="69.80217742"><time>2025-06-19T09:02:05Z</time></trkpt>
      <trkpt lat="37.87200389844778" lon="69.99136159316885"><time>2025-06-19T09:19:51Z</time></trkpt>
      <trkpt lat="37.91036987" lon="69.80217742"><time>2025-06-19T09:29:47Z</time></trkpt>
      <trkpt lat="37.87173873282771" lon="69.9913210608717"><time>2025-06-19T09:41:08Z</time></trkpt>
      <trkpt lat="37.899031239000394" lon="69.88233491165643"><time>2025-06-19T09:52:13Z</time></trkpt>
      <trkpt lat="37.86552242006908" lon="70.00520962296986"><time>2025-06-19T10:04:13Z</time></trkpt>
      <trkpt lat="37.84509442247456" lon="70.04670614445553"><time>2025-06-19T10:20:18Z</time></trkpt>
      <trkpt lat="37.808900807920864" lon="70.16240217019757"><time>2025-06-19T10:35:19Z</time></trkpt>
      <trkpt lat="37.85658790840767" lon="70.1724662075905"><time>2025-06-19T10:50:04Z</time></trkpt>
      <trkpt lat="37.95021316971439" lon="70.18441052182594"><time>2025-06-19T11:03:38Z</time></trkpt>
      <trkpt lat="37.94651528126694" lon="70.27337216533013"><time>2025-06-19T11:15:21Z</time></trkpt>
      <trkpt lat="37.98597015668319" lon="70.28862835906074"><time>2025-06-19T11:27:37Z</time></trkpt>
      <trkpt lat="38.00272865795816" lon="70.32926837205264"><time>2025-06-19T11:33:18Z</time></trkpt>
      <trkpt lat="38.010872080957526" lon="70.33279870643311"><time>2025-06-19T11:45:21Z</time></trkpt>
      <trkpt lat="38.03070068" lon="70.35137939"><time>2025-06-19T11:56:55Z</time></trkpt>
      <trkpt lat="38.010846413555775" lon="70.3327727442111"><time>2025-06-19T12:13:17Z</time></trkpt>
      <trkpt lat="38.03407552917304" lon="70.36201882988476"><time>2025-06-19T12:28:06Z</time></trkpt>
      <trkpt lat="38.03862926821728" lon="70.36223289051709"><time>2025-06-19T12:38:23Z</time></trkpt>
      <trkpt lat="38.04029903938919" lon="70.36384800612274"><time>2025-06-19T12:38:26Z</time></trkpt>
      <trkpt lat="38.056223572219444" lon="70.36639474709224"><time>2025-06-20T02:44:16Z</time></trkpt>
      <trkpt lat="38.094145080759624" lon="70.4252557968859"><time>2025-06-20T02:54:09Z</time></trkpt>
      <trkpt lat="38.10548906627837" lon="70.46597094552811"><time>2025-06-20T03:00:17Z</time></trkpt>
      <trkpt lat="38.18501466888765" lon="70.51471224061261"><time>2025-06-20T03:11:57Z</time></trkpt>
      <trkpt lat="38.28616232909761" lon="70.60417619085726"><time>2025-06-20T03:26:51Z</time></trkpt>
      <trkpt lat="38.35181238425059" lon="70.62045476029785"><time>2025-06-20T03:37:07Z</time></trkpt>
      <trkpt lat="38.39092858055627" lon="70.67245293023927"><time>2025-06-20T03:47:51Z</time></trkpt>
      <trkpt lat="38.43043646886431" lon="70.75678764743083"><time>2025-06-20T03:58:32Z</time></trkpt>
      <trkpt lat="38.454979425332" lon="70.78974486335254"><time>2025-06-20T04:05:57Z</time></trkpt>
      <trkpt lat="38.44925257380907" lon="70.81891547895113"><time>2025-06-20T04:11:36Z</time></trkpt>
      <trkpt lat="38.47043239794973" lon="70.87964196663076"><time>2025-06-20T04:23:44Z</time></trkpt>
      <trkpt lat="38.45603319795795" lon="70.90498929314633"><time>2025-06-20T04:28:52Z</time></trkpt>
      <trkpt lat="38.439195086284016" lon="70.90943735099482"><time>2025-06-20T04:39:16Z</time></trkpt>
      <trkpt lat="38.440011001724315" lon="70.93303513280361"><time>2025-06-20T04:54:00Z</time></trkpt>
      <trkpt lat="38.44187880404148" lon="70.95673902898184"><time>2025-06-20T05:07:34Z</time></trkpt>
      <trkpt lat="38.462418993039485" lon="70.9500615020012"><time>2025-06-20T05:22:16Z</time></trkpt>
      <trkpt lat="38.48809519320586" lon="70.9990912769651"><time>2025-06-20T05:37:01Z</time></trkpt>
      <trkpt lat="38.45273263075316" lon="71.02483421763743"><time>2025-06-20T05:43:04Z</time></trkpt>
      <trkpt lat="38.449467795136435" lon="71.0300694858107"><time>2025-06-20T05:43:04Z</time></trkpt>
      <trkpt lat="38.46336398236149" lon="71.03043857177344"><time>2025-06-20T05:43:06Z</time></trkpt>
      <trkpt lat="38.46301882432814" lon="71.03005176848534"><time>2025-06-20T05:43:07Z</time></trkpt>
      <trkpt lat="38.462961939735095" lon="71.0304968209496"><time>2025-06-20T05:43:12Z</time></trkpt>
      <trkpt lat="38.462846098620496" lon="71.03089974201339"><time>2025-06-20T05:43:19Z</time></trkpt>
      <trkpt lat="38.4627923676186" lon="71.03132578707695"><time>2025-06-20T05:43:28Z</time></trkpt>
      <trkpt lat="38.46269964900833" lon="71.03176484046027"><time>2025-06-20T05:43:32Z</time></trkpt>
      <trkpt lat="38.46248639168603" lon="71.03217983569552"><time>2025-06-20T05:43:36Z</time></trkpt>
      <trkpt lat="38.46214615904608" lon="71.03243037794319"><time>2025-06-20T05:43:40Z</time></trkpt>
      <trkpt lat="38.46178432736371" lon="71.03246558674014"><time>2025-06-20T05:43:43Z</time></trkpt>
      <trkpt lat="38.461458337657966" lon="71.03239997538859"><time>2025-06-20T05:43:46Z</time></trkpt>
      <trkpt lat="38.4611365940144" lon="71.03233809495784"><time>2025-06-20T05:43:49Z</time></trkpt>
      <trkpt lat="38.460777917220945" lon="71.03227022649352"><time>2025-06-20T05:43:56Z</time></trkpt>
      <trkpt lat="38.42490926388504" lon="71.04426017969013"><time>2025-06-20T05:49:36Z</time></trkpt>
      <trkpt lat="38.39917545411874" lon="71.06038794211656"><time>2025-06-20T06:04:46Z</time></trkpt>
      <trkpt lat="38.39925065079216" lon="71.06080304030579"><time>2025-06-20T06:04:54Z</time></trkpt>
      <trkpt lat="38.39935928553278" lon="71.06122398447118"><time>2025-06-20T06:05:02Z</time></trkpt>
      <trkpt lat="38.41730595509548" lon="71.07616688443802"><time>2025-06-20T06:20:03Z</time></trkpt>
      <trkpt lat="38.420411509999134" lon="71.09799505568257"><time>2025-06-20T07:50:52Z</time></trkpt>
      <trkpt lat="38.41848566666098" lon="71.11135882332093"><time>2025-06-20T07:54:14Z</time></trkpt>
      <trkpt lat="38.418117111308284" lon="71.11138954053273"><time>2025-06-20T07:54:17Z</time></trkpt>
      <trkpt lat="38.417741249282315" lon="71.11135609352569"><time>2025-06-20T07:54:20Z</time></trkpt>
      <trkpt lat="38.417385680715036" lon="71.11122161149265"><time>2025-06-20T07:54:23Z</time></trkpt>
      <trkpt lat="38.417028787267" lon="71.11102022801828"><time>2025-06-20T07:54:26Z</time></trkpt>
      <trkpt lat="38.41666761528042" lon="71.11077824291206"><time>2025-06-20T07:54:29Z</time></trkpt>
      <trkpt lat="38.416317803592776" lon="71.1104901995705"><time>2025-06-20T07:54:32Z</time></trkpt>
      <trkpt lat="38.40135874819587" lon="71.1411430312216"><time>2025-06-20T07:58:37Z</time></trkpt>
      <trkpt lat="38.40375940132536" lon="71.14135532039968"><time>2025-06-20T07:59:03Z</time></trkpt>
      <trkpt lat="38.401521522921605" lon="71.14628435690148"><time>2025-06-20T07:59:44Z</time></trkpt>
      <trkpt lat="38.40127065112997" lon="71.1466276054111"><time>2025-06-20T07:59:47Z</time></trkpt>
      <trkpt lat="38.40100548742367" lon="71.14700122304266"><time>2025-06-20T07:59:49Z</time></trkpt>
      <trkpt lat="38.400737872940184" lon="71.14737145283952"><time>2025-06-20T07:59:52Z</time></trkpt>
      <trkpt lat="38.400482012496575" lon="71.14773090151704"><time>2025-06-20T07:59:55Z</time></trkpt>
      <trkpt lat="38.400215253063784" lon="71.14810799175594"><time>2025-06-20T07:59:58Z</time></trkpt>
      <trkpt lat="38.39992393796537" lon="71.14849884048948"><time>2025-06-20T08:00:01Z</time></trkpt>
      <trkpt lat="38.39963361520347" lon="71.14891114132186"><time>2025-06-20T08:00:04Z</time></trkpt>
      <trkpt lat="38.39933881126948" lon="71.14932992237797"><time>2025-06-20T08:00:07Z</time></trkpt>
      <trkpt lat="38.39905495641693" lon="71.14971145933626"><time>2025-06-20T08:00:10Z</time></trkpt>
      <trkpt lat="38.398746680864" lon="71.15004435055101"><time>2025-06-20T08:00:13Z</time></trkpt>
      <trkpt lat="38.39842264138366" lon="71.15032854256079"><time>2025-06-20T08:00:16Z</time></trkpt>
      <trkpt lat="38.39808002992267" lon="71.15052399516426"><time>2025-06-20T08:00:19Z</time></trkpt>
      <trkpt lat="38.39775851308786" lon="71.15061907582025"><time>2025-06-20T08:00:22Z</time></trkpt>
      <trkpt lat="38.39741614188021" lon="71.15066339893035"><time>2025-06-20T08:00:26Z</time></trkpt>
      <trkpt lat="38.39705784226736" lon="71.15068314193483"><time>2025-06-20T08:00:37Z</time></trkpt>
      <trkpt lat="38.34449575951577" lon="71.18920338834725"><time>2025-06-20T08:15:38Z</time></trkpt>
      <trkpt lat="38.3445669498002" lon="71.18961283108929"><time>2025-06-20T08:15:40Z</time></trkpt>
      <trkpt lat="38.34444605283285" lon="71.19007738313748"><time>2025-06-20T08:15:43Z</time></trkpt>
      <trkpt lat="38.34447476085121" lon="71.19050527929438"><time>2025-06-20T08:15:46Z</time></trkpt>
      <trkpt lat="38.344451584888944" lon="71.19096678688301"><time>2025-06-20T08:15:49Z</time></trkpt>
      <trkpt lat="38.344360236848615" lon="71.19143649557263"><time>2025-06-20T08:15:52Z</time></trkpt>
      <trkpt lat="38.34422665311791" lon="71.19188608933761"><time>2025-06-20T08:15:55Z</time></trkpt>
      <trkpt lat="38.344067633294756" lon="71.1923154737979"><time>2025-06-20T08:15:58Z</time></trkpt>
      <trkpt lat="38.32260848004067" lon="71.237605025412"><time>2025-06-20T08:30:38Z</time></trkpt>
      <trkpt lat="38.31511785869944" lon="71.24926186564473"><time>2025-06-20T08:32:43Z</time></trkpt>
      <trkpt lat="38.3100546012058" lon="71.31291157572652"><time>2025-06-20T08:49:48Z</time></trkpt>
      <trkpt lat="38.30988989680848" lon="71.31348280242766"><time>2025-06-20T08:49:52Z</time></trkpt>
      <trkpt lat="38.309652688948724" lon="71.31389779045368"><time>2025-06-20T08:49:55Z</time></trkpt>
      <trkpt lat="38.309398130549404" lon="71.3143333979615"><time>2025-06-20T08:49:58Z</time></trkpt>
      <trkpt lat="38.30910006801918" lon="71.31475581663398"><time>2025-06-20T08:50:01Z</time></trkpt>
      <trkpt lat="38.30873804660577" lon="71.31512520009889"><time>2025-06-20T08:50:04Z</time></trkpt>
      <trkpt lat="38.30836180729069" lon="71.31545508685434"><time>2025-06-20T08:50:07Z</time></trkpt>
      <trkpt lat="38.30800318793771" lon="71.31578746758629"><time>2025-06-20T08:50:10Z</time></trkpt>
      <trkpt lat="38.31213229967208" lon="71.28975751363105"><time>2025-06-20T08:55:10Z</time></trkpt>
      <trkpt lat="38.30475234266709" lon="71.32310029320084"><time>2025-06-20T09:00:11Z</time></trkpt>
      <trkpt lat="38.29479907642891" lon="71.33983667946545"><time>2025-06-20T09:00:12Z</time></trkpt>
      <trkpt lat="38.278020919998575" lon="71.33876358354011"><time>2025-06-20T09:13:15Z</time></trkpt>
      <trkpt lat="38.26760035152004" lon="71.36525095648064"><time>2025-06-20T09:23:07Z</time></trkpt>
      <trkpt lat="38.267470024083195" lon="71.36566124257192"><time>2025-06-20T09:23:16Z</time></trkpt>
      <trkpt lat="38.26722988230657" lon="71.36594704136989"><time>2025-06-20T09:23:24Z</time></trkpt>
      <trkpt lat="38.247522292694306" lon="71.37418328791053"><time>2025-06-20T09:36:39Z</time></trkpt>
      <trkpt lat="38.20601312890622" lon="71.37563048664006"><time>2025-06-20T09:52:04Z</time></trkpt>
      <trkpt lat="38.20585542007003" lon="71.37518422395733"><time>2025-06-20T09:52:12Z</time></trkpt>
      <trkpt lat="38.205648361216795" lon="71.37476342689807"><time>2025-06-20T09:52:17Z</time></trkpt>
      <trkpt lat="38.20546863210185" lon="71.37440938769562"><time>2025-06-20T09:52:21Z</time></trkpt>
      <trkpt lat="38.188242477480905" lon="71.37189205455537"><time>2025-06-20T10:15:22Z</time></trkpt>
      <trkpt lat="38.14899778028042" lon="71.36412991329222"><time>2025-06-20T10:29:15Z</time></trkpt>
      <trkpt lat="38.14883908716638" lon="71.36367210733309"><time>2025-06-20T10:29:20Z</time></trkpt>
      <trkpt lat="38.14869243358791" lon="71.36325046530548"><time>2025-06-20T10:29:25Z</time></trkpt>
      <trkpt lat="38.148546833729455" lon="71.3628180633762"><time>2025-06-20T10:29:31Z</time></trkpt>
      <trkpt lat="38.12403427225449" lon="71.34021500900802"><time>2025-06-20T10:34:35Z</time></trkpt>
      <trkpt lat="38.10486552747141" lon="71.3283013631364"><time>2025-06-20T10:53:32Z</time></trkpt>
      <trkpt lat="38.10493163008581" lon="71.32780625852847"><time>2025-06-20T10:53:34Z</time></trkpt>
      <trkpt lat="37.912434507196686" lon="71.38893761678727"><time>2025-06-20T13:36:04Z</time></trkpt>
      <trkpt lat="37.921682368912464" lon="71.41638987886425"><time>2025-06-21T03:56:13Z</time></trkpt>
      <trkpt lat="37.930744030429054" lon="71.44070391398405"><time>2025-06-21T04:09:43Z</time></trkpt>
      <trkpt lat="37.94879957869799" lon="71.47391922047699"><time>2025-06-21T04:24:23Z</time></trkpt>
      <trkpt lat="37.95082693171648" lon="71.48328029350637"><time>2025-06-21T04:34:32Z</time></trkpt>
      <trkpt lat="37.957971736911595" lon="71.50596102211337"><time>2025-06-21T05:04:58Z</time></trkpt>
      <trkpt lat="37.952893282025094" lon="71.54146905810471"><time>2025-06-21T05:19:02Z</time></trkpt>
      <trkpt lat="37.946911458052355" lon="71.57077921247092"><time>2025-06-21T05:30:38Z</time></trkpt>
      <trkpt lat="37.940794915816994" lon="71.59792402584289"><time>2025-06-21T05:41:56Z</time></trkpt>
      <trkpt lat="37.92945814346884" lon="71.59602991355351"><time>2025-06-21T05:47:08Z</time></trkpt>
      <trkpt lat="37.92667578582604" lon="71.60205997386254"><time>2025-06-21T05:59:57Z</time></trkpt>
      <trkpt lat="37.94608600861344" lon="71.58278223234048"><time>2025-06-21T07:32:09Z</time></trkpt>
      <trkpt lat="37.94748031658882" lon="71.55770963145902"><time>2025-06-21T07:44:48Z</time></trkpt>
      <trkpt lat="37.94617833107518" lon="71.58000569797268"><time>2025-06-21T07:58:31Z</time></trkpt>
      <trkpt lat="37.93827403321791" lon="71.60021702506211"><time>2025-06-21T08:13:39Z</time></trkpt>
      <trkpt lat="37.962767240158385" lon="71.62244330364112"><time>2025-06-21T08:29:28Z</time></trkpt>
      <trkpt lat="37.98097340830835" lon="71.64422871169123"><time>2025-06-21T08:42:50Z</time></trkpt>
      <trkpt lat="37.991217381551145" lon="71.64964847046063"><time>2025-06-21T08:48:43Z</time></trkpt>
      <trkpt lat="38.002322263257" lon="71.6627698709956"><time>2025-06-21T08:58:26Z</time></trkpt>
      <trkpt lat="38.00538122191839" lon="71.68198479346157"><time>2025-06-21T09:11:13Z</time></trkpt>
      <trkpt lat="38.004184431589636" lon="71.68826060215278"><time>2025-06-21T09:26:46Z</time></trkpt>
      <trkpt lat="37.99149052163061" lon="71.70829931944708"><time>2025-06-21T09:36:47Z</time></trkpt>
      <trkpt lat="37.97470768917163" lon="71.72611283145073"><time>2025-06-21T09:51:05Z</time></trkpt>
      <trkpt lat="37.99738490399373" lon="71.74815884468796"><time>2025-06-21T10:09:07Z</time></trkpt>
      <trkpt lat="37.998576162380246" lon="71.74972365310306"><time>2025-06-22T16:51:21Z</time></trkpt>
      <trkpt lat="37.98350437082162" lon="71.74104494049375"><time>2025-06-23T01:29:19Z</time></trkpt>
      <trkpt lat="37.97882777176609" lon="71.72025312676254"><time>2025-06-23T01:43:42Z</time></trkpt>
      <trkpt lat="37.99415370210446" lon="71.69928976005275"><time>2025-06-23T01:56:49Z</time></trkpt>
      <trkpt lat="38.00485248046863" lon="71.68779696671902"><time>2025-06-23T02:03:20Z</time></trkpt>
      <trkpt lat="38.00583776348888" lon="71.6703958736415"><time>2025-06-23T02:11:36Z</time></trkpt>
      <trkpt lat="38.0063222771593" lon="71.6702828372879"><time>2025-06-23T02:26:43Z</time></trkpt>
      <trkpt lat="37.990716882574326" lon="71.6496192394087"><time>2025-06-23T02:56:53Z</time></trkpt>
      <trkpt lat="37.97419078259148" lon="71.63697563996733"><time>2025-06-23T03:05:18Z</time></trkpt>
      <trkpt lat="37.95554606350822" lon="71.6163264211684"><time>2025-06-23T03:11:38Z</time></trkpt>
      <trkpt lat="37.927901558768134" lon="71.59778732109922"><time>2025-06-23T03:20:46Z</time></trkpt>
      <trkpt lat="37.92832049042068" lon="71.6016801434648"><time>2025-06-23T03:26:45Z</time></trkpt>
      <trkpt lat="37.89379001132948" lon="71.58822281292787"><time>2025-06-23T04:51:09Z</time></trkpt>
      <trkpt lat="37.85869808405438" lon="71.59405125311724"><time>2025-06-23T05:05:35Z</time></trkpt>
      <trkpt lat="37.82992660932089" lon="71.58914200998578"><time>2025-06-23T05:17:32Z</time></trkpt>
      <trkpt lat="37.79421093020401" lon="71.58537207366629"><time>2025-06-23T05:32:30Z</time></trkpt>
      <trkpt lat="37.768773171154564" lon="71.5419009794216"><time>2025-06-23T05:48:58Z</time></trkpt>
      <trkpt lat="37.74380655446095" lon="71.54825356637176"><time>2025-06-23T05:59:21Z</time></trkpt>
      <trkpt lat="37.71479429299088" lon="71.55378706569371"><time>2025-06-23T06:13:44Z</time></trkpt>
      <trkpt lat="37.67061109395409" lon="71.53114925368338"><time>2025-06-23T06:25:37Z</time></trkpt>
      <trkpt lat="37.62865629188293" lon="71.5253142673642"><time>2025-06-23T06:35:53Z</time></trkpt>
      <trkpt lat="37.60639354946299" lon="71.51600090119928"><time>2025-06-23T06:40:52Z</time></trkpt>
      <trkpt lat="37.566299624776065" lon="71.50792024104996"><time>2025-06-23T06:50:54Z</time></trkpt>
      <trkpt lat="37.49575517362407" lon="71.52118616101028"><time>2025-06-23T07:05:37Z</time></trkpt>
      <trkpt lat="37.4905381165794" lon="71.53405359021531"><time>2025-06-23T07:16:22Z</time></trkpt>
      <trkpt lat="37.49073121076779" lon="71.53704900441765"><time>2025-06-23T07:24:21Z</time></trkpt>
      <trkpt lat="37.4923894275329" lon="71.55186295516002"><time>2025-06-23T07:35:49Z</time></trkpt>
      <trkpt lat="37.48770563329112" lon="71.58682373844998"><time>2025-06-23T07:46:06Z</time></trkpt>
      <trkpt lat="37.49070829538835" lon="71.57458411383008"><time>2025-06-23T10:47:26Z</time></trkpt>
      <trkpt lat="37.49252799766732" lon="71.55319695593474"><time>2025-06-23T10:55:22Z</time></trkpt>
      <trkpt lat="37.491736477275836" lon="71.54392202391433"><time>2025-06-23T11:17:23Z</time></trkpt>
      <trkpt lat="37.49064295627348" lon="71.5361917592046"><time>2025-06-23T11:22:35Z</time></trkpt>
      <trkpt lat="37.491230073717595" lon="71.52758562156674"><time>2025-06-23T11:27:40Z</time></trkpt>
      <trkpt lat="37.48406955044482" lon="71.53725472285555"><time>2025-06-23T11:42:14Z</time></trkpt>
      <trkpt lat="37.488862285491194" lon="71.55822486682139"><time>2025-06-23T11:52:49Z</time></trkpt>
      <trkpt lat="37.488669771332006" lon="71.57014290119882"><time>2025-06-23T11:59:00Z</time></trkpt>
      <trkpt lat="37.487993300119044" lon="71.55336558761033"><time>2025-06-23T12:19:31Z</time></trkpt>
      <trkpt lat="37.47998693495754" lon="71.5289819520633"><time>2025-06-23T12:26:01Z</time></trkpt>
      <trkpt lat="37.46521713862714" lon="71.52186059717098"><time>2025-06-23T12:31:21Z</time></trkpt>
      <trkpt lat="37.453183829819274" lon="71.50643303997023"><time>2025-06-23T12:38:31Z</time></trkpt>
      <trkpt lat="37.41299241123399" lon="71.49861949291218"><time>2025-06-23T12:48:55Z</time></trkpt>
      <trkpt lat="37.38798251379038" lon="71.47718212573926"><time>2025-06-23T13:03:16Z</time></trkpt>
      <trkpt lat="37.35661193882915" lon="71.49366320175649"><time>2025-06-23T13:20:33Z</time></trkpt>
      <trkpt lat="37.342132682958585" lon="71.49015396874444"><time>2025-06-23T13:35:18Z</time></trkpt>
      <trkpt lat="37.31677547157165" lon="71.50606158710707"><time>2025-06-24T05:25:33Z</time></trkpt>
      <trkpt lat="37.299526109527235" lon="71.49359917202197"><time>2025-06-24T05:39:07Z</time></trkpt>
      <trkpt lat="37.26131289421356" lon="71.48717757277701"><time>2025-06-24T05:53:49Z</time></trkpt>
      <trkpt lat="37.237672617189524" lon="71.48421107925377"><time>2025-06-24T06:04:33Z</time></trkpt>
      <trkpt lat="37.22756353210399" lon="71.48041024810772"><time>2025-06-24T06:16:57Z</time></trkpt>
      <trkpt lat="37.22604632381091" lon="71.47863806232016"><time>2025-06-24T06:40:02Z</time></trkpt>
      <trkpt lat="37.2374119745517" lon="71.48168020769805"><time>2025-06-24T06:46:48Z</time></trkpt>
      <trkpt lat="37.22615398909606" lon="71.47857310152563"><time>2025-06-24T06:47:08Z</time></trkpt>
      <trkpt lat="37.24881329836524" lon="71.48490231811344"><time>2025-06-24T07:17:32Z</time></trkpt>
      <trkpt lat="37.226221452405845" lon="71.47856623162211"><time>2025-06-24T07:22:36Z</time></trkpt>
      <trkpt lat="37.236020513408285" lon="71.48129621384986"><time>2025-06-24T07:45:52Z</time></trkpt>
      <trkpt lat="37.22615290448173" lon="71.47860481050566"><time>2025-06-24T07:51:00Z</time></trkpt>
      <trkpt lat="37.25055709369349" lon="71.48538678518992"><time>2025-06-24T08:01:13Z</time></trkpt>
      <trkpt lat="37.22625794373106" lon="71.47849817106015"><time>2025-06-24T08:13:35Z</time></trkpt>
      <trkpt lat="37.24896904551411" lon="71.4849411040423"><time>2025-06-24T09:40:41Z</time></trkpt>
      <trkpt lat="37.22613908712528" lon="71.47857784461024"><time>2025-06-24T09:48:45Z</time></trkpt>
      <trkpt lat="37.25059509277344" lon="71.48539733886719"><time>2025-06-24T10:03:06Z</time></trkpt>
      <trkpt lat="37.22614904403428" lon="71.47851635708611"><time>2025-06-24T10:09:09Z</time></trkpt>
      <trkpt lat="37.22582030827372" lon="71.47877238469513"><time>2025-06-24T10:43:59Z</time></trkpt>
      <trkpt lat="37.22620860716614" lon="71.47856086357493"><time>2025-06-24T10:59:43Z</time></trkpt>
      <trkpt lat="37.25059509277344" lon="71.48539733886719"><time>2025-06-24T11:51:56Z</time></trkpt>
      <trkpt lat="37.22617412845226" lon="71.47853721233516"><time>2025-06-24T12:05:55Z</time></trkpt>
      <trkpt lat="37.22655036955813" lon="71.47839305929045"><time>2025-06-24T13:03:49Z</time></trkpt>
      <trkpt lat="37.226198137011416" lon="71.47854231300903"><time>2025-06-24T13:20:04Z</time></trkpt>
      <trkpt lat="37.2258566320497" lon="71.4784048241763"><time>2025-06-24T13:46:28Z</time></trkpt>
      <trkpt lat="37.226134188775795" lon="71.47863525216457"><time>2025-06-24T14:43:28Z</time></trkpt>
      <trkpt lat="37.249870895931714" lon="71.48519425034952"><time>2025-06-24T15:40:14Z</time></trkpt>
      <trkpt lat="37.226171280582065" lon="71.47851443184663"><time>2025-06-24T15:50:42Z</time></trkpt>
      <trkpt lat="37.24861959227308" lon="71.48483860940246"><time>2025-06-24T15:57:09Z</time></trkpt>
      <trkpt lat="37.226136397464906" lon="71.47860043117059"><time>2025-06-24T16:04:30Z</time></trkpt>
      <trkpt lat="37.25059509277344" lon="71.48539733886719"><time>2025-06-24T17:21:42Z</time></trkpt>
      <trkpt lat="37.22624642493845" lon="71.47850390940135"><time>2025-06-24T17:36:19Z</time></trkpt>
      <trkpt lat="37.25059509277344" lon="71.48539733886719"><time>2025-06-24T22:14:56Z</time></trkpt>
      <trkpt lat="37.22629258412609" lon="71.47827303043704"><time>2025-06-24T22:26:07Z</time></trkpt>
      <trkpt lat="37.25059509277344" lon="71.48539733886719"><time>2025-06-25T01:16:55Z</time></trkpt>
      <trkpt lat="37.22623525535684" lon="71.47854521618581"><time>2025-06-25T01:22:11Z</time></trkpt>
      <trkpt lat="37.22800152316172" lon="71.48094980819045"><time>2025-06-25T04:03:17Z</time></trkpt>
      <trkpt lat="37.223642839692175" lon="71.4677770461193"><time>2025-06-25T04:19:34Z</time></trkpt>
      <trkpt lat="37.18892205024785" lon="71.46319217815747"><time>2025-06-25T04:34:35Z</time></trkpt>
      <trkpt lat="37.164867611573754" lon="71.44744164198333"><time>2025-06-25T04:49:34Z</time></trkpt>
      <trkpt lat="37.12455091205734" lon="71.44476944726333"><time>2025-06-25T05:04:35Z</time></trkpt>
      <trkpt lat="37.09532111420957" lon="71.44364043145575"><time>2025-06-25T05:18:40Z</time></trkpt>
      <trkpt lat="37.05118399249282" lon="71.43974694835377"><time>2025-06-25T05:34:34Z</time></trkpt>
      <trkpt lat="37.00976960171293" lon="71.46491974322892"><time>2025-06-25T05:47:43Z</time></trkpt>
      <trkpt lat="36.97333902383042" lon="71.46909066984142"><time>2025-06-25T06:01:12Z</time></trkpt>
      <trkpt lat="36.92407484187471" lon="71.49206832923487"><time>2025-06-25T06:19:34Z</time></trkpt>
      <trkpt lat="36.89442774341395" lon="71.52171369927517"><time>2025-06-25T06:29:41Z</time></trkpt>
      <trkpt lat="36.873943136214024" lon="71.5299773528637"><time>2025-06-25T06:35:32Z</time></trkpt>
      <trkpt lat="36.83855368242133" lon="71.54737331453919"><time>2025-06-25T06:45:58Z</time></trkpt>
      <trkpt lat="36.82128546867878" lon="71.55206659961374"><time>2025-06-25T06:51:03Z</time></trkpt>
      <trkpt lat="36.79595641329586" lon="71.5680888947766"><time>2025-06-25T07:11:45Z</time></trkpt>
      <trkpt lat="36.76930771270022" lon="71.5703850727503"><time>2025-06-26T03:59:23Z</time></trkpt>
      <trkpt lat="36.747018139795806" lon="71.58105525889331"><time>2025-06-26T04:07:30Z</time></trkpt>
      <trkpt lat="36.72707958595443" lon="71.61270621279475"><time>2025-06-26T04:14:35Z</time></trkpt>
      <trkpt lat="36.70757059957429" lon="71.64190585215447"><time>2025-06-26T04:21:33Z</time></trkpt>
      <trkpt lat="36.68759565887014" lon="71.66948867889599"><time>2025-06-26T04:28:12Z</time></trkpt>
      <trkpt lat="36.677041758128894" lon="71.73873993745264"><time>2025-06-26T04:53:02Z</time></trkpt>
      <trkpt lat="36.68043899186064" lon="71.75427541827688"><time>2025-06-26T05:14:55Z</time></trkpt>
      <trkpt lat="36.68067296087681" lon="71.7938381191064"><time>2025-06-26T05:22:37Z</time></trkpt>
      <trkpt lat="36.69071144358885" lon="71.85174118694057"><time>2025-06-26T05:32:42Z</time></trkpt>
      <trkpt lat="36.72340564372308" lon="71.8921303935339"><time>2025-06-26T05:41:23Z</time></trkpt>
      <trkpt lat="36.74125420904141" lon="71.91119891647823"><time>2025-06-26T05:46:26Z</time></trkpt>
      <trkpt lat="36.75341516870708" lon="71.94541443741943"><time>2025-06-26T05:54:28Z</time></trkpt>
      <trkpt lat="36.76536944243103" lon="71.96603854749756"><time>2025-06-26T06:00:59Z</time></trkpt>
      <trkpt lat="36.80521404722689" lon="72.01099469748297"><time>2025-06-26T06:05:57Z</time></trkpt>
      <trkpt lat="36.82432903550736" lon="72.0442187406094"><time>2025-06-26T06:23:10Z</time></trkpt>
      <trkpt lat="36.83670317390108" lon="72.05925713738085"><time>2025-06-26T06:28:32Z</time></trkpt>
      <trkpt lat="36.87912181514272" lon="72.12498745927162"><time>2025-06-26T06:54:10Z</time></trkpt>
      <trkpt lat="36.896207674055844" lon="72.14998089382924"><time>2025-06-26T07:04:06Z</time></trkpt>
      <trkpt lat="36.95782424250388" lon="72.26171377147777"><time>2025-06-26T07:54:44Z</time></trkpt>
      <trkpt lat="36.95744681175515" lon="72.2618792206722"><time>2025-06-26T08:09:37Z</time></trkpt>
      <trkpt lat="36.97491842791156" lon="72.30117006234107"><time>2025-06-26T08:38:26Z</time></trkpt>
      <trkpt lat="36.99031346103284" lon="72.33456662462841"><time>2025-06-26T08:51:26Z</time></trkpt>
      <trkpt lat="37.003746033570856" lon="72.37218169839653"><time>2025-06-26T09:04:56Z</time></trkpt>
      <trkpt lat="37.008953833029814" lon="72.41188006264736"><time>2025-06-26T09:17:33Z</time></trkpt>
      <trkpt lat="37.007496748154054" lon="72.44235307916294"><time>2025-06-26T09:32:42Z</time></trkpt>
      <trkpt lat="37.00594275153172" lon="72.45725099487757"><time>2025-06-26T09:47:05Z</time></trkpt>
      <trkpt lat="37.00616452846397" lon="72.48950463726416"><time>2025-06-26T10:00:35Z</time></trkpt>
      <trkpt lat="37.00411193582856" lon="72.53271178968579"><time>2025-06-26T10:13:55Z</time></trkpt>
      <trkpt lat="37.00981766499548" lon="72.5686795816097"><time>2025-06-26T10:27:40Z</time></trkpt>
      <trkpt lat="37.02870511521349" lon="72.6193184148071"><time>2025-06-26T10:40:28Z</time></trkpt>
      <trkpt lat="37.02195274404248" lon="72.5866843906985"><time>2025-06-26T10:40:30Z</time></trkpt>
      <trkpt lat="37.02879298481813" lon="72.61872223585156"><time>2025-06-26T11:36:48Z</time></trkpt>
      <trkpt lat="37.038037439331816" lon="72.6507909864711"><time>2025-06-27T05:38:04Z</time></trkpt>
      <trkpt lat="37.05661511983448" lon="72.68013803295109"><time>2025-06-27T05:51:55Z</time></trkpt>
      <trkpt lat="37.06322177782381" lon="72.68231280154798"><time>2025-06-27T06:05:26Z</time></trkpt>
      <trkpt lat="37.07534090245034" lon="72.69289842822195"><time>2025-06-27T06:20:10Z</time></trkpt>
      <trkpt lat="37.090801136844505" lon="72.70490327702508"><time>2025-06-27T06:34:56Z</time></trkpt>
      <trkpt lat="37.1073598740968" lon="72.71872127435424"><time>2025-06-27T06:49:19Z</time></trkpt>
      <trkpt lat="37.1272552013743" lon="72.72825158207931"><time>2025-06-27T07:02:50Z</time></trkpt>
      <trkpt lat="37.134015423414105" lon="72.72677977786032"><time>2025-06-27T07:17:36Z</time></trkpt>
      <trkpt lat="37.1320382086906" lon="72.73248100660064"><time>2025-06-27T10:24:24Z</time></trkpt>
      <trkpt lat="37.136288546060335" lon="72.73426492705265"><time>2025-06-27T10:37:52Z</time></trkpt>
      <trkpt lat="37.141737160307486" lon="72.73791155784646"><time>2025-06-29T05:09:35Z</time></trkpt>
      <trkpt lat="37.16321042276655" lon="72.74433285004714"><time>2025-06-29T05:24:42Z</time></trkpt>
      <trkpt lat="37.171977319865206" lon="72.73940233240113"><time>2025-06-29T05:51:51Z</time></trkpt>
      <trkpt lat="37.165600870404695" lon="72.75031828847943"><time>2025-06-29T07:02:08Z</time></trkpt>
      <trkpt lat="37.202629073993236" lon="72.7724226743475"><time>2025-06-29T07:17:15Z</time></trkpt>
      <trkpt lat="37.22292347376927" lon="72.79565409041788"><time>2025-06-29T07:30:45Z</time></trkpt>
      <trkpt lat="37.231934950595864" lon="72.81363849471656"><time>2025-06-29T07:38:05Z</time></trkpt>
      <trkpt lat="37.23439450180493" lon="72.83927422073688"><time>2025-06-29T07:51:01Z</time></trkpt>
      <trkpt lat="37.27086733661257" lon="72.92426318010732"><time>2025-06-29T08:19:51Z</time></trkpt>
      <trkpt lat="37.28781767428873" lon="72.94578230210443"><time>2025-06-29T08:33:07Z</time></trkpt>
      <trkpt lat="37.30104415680962" lon="72.99287874258401"><time>2025-06-29T08:48:15Z</time></trkpt>
      <trkpt lat="37.30859302453446" lon="73.02910951904303"><time>2025-06-29T09:01:45Z</time></trkpt>
      <trkpt lat="37.3176706757183" lon="73.06463626177766"><time>2025-06-29T09:14:37Z</time></trkpt>
      <trkpt lat="37.3443141840178" lon="73.09454028135521"><time>2025-06-29T09:29:21Z</time></trkpt>
      <trkpt lat="37.375296673346504" lon="73.11431709554947"><time>2025-06-29T09:44:05Z</time></trkpt>
      <trkpt lat="37.38232577832605" lon="73.1191507138133"><time>2025-06-29T09:58:49Z</time></trkpt>
      <trkpt lat="37.40131462022505" lon="73.10146776020126"><time>2025-06-29T10:12:24Z</time></trkpt>
      <trkpt lat="37.42764182392269" lon="73.0828553718264"><time>2025-06-29T10:25:08Z</time></trkpt>
      <trkpt lat="37.44760839737714" lon="73.08137940249692"><time>2025-06-29T10:39:34Z</time></trkpt>
      <trkpt lat="37.47301306579026" lon="73.08480776853214"><time>2025-06-29T10:54:19Z</time></trkpt>
      <trkpt lat="37.49115276153897" lon="73.09807280085337"><time>2025-06-29T11:07:41Z</time></trkpt>
      <trkpt lat="37.51965754526091" lon="73.08956779747804"><time>2025-06-29T11:20:42Z</time></trkpt>
      <trkpt lat="37.5438133194446" lon="73.10598207317122"><time>2025-06-29T11:35:49Z</time></trkpt>
      <trkpt lat="37.56185671318095" lon="73.10352522886647"><time>2025-06-30T05:15:06Z</time></trkpt>
      <trkpt lat="37.57843402217848" lon="73.09602878994596"><time>2025-06-30T05:28:19Z</time></trkpt>
      <trkpt lat="37.602841798757076" lon="73.08819899064797"><time>2025-06-30T05:41:22Z</time></trkpt>
      <trkpt lat="37.623594396529484" lon="73.07835554889253"><time>2025-06-30T05:52:53Z</time></trkpt>
      <trkpt lat="37.64106738755654" lon="73.06299691917053"><time>2025-06-30T06:10:03Z</time></trkpt>
      <trkpt lat="37.652581846376556" lon="73.06474308490107"><time>2025-06-30T06:22:30Z</time></trkpt>
      <trkpt lat="37.67286445734407" lon="73.04774759979789"><time>2025-06-30T06:32:34Z</time></trkpt>
      <trkpt lat="37.676281081143244" lon="73.02991526969664"><time>2025-06-30T06:37:59Z</time></trkpt>
      <trkpt lat="37.67836504914021" lon="73.00087515291358"><time>2025-06-30T06:52:43Z</time></trkpt>
      <trkpt lat="37.6981940799934" lon="72.97944172398107"><time>2025-06-30T07:07:27Z</time></trkpt>
      <trkpt lat="37.708785761177126" lon="72.97307504476422"><time>2025-06-30T07:20:28Z</time></trkpt>
      <trkpt lat="37.70425418395335" lon="72.96033700934886"><time>2025-06-30T08:45:05Z</time></trkpt>
      <trkpt lat="37.704161983018466" lon="72.94240023947594"><time>2025-06-30T08:58:45Z</time></trkpt>
      <trkpt lat="37.72224728021558" lon="72.91660920723612"><time>2025-06-30T09:13:45Z</time></trkpt>
      <trkpt lat="37.72668294146445" lon="72.90878704755838"><time>2025-06-30T09:27:15Z</time></trkpt>
      <trkpt lat="37.731069964041104" lon="72.89961059793913"><time>2025-06-30T09:31:32Z</time></trkpt>
      <trkpt lat="37.731339172495275" lon="72.88987772546047"><time>2025-06-30T09:41:58Z</time></trkpt>
      <trkpt lat="37.712308481137086" lon="72.92201218140379"><time>2025-07-01T05:03:05Z</time></trkpt>
      <trkpt lat="37.704438502004095" lon="72.95148890472292"><time>2025-07-01T05:18:10Z</time></trkpt>
      <trkpt lat="37.71292974471592" lon="72.97194908114349"><time>2025-07-01T05:30:54Z</time></trkpt>
      <trkpt lat="37.73236511744347" lon="72.9920142330909"><time>2025-07-01T05:46:01Z</time></trkpt>
      <trkpt lat="37.743042433878706" lon="72.99228488868772"><time>2025-07-01T05:59:00Z</time></trkpt>
      <trkpt lat="37.75120563666422" lon="72.98946971498921"><time>2025-07-01T06:12:25Z</time></trkpt>
      <trkpt lat="37.74109748452171" lon="72.99208286224312"><time>2025-07-02T04:41:06Z</time></trkpt>
      <trkpt lat="37.72674231627016" lon="72.97494008698649"><time>2025-07-02T04:52:43Z</time></trkpt>
      <trkpt lat="37.71740476138677" lon="72.96898629523159"><time>2025-07-02T05:05:53Z</time></trkpt>
      <trkpt lat="37.706192457152255" lon="72.97444039962531"><time>2025-07-02T05:18:35Z</time></trkpt>
      <trkpt lat="37.68110592387401" lon="72.990000648492"><time>2025-07-02T05:31:45Z</time></trkpt>
      <trkpt lat="37.67661238558374" lon="73.02168281755691"><time>2025-07-02T05:44:49Z</time></trkpt>
      <trkpt lat="37.66540234446308" lon="73.05421415723212"><time>2025-07-02T05:57:32Z</time></trkpt>
      <trkpt lat="37.65314708001693" lon="73.06476093835482"><time>2025-07-02T06:05:21Z</time></trkpt>
      <trkpt lat="37.64365203567709" lon="73.06327509460816"><time>2025-07-02T06:10:40Z</time></trkpt>
      <trkpt lat="37.65534404044502" lon="73.1043395109881"><time>2025-07-02T06:24:07Z</time></trkpt>
      <trkpt lat="37.660223323800764" lon="73.12153404118244"><time>2025-07-02T06:30:56Z</time></trkpt>
      <trkpt lat="37.667024769482566" lon="73.14347691942967"><time>2025-07-02T06:38:21Z</time></trkpt>
      <trkpt lat="37.67787462289123" lon="73.19735466963706"><time>2025-07-02T06:51:08Z</time></trkpt>
      <trkpt lat="37.71013442430432" lon="73.24656265794601"><time>2025-07-02T07:04:50Z</time></trkpt>
      <trkpt lat="37.716199123845946" lon="73.2521958733167"><time>2025-07-02T07:09:55Z</time></trkpt>
      <trkpt lat="37.72914340723094" lon="73.25368090539543"><time>2025-07-02T07:16:41Z</time></trkpt>
      <trkpt lat="37.752559979301786" lon="73.26019763401261"><time>2025-07-02T07:30:49Z</time></trkpt>
      <trkpt lat="37.75707857221156" lon="73.27250037349134"><time>2025-07-02T07:44:51Z</time></trkpt>
      <trkpt lat="37.771182381583166" lon="73.312557069653"><time>2025-07-02T07:58:49Z</time></trkpt>
      <trkpt lat="37.78337072901327" lon="73.34621897268285"><time>2025-07-02T08:12:07Z</time></trkpt>
      <trkpt lat="37.79370224714805" lon="73.39348187284517"><time>2025-07-02T08:25:53Z</time></trkpt>
      <trkpt lat="37.79240573759934" lon="73.40680813423675"><time>2025-07-02T08:33:54Z</time></trkpt>
      <trkpt lat="37.799753077332056" lon="73.44350615042725"><time>2025-07-02T08:51:41Z</time></trkpt>
      <trkpt lat="37.81436082747638" lon="73.51513580691208"><time>2025-07-02T09:06:48Z</time></trkpt>
      <trkpt lat="37.817057537278096" lon="73.53924093500267"><time>2025-07-02T09:12:22Z</time></trkpt>
      <trkpt lat="37.82255280300772" lon="73.56905185624358"><time>2025-07-02T09:18:00Z</time></trkpt>
      <trkpt lat="37.82757410783118" lon="73.60978438525797"><time>2025-07-02T09:27:15Z</time></trkpt>
      <trkpt lat="37.82892371997035" lon="73.63610750071112"><time>2025-07-02T09:33:56Z</time></trkpt>
      <trkpt lat="37.83201282847471" lon="73.66858335218734"><time>2025-07-02T09:40:27Z</time></trkpt>
      <trkpt lat="37.82740108181366" lon="73.67966193925692"><time>2025-07-02T09:46:46Z</time></trkpt>
      <trkpt lat="37.82174492675182" lon="73.68357965870528"><time>2025-07-02T09:51:46Z</time></trkpt>
      <trkpt lat="37.843764214811706" lon="73.68367974653252"><time>2025-07-03T03:25:15Z</time></trkpt>
      <trkpt lat="37.85583516120711" lon="73.74175703159884"><time>2025-07-03T03:38:30Z</time></trkpt>
      <trkpt lat="37.85976681861827" lon="73.77612132585959"><time>2025-07-03T03:53:36Z</time></trkpt>
      <trkpt lat="37.87872358228814" lon="73.8284422551038"><time>2025-07-03T04:06:21Z</time></trkpt>
      <trkpt lat="37.92047060281337" lon="73.87385189391281"><time>2025-07-03T04:19:53Z</time></trkpt>
      <trkpt lat="37.96507183136422" lon="73.88132417337623"><time>2025-07-03T04:33:05Z</time></trkpt>
      <trkpt lat="37.96824033841301" lon="73.95490237518582"><time>2025-07-03T04:45:48Z</time></trkpt>
      <trkpt lat="38.013998572750026" lon="73.93427710987062"><time>2025-07-03T04:58:36Z</time></trkpt>
      <trkpt lat="38.07428226809769" lon="73.92682358629436"><time>2025-07-03T05:13:43Z</time></trkpt>
      <trkpt lat="38.09277826661326" lon="73.90892586163513"><time>2025-07-03T05:26:33Z</time></trkpt>
      <trkpt lat="38.122826264521855" lon="73.9168349687073"><time>2025-07-03T06:25:32Z</time></trkpt>
      <trkpt lat="38.13501579778222" lon="73.95576024279391"><time>2025-07-03T06:39:52Z</time></trkpt>
      <trkpt lat="38.146254502572724" lon="73.9640782661392"><time>2025-07-03T06:45:13Z</time></trkpt>
      <trkpt lat="38.15258940577065" lon="73.96573493035781"><time>2025-07-03T06:54:55Z</time></trkpt>
      <trkpt lat="38.17516447268238" lon="73.96820100903183"><time>2025-07-03T07:05:17Z</time></trkpt>
      <trkpt lat="38.1878224440146" lon="73.99069126782344"><time>2025-07-03T07:24:23Z</time></trkpt>
      <trkpt lat="38.22845807302578" lon="74.03814255266826"><time>2025-07-03T07:37:13Z</time></trkpt>
      <trkpt lat="38.27758973002273" lon="74.04826378456694"><time>2025-07-03T07:51:03Z</time></trkpt>
      <trkpt lat="38.335214052212464" lon="74.0333862490993"><time>2025-07-03T08:05:50Z</time></trkpt>
      <trkpt lat="38.374880156515516" lon="74.03137525550466"><time>2025-07-03T08:18:54Z</time></trkpt>
      <trkpt lat="38.41898361295077" lon="73.9632553804617"><time>2025-07-03T08:32:54Z</time></trkpt>
      <trkpt lat="38.46227440386772" lon="73.91457730994586"><time>2025-07-03T08:48:02Z</time></trkpt>
      <trkpt lat="38.46439728982603" lon="73.90532065189807"><time>2025-07-03T09:02:47Z</time></trkpt>
      <trkpt lat="38.490515719203735" lon="73.8772677630874"><time>2025-07-04T03:36:43Z</time></trkpt>
      <trkpt lat="38.53372920773786" lon="73.81187869242747"><time>2025-07-04T03:51:28Z</time></trkpt>
      <trkpt lat="38.5524762980999" lon="73.7533937115909"><time>2025-07-04T04:06:13Z</time></trkpt>
      <trkpt lat="38.570500491222894" lon="73.6951660551817"><time>2025-07-04T04:19:21Z</time></trkpt>
      <trkpt lat="38.56913273381758" lon="73.6357035994509"><time>2025-07-04T04:33:21Z</time></trkpt>
      <trkpt lat="38.564876108466244" lon="73.62694490707817"><time>2025-07-04T04:48:28Z</time></trkpt>
      <trkpt lat="38.560475148296504" lon="73.61165715388358"><time>2025-07-04T05:02:26Z</time></trkpt>
      <trkpt lat="38.56081816716217" lon="73.59664488789056"><time>2025-07-04T05:16:19Z</time></trkpt>
      <trkpt lat="38.563880365332736" lon="73.5621026098539"><time>2025-07-04T05:47:32Z</time></trkpt>
      <trkpt lat="38.57389926913993" lon="73.54744867428536"><time>2025-07-04T06:02:15Z</time></trkpt>
      <trkpt lat="38.602786702139866" lon="73.53341644636684"><time>2025-07-04T06:15:10Z</time></trkpt>
      <trkpt lat="38.62920616756997" lon="73.52908317006522"><time>2025-07-04T06:27:59Z</time></trkpt>
      <trkpt lat="38.652455681039626" lon="73.52765447466963"><time>2025-07-04T06:43:06Z</time></trkpt>
      <trkpt lat="38.664730684867756" lon="73.53144619620736"><time>2025-07-04T06:56:43Z</time></trkpt>
      <trkpt lat="38.6942452937725" lon="73.5260666069328"><time>2025-07-04T07:11:50Z</time></trkpt>
      <trkpt lat="38.71580099224924" lon="73.51329920820288"><time>2025-07-04T07:26:34Z</time></trkpt>
      <trkpt lat="38.742319280317744" lon="73.49749412394455"><time>2025-07-04T07:37:40Z</time></trkpt>
      <trkpt lat="38.75508433428383" lon="73.49383350635775"><time>2025-07-04T07:49:26Z</time></trkpt>
      <trkpt lat="38.82273031597836" lon="73.45873824588053"><time>2025-07-04T08:04:34Z</time></trkpt>
      <trkpt lat="38.90510937668281" lon="73.50029887638381"><time>2025-07-04T08:20:21Z</time></trkpt>
      <trkpt lat="38.90506113883006" lon="73.45367101959275"><time>2025-07-04T08:33:51Z</time></trkpt>
      <trkpt lat="38.89697255618805" lon="73.38695923845764"><time>2025-07-04T08:48:37Z</time></trkpt>
      <trkpt lat="38.89450401192407" lon="73.38326526486476"><time>2025-07-04T15:32:59Z</time></trkpt>
      <trkpt lat="38.905542343891135" lon="73.43921206898376"><time>2025-07-05T03:06:35Z</time></trkpt>
      <trkpt lat="38.904049179869325" lon="73.46251876756385"><time>2025-07-05T03:21:07Z</time></trkpt>
      <trkpt lat="38.931444897352655" lon="73.51451802074305"><time>2025-07-05T03:35:50Z</time></trkpt>
      <trkpt lat="39.00266823362466" lon="73.5549068917274"><time>2025-07-05T03:50:34Z</time></trkpt>
      <trkpt lat="39.06203020466562" lon="73.59675151941013"><time>2025-07-05T04:05:18Z</time></trkpt>
      <trkpt lat="39.116654442426444" lon="73.57360704675126"><time>2025-07-05T04:17:54Z</time></trkpt>
      <trkpt lat="39.1655605472989" lon="73.4852023982196"><time>2025-07-05T04:33:01Z</time></trkpt>
      <trkpt lat="39.190145965181195" lon="73.45619337179804"><time>2025-07-05T04:45:49Z</time></trkpt>
      <trkpt lat="39.22571668233708" lon="73.43061519247986"><time>2025-07-05T05:00:58Z</time></trkpt>
      <trkpt lat="39.24412035386939" lon="73.40752000927311"><time>2025-07-05T05:15:41Z</time></trkpt>
      <trkpt lat="39.27483273673735" lon="73.37375049486138"><time>2025-07-05T05:29:12Z</time></trkpt>
      <trkpt lat="39.30849399886961" lon="73.33749163902675"><time>2025-07-05T05:43:38Z</time></trkpt>
      <trkpt lat="39.333804957605274" lon="73.33511780022954"><time>2025-07-05T05:58:46Z</time></trkpt>
      <trkpt lat="39.35596151281088" lon="73.33917195915555"><time>2025-07-05T06:11:59Z</time></trkpt>
      <trkpt lat="39.36910559426934" lon="73.32637472085032"><time>2025-07-05T06:24:45Z</time></trkpt>
      <trkpt lat="39.37424462292286" lon="73.32665710716817"><time>2025-07-05T07:06:44Z</time></trkpt>
      <trkpt lat="39.38937307804766" lon="73.31017074182006"><time>2025-07-05T07:26:37Z</time></trkpt>
      <trkpt lat="39.394216770342915" lon="73.3038300835279"><time>2025-07-05T07:41:22Z</time></trkpt>
      <trkpt lat="39.3994323676819" lon="73.28631919815511"><time>2025-07-05T08:38:54Z</time></trkpt>
      <trkpt lat="39.423412594133055" lon="73.25655849827125"><time>2025-07-05T08:52:33Z</time></trkpt>
      <trkpt lat="39.444779595396895" lon="73.24580241932836"><time>2025-07-05T09:05:15Z</time></trkpt>
      <trkpt lat="39.48165452111464" lon="73.2619762235072"><time>2025-07-05T09:17:24Z</time></trkpt>
      <trkpt lat="39.506656367506274" lon="73.26896705208942"><time>2025-07-05T09:28:59Z</time></trkpt>
      <trkpt lat="39.5228530457676" lon="73.26936053859868"><time>2025-07-05T11:17:17Z</time></trkpt>
      <trkpt lat="39.57330743101207" lon="73.25811069942512"><time>2025-07-05T11:30:56Z</time></trkpt>
      <trkpt lat="39.59840303468746" lon="73.24624854108711"><time>2025-07-05T11:36:06Z</time></trkpt>
      <trkpt lat="39.603217452087115" lon="73.2418532806062"><time>2025-07-05T11:45:43Z</time></trkpt>
      <trkpt lat="39.60305415097587" lon="73.24192143052187"><time>2025-07-05T12:31:26Z</time></trkpt>
      <trkpt lat="39.60311093148633" lon="73.24192519728066"><time>2025-07-05T13:29:56Z</time></trkpt>
      <trkpt lat="39.60309909747121" lon="73.24187276414106"><time>2025-07-05T14:10:30Z</time></trkpt>
      <trkpt lat="39.60313931111215" lon="73.24190952821934"><time>2025-07-05T14:37:50Z</time></trkpt>
      <trkpt lat="39.60313202798534" lon="73.24187709530791"><time>2025-07-05T15:31:19Z</time></trkpt>
      <trkpt lat="39.53386306" lon="72.95034027"><time>2025-07-05T16:08:44Z</time></trkpt>
      <trkpt lat="39.60308868441694" lon="73.24194154708948"><time>2025-07-05T16:26:50Z</time></trkpt>
      <trkpt lat="39.53386306" lon="72.95034027"><time>2025-07-05T17:08:26Z</time></trkpt>
      <trkpt lat="39.6031052386757" lon="73.2419511024591"><time>2025-07-05T17:22:14Z</time></trkpt>
      <trkpt lat="39.53386306" lon="72.95034027"><time>2025-07-05T19:31:47Z</time></trkpt>
      <trkpt lat="39.60317832887136" lon="73.24184305972722"><time>2025-07-05T19:47:15Z</time></trkpt>
      <trkpt lat="39.53386306" lon="72.95034027"><time>2025-07-05T22:08:38Z</time></trkpt>
      <trkpt lat="39.603088684417" lon="73.24193182408179"><time>2025-07-05T22:20:02Z</time></trkpt>
      <trkpt lat="39.53386306" lon="72.95034027"><time>2025-07-05T22:45:28Z</time></trkpt>
      <trkpt lat="39.60305700082303" lon="73.24198161258663"><time>2025-07-05T22:57:57Z</time></trkpt>
      <trkpt lat="39.53386306" lon="72.95034027"><time>2025-07-05T23:08:40Z</time></trkpt>
      <trkpt lat="39.60309667595212" lon="73.24193013886106"><time>2025-07-05T23:26:02Z</time></trkpt>
      <trkpt lat="39.53386306" lon="72.95034027"><time>2025-07-05T23:51:36Z</time></trkpt>
      <trkpt lat="39.60311269532653" lon="73.24189578452194"><time>2025-07-06T00:03:05Z</time></trkpt>
      <trkpt lat="39.53386306" lon="72.95034027"><time>2025-07-06T00:13:47Z</time></trkpt>
      <trkpt lat="39.60312338549616" lon="73.24191799394156"><time>2025-07-06T00:31:06Z</time></trkpt>
      <trkpt lat="39.53386306" lon="72.95034027"><time>2025-07-06T01:10:22Z</time></trkpt>
      <trkpt lat="39.60307007659197" lon="73.24196090928582"><time>2025-07-06T01:21:53Z</time></trkpt>
      <trkpt lat="39.59083557128906" lon="72.96488952636719"><time>2025-07-06T01:32:34Z</time></trkpt>
      <trkpt lat="39.60311067574181" lon="73.2419191535447"><time>2025-07-06T01:48:14Z</time></trkpt>
      <trkpt lat="39.53386306" lon="72.95034027"><time>2025-07-06T02:11:00Z</time></trkpt>
      <trkpt lat="39.603090635145755" lon="73.24192523311119"><time>2025-07-06T02:30:04Z</time></trkpt>
      <trkpt lat="39.63794042825665" lon="73.23993257253733"><time>2025-07-06T02:42:01Z</time></trkpt>
      <trkpt lat="39.67264525144411" lon="73.23447503720023"><time>2025-07-06T02:48:31Z</time></trkpt>
      <trkpt lat="39.69482253774972" lon="73.23040855123962"><time>2025-07-06T02:53:59Z</time></trkpt>
      <trkpt lat="39.70170663371481" lon="73.21593200634824"><time>2025-07-06T03:00:42Z</time></trkpt>
      <trkpt lat="39.701223765815314" lon="73.18407222980096"><time>2025-07-06T03:11:33Z</time></trkpt>
      <trkpt lat="39.69240485854291" lon="73.15641527979287"><time>2025-07-06T03:24:45Z</time></trkpt>
      <trkpt lat="39.68542378399491" lon="73.07674613788079"><time>2025-07-06T03:34:44Z</time></trkpt>
      <trkpt lat="39.682074375487566" lon="72.96368516057075"><time>2025-07-06T03:53:04Z</time></trkpt>
      <trkpt lat="39.677729630868356" lon="72.8829359256255"><time>2025-07-06T04:03:13Z</time></trkpt>
      <trkpt lat="39.673509442384464" lon="72.882715962911"><time>2025-07-06T04:13:43Z</time></trkpt>
      <trkpt lat="39.66825284975149" lon="72.88374341027242"><time>2025-07-06T05:35:05Z</time></trkpt>
      <trkpt lat="39.660380511299046" lon="72.88055019863651"><time>2025-07-06T05:46:54Z</time></trkpt>
      <trkpt lat="39.62776747288796" lon="72.87749589818274"><time>2025-07-06T06:14:46Z</time></trkpt>
      <trkpt lat="39.596303550455154" lon="72.88386261039024"><time>2025-07-06T06:27:48Z</time></trkpt>
      <trkpt lat="39.56245979763526" lon="72.90663273080523"><time>2025-07-06T06:39:13Z</time></trkpt>
      <trkpt lat="39.5377072587313" lon="72.92806993608858"><time>2025-07-06T06:50:30Z</time></trkpt>
      <trkpt lat="39.5301451223478" lon="72.93453067708654"><time>2025-07-06T06:55:43Z</time></trkpt>
      <trkpt lat="39.51731773243142" lon="72.93474484602467"><time>2025-07-06T07:04:53Z</time></trkpt>
      <trkpt lat="39.502324112146944" lon="72.93053615925166"><time>2025-07-06T07:19:22Z</time></trkpt>
      <trkpt lat="39.50296063397242" lon="72.93236788765164"><time>2025-07-06T07:24:20Z</time></trkpt>
      <trkpt lat="39.49227850781446" lon="72.92454639962337"><time>2025-07-06T09:13:19Z</time></trkpt>
      <trkpt lat="39.503001266079686" lon="72.93229813336167"><time>2025-07-06T09:25:23Z</time></trkpt>
      <trkpt lat="39.64688873" lon="73.15450286"><time>2025-07-06T09:41:03Z</time></trkpt>
      <trkpt lat="39.50301051840654" lon="72.9322333052584"><time>2025-07-06T09:46:22Z</time></trkpt>
      <trkpt lat="39.48620960243229" lon="72.92049242468447"><time>2025-07-06T11:17:22Z</time></trkpt>
      <trkpt lat="39.502929876229196" lon="72.93233037806989"><time>2025-07-06T11:22:28Z</time></trkpt>
      <trkpt lat="39.52855408614343" lon="72.98359374702716"><time>2025-07-06T11:31:19Z</time></trkpt>
      <trkpt lat="39.50286656170903" lon="72.9323447214193"><time>2025-07-06T11:38:06Z</time></trkpt>
      <trkpt lat="39.488988456902" lon="72.92281179390652"><time>2025-07-06T12:11:43Z</time></trkpt>
      <trkpt lat="39.50282217336556" lon="72.93233134228899"><time>2025-07-06T12:18:30Z</time></trkpt>
      <trkpt lat="39.55085350711111" lon="73.00644695464017"><time>2025-07-06T14:12:00Z</time></trkpt>
      <trkpt lat="39.503056522258" lon="72.9323450616356"><time>2025-07-06T14:18:58Z</time></trkpt>
      <trkpt lat="39.48277411301081" lon="72.9198423599923"><time>2025-07-06T15:05:32Z</time></trkpt>
      <trkpt lat="39.502462166111066" lon="72.93263786413092"><time>2025-07-06T15:19:06Z</time></trkpt>
      <trkpt lat="39.50298730048447" lon="72.93238028617516"><time>2025-07-06T16:01:13Z</time></trkpt>
      <trkpt lat="39.524377218949915" lon="72.96834896446519"><time>2025-07-06T16:06:56Z</time></trkpt>
      <trkpt lat="39.502956710097074" lon="72.93225962128432"><time>2025-07-06T16:19:20Z</time></trkpt>
      <trkpt lat="39.63475036621094" lon="73.15385437011719"><time>2025-07-06T17:00:35Z</time></trkpt>
      <trkpt lat="39.50297257680434" lon="72.93230797686945"><time>2025-07-06T17:18:48Z</time></trkpt>
      <trkpt lat="39.61067199707031" lon="73.15034484863281"><time>2025-07-06T17:33:36Z</time></trkpt>
      <trkpt lat="39.5029764706759" lon="72.9323034144918"><time>2025-07-06T17:49:20Z</time></trkpt>
      <trkpt lat="39.61067199707031" lon="73.15034484863281"><time>2025-07-06T20:50:12Z</time></trkpt>
      <trkpt lat="39.50293082777163" lon="72.93229585896736"><time>2025-07-06T21:06:01Z</time></trkpt>
      <trkpt lat="39.61067199707031" lon="73.15034484863281"><time>2025-07-06T22:15:58Z</time></trkpt>
      <trkpt lat="39.502968500661424" lon="72.93230998799291"><time>2025-07-06T22:32:37Z</time></trkpt>
      <trkpt lat="39.61067199707031" lon="73.15034484863281"><time>2025-07-06T22:47:22Z</time></trkpt>
      <trkpt lat="39.50293787361401" lon="72.93228377771321"><time>2025-07-06T23:03:59Z</time></trkpt>
      <trkpt lat="39.61067199707031" lon="73.15034484863281"><time>2025-07-06T23:18:45Z</time></trkpt>
      <trkpt lat="39.50298910864692" lon="72.93232687698685"><time>2025-07-06T23:33:32Z</time></trkpt>
      <trkpt lat="39.61067199707031" lon="73.15034484863281"><time>2025-07-07T01:46:27Z</time></trkpt>
      <trkpt lat="39.50297271836524" lon="72.93232661678728"><time>2025-07-07T02:02:13Z</time></trkpt>
      <trkpt lat="39.48032798209093" lon="72.9162033939755"><time>2025-07-07T07:11:55Z</time></trkpt>
      <trkpt lat="39.50303202367847" lon="72.9323511743286"><time>2025-07-07T07:32:56Z</time></trkpt>
      <trkpt lat="39.47335433" lon="72.91130828"><time>2025-07-07T08:39:50Z</time></trkpt>
      <trkpt lat="39.50310628399207" lon="72.93233784853753"><time>2025-07-07T08:55:52Z</time></trkpt>
      <trkpt lat="39.49056442862873" lon="72.9242977450775"><time>2025-07-07T09:43:56Z</time></trkpt>
      <trkpt lat="39.5032377122338" lon="72.93222595013019"><time>2025-07-07T09:54:46Z</time></trkpt>
      <trkpt lat="39.64688873" lon="73.15450286"><time>2025-07-07T10:09:08Z</time></trkpt>
      <trkpt lat="39.502992061270646" lon="72.93232367401271"><time>2025-07-07T10:20:04Z</time></trkpt>
      <trkpt lat="39.48799653791948" lon="72.92168391727303"><time>2025-07-07T13:18:37Z</time></trkpt>
      <trkpt lat="39.50297736759132" lon="72.93231321308745"><time>2025-07-07T13:23:52Z</time></trkpt>
      <trkpt lat="39.60231018066406" lon="73.17045593261719"><time>2025-07-07T19:09:02Z</time></trkpt>
      <trkpt lat="39.50295169855708" lon="72.93227230127522"><time>2025-07-07T19:22:13Z</time></trkpt>
      <trkpt lat="39.60231018066406" lon="73.17045593261719"><time>2025-07-07T19:48:39Z</time></trkpt>
      <trkpt lat="39.50295456332667" lon="72.9323680203056"><time>2025-07-07T19:59:58Z</time></trkpt>
      <trkpt lat="39.60231018066406" lon="73.17045593261719"><time>2025-07-07T21:50:30Z</time></trkpt>
      <trkpt lat="39.50297127244784" lon="72.93234777300499"><time>2025-07-07T21:59:59Z</time></trkpt>
      <trkpt lat="39.62391281" lon="73.15657806"><time>2025-07-07T23:34:53Z</time></trkpt>
      <trkpt lat="39.50288707757534" lon="72.932304399277"><time>2025-07-07T23:40:15Z</time></trkpt>
      <trkpt lat="39.60231018066406" lon="73.17045593261719"><time>2025-07-07T23:50:58Z</time></trkpt>
      <trkpt lat="39.50294850544969" lon="72.93224795834334"><time>2025-07-07T23:56:30Z</time></trkpt>
      <trkpt lat="39.47550711978166" lon="72.91276624623866"><time>2025-07-08T00:20:38Z</time></trkpt>
      <trkpt lat="39.50300404677579" lon="72.93220637272083"><time>2025-07-08T00:31:37Z</time></trkpt>
      <trkpt lat="39.61067199707031" lon="73.15034484863281"><time>2025-07-08T00:42:41Z</time></trkpt>
      <trkpt lat="39.502819978265165" lon="72.932311778923"><time>2025-07-08T00:57:26Z</time></trkpt>
      <trkpt lat="39.47555637748392" lon="72.91284591104244"><time>2025-07-08T02:35:47Z</time></trkpt>
      <trkpt lat="39.50248414662415" lon="72.93012637437585"><time>2025-07-08T02:45:36Z</time></trkpt>
      <trkpt lat="39.515907587520324" lon="72.93388665660558"><time>2025-07-08T02:56:34Z</time></trkpt>
      <trkpt lat="39.521759788213835" lon="72.93340479776907"><time>2025-07-08T03:01:38Z</time></trkpt>
      <trkpt lat="39.531102551675765" lon="72.93390957522669"><time>2025-07-08T03:08:08Z</time></trkpt>
      <trkpt lat="39.53880455814259" lon="72.92716277770039"><time>2025-07-08T03:13:16Z</time></trkpt>
      <trkpt lat="39.566878897494504" lon="72.90053150423671"><time>2025-07-08T03:24:21Z</time></trkpt>
      <trkpt lat="39.58156613247618" lon="72.89080507217102"><time>2025-07-08T03:29:25Z</time></trkpt>
      <trkpt lat="39.61659200550457" lon="72.87521171795237"><time>2025-07-08T03:42:53Z</time></trkpt>
      <trkpt lat="39.6610709501895" lon="72.88153789084073"><time>2025-07-08T03:58:53Z</time></trkpt>
      <trkpt lat="39.67365360348865" lon="72.8829489321232"><time>2025-07-08T04:13:25Z</time></trkpt>
      <trkpt lat="39.68489696538158" lon="73.01357739154398"><time>2025-07-08T04:55:54Z</time></trkpt>
      <trkpt lat="39.68604753820266" lon="73.08629776277287"><time>2025-07-08T05:00:57Z</time></trkpt>
      <trkpt lat="39.70234590548612" lon="73.19593247700371"><time>2025-07-08T05:09:14Z</time></trkpt>
      <trkpt lat="39.7246247543082" lon="73.24836321639773"><time>2025-07-08T05:15:49Z</time></trkpt>
      <trkpt lat="39.742366569724254" lon="73.18846567787762"><time>2025-07-08T05:27:43Z</time></trkpt>
      <trkpt lat="39.76107831536627" lon="73.1643245496768"><time>2025-07-08T05:42:52Z</time></trkpt>
      <trkpt lat="39.77160753807046" lon="73.18540777626896"><time>2025-07-08T05:53:32Z</time></trkpt>
      <trkpt lat="39.77648300741549" lon="73.2086500294205"><time>2025-07-08T06:03:09Z</time></trkpt>
      <trkpt lat="39.81632551647706" lon="73.24589143514004"><time>2025-07-08T06:11:07Z</time></trkpt>
      <trkpt lat="39.856011640022246" lon="73.3452616265677"><time>2025-07-08T06:23:32Z</time></trkpt>
      <trkpt lat="39.89970757600385" lon="73.42127868347313"><time>2025-07-08T06:34:13Z</time></trkpt>
      <trkpt lat="39.916909511006075" lon="73.43190909932068"><time>2025-07-08T06:49:02Z</time></trkpt>
      <trkpt lat="39.97523399539289" lon="73.49205116748203"><time>2025-07-08T08:03:03Z</time></trkpt>
      <trkpt lat="39.99048509809145" lon="73.49276583773785"><time>2025-07-08T08:08:51Z</time></trkpt>
      <trkpt lat="40.00730583913625" lon="73.49216113805164"><time>2025-07-08T08:29:43Z</time></trkpt>
      <trkpt lat="40.08807176262148" lon="73.53756356059903"><time>2025-07-08T08:41:16Z</time></trkpt>
      <trkpt lat="40.12620410718299" lon="73.52807834978613"><time>2025-07-08T08:46:19Z</time></trkpt>
      <trkpt lat="40.194594648355356" lon="73.4816003658924"><time>2025-07-08T08:57:32Z</time></trkpt>
      <trkpt lat="40.23308088832863" lon="73.4750355214205"><time>2025-07-08T09:02:44Z</time></trkpt>
      <trkpt lat="40.297264072494954" lon="73.43550614418538"><time>2025-07-08T09:15:52Z</time></trkpt>
      <trkpt lat="40.254172654932084" lon="73.39367101579788"><time>2025-07-08T09:25:18Z</time></trkpt>
      <trkpt lat="40.245297767771184" lon="73.34517811474912"><time>2025-07-08T09:37:54Z</time></trkpt>
      <trkpt lat="40.24531671929196" lon="73.32354735595237"><time>2025-07-08T09:52:40Z</time></trkpt>
      <trkpt lat="40.30747650857415" lon="73.23550309856846"><time>2025-07-08T10:04:34Z</time></trkpt>
      <trkpt lat="40.38385344421344" lon="73.11348737587859"><time>2025-07-08T10:19:21Z</time></trkpt>
      <trkpt lat="40.48321978622678" lon="73.05329611306819"><time>2025-07-08T10:29:57Z</time></trkpt>
      <trkpt lat="40.52095045732628" lon="72.95511140817408"><time>2025-07-08T10:41:57Z</time></trkpt>
      <trkpt lat="40.563669503385114" lon="72.9340817177121"><time>2025-07-08T10:54:05Z</time></trkpt>
      <trkpt lat="40.61182383649507" lon="72.91654242956746"><time>2025-07-08T11:06:09Z</time></trkpt>
      <trkpt lat="40.61198856859876" lon="72.92127972509026"><time>2025-07-08T11:18:42Z</time></trkpt>
      <trkpt lat="40.57854318529421" lon="72.90927797562713"><time>2025-07-09T02:38:43Z</time></trkpt>
      <trkpt lat="40.56011371374466" lon="72.87154008888483"><time>2025-07-09T02:43:41Z</time></trkpt>
      <trkpt lat="40.53542477759748" lon="72.8189774651663"><time>2025-07-09T02:54:00Z</time></trkpt>
      <trkpt lat="40.52715186751473" lon="72.78612296034028"><time>2025-07-09T03:07:59Z</time></trkpt>
      <trkpt lat="40.52763925869067" lon="72.77975351556462"><time>2025-07-09T03:18:46Z</time></trkpt>
      <trkpt lat="40.527004864505415" lon="72.77805631654113"><time>2025-07-09T10:39:57Z</time></trkpt>
      <trkpt lat="40.52765390798537" lon="72.77976336584746"><time>2025-07-09T12:14:39Z</time></trkpt>
      <trkpt lat="40.526875185119415" lon="72.77700364247208"><time>2025-07-09T19:38:38Z</time></trkpt>
      <trkpt lat="40.52764253540808" lon="72.77973953334032"><time>2025-07-09T20:49:10Z</time></trkpt>
      <trkpt lat="40.52707044829391" lon="72.7777789704128"><time>2025-07-09T21:00:41Z</time></trkpt>
      <trkpt lat="40.52758175883491" lon="72.77977949946447"><time>2025-07-09T22:21:21Z</time></trkpt>
      <trkpt lat="40.52702332320369" lon="72.77751940103508"><time>2025-07-09T22:31:57Z</time></trkpt>
      <trkpt lat="40.52692840787095" lon="72.7771992208276"><time>2025-07-09T23:34:20Z</time></trkpt>
      <trkpt lat="40.52697229188364" lon="72.77736960283521"><time>2025-07-10T00:34:20Z</time></trkpt>
      <trkpt lat="40.527635498840745" lon="72.7797727387304"><time>2025-07-10T01:24:48Z</time></trkpt>
      <trkpt lat="40.527027308611714" lon="72.77764224558047"><time>2025-07-10T01:36:17Z</time></trkpt>
      <trkpt lat="40.5276034769894" lon="72.77979173494519"><time>2025-07-10T02:01:19Z</time></trkpt>
      <trkpt lat="40.527030729569695" lon="72.7778524666498"><time>2025-07-10T02:12:43Z</time></trkpt>
      <trkpt lat="40.52759694258976" lon="72.77979260729126"><time>2025-07-10T02:35:56Z</time></trkpt>
      <trkpt lat="40.52381480582107" lon="72.76309037587862"><time>2025-07-10T03:42:44Z</time></trkpt>
      <trkpt lat="40.52577128856621" lon="72.77275709831144"><time>2025-07-10T03:54:16Z</time></trkpt>
      <trkpt lat="40.523785552979" lon="72.76310437365692"><time>2025-07-10T04:29:25Z</time></trkpt>
      <trkpt lat="40.54160977296713" lon="72.75092531540466"><time>2025-07-10T04:42:06Z</time></trkpt>
      <trkpt lat="40.55882689623298" lon="72.76409747141406"><time>2025-07-10T04:52:31Z</time></trkpt>
      <trkpt lat="40.56723928184979" lon="72.79964841337103"><time>2025-07-10T05:36:18Z</time></trkpt>
      <trkpt lat="40.568662555926075" lon="72.80823824002668"><time>2025-07-10T05:41:56Z</time></trkpt>
      <trkpt lat="40.5575616052752" lon="72.84920822835792"><time>2025-07-10T05:52:19Z</time></trkpt>
      <trkpt lat="40.58187122841313" lon="72.9155745278808"><time>2025-07-10T06:02:06Z</time></trkpt>
      <trkpt lat="40.59952386995264" lon="72.96231490328432"><time>2025-07-10T06:07:05Z</time></trkpt>
      <trkpt lat="40.6437336467585" lon="73.08310448198866"><time>2025-07-10T06:18:47Z</time></trkpt>
      <trkpt lat="40.69563648667251" lon="73.18857304758689"><time>2025-07-10T06:32:54Z</time></trkpt>
      <trkpt lat="40.77321891768288" lon="73.24639821109061"><time>2025-07-10T06:47:44Z</time></trkpt>
      <trkpt lat="40.845871611570715" lon="73.17364492310921"><time>2025-07-10T07:01:03Z</time></trkpt>
      <trkpt lat="40.8649576832887" lon="73.06693566792325"><time>2025-07-10T07:16:13Z</time></trkpt>
      <trkpt lat="40.85820265874108" lon="73.0033246243118"><time>2025-07-10T07:59:41Z</time></trkpt>
      <trkpt lat="40.86566615853539" lon="72.98888786702695"><time>2025-07-10T08:04:58Z</time></trkpt>
      <trkpt lat="40.920636607372124" lon="72.95410590253114"><time>2025-07-10T08:15:48Z</time></trkpt>
      <trkpt lat="40.92590404678222" lon="72.9747945350343"><time>2025-07-10T08:21:03Z</time></trkpt>
      <trkpt lat="40.965692043604626" lon="72.99288140114334"><time>2025-07-10T08:34:36Z</time></trkpt>
      <trkpt lat="40.9992523811512" lon="73.01793255462839"><time>2025-07-10T08:45:21Z</time></trkpt>
      <trkpt lat="41.03356803696705" lon="73.09394759477841"><time>2025-07-10T08:56:28Z</time></trkpt>
      <trkpt lat="41.030385457720556" lon="73.1166315989335"><time>2025-07-10T09:02:22Z</time></trkpt>
      <trkpt lat="41.09979815319283" lon="73.21620223119223"><time>2025-07-10T09:13:06Z</time></trkpt>
      <trkpt lat="41.147335236930424" lon="73.29606089747817"><time>2025-07-10T09:26:19Z</time></trkpt>
      <trkpt lat="41.14599815165555" lon="73.2983828163654"><time>2025-07-10T12:44:01Z</time></trkpt>
      <trkpt lat="41.15283847675923" lon="73.29424891030351"><time>2025-07-11T01:42:35Z</time></trkpt>
      <trkpt lat="41.16098985154304" lon="73.32039598485501"><time>2025-07-11T01:47:43Z</time></trkpt>
      <trkpt lat="41.162867941357966" lon="73.3457349269982"><time>2025-07-11T02:01:17Z</time></trkpt>
      <trkpt lat="41.17609784347831" lon="73.37899942851706"><time>2025-07-11T02:13:56Z</time></trkpt>
      <trkpt lat="41.197424395331694" lon="73.39314381538787"><time>2025-07-11T02:30:34Z</time></trkpt>
      <trkpt lat="41.20379064642015" lon="73.40409019559883"><time>2025-07-11T02:44:34Z</time></trkpt>
      <trkpt lat="41.20993741790883" lon="73.44318272214804"><time>2025-07-11T02:58:32Z</time></trkpt>
      <trkpt lat="41.22020943094159" lon="73.47932098440218"><time>2025-07-11T03:12:33Z</time></trkpt>
      <trkpt lat="41.23069671101642" lon="73.4990247406329"><time>2025-07-11T03:20:55Z</time></trkpt>
      <trkpt lat="41.25050623802682" lon="73.541471877311"><time>2025-07-11T03:38:43Z</time></trkpt>
      <trkpt lat="41.25994480684517" lon="73.56291856623587"><time>2025-07-11T03:48:56Z</time></trkpt>
      <trkpt lat="41.26312816985069" lon="73.58933212242424"><time>2025-07-11T05:17:46Z</time></trkpt>
      <trkpt lat="41.25983353708057" lon="73.59817100695669"><time>2025-07-11T05:22:48Z</time></trkpt>
      <trkpt lat="41.259053252220724" lon="73.60916162810994"><time>2025-07-11T05:33:53Z</time></trkpt>
      <trkpt lat="41.26920963317417" lon="73.61301398636186"><time>2025-07-11T05:46:29Z</time></trkpt>
      <trkpt lat="41.26222367867945" lon="73.61295903108419"><time>2025-07-11T05:55:41Z</time></trkpt>
      <trkpt lat="41.26724609499521" lon="73.6322708722629"><time>2025-07-11T06:08:25Z</time></trkpt>
      <trkpt lat="41.26983629077791" lon="73.63341338939371"><time>2025-07-11T06:27:36Z</time></trkpt>
      <trkpt lat="41.28321052121376" lon="73.635943675992"><time>2025-07-11T06:54:41Z</time></trkpt>
      <trkpt lat="41.293489674415405" lon="73.62781021865598"><time>2025-07-11T07:05:45Z</time></trkpt>
      <trkpt lat="41.3056598698798" lon="73.6535820432167"><time>2025-07-11T07:20:34Z</time></trkpt>
      <trkpt lat="41.31079643330563" lon="73.64881806537338"><time>2025-07-11T07:34:24Z</time></trkpt>
      <trkpt lat="41.30869224093264" lon="73.65888349692551"><time>2025-07-11T07:40:44Z</time></trkpt>
      <trkpt lat="41.31147201176855" lon="73.66691862239844"><time>2025-07-11T07:48:30Z</time></trkpt>
      <trkpt lat="41.31453860184534" lon="73.67847410522423"><time>2025-07-11T07:53:29Z</time></trkpt>
      <trkpt lat="41.3053219475318" lon="73.66425705973815"><time>2025-07-11T08:02:32Z</time></trkpt>
      <trkpt lat="41.30122727252664" lon="73.66167834035461"><time>2025-07-11T08:08:13Z</time></trkpt>
      <trkpt lat="41.30324076418587" lon="73.66705471342031"><time>2025-07-11T08:13:47Z</time></trkpt>
      <trkpt lat="41.31669767434964" lon="73.67566286083968"><time>2025-07-11T08:24:08Z</time></trkpt>
      <trkpt lat="41.32051668244176" lon="73.67029234830578"><time>2025-07-11T08:30:10Z</time></trkpt>
      <trkpt lat="41.33715373447591" lon="73.64990521731438"><time>2025-07-11T08:43:13Z</time></trkpt>
      <trkpt lat="41.35003360027864" lon="73.66958644290422"><time>2025-07-11T08:54:38Z</time></trkpt>
      <trkpt lat="41.362219592854714" lon="73.69231572293457"><time>2025-07-11T08:59:53Z</time></trkpt>
      <trkpt lat="41.361683371442396" lon="73.72375531529576"><time>2025-07-11T09:06:54Z</time></trkpt>
      <trkpt lat="41.35661965479202" lon="73.78431173068286"><time>2025-07-11T09:23:39Z</time></trkpt>
      <trkpt lat="41.36651848446705" lon="73.81048503338714"><time>2025-07-11T09:36:59Z</time></trkpt>
      <trkpt lat="41.36049206372477" lon="73.80384514115174"><time>2025-07-11T09:49:35Z</time></trkpt>
      <trkpt lat="41.360342841724915" lon="73.80339390811913"><time>2025-07-11T10:44:42Z</time></trkpt>
      <trkpt lat="41.36648390911647" lon="73.81178380928357"><time>2025-07-12T02:40:26Z</time></trkpt>
      <trkpt lat="41.363637049513564" lon="73.83919550510535"><time>2025-07-12T02:45:32Z</time></trkpt>
      <trkpt lat="41.395729486315574" lon="73.89026459436593"><time>2025-07-12T02:55:31Z</time></trkpt>
      <trkpt lat="41.39938381407525" lon="73.93174742114842"><time>2025-07-12T03:02:25Z</time></trkpt>
      <trkpt lat="41.38830098237913" lon="73.94703044763924"><time>2025-07-12T03:08:05Z</time></trkpt>
      <trkpt lat="41.411735541225795" lon="73.98971937603689"><time>2025-07-12T03:14:32Z</time></trkpt>
      <trkpt lat="41.40547043333573" lon="74.00909747864482"><time>2025-07-12T03:19:35Z</time></trkpt>
      <trkpt lat="41.40337795271544" lon="74.01894413607283"><time>2025-07-12T03:24:32Z</time></trkpt>
      <trkpt lat="41.39567454889065" lon="74.08976049436734"><time>2025-07-12T05:13:12Z</time></trkpt>
      <trkpt lat="41.37914829498395" lon="74.2050963136418"><time>2025-07-12T05:28:20Z</time></trkpt>
      <trkpt lat="41.39032864837248" lon="74.25311435642782"><time>2025-07-12T05:43:04Z</time></trkpt>
      <trkpt lat="41.42039916750665" lon="74.31634067844492"><time>2025-07-12T05:57:48Z</time></trkpt>
      <trkpt lat="41.44872817923415" lon="74.33484277568576"><time>2025-07-12T06:09:33Z</time></trkpt>
      <trkpt lat="41.462388555557894" lon="74.35766631744276"><time>2025-07-12T06:22:33Z</time></trkpt>
      <trkpt lat="41.469877357303744" lon="74.41687575289714"><time>2025-07-12T06:39:22Z</time></trkpt>
      <trkpt lat="41.4672756889266" lon="74.45930128255928"><time>2025-07-12T06:52:51Z</time></trkpt>
      <trkpt lat="41.4849698217972" lon="74.51556452556933"><time>2025-07-12T07:05:10Z</time></trkpt>
      <trkpt lat="41.483939224892744" lon="74.52833401977506"><time>2025-07-12T07:10:21Z</time></trkpt>
      <trkpt lat="41.49000394585899" lon="74.58449742873634"><time>2025-07-12T07:25:09Z</time></trkpt>
      <trkpt lat="41.51158532191827" lon="74.6498655211325"><time>2025-07-12T07:41:12Z</time></trkpt>
      <trkpt lat="41.51848432290745" lon="74.68023472142718"><time>2025-07-12T07:54:00Z</time></trkpt>
      <trkpt lat="41.53217355724566" lon="74.70485136851175"><time>2025-07-12T08:07:03Z</time></trkpt>
      <trkpt lat="41.52600658873016" lon="74.71109950137131"><time>2025-07-12T08:18:32Z</time></trkpt>
      <trkpt lat="41.515407571607746" lon="74.72197970382379"><time>2025-07-12T08:32:46Z</time></trkpt>
      <trkpt lat="41.5054827696099" lon="74.7192428448002"><time>2025-07-12T08:47:49Z</time></trkpt>
      <trkpt lat="41.50207289109381" lon="74.73302929969057"><time>2025-07-12T09:00:52Z</time></trkpt>
      <trkpt lat="41.50287589897879" lon="74.73785842039146"><time>2025-07-12T09:55:39Z</time></trkpt>
      <trkpt lat="41.46458435" lon="74.81446075"><time>2025-07-12T10:22:08Z</time></trkpt>
      <trkpt lat="41.502889911682814" lon="74.73776224076258"><time>2025-07-12T10:33:26Z</time></trkpt>
      <trkpt lat="41.46458435" lon="74.81446075"><time>2025-07-12T11:55:03Z</time></trkpt>
      <trkpt lat="41.502867250902675" lon="74.73787401235077"><time>2025-07-12T12:00:46Z</time></trkpt>
      <trkpt lat="41.46875338358715" lon="74.80852727880291"><time>2025-07-12T12:08:05Z</time></trkpt>
      <trkpt lat="41.502882281558385" lon="74.73781407238646"><time>2025-07-12T12:18:45Z</time></trkpt>
      <trkpt lat="41.46390533" lon="74.82754516"><time>2025-07-12T16:49:42Z</time></trkpt>
      <trkpt lat="41.50286266843255" lon="74.73783397920747"><time>2025-07-12T17:04:04Z</time></trkpt>
      <trkpt lat="41.41493041766873" lon="74.89280887068524"><time>2025-07-12T19:01:20Z</time></trkpt>
      <trkpt lat="41.502886056007355" lon="74.73782887689279"><time>2025-07-12T19:17:29Z</time></trkpt>
      <trkpt lat="41.39847183" lon="74.89046478"><time>2025-07-12T19:46:10Z</time></trkpt>
      <trkpt lat="41.50286170657864" lon="74.73781588494288"><time>2025-07-12T20:02:18Z</time></trkpt>
      <trkpt lat="41.39847183" lon="74.89046478"><time>2025-07-12T21:02:25Z</time></trkpt>
      <trkpt lat="41.502871761362414" lon="74.73788328055984"><time>2025-07-12T21:18:10Z</time></trkpt>
      <trkpt lat="41.39847183" lon="74.89046478"><time>2025-07-12T22:12:10Z</time></trkpt>
      <trkpt lat="41.50286300972564" lon="74.73787772096225"><time>2025-07-12T22:30:07Z</time></trkpt>
      <trkpt lat="41.467518900265546" lon="74.8172216010533"><time>2025-07-12T22:45:45Z</time></trkpt>
      <trkpt lat="41.502947388219425" lon="74.73778968676056"><time>2025-07-12T23:01:10Z</time></trkpt>
      <trkpt lat="41.39847183" lon="74.89046478"><time>2025-07-12T23:15:10Z</time></trkpt>
      <trkpt lat="41.50284747317934" lon="74.73780173943591"><time>2025-07-12T23:32:03Z</time></trkpt>
      <trkpt lat="41.46390533" lon="74.82754516"><time>2025-07-13T00:12:42Z</time></trkpt>
      <trkpt lat="41.502433945833225" lon="74.7380588053152"><time>2025-07-13T00:29:30Z</time></trkpt>
      <trkpt lat="41.50283878207347" lon="74.73782787106441"><time>2025-07-13T01:26:02Z</time></trkpt>
      <trkpt lat="41.49817203470089" lon="74.74999280308326"><time>2025-07-13T02:05:06Z</time></trkpt>
      <trkpt lat="41.50293454531744" lon="74.7378180642377"><time>2025-07-13T02:15:28Z</time></trkpt>
      <trkpt lat="41.46390533" lon="74.82754516"><time>2025-07-13T02:31:30Z</time></trkpt>
      <trkpt lat="41.50287935048482" lon="74.73785435787843"><time>2025-07-13T02:39:19Z</time></trkpt>
      <trkpt lat="41.50290026160693" lon="74.74736247888663"><time>2025-07-13T03:00:24Z</time></trkpt>
      <trkpt lat="41.47955001269437" lon="74.77246041216756"><time>2025-07-13T03:12:38Z</time></trkpt>
      <trkpt lat="41.43111503539834" lon="74.85463641654897"><time>2025-07-13T03:29:55Z</time></trkpt>
      <trkpt lat="41.426817986664425" lon="74.9610928159667"><time>2025-07-13T03:43:26Z</time></trkpt>
      <trkpt lat="41.41891523632907" lon="75.03280514701257"><time>2025-07-13T03:56:09Z</time></trkpt>
      <trkpt lat="41.41319562125024" lon="75.06702635476114"><time>2025-07-13T04:11:18Z</time></trkpt>
      <trkpt lat="41.41296302903575" lon="75.04670301459268"><time>2025-07-13T04:39:32Z</time></trkpt>
      <trkpt lat="41.479361415090914" lon="75.03533025775185"><time>2025-07-13T04:54:18Z</time></trkpt>
      <trkpt lat="41.53152797458327" lon="75.03643115247719"><time>2025-07-13T05:08:43Z</time></trkpt>
      <trkpt lat="41.56434396338977" lon="75.01699654199493"><time>2025-07-13T05:19:10Z</time></trkpt>
      <trkpt lat="41.62020508203806" lon="75.04321664578751"><time>2025-07-13T05:35:33Z</time></trkpt>
      <trkpt lat="41.64744783225901" lon="75.0295538527589"><time>2025-07-13T05:46:12Z</time></trkpt>
      <trkpt lat="41.661164909039265" lon="75.02162453313407"><time>2025-07-13T06:01:20Z</time></trkpt>
      <trkpt lat="41.665583741889954" lon="75.02621152445211"><time>2025-07-13T06:15:44Z</time></trkpt>
      <trkpt lat="41.66047316979771" lon="75.0316771958722"><time>2025-07-13T06:26:13Z</time></trkpt>
      <trkpt lat="41.6687551911327" lon="75.03637164433859"><time>2025-07-13T06:36:35Z</time></trkpt>
      <trkpt lat="41.68257985545281" lon="75.05436688830935"><time>2025-07-13T06:57:33Z</time></trkpt>
      <trkpt lat="41.73096153885922" lon="75.08250881572559"><time>2025-07-13T07:10:54Z</time></trkpt>
      <trkpt lat="41.75313921765097" lon="75.11217363461205"><time>2025-07-13T07:23:31Z</time></trkpt>
      <trkpt lat="41.76057209799214" lon="75.15508811175121"><time>2025-07-13T07:38:15Z</time></trkpt>
      <trkpt lat="41.76567309539929" lon="75.16292028136101"><time>2025-07-13T07:50:59Z</time></trkpt>
      <trkpt lat="41.75780215304509" lon="75.16911434016671"><time>2025-07-16T03:32:31Z</time></trkpt>
      <trkpt lat="41.760151307137455" lon="75.2205419261709"><time>2025-07-16T03:46:45Z</time></trkpt>
      <trkpt lat="41.765409023539874" lon="75.26971008635617"><time>2025-07-16T04:01:54Z</time></trkpt>
      <trkpt lat="41.7697811786864" lon="75.30921211200761"><time>2025-07-16T04:11:52Z</time></trkpt>
      <trkpt lat="41.76195961892768" lon="75.37193242467507"><time>2025-07-16T04:30:20Z</time></trkpt>
      <trkpt lat="41.7991660260091" lon="75.39337229246468"><time>2025-07-16T04:43:59Z</time></trkpt>
      <trkpt lat="41.84728970578349" lon="75.36859051043814"><time>2025-07-16T04:57:25Z</time></trkpt>
      <trkpt lat="41.886075739787785" lon="75.34630509100421"><time>2025-07-16T05:10:27Z</time></trkpt>
      <trkpt lat="41.90587594561733" lon="75.3828321912648"><time>2025-07-16T05:20:30Z</time></trkpt>
      <trkpt lat="41.91426909491478" lon="75.42107077401786"><time>2025-07-16T05:32:53Z</time></trkpt>
      <trkpt lat="41.93218291275383" lon="75.41455658159722"><time>2025-07-16T06:01:33Z</time></trkpt>
      <trkpt lat="41.94387914616795" lon="75.42502951815298"><time>2025-07-16T06:16:16Z</time></trkpt>
      <trkpt lat="41.952339285973814" lon="75.45864942981474"><time>2025-07-16T06:29:41Z</time></trkpt>
      <trkpt lat="41.952790622442954" lon="75.46524935737573"><time>2025-07-16T06:44:44Z</time></trkpt>
      <trkpt lat="41.950964555774505" lon="75.51123548417416"><time>2025-07-16T06:52:28Z</time></trkpt>
      <trkpt lat="41.94592997232774" lon="75.5756116476465"><time>2025-07-16T07:00:15Z</time></trkpt>
      <trkpt lat="41.9358041313025" lon="75.63518698518124"><time>2025-07-16T07:10:53Z</time></trkpt>
      <trkpt lat="41.91062164" lon="75.71850585"><time>2025-07-16T07:23:13Z</time></trkpt>
      <trkpt lat="41.935829606628715" lon="75.63513823532506"><time>2025-07-16T07:37:12Z</time></trkpt>
      <trkpt lat="41.93596996868228" lon="75.63587357624822"><time>2025-07-16T15:25:16Z</time></trkpt>
      <trkpt lat="41.93580406649578" lon="75.63508772679582"><time>2025-07-16T15:26:26Z</time></trkpt>
      <trkpt lat="41.933119065008945" lon="75.67778977287438"><time>2025-07-17T03:19:54Z</time></trkpt>
      <trkpt lat="41.931734880949186" lon="75.68405357937516"><time>2025-07-17T03:31:13Z</time></trkpt>
      <trkpt lat="41.93334544081421" lon="75.73761608458658"><time>2025-07-17T03:41:56Z</time></trkpt>
      <trkpt lat="42.01332262422845" lon="75.69671174202533"><time>2025-07-17T03:55:00Z</time></trkpt>
      <trkpt lat="42.1179316705485" lon="75.64527936286818"><time>2025-07-17T04:07:45Z</time></trkpt>
      <trkpt lat="42.192219817978525" lon="75.75770402115793"><time>2025-07-17T04:22:33Z</time></trkpt>
      <trkpt lat="42.217420712152695" lon="75.76037865139149"><time>2025-07-17T04:34:29Z</time></trkpt>
      <trkpt lat="42.220745058769566" lon="75.76885367750727"><time>2025-07-17T05:18:11Z</time></trkpt>
      <trkpt lat="42.22382800657509" lon="75.77624006203914"><time>2025-07-17T05:39:31Z</time></trkpt>
      <trkpt lat="42.24813020326406" lon="75.83426353528708"><time>2025-07-17T05:50:40Z</time></trkpt>
      <trkpt lat="42.22154235839844" lon="75.77110290527344"><time>2025-07-17T06:03:03Z</time></trkpt>
      <trkpt lat="42.2480798966943" lon="75.83421267531433"><time>2025-07-17T06:12:41Z</time></trkpt>
      <trkpt lat="42.22259902" lon="75.77337646"><time>2025-07-17T06:25:57Z</time></trkpt>
      <trkpt lat="42.272182074414815" lon="75.85380552343638"><time>2025-07-17T06:33:43Z</time></trkpt>
      <trkpt lat="42.32428094645701" lon="75.8876810794113"><time>2025-07-17T06:42:04Z</time></trkpt>
      <trkpt lat="42.419607599092025" lon="75.84840463664221"><time>2025-07-17T06:56:08Z</time></trkpt>
      <trkpt lat="42.46540441349509" lon="75.9398381242236"><time>2025-07-17T07:08:02Z</time></trkpt>
      <trkpt lat="42.45860808998575" lon="76.09299067414933"><time>2025-07-17T07:18:43Z</time></trkpt>
      <trkpt lat="42.4526768876635" lon="76.16441412835955"><time>2025-07-17T07:24:20Z</time></trkpt>
      <trkpt lat="42.465383685233505" lon="76.22226602404957"><time>2025-07-17T07:35:17Z</time></trkpt>
      <trkpt lat="42.47492540232441" lon="76.24899896124325"><time>2025-07-17T07:40:14Z</time></trkpt>
      <trkpt lat="42.488701678852074" lon="76.38138078160247"><time>2025-07-17T07:49:15Z</time></trkpt>
      <trkpt lat="42.51503812153126" lon="76.55184773735381"><time>2025-07-17T08:01:37Z</time></trkpt>
      <trkpt lat="42.58182592228295" lon="76.72094777233593"><time>2025-07-17T08:17:00Z</time></trkpt>
      <trkpt lat="42.5995167252073" lon="76.88100574545271"><time>2025-07-17T08:30:07Z</time></trkpt>
      <trkpt lat="42.60233180379026" lon="76.89135130252055"><time>2025-07-17T08:47:17Z</time></trkpt>
      <trkpt lat="42.59507657964024" lon="76.86365394860213"><time>2025-07-17T08:56:57Z</time></trkpt>
      <trkpt lat="42.59316185958925" lon="76.86758195988541"><time>2025-07-17T09:02:07Z</time></trkpt>
      <trkpt lat="42.593086775913726" lon="76.86836872823984"><time>2025-07-17T09:18:07Z</time></trkpt>
      <trkpt lat="42.58570098" lon="76.76430511"><time>2025-07-17T13:23:52Z</time></trkpt>
      <trkpt lat="42.593093722471295" lon="76.86833401085862"><time>2025-07-17T13:29:17Z</time></trkpt>
      <trkpt lat="42.58570098" lon="76.76430511"><time>2025-07-17T13:53:43Z</time></trkpt>
      <trkpt lat="42.59307614376903" lon="76.86831906084963"><time>2025-07-17T14:05:16Z</time></trkpt>
      <trkpt lat="42.58570098" lon="76.76430511"><time>2025-07-17T14:37:15Z</time></trkpt>
      <trkpt lat="42.593010524327724" lon="76.86835829175716"><time>2025-07-17T14:53:12Z</time></trkpt>
      <trkpt lat="42.59144638673224" lon="76.84545761462682"><time>2025-07-17T15:17:10Z</time></trkpt>
      <trkpt lat="42.59310941212126" lon="76.86832529568555"><time>2025-07-17T15:26:20Z</time></trkpt>
      <trkpt lat="42.59704373066358" lon="76.87104137389436"><time>2025-07-17T15:38:02Z</time></trkpt>
      <trkpt lat="42.59309451099751" lon="76.86837631284898"><time>2025-07-17T17:13:24Z</time></trkpt>
      <trkpt lat="42.58570098" lon="76.76430511"><time>2025-07-17T17:41:38Z</time></trkpt>
      <trkpt lat="42.593080185271624" lon="76.86835159069702"><time>2025-07-17T17:47:02Z</time></trkpt>
      <trkpt lat="42.58570098" lon="76.76430511"><time>2025-07-17T19:15:55Z</time></trkpt>
      <trkpt lat="42.59307141885403" lon="76.86831227510875"><time>2025-07-17T19:27:58Z</time></trkpt>
      <trkpt lat="42.59755043937598" lon="76.8713182447753"><time>2025-07-17T19:44:56Z</time></trkpt>
      <trkpt lat="42.59310293278074" lon="76.86836614221674"><time>2025-07-17T19:58:17Z</time></trkpt>
      <trkpt lat="42.59755493456843" lon="76.87135884111144"><time>2025-07-17T20:32:34Z</time></trkpt>
      <trkpt lat="42.59308981713174" lon="76.86836491346067"><time>2025-07-17T20:45:05Z</time></trkpt>
      <trkpt lat="42.59755717951386" lon="76.87137911534"><time>2025-07-17T20:55:43Z</time></trkpt>
      <trkpt lat="42.59310947269467" lon="76.86835887849038"><time>2025-07-17T21:08:01Z</time></trkpt>
      <trkpt lat="42.59755043946002" lon="76.87131824553418"><time>2025-07-17T22:18:17Z</time></trkpt>
      <trkpt lat="42.593121461630155" lon="76.86834030088632"><time>2025-07-17T22:29:19Z</time></trkpt>
      <trkpt lat="42.58570098" lon="76.76430511"><time>2025-07-17T22:42:27Z</time></trkpt>
      <trkpt lat="42.593139207262546" lon="76.86839782221456"><time>2025-07-17T23:13:22Z</time></trkpt>
      <trkpt lat="42.58570098" lon="76.76430511"><time>2025-07-17T23:58:13Z</time></trkpt>
      <trkpt lat="42.59309983350578" lon="76.86835376552945"><time>2025-07-18T00:13:31Z</time></trkpt>
      <trkpt lat="42.598015925205196" lon="76.8671959572239"><time>2025-07-18T00:18:25Z</time></trkpt>
      <trkpt lat="42.59308419560927" lon="76.86834700489996"><time>2025-07-18T00:43:10Z</time></trkpt>
      <trkpt lat="42.59755491304174" lon="76.87135864670257"><time>2025-07-18T00:55:00Z</time></trkpt>
      <trkpt lat="42.59313329090121" lon="76.86834496517083"><time>2025-07-18T01:08:56Z</time></trkpt>
      <trkpt lat="42.59755043946001" lon="76.87131824553414"><time>2025-07-18T01:23:37Z</time></trkpt>
      <trkpt lat="42.59315326303581" lon="76.86836752247596"><time>2025-07-18T01:33:05Z</time></trkpt>
      <trkpt lat="42.58570098" lon="76.76430511"><time>2025-07-18T01:43:46Z</time></trkpt>
      <trkpt lat="42.593106203881725" lon="76.86839903717008"><time>2025-07-18T01:54:49Z</time></trkpt>
      <trkpt lat="42.597555832275624" lon="76.87136694835571"><time>2025-07-18T02:16:18Z</time></trkpt>
      <trkpt lat="42.59307447273594" lon="76.86836129815529"><time>2025-07-18T02:31:35Z</time></trkpt>
      <trkpt lat="42.59745769733609" lon="76.8713608434047"><time>2025-07-18T02:38:53Z</time></trkpt>
      <trkpt lat="42.59306792591762" lon="76.86837810810043"><time>2025-07-18T02:45:22Z</time></trkpt>
      <trkpt lat="42.58570098" lon="76.76430511"><time>2025-07-18T04:09:30Z</time></trkpt>
      <trkpt lat="42.5930344954442" lon="76.86830663781535"><time>2025-07-18T04:25:17Z</time></trkpt>
      <trkpt lat="42.58585315992207" lon="76.76485323209639"><time>2025-07-18T06:45:26Z</time></trkpt>
      <trkpt lat="42.59306240841645" lon="76.86836935618712"><time>2025-07-18T07:02:04Z</time></trkpt>
      <trkpt lat="42.59196472" lon="76.79068756"><time>2025-07-18T07:42:35Z</time></trkpt>
      <trkpt lat="42.59311449416613" lon="76.8683462905134"><time>2025-07-18T08:02:15Z</time></trkpt>
      <trkpt lat="42.59196472" lon="76.79068756"><time>2025-07-18T08:12:48Z</time></trkpt>
      <trkpt lat="42.59308745456755" lon="76.86829168048445"><time>2025-07-18T08:23:29Z</time></trkpt>
      <trkpt lat="42.58570098" lon="76.76430511"><time>2025-07-18T08:52:13Z</time></trkpt>
      <trkpt lat="42.593079498728954" lon="76.86836485871534"><time>2025-07-18T09:03:23Z</time></trkpt>
      <trkpt lat="42.59756394843828" lon="76.87144241106803"><time>2025-07-18T10:23:05Z</time></trkpt>
      <trkpt lat="42.593049919378345" lon="76.86842174338322"><time>2025-07-18T10:48:06Z</time></trkpt>
      <trkpt lat="42.5975639618391" lon="76.87144469687306"><time>2025-07-18T11:45:05Z</time></trkpt>
      <trkpt lat="42.593110032189315" lon="76.86834975632846"><time>2025-07-18T11:59:27Z</time></trkpt>
      <trkpt lat="42.59809860772928" lon="76.86640436412767"><time>2025-07-18T16:16:17Z</time></trkpt>
      <trkpt lat="42.593414183886566" lon="76.86850248741409"><time>2025-07-18T16:34:44Z</time></trkpt>
      <trkpt lat="42.59309208024535" lon="76.86827564619189"><time>2025-07-18T16:51:01Z</time></trkpt>
      <trkpt lat="42.59787461351443" lon="76.86734467119909"><time>2025-07-18T18:55:59Z</time></trkpt>
      <trkpt lat="42.59302560647695" lon="76.86835074373451"><time>2025-07-18T19:57:43Z</time></trkpt>
      <trkpt lat="42.598083303371936" lon="76.86658360523644"><time>2025-07-18T20:08:20Z</time></trkpt>
      <trkpt lat="42.59308566808942" lon="76.86843272305732"><time>2025-07-18T20:31:38Z</time></trkpt>
      <trkpt lat="42.597933463412566" lon="76.8672035007333"><time>2025-07-18T20:43:56Z</time></trkpt>
      <trkpt lat="42.593079121731144" lon="76.86835023816789"><time>2025-07-19T02:45:27Z</time></trkpt>
      <trkpt lat="42.59458665251221" lon="76.8718071742568"><time>2025-07-19T03:27:46Z</time></trkpt>
      <trkpt lat="42.60206750598047" lon="76.89042440622755"><time>2025-07-19T03:32:56Z</time></trkpt>
      <trkpt lat="42.61105772577469" lon="76.94284751087142"><time>2025-07-19T03:38:12Z</time></trkpt>
      <trkpt lat="42.631237660574385" lon="77.0080432110252"><time>2025-07-19T03:44:40Z</time></trkpt>
      <trkpt lat="42.64434783723451" lon="77.07221933647718"><time>2025-07-19T03:51:08Z</time></trkpt>
      <trkpt lat="42.65098714283185" lon="77.10339152069119"><time>2025-07-19T03:57:33Z</time></trkpt>
      <trkpt lat="42.654838532368004" lon="77.17901189300983"><time>2025-07-19T04:04:19Z</time></trkpt>
      <trkpt lat="42.658237365517365" lon="77.20186733192392"><time>2025-07-19T04:09:21Z</time></trkpt>
      <trkpt lat="42.66965003353077" lon="77.27619269987942"><time>2025-07-19T04:15:06Z</time></trkpt>
      <trkpt lat="42.690666973305134" lon="77.35522694440102"><time>2025-07-19T04:22:13Z</time></trkpt>
      <trkpt lat="42.69839372024191" lon="77.40978632129487"><time>2025-07-19T04:28:57Z</time></trkpt>
      <trkpt lat="42.704263830917725" lon="77.43265698889887"><time>2025-07-19T04:34:46Z</time></trkpt>
      <trkpt lat="42.71620516614738" lon="77.47014882999137"><time>2025-07-19T04:41:14Z</time></trkpt>
      <trkpt lat="42.71871017641474" lon="77.47437287668001"><time>2025-07-19T05:09:06Z</time></trkpt>
      <trkpt lat="42.71832717837858" lon="77.49461001509749"><time>2025-07-19T05:14:46Z</time></trkpt>
      <trkpt lat="42.72012048306281" lon="77.53523376806531"><time>2025-07-19T05:19:44Z</time></trkpt>
      <trkpt lat="42.72118028354304" lon="77.54756914832204"><time>2025-07-19T05:24:49Z</time></trkpt>
      <trkpt lat="42.72327161440049" lon="77.56316969114579"><time>2025-07-19T05:30:49Z</time></trkpt>
      <trkpt lat="42.72886092715437" lon="77.61562143156041"><time>2025-07-19T05:35:53Z</time></trkpt>
      <trkpt lat="42.733701223027886" lon="77.6610261899186"><time>2025-07-19T05:41:07Z</time></trkpt>
      <trkpt lat="42.735047393637345" lon="77.67879991196078"><time>2025-07-19T05:46:32Z</time></trkpt>
      <trkpt lat="42.73809877406674" lon="77.73154987785658"><time>2025-07-19T05:52:43Z</time></trkpt>
      <trkpt lat="42.7389547145898" lon="77.81070533721544"><time>2025-07-19T06:03:07Z</time></trkpt>
      <trkpt lat="42.73722463014736" lon="77.82487607905615"><time>2025-07-19T06:08:48Z</time></trkpt>
      <trkpt lat="42.73633892767976" lon="77.86480605136173"><time>2025-07-19T06:17:05Z</time></trkpt>
      <trkpt lat="42.73704749536024" lon="77.93093676686094"><time>2025-07-19T06:22:10Z</time></trkpt>
      <trkpt lat="42.73525758783715" lon="77.97122713693282"><time>2025-07-19T06:30:56Z</time></trkpt>
      <trkpt lat="42.74196194117197" lon="78.01901190789997"><time>2025-07-19T06:45:05Z</time></trkpt>
      <trkpt lat="42.74804090222363" lon="78.11104398170667"><time>2025-07-19T06:56:19Z</time></trkpt>
      <trkpt lat="42.758423995811896" lon="78.15243982021586"><time>2025-07-19T07:03:17Z</time></trkpt>
      <trkpt lat="42.78078500209516" lon="78.21902381044393"><time>2025-07-19T07:36:03Z</time></trkpt>
      <trkpt lat="42.784380129600535" lon="78.24270317946896"><time>2025-07-19T07:42:11Z</time></trkpt>
      <trkpt lat="42.77824250798108" lon="78.30871366824017"><time>2025-07-19T08:29:46Z</time></trkpt>
      <trkpt lat="42.73307199511936" lon="78.35615944568038"><time>2025-07-19T09:13:49Z</time></trkpt>
      <trkpt lat="42.515185810665145" lon="78.38583128534107"><time>2025-07-19T09:45:43Z</time></trkpt>
      <trkpt lat="42.46977598184003" lon="78.2689229962473"><time>2025-07-19T10:06:18Z</time></trkpt>
      <trkpt lat="42.42905090101289" lon="78.2145579066856"><time>2025-07-19T10:22:40Z</time></trkpt>
      <trkpt lat="42.36725454462399" lon="78.22214926708297"><time>2025-07-19T10:33:46Z</time></trkpt>
      <trkpt lat="42.34659642865701" lon="78.22796063869004"><time>2025-07-19T10:39:02Z</time></trkpt>
      <trkpt lat="42.33324717268565" lon="78.24148703373805"><time>2025-07-19T11:36:00Z</time></trkpt>
      <trkpt lat="42.33294798065194" lon="78.24117916643455"><time>2025-07-19T12:18:25Z</time></trkpt>
      <trkpt lat="42.33318990063721" lon="78.24150067397827"><time>2025-07-19T12:27:54Z</time></trkpt>
      <trkpt lat="42.35713350789317" lon="78.23109870920433"><time>2025-07-20T01:46:10Z</time></trkpt>
      <trkpt lat="42.33315494334569" lon="78.24148558064604"><time>2025-07-20T01:51:30Z</time></trkpt>
      <trkpt lat="42.34878543229754" lon="78.23536149460553"><time>2025-07-20T03:07:08Z</time></trkpt>
      <trkpt lat="42.33328482384262" lon="78.24164482305514"><time>2025-07-20T03:12:31Z</time></trkpt>
      <trkpt lat="42.35243936871593" lon="78.23439422728174"><time>2025-07-20T06:50:49Z</time></trkpt>
      <trkpt lat="42.333234850733994" lon="78.24147796337486"><time>2025-07-20T06:57:21Z</time></trkpt>
      <trkpt lat="42.34237885943784" lon="78.2380901050871"><time>2025-07-20T07:04:09Z</time></trkpt>
      <trkpt lat="42.333278298503785" lon="78.24148385196271"><time>2025-07-20T07:12:04Z</time></trkpt>
      <trkpt lat="42.33958675901968" lon="78.23390764628027"><time>2025-07-21T03:34:19Z</time></trkpt>
      <trkpt lat="42.34505325691357" lon="78.2300394772323"><time>2025-07-21T04:03:06Z</time></trkpt>
      <trkpt lat="42.41321549632517" lon="78.21820651590342"><time>2025-07-21T04:18:13Z</time></trkpt>
      <trkpt lat="42.46774488203852" lon="78.24941968560529"><time>2025-07-21T04:31:13Z</time></trkpt>
      <trkpt lat="42.483536750117764" lon="78.37402403361943"><time>2025-07-21T04:44:50Z</time></trkpt>
      <trkpt lat="42.49031339310341" lon="78.39183457203059"><time>2025-07-21T04:50:23Z</time></trkpt>
      <trkpt lat="42.54956398606196" lon="78.39037050601164"><time>2025-07-21T05:03:47Z</time></trkpt>
      <trkpt lat="42.66088228744557" lon="78.35111750248943"><time>2025-07-21T05:18:57Z</time></trkpt>
      <trkpt lat="42.72918724827819" lon="78.35711650261564"><time>2025-07-21T05:29:21Z</time></trkpt>
      <trkpt lat="42.741094846285364" lon="78.39433102762604"><time>2025-07-21T06:21:29Z</time></trkpt>
      <trkpt lat="42.7694816887777" lon="78.47899915657796"><time>2025-07-21T06:27:50Z</time></trkpt>
      <trkpt lat="42.772884255413786" lon="78.60866312832219"><time>2025-07-21T06:38:33Z</time></trkpt>
      <trkpt lat="42.73508220155047" lon="78.83035291636902"><time>2025-07-21T06:58:40Z</time></trkpt>
      <trkpt lat="42.741431985090244" lon="78.94842320129177"><time>2025-07-21T07:10:14Z</time></trkpt>
      <trkpt lat="42.76145836342408" lon="79.13248686127284"><time>2025-07-21T07:27:17Z</time></trkpt>
      <trkpt lat="42.79991960622631" lon="79.18024845428688"><time>2025-07-21T08:56:22Z</time></trkpt>
      <trkpt lat="42.863671565468294" lon="79.23474121846188"><time>2025-07-21T10:13:29Z</time></trkpt>
      <trkpt lat="42.961995732079224" lon="79.23608927994896"><time>2025-07-21T10:29:36Z</time></trkpt>
      <trkpt lat="43.01686577553351" lon="79.22934843236928"><time>2025-07-21T10:43:54Z</time></trkpt>
      <trkpt lat="43.01283101089579" lon="79.23374787911699"><time>2025-07-21T11:05:09Z</time></trkpt>
      <trkpt lat="43.01693650897873" lon="79.22943522229718"><time>2025-07-21T11:28:54Z</time></trkpt>
      <trkpt lat="43.072735689201934" lon="79.21688616803353"><time>2025-07-21T11:39:43Z</time></trkpt>
      <trkpt lat="43.115169773849765" lon="79.24005609944392"><time>2025-07-21T11:51:32Z</time></trkpt>
      <trkpt lat="43.116412390994945" lon="79.27207639448277"><time>2025-07-21T12:04:45Z</time></trkpt>
      <trkpt lat="43.116678851696776" lon="79.27157104954055"><time>2025-07-21T13:19:07Z</time></trkpt>
      <trkpt lat="43.116367547813056" lon="79.27183742642333"><time>2025-07-21T13:33:05Z</time></trkpt>
      <trkpt lat="43.43568420410156" lon="79.10176086425781"><time>2025-07-21T13:46:00Z</time></trkpt>
      <trkpt lat="43.11636393236595" lon="79.27185560997192"><time>2025-07-21T14:01:06Z</time></trkpt>
      <trkpt lat="43.43568420410156" lon="79.10176086425781"><time>2025-07-21T14:15:52Z</time></trkpt>
      <trkpt lat="43.11638083736594" lon="79.2718543416389"><time>2025-07-21T14:32:12Z</time></trkpt>
      <trkpt lat="43.1161419069796" lon="79.26088873304357"><time>2025-07-22T03:25:05Z</time></trkpt>
      <trkpt lat="43.15785443337818" lon="79.20657464632012"><time>2025-07-22T03:41:34Z</time></trkpt>
      <trkpt lat="43.19312550814235" lon="79.13111432545804"><time>2025-07-22T03:55:03Z</time></trkpt>
      <trkpt lat="43.23538026310805" lon="79.0070901532462"><time>2025-07-22T04:08:52Z</time></trkpt>
      <trkpt lat="43.26902829100245" lon="78.94855755764581"><time>2025-07-22T04:22:22Z</time></trkpt>
      <trkpt lat="43.346875207539036" lon="78.92920156948168"><time>2025-07-22T04:35:51Z</time></trkpt>
      <trkpt lat="43.361457068074365" lon="79.04750336276336"><time>2025-07-22T04:48:19Z</time></trkpt>
      <trkpt lat="43.356328625300264" lon="79.05380192796228"><time>2025-07-22T05:05:02Z</time></trkpt>
      <trkpt lat="43.36133981593266" lon="79.04814949266523"><time>2025-07-23T04:37:33Z</time></trkpt>
      <trkpt lat="43.346724769308096" lon="78.92858558087765"><time>2025-07-23T04:47:57Z</time></trkpt>
      <trkpt lat="43.36159009326905" lon="78.89820654756008"><time>2025-07-23T04:53:04Z</time></trkpt>
      <trkpt lat="43.39177077520261" lon="78.82545325953994"><time>2025-07-23T04:58:34Z</time></trkpt>
      <trkpt lat="43.44298470690583" lon="78.68797930560628"><time>2025-07-23T05:09:29Z</time></trkpt>
      <trkpt lat="43.52072102938236" lon="78.6122346820836"><time>2025-07-23T05:22:17Z</time></trkpt>
      <trkpt lat="43.55230802120829" lon="78.464409066208"><time>2025-07-23T05:35:45Z</time></trkpt>
      <trkpt lat="43.56047683619826" lon="78.36589056910235"><time>2025-07-23T05:43:31Z</time></trkpt>
      <trkpt lat="43.56504331693095" lon="78.35380220763702"><time>2025-07-23T05:49:59Z</time></trkpt>
      <trkpt lat="43.572495027241416" lon="78.34847781451353"><time>2025-07-23T05:59:21Z</time></trkpt>
      <trkpt lat="43.60222959429361" lon="78.31529396593413"><time>2025-07-23T06:04:43Z</time></trkpt>
      <trkpt lat="43.58411463327582" lon="78.23094542218634"><time>2025-07-23T06:12:11Z</time></trkpt>
      <trkpt lat="43.575421879108596" lon="77.97138297006299"><time>2025-07-23T06:29:14Z</time></trkpt>
      <trkpt lat="43.54997463062736" lon="77.76589005261451"><time>2025-07-23T06:42:18Z</time></trkpt>
      <trkpt lat="43.53350292619533" lon="77.62815330246896"><time>2025-07-23T06:51:00Z</time></trkpt>
      <trkpt lat="43.52581790186793" lon="77.54146057188282"><time>2025-07-23T06:56:33Z</time></trkpt>
      <trkpt lat="43.48894898432589" lon="77.47815444507833"><time>2025-07-23T07:03:57Z</time></trkpt>
      <trkpt lat="43.43796584427296" lon="77.38243888427435"><time>2025-07-23T07:21:48Z</time></trkpt>
      <trkpt lat="43.409406330322334" lon="77.31486847134352"><time>2025-07-23T07:27:52Z</time></trkpt>
      <trkpt lat="43.409774857413616" lon="77.26352544576292"><time>2025-07-23T07:32:49Z</time></trkpt>
      <trkpt lat="43.40603556622501" lon="77.23324230210811"><time>2025-07-23T07:53:56Z</time></trkpt>
      <trkpt lat="43.388957432511624" lon="77.22568477511147"><time>2025-07-23T07:59:58Z</time></trkpt>
      <trkpt lat="43.35550537950168" lon="77.2322917798976"><time>2025-07-23T08:05:56Z</time></trkpt>
      <trkpt lat="43.33135353938789" lon="77.24720255275723"><time>2025-07-23T08:11:56Z</time></trkpt>
      <trkpt lat="43.32535634752673" lon="77.24802531309169"><time>2025-07-23T08:30:00Z</time></trkpt>
      <trkpt lat="43.30631991386721" lon="77.23985362805169"><time>2025-07-23T08:35:05Z</time></trkpt>
      <trkpt lat="43.2864998289205" lon="77.22777297045039"><time>2025-07-23T08:41:32Z</time></trkpt>
      <trkpt lat="43.27837334949828" lon="77.19242261729873"><time>2025-07-23T08:46:59Z</time></trkpt>
      <trkpt lat="43.27892728585983" lon="77.1915684256433"><time>2025-07-25T15:35:30Z</time></trkpt>
      <trkpt lat="43.30679853676889" lon="77.10669596522783"><time>2025-08-22T06:07:19Z</time></trkpt>
      <trkpt lat="43.30344508871744" lon="77.0710245799991"><time>2025-08-22T06:20:41Z</time></trkpt>
      <trkpt lat="43.28646515500106" lon="76.9946022425564"><time>2025-08-22T06:33:36Z</time></trkpt>
      <trkpt lat="43.25973714756374" lon="76.9827225994376"><time>2025-08-22T06:38:44Z</time></trkpt>
      <trkpt lat="43.228020491118755" lon="76.94983659319296"><time>2025-08-22T06:52:47Z</time></trkpt>
      <trkpt lat="43.2084567563815" lon="76.971541048064"><time>2025-08-22T07:03:00Z</time></trkpt>
      <trkpt lat="43.17356645133641" lon="77.01546991251129"><time>2025-08-22T07:17:59Z</time></trkpt>
      <trkpt lat="43.17293996456783" lon="77.02293339531407"><time>2025-08-22T07:33:10Z</time></trkpt>
      <trkpt lat="43.19826242258474" lon="76.98289313297465"><time>2025-08-22T09:42:42Z</time></trkpt>
      <trkpt lat="43.226780304725494" lon="76.96140873253063"><time>2025-08-22T09:52:40Z</time></trkpt>
      <trkpt lat="43.2904310150133" lon="77.00911126394185"><time>2025-08-22T10:03:40Z</time></trkpt>
      <trkpt lat="43.304229734451965" lon="77.08064660728311"><time>2025-08-22T10:14:31Z</time></trkpt>
      <trkpt lat="43.30647408699941" lon="77.13526580809022"><time>2025-08-22T10:27:39Z</time></trkpt>
      <trkpt lat="43.28723879392504" lon="77.18047899951668"><time>2025-08-22T10:32:49Z</time></trkpt>
      <trkpt lat="43.25442243837123" lon="77.21411875456312"><time>2025-08-22T10:45:08Z</time></trkpt>
      <trkpt lat="43.25946655287542" lon="77.21260070819562"><time>2025-08-22T11:55:33Z</time></trkpt>
      <trkpt lat="43.2545013340214" lon="77.2141075453591"><time>2025-08-22T12:24:28Z</time></trkpt>
      <trkpt lat="43.25946655287545" lon="77.21260070819564"><time>2025-08-22T14:46:55Z</time></trkpt>
      <trkpt lat="43.254569672923886" lon="77.21421123883215"><time>2025-08-22T15:16:11Z</time></trkpt>
      <trkpt lat="43.259466552875445" lon="77.21260070819562"><time>2025-08-23T03:13:53Z</time></trkpt>
      <trkpt lat="43.2544089528193" lon="77.21433282188282"><time>2025-08-23T03:19:39Z</time></trkpt>
      <trkpt lat="43.25946655287544" lon="77.21260070819562"><time>2025-08-23T03:30:18Z</time></trkpt>
      <trkpt lat="43.25443640637682" lon="77.2143178276888"><time>2025-08-23T04:01:42Z</time></trkpt>
      <trkpt lat="43.25946655287545" lon="77.21260070819564"><time>2025-08-23T04:50:10Z</time></trkpt>
      <trkpt lat="43.25440512974118" lon="77.21403627663591"><time>2025-08-23T05:19:12Z</time></trkpt>
      <trkpt lat="43.259466552875445" lon="77.21260070819562"><time>2025-08-23T06:24:59Z</time></trkpt>
      <trkpt lat="43.254449302370894" lon="77.21418539069333"><time>2025-08-23T06:35:53Z</time></trkpt>
      <trkpt lat="43.25946655287543" lon="77.21260070819561"><time>2025-08-23T06:49:00Z</time></trkpt>
      <trkpt lat="43.25441182919752" lon="77.21419643041932"><time>2025-08-23T06:55:26Z</time></trkpt>
      <trkpt lat="43.259466552875445" lon="77.21260070819564"><time>2025-08-23T11:49:26Z</time></trkpt>
      <trkpt lat="43.25441248146877" lon="77.21420884400067"><time>2025-08-23T12:05:54Z</time></trkpt>
      <trkpt lat="43.25946806999999" lon="77.2126007"><time>2025-08-23T12:29:10Z</time></trkpt>
      <trkpt lat="43.254480192407314" lon="77.21426046812056"><time>2025-08-23T12:35:39Z</time></trkpt>
      <trkpt lat="43.25946807" lon="77.21260070000002"><time>2025-08-24T04:01:58Z</time></trkpt>
      <trkpt lat="43.25435836709575" lon="77.21421336885322"><time>2025-08-24T04:06:57Z</time></trkpt>
      <trkpt lat="43.25946807" lon="77.2126007"><time>2025-08-24T04:30:54Z</time></trkpt>
      <trkpt lat="43.25448702539437" lon="77.21425039648386"><time>2025-08-24T04:52:52Z</time></trkpt>
      <trkpt lat="43.25946807" lon="77.2126007"><time>2025-08-24T07:04:46Z</time></trkpt>
      <trkpt lat="43.254611524727395" lon="77.21426088564927"><time>2025-08-24T07:23:02Z</time></trkpt>
      <trkpt lat="43.25946806999999" lon="77.21260069999998"><time>2025-08-24T07:36:02Z</time></trkpt>
      <trkpt lat="43.25443626851146" lon="77.21434406012037"><time>2025-08-24T08:18:09Z</time></trkpt>
      <trkpt lat="43.25946806999999" lon="77.2126007"><time>2025-08-24T10:45:00Z</time></trkpt>
      <trkpt lat="43.254447388702225" lon="77.21424609048175"><time>2025-08-24T11:03:29Z</time></trkpt>
      <trkpt lat="43.2728402538968" lon="77.21090897102533"><time>2025-08-24T11:10:11Z</time></trkpt>
      <trkpt lat="43.280081141489376" lon="77.20202005142093"><time>2025-08-24T11:21:39Z</time></trkpt>
      <trkpt lat="43.27915060337938" lon="77.19213796786703"><time>2025-08-24T11:27:56Z</time></trkpt>
      <trkpt lat="43.30398278780589" lon="77.15467706329855"><time>2025-08-25T02:25:26Z</time></trkpt>
      <trkpt lat="43.30672563989023" lon="77.1069831122431"><time>2025-08-25T02:36:09Z</time></trkpt>
      <trkpt lat="43.30411380299295" lon="77.07781657331998"><time>2025-08-25T02:48:57Z</time></trkpt>
      <trkpt lat="43.31527395130368" lon="77.03326376548107"><time>2025-08-25T02:59:22Z</time></trkpt>
      <trkpt lat="43.2960828499322" lon="76.99763267230593"><time>2025-08-25T03:10:34Z</time></trkpt>
      <trkpt lat="43.28838004269012" lon="76.92214203074288"><time>2025-08-25T03:21:37Z</time></trkpt>
      <trkpt lat="43.26879539065367" lon="76.92247479229879"><time>2025-08-25T10:02:57Z</time></trkpt>
      <trkpt lat="43.25027044365132" lon="76.94519713157766"><time>2025-08-25T10:17:37Z</time></trkpt>
      <trkpt lat="43.25385677239653" lon="76.94256031247463"><time>2025-08-26T07:37:16Z</time></trkpt>
      <trkpt lat="43.254224334468994" lon="76.9332291446827"><time>2025-08-26T07:51:24Z</time></trkpt>
      <trkpt lat="43.25286018952367" lon="76.91814559722043"><time>2025-08-26T08:06:54Z</time></trkpt>
      <trkpt lat="43.25225319571242" lon="76.91271068322449"><time>2025-08-26T08:17:20Z</time></trkpt>
      <trkpt lat="43.26105185322767" lon="76.93142297684861"><time>2025-08-26T11:00:03Z</time></trkpt>
      <trkpt lat="43.29204699959912" lon="76.9364351034881"><time>2025-08-26T11:06:52Z</time></trkpt>
      <trkpt lat="43.28870036265279" lon="76.92210757383224"><time>2025-08-26T11:14:52Z</time></trkpt>
      <trkpt lat="43.28216632683851" lon="76.91612991265181"><time>2025-08-26T13:02:26Z</time></trkpt>
      <trkpt lat="43.293270370327974" lon="76.94369739930366"><time>2025-08-26T13:15:28Z</time></trkpt>
      <trkpt lat="43.300588787573666" lon="76.95142965770974"><time>2025-08-26T13:25:11Z</time></trkpt>
      <trkpt lat="43.34426437162746" lon="76.99163741011763"><time>2025-08-26T13:39:31Z</time></trkpt>
      <trkpt lat="43.34327806863296" lon="76.99853287794423"><time>2025-08-26T13:53:04Z</time></trkpt>
      <trkpt lat="43.349124699549854" lon="76.98657011427092"><time>2025-08-27T00:59:37Z</time></trkpt>
      <trkpt lat="43.391290860250564" lon="77.00382336198886"><time>2025-08-27T01:09:57Z</time></trkpt>
      <trkpt lat="43.469807136160796" lon="77.03540412140394"><time>2025-08-27T01:22:56Z</time></trkpt>
      <trkpt lat="43.45880045190115" lon="77.22070874952666"><time>2025-08-27T01:34:38Z</time></trkpt>
      <trkpt lat="43.504503225016876" lon="77.39049470059331"><time>2025-08-27T01:45:22Z</time></trkpt>
      <trkpt lat="43.53053058501661" lon="77.5889526867099"><time>2025-08-27T01:57:11Z</time></trkpt>
      <trkpt lat="43.55725473943045" lon="77.80973107342176"><time>2025-08-27T02:10:42Z</time></trkpt>
      <trkpt lat="43.581165745894964" lon="78.0498846900445"><time>2025-08-27T02:25:08Z</time></trkpt>
      <trkpt lat="43.59380697645916" lon="78.27862814761959"><time>2025-08-27T02:39:56Z</time></trkpt>
      <trkpt lat="43.657830068882234" lon="78.44637544832979"><time>2025-08-27T02:51:21Z</time></trkpt>
      <trkpt lat="43.662497436135524" lon="78.48362017311638"><time>2025-08-27T02:59:26Z</time></trkpt>
      <trkpt lat="43.70587221817175" lon="78.69466250227194"><time>2025-08-27T05:06:52Z</time></trkpt>
      <trkpt lat="43.75594000240305" lon="78.93250956098028"><time>2025-08-27T05:21:37Z</time></trkpt>
      <trkpt lat="43.7736170674679" lon="79.17587654401241"><time>2025-08-27T05:36:35Z</time></trkpt>
      <trkpt lat="43.865918945561965" lon="79.37787788927497"><time>2025-08-27T05:51:18Z</time></trkpt>
      <trkpt lat="43.88433599848662" lon="79.51418138116553"><time>2025-08-27T05:59:32Z</time></trkpt>
      <trkpt lat="43.9466721704639" lon="79.58239582374652"><time>2025-08-27T06:06:24Z</time></trkpt>
      <trkpt lat="44.06686769802502" lon="79.73586536951338"><time>2025-08-27T06:21:31Z</time></trkpt>
      <trkpt lat="44.13852018773941" lon="79.90371800966551"><time>2025-08-27T06:36:16Z</time></trkpt>
      <trkpt lat="44.134040228132285" lon="79.90481520079067"><time>2025-08-27T08:31:19Z</time></trkpt>
      <trkpt lat="44.15020577153197" lon="79.94773248973607"><time>2025-08-28T02:24:18Z</time></trkpt>
      <trkpt lat="44.16502940012432" lon="79.97383048952499"><time>2025-08-28T02:33:59Z</time></trkpt>
      <trkpt lat="44.165362813551134" lon="80.02423795878889"><time>2025-08-28T02:45:31Z</time></trkpt>
      <trkpt lat="44.18105189226957" lon="80.15296529985979"><time>2025-08-28T03:00:06Z</time></trkpt>
      <trkpt lat="44.21628579513512" lon="80.2167617546712"><time>2025-08-28T03:10:10Z</time></trkpt>
      <trkpt lat="44.175177293208066" lon="80.254253606608"><time>2025-08-28T03:19:54Z</time></trkpt>
      <trkpt lat="44.166669258888966" lon="80.36406923092936"><time>2025-08-28T03:33:09Z</time></trkpt>
      <trkpt lat="44.15808794308572" lon="80.39159472938464"><time>2025-08-28T03:46:56Z</time></trkpt>
      <trkpt lat="44.157247622538506" lon="80.39911757230796"><time>2025-08-28T04:44:29Z</time></trkpt>
      <trkpt lat="44.159122512746265" lon="80.40908984035703"><time>2025-08-28T05:14:21Z</time></trkpt>
      <trkpt lat="44.206464272033614" lon="80.40587372154035"><time>2025-08-28T09:40:06Z</time></trkpt>
      <trkpt lat="44.21193991791849" lon="80.41116312153676"><time>2025-08-28T12:22:57Z</time></trkpt>
      <trkpt lat="44.16760903787256" lon="80.49606006600008"><time>2025-08-29T00:56:46Z</time></trkpt>
      <trkpt lat="44.17644113306345" lon="80.59260140180643"><time>2025-08-29T01:10:18Z</time></trkpt>
      <trkpt lat="44.21697626722919" lon="80.79886466363921"><time>2025-08-29T01:23:48Z</time></trkpt>
      <trkpt lat="44.3193079299916" lon="80.93812789188597"><time>2025-08-29T01:36:25Z</time></trkpt>
      <trkpt lat="44.31960001832858" lon="80.93872862008374"><time>2025-08-29T01:36:28Z</time></trkpt>
      <trkpt lat="44.31990292815045" lon="80.93916397335504"><time>2025-08-29T01:36:30Z</time></trkpt>
      <trkpt lat="44.320152167001694" lon="80.93958255399394"><time>2025-08-29T01:36:32Z</time></trkpt>
      <trkpt lat="44.32045576709121" lon="80.94005390139291"><time>2025-08-29T01:36:34Z</time></trkpt>
      <trkpt lat="44.32068875041547" lon="80.94044946322626"><time>2025-08-29T01:36:36Z</time></trkpt>
      <trkpt lat="44.32092028761796" lon="80.94083301093045"><time>2025-08-29T01:36:38Z</time></trkpt>
      <trkpt lat="44.321154881887374" lon="80.94120937057825"><time>2025-08-29T01:36:40Z</time></trkpt>
      <trkpt lat="44.321386399667425" lon="80.941587304724"><time>2025-08-29T01:36:42Z</time></trkpt>
      <trkpt lat="44.32162776013516" lon="80.94196812189354"><time>2025-08-29T01:36:44Z</time></trkpt>
      <trkpt lat="44.32187057901272" lon="80.94234198536708"><time>2025-08-29T01:36:46Z</time></trkpt>
      <trkpt lat="44.32211733510119" lon="80.94270454225386"><time>2025-08-29T01:36:48Z</time></trkpt>
      <trkpt lat="44.32235880853668" lon="80.94305203856376"><time>2025-08-29T01:36:50Z</time></trkpt>
      <trkpt lat="44.322588574841575" lon="80.94339149436567"><time>2025-08-29T01:36:52Z</time></trkpt>
      <trkpt lat="44.322822999211716" lon="80.94372088847412"><time>2025-08-29T01:36:54Z</time></trkpt>
      <trkpt lat="44.323056674248434" lon="80.94404569852732"><time>2025-08-29T01:36:56Z</time></trkpt>
      <trkpt lat="44.32329187178103" lon="80.94436491188128"><time>2025-08-29T01:36:58Z</time></trkpt>
      <trkpt lat="44.32352943034612" lon="80.94467504390036"><time>2025-08-29T01:37:00Z</time></trkpt>
      <trkpt lat="44.32375667674073" lon="80.94498380916518"><time>2025-08-29T01:37:02Z</time></trkpt>
      <trkpt lat="44.323993214294426" lon="80.94529041740252"><time>2025-08-29T01:37:04Z</time></trkpt>
      <trkpt lat="44.406301479410295" lon="81.02439785591791"><time>2025-08-29T01:51:00Z</time></trkpt>
      <trkpt lat="44.469485658437314" lon="81.15274164081615"><time>2025-08-29T02:04:55Z</time></trkpt>
      <trkpt lat="44.469355443883785" lon="81.15326225223495"><time>2025-08-29T02:04:58Z</time></trkpt>
      <trkpt lat="44.469197424209014" lon="81.15379865575173"><time>2025-08-29T02:05:01Z</time></trkpt>
      <trkpt lat="44.46903175247296" lon="81.15437457325218"><time>2025-08-29T02:05:05Z</time></trkpt>
      <trkpt lat="44.46882184257071" lon="81.15490662621254"><time>2025-08-29T02:05:08Z</time></trkpt>
      <trkpt lat="44.46859195719884" lon="81.15543000230983"><time>2025-08-29T02:05:11Z</time></trkpt>
      <trkpt lat="44.46833817030644" lon="81.15594565385865"><time>2025-08-29T02:05:14Z</time></trkpt>
      <trkpt lat="44.46806530843537" lon="81.15644999332744"><time>2025-08-29T02:05:17Z</time></trkpt>
      <trkpt lat="44.50407420523375" lon="81.21351810321083"><time>2025-08-29T02:18:57Z</time></trkpt>
      <trkpt lat="44.593259989496644" lon="81.37950106220714"><time>2025-08-29T02:32:28Z</time></trkpt>
      <trkpt lat="44.593509373492736" lon="81.38009232022253"><time>2025-08-29T02:32:30Z</time></trkpt>
      <trkpt lat="44.59368443488992" lon="81.38066515887562"><time>2025-08-29T02:32:32Z</time></trkpt>
      <trkpt lat="44.59391073951126" lon="81.38131666520628"><time>2025-08-29T02:32:35Z</time></trkpt>
      <trkpt lat="44.59406003465934" lon="81.3818629533042"><time>2025-08-29T02:32:37Z</time></trkpt>
      <trkpt lat="44.59420833000214" lon="81.38240189769465"><time>2025-08-29T02:32:39Z</time></trkpt>
      <trkpt lat="44.59435853502789" lon="81.38293408787254"><time>2025-08-29T02:32:41Z</time></trkpt>
      <trkpt lat="44.594510345459966" lon="81.38347538239834"><time>2025-08-29T02:32:43Z</time></trkpt>
      <trkpt lat="44.59466196620785" lon="81.38401213214641"><time>2025-08-29T02:32:45Z</time></trkpt>
      <trkpt lat="44.5948079675882" lon="81.38455562018429"><time>2025-08-29T02:32:47Z</time></trkpt>
      <trkpt lat="44.5949646378231" lon="81.38509187387727"><time>2025-08-29T02:32:49Z</time></trkpt>
      <trkpt lat="44.61140124176461" lon="81.59096953830208"><time>2025-08-29T02:46:30Z</time></trkpt>
      <trkpt lat="44.61751378311088" lon="81.76231351624956"><time>2025-08-29T03:00:01Z</time></trkpt>
      <trkpt lat="44.61722855431906" lon="81.7626929942707"><time>2025-08-29T03:00:03Z</time></trkpt>
      <trkpt lat="44.61689828378135" lon="81.76311084175701"><time>2025-08-29T03:00:05Z</time></trkpt>
      <trkpt lat="44.6166511419387" lon="81.76350914533275"><time>2025-08-29T03:00:07Z</time></trkpt>
      <trkpt lat="44.61638909816683" lon="81.76389239192305"><time>2025-08-29T03:00:09Z</time></trkpt>
      <trkpt lat="44.6161305910535" lon="81.76428961971729"><time>2025-08-29T03:00:11Z</time></trkpt>
      <trkpt lat="44.61587960920206" lon="81.76469435390517"><time>2025-08-29T03:00:13Z</time></trkpt>
      <trkpt lat="44.61563407712082" lon="81.76510254259634"><time>2025-08-29T03:00:15Z</time></trkpt>
      <trkpt lat="44.61538515915114" lon="81.76551134390645"><time>2025-08-29T03:00:17Z</time></trkpt>
      <trkpt lat="44.615142197338876" lon="81.76592668539637"><time>2025-08-29T03:00:19Z</time></trkpt>
      <trkpt lat="44.61490691488831" lon="81.7663633416561"><time>2025-08-29T03:00:21Z</time></trkpt>
      <trkpt lat="44.633173268710166" lon="81.99641587013724"><time>2025-08-29T03:14:03Z</time></trkpt>
      <trkpt lat="44.63315834524374" lon="81.99697638368302"><time>2025-08-29T03:14:05Z</time></trkpt>
      <trkpt lat="44.633126608257705" lon="81.99754827253622"><time>2025-08-29T03:14:07Z</time></trkpt>
      <trkpt lat="44.63310117368361" lon="81.99823107030632"><time>2025-08-29T03:14:10Z</time></trkpt>
      <trkpt lat="44.633070956957184" lon="81.99880513370223"><time>2025-08-29T03:14:12Z</time></trkpt>
      <trkpt lat="44.63303730361595" lon="81.99937451638468"><time>2025-08-29T03:14:14Z</time></trkpt>
      <trkpt lat="44.633004289994794" lon="81.99994557069117"><time>2025-08-29T03:14:16Z</time></trkpt>
      <trkpt lat="44.63297277338832" lon="82.00051496461388"><time>2025-08-29T03:14:18Z</time></trkpt>
      <trkpt lat="44.63294129610387" lon="82.00108557255092"><time>2025-08-29T03:14:20Z</time></trkpt>
      <trkpt lat="44.63290833042711" lon="82.00165924994764"><time>2025-08-29T03:14:22Z</time></trkpt>
      <trkpt lat="44.6328750123519" lon="82.00223215304055"><time>2025-08-29T03:14:23Z</time></trkpt>
      <trkpt lat="44.6328421205509" lon="82.00280551710034"><time>2025-08-29T03:14:25Z</time></trkpt>
      <trkpt lat="44.632812160275705" lon="82.00337884855225"><time>2025-08-29T03:14:27Z</time></trkpt>
      <trkpt lat="44.6327822015875" lon="82.00395162588954"><time>2025-08-29T03:14:29Z</time></trkpt>
      <trkpt lat="44.63274926339428" lon="82.00452565121054"><time>2025-08-29T03:14:31Z</time></trkpt>
      <trkpt lat="44.63271888068623" lon="82.00510329849953"><time>2025-08-29T03:14:33Z</time></trkpt>
      <trkpt lat="44.632683683349875" lon="82.00568981064686"><time>2025-08-29T03:14:35Z</time></trkpt>
      <trkpt lat="44.632648832732286" lon="82.00626880761708"><time>2025-08-29T03:14:37Z</time></trkpt>
      <trkpt lat="44.63261478383841" lon="82.0068495546249"><time>2025-08-29T03:14:39Z</time></trkpt>
      <trkpt lat="44.63258342814747" lon="82.00743253894089"><time>2025-08-29T03:14:41Z</time></trkpt>
      <trkpt lat="44.632554310592774" lon="82.00801630111872"><time>2025-08-29T03:14:43Z</time></trkpt>
      <trkpt lat="44.632526599595664" lon="82.00860506150099"><time>2025-08-29T03:14:45Z</time></trkpt>
      <trkpt lat="44.6324940034031" lon="82.00919417393753"><time>2025-08-29T03:14:47Z</time></trkpt>
      <trkpt lat="44.63246157917195" lon="82.00977905445838"><time>2025-08-29T03:14:49Z</time></trkpt>
      <trkpt lat="44.6324290099149" lon="82.01036141336482"><time>2025-08-29T03:14:51Z</time></trkpt>
      <trkpt lat="44.63239668764958" lon="82.01093834789084"><time>2025-08-29T03:14:53Z</time></trkpt>
      <trkpt lat="44.63236387027838" lon="82.01151936923759"><time>2025-08-29T03:14:55Z</time></trkpt>
      <trkpt lat="44.63232939929857" lon="82.01208816372163"><time>2025-08-29T03:14:57Z</time></trkpt>
      <trkpt lat="44.63229450835098" lon="82.01264829204013"><time>2025-08-29T03:14:59Z</time></trkpt>
      <trkpt lat="44.632261723218114" lon="82.01318456373683"><time>2025-08-29T03:15:01Z</time></trkpt>
      <trkpt lat="44.63223136193672" lon="82.01372285502786"><time>2025-08-29T03:15:03Z</time></trkpt>
      <trkpt lat="44.62945408288094" lon="82.06159768967446"><time>2025-08-29T03:21:27Z</time></trkpt>
      <trkpt lat="44.61353427464415" lon="82.13110472612043"><time>2025-08-29T03:48:52Z</time></trkpt>
      <trkpt lat="44.53091730833476" lon="82.31430784806824"><time>2025-08-29T04:02:22Z</time></trkpt>
      <trkpt lat="44.53079985199884" lon="82.31488757012066"><time>2025-08-29T04:02:24Z</time></trkpt>
      <trkpt lat="44.53070658545298" lon="82.31543781934833"><time>2025-08-29T04:02:26Z</time></trkpt>
      <trkpt lat="44.530571345281345" lon="82.3160784412942"><time>2025-08-29T04:02:29Z</time></trkpt>
      <trkpt lat="44.530465020839614" lon="82.31661773294425"><time>2025-08-29T04:02:31Z</time></trkpt>
      <trkpt lat="44.530365150463325" lon="82.31715878479399"><time>2025-08-29T04:02:33Z</time></trkpt>
      <trkpt lat="44.530266919167936" lon="82.31769981044918"><time>2025-08-29T04:02:35Z</time></trkpt>
      <trkpt lat="44.53016606044885" lon="82.31823940211159"><time>2025-08-29T04:02:37Z</time></trkpt>
      <trkpt lat="44.530065619542746" lon="82.31877555059891"><time>2025-08-29T04:02:39Z</time></trkpt>
      <trkpt lat="44.529965797108105" lon="82.3193118214787"><time>2025-08-29T04:02:40Z</time></trkpt>
      <trkpt lat="44.529865992408034" lon="82.31984663542177"><time>2025-08-29T04:02:42Z</time></trkpt>
      <trkpt lat="44.52813887507145" lon="82.54330890260873"><time>2025-08-29T04:16:25Z</time></trkpt>
      <trkpt lat="44.528146781404516" lon="82.54386844694916"><time>2025-08-29T04:16:26Z</time></trkpt>
      <trkpt lat="44.52823460344513" lon="82.5444075281168"><time>2025-08-29T04:16:28Z</time></trkpt>
      <trkpt lat="44.52824601970753" lon="82.54493086085795"><time>2025-08-29T04:16:30Z</time></trkpt>
      <trkpt lat="44.52827149346283" lon="82.54549188051537"><time>2025-08-29T04:16:32Z</time></trkpt>
      <trkpt lat="44.52828285006817" lon="82.54609242698527"><time>2025-08-29T04:16:34Z</time></trkpt>
      <trkpt lat="44.52827511844315" lon="82.54663432010233"><time>2025-08-29T04:16:36Z</time></trkpt>
      <trkpt lat="44.52825593870479" lon="82.54717115375261"><time>2025-08-29T04:16:38Z</time></trkpt>
      <trkpt lat="44.52822923952614" lon="82.54770925860035"><time>2025-08-29T04:16:40Z</time></trkpt>
      <trkpt lat="44.52818516279163" lon="82.54824140835302"><time>2025-08-29T04:16:42Z</time></trkpt>
      <trkpt lat="44.52814140741394" lon="82.54877198938613"><time>2025-08-29T04:16:44Z</time></trkpt>
      <trkpt lat="44.528083935705304" lon="82.54929901690444"><time>2025-08-29T04:16:46Z</time></trkpt>
      <trkpt lat="44.52802335261567" lon="82.54982843759068"><time>2025-08-29T04:16:48Z</time></trkpt>
      <trkpt lat="44.52795212258004" lon="82.55036000274728"><time>2025-08-29T04:16:50Z</time></trkpt>
      <trkpt lat="44.527874919499936" lon="82.55088919296358"><time>2025-08-29T04:16:52Z</time></trkpt>
      <trkpt lat="44.52778646153417" lon="82.5514197750401"><time>2025-08-29T04:16:54Z</time></trkpt>
      <trkpt lat="44.527692580535685" lon="82.5519477389264"><time>2025-08-29T04:16:56Z</time></trkpt>
      <trkpt lat="44.527597626390985" lon="82.55245728532601"><time>2025-08-29T04:16:58Z</time></trkpt>
      <trkpt lat="44.52748187594605" lon="82.55298719563969"><time>2025-08-29T04:17:00Z</time></trkpt>
      <trkpt lat="44.52735821298261" lon="82.5535103181659"><time>2025-08-29T04:17:02Z</time></trkpt>
      <trkpt lat="44.52723328391066" lon="82.55403553041288"><time>2025-08-29T04:17:04Z</time></trkpt>
      <trkpt lat="44.52709849777693" lon="82.5545451899179"><time>2025-08-29T04:17:06Z</time></trkpt>
      <trkpt lat="44.52695116932639" lon="82.55505169369133"><time>2025-08-29T04:17:08Z</time></trkpt>
      <trkpt lat="44.52679368280357" lon="82.55555152191391"><time>2025-08-29T04:17:10Z</time></trkpt>
      <trkpt lat="44.52663871234645" lon="82.55605139422"><time>2025-08-29T04:17:12Z</time></trkpt>
      <trkpt lat="44.52647254053821" lon="82.55654266099627"><time>2025-08-29T04:17:14Z</time></trkpt>
      <trkpt lat="44.52630499477361" lon="82.55703234117516"><time>2025-08-29T04:17:16Z</time></trkpt>
      <trkpt lat="44.526136121499" lon="82.55751435588284"><time>2025-08-29T04:17:18Z</time></trkpt>
      <trkpt lat="44.525978020831964" lon="82.55797130707494"><time>2025-08-29T04:17:20Z</time></trkpt>
      <trkpt lat="44.525813374508765" lon="82.55843300397028"><time>2025-08-29T04:17:22Z</time></trkpt>
      <trkpt lat="44.525651117656984" lon="82.5589101162011"><time>2025-08-29T04:17:24Z</time></trkpt>
      <trkpt lat="44.54305709254554" lon="82.76739971567436"><time>2025-08-29T04:30:56Z</time></trkpt>
      <trkpt lat="44.54334736428422" lon="82.76772786781902"><time>2025-08-29T04:30:57Z</time></trkpt>
      <trkpt lat="44.54369870372623" lon="82.76810241502204"><time>2025-08-29T04:30:59Z</time></trkpt>
      <trkpt lat="44.54402686736555" lon="82.76841918666805"><time>2025-08-29T04:31:01Z</time></trkpt>
      <trkpt lat="44.54437857596954" lon="82.76875266762775"><time>2025-08-29T04:31:03Z</time></trkpt>
      <trkpt lat="44.544730438199096" lon="82.76905140546219"><time>2025-08-29T04:31:05Z</time></trkpt>
      <trkpt lat="44.54509228006428" lon="82.76932759218175"><time>2025-08-29T04:31:07Z</time></trkpt>
      <trkpt lat="44.54545278191461" lon="82.76959081400865"><time>2025-08-29T04:31:09Z</time></trkpt>
      <trkpt lat="44.54582378645843" lon="82.76983642031357"><time>2025-08-29T04:31:11Z</time></trkpt>
      <trkpt lat="44.546196204958314" lon="82.77006841127476"><time>2025-08-29T04:31:13Z</time></trkpt>
      <trkpt lat="44.54657306930985" lon="82.77029086400442"><time>2025-08-29T04:31:15Z</time></trkpt>
      <trkpt lat="44.546955261455984" lon="82.77049930684707"><time>2025-08-29T04:31:17Z</time></trkpt>
      <trkpt lat="44.56250496380762" lon="82.79311928460002"><time>2025-08-29T04:44:59Z</time></trkpt>
      <trkpt lat="44.575597910329066" lon="82.83920880577801"><time>2025-08-29T05:39:46Z</time></trkpt>
      <trkpt lat="44.575691081766465" lon="82.83969154061518"><time>2025-08-29T05:39:48Z</time></trkpt>
      <trkpt lat="44.420281314342986" lon="84.86889601740133"><time>2025-08-29T09:43:06Z</time></trkpt>
      <trkpt lat="44.419184875774135" lon="84.86960907011644"><time>2025-08-29T15:23:16Z</time></trkpt>
      <trkpt lat="44.42018128792185" lon="84.86894547907464"><time>2025-08-30T00:23:22Z</time></trkpt>
      <trkpt lat="44.42119127732857" lon="84.8619332408459"><time>2025-08-30T00:35:16Z</time></trkpt>
      <trkpt lat="44.447470810305745" lon="84.85826114200508"><time>2025-08-30T00:41:34Z</time></trkpt>
      <trkpt lat="44.470882713696426" lon="84.8748398403385"><time>2025-08-30T00:46:43Z</time></trkpt>
      <trkpt lat="44.6109937364651" lon="84.90432900384525"><time>2025-08-30T01:01:28Z</time></trkpt>
      <trkpt lat="44.758617395915564" lon="84.86693924519068"><time>2025-08-30T01:14:05Z</time></trkpt>
      <trkpt lat="44.86515391262305" lon="84.8520972737772"><time>2025-08-30T01:22:42Z</time></trkpt>
      <trkpt lat="44.91470680110614" lon="84.80044118136614"><time>2025-08-30T01:27:58Z</time></trkpt>
      <trkpt lat="45.010423902464105" lon="84.72134811811588"><time>2025-08-30T01:37:13Z</time></trkpt>
      <trkpt lat="45.074637411204236" lon="84.70343397938153"><time>2025-08-30T01:42:41Z</time></trkpt>
      <trkpt lat="45.249754814473214" lon="84.76553323686566"><time>2025-08-30T01:57:30Z</time></trkpt>
      <trkpt lat="45.34797336910418" lon="84.77938047618119"><time>2025-08-30T02:10:45Z</time></trkpt>
      <trkpt lat="45.52097020339132" lon="84.7836935980333"><time>2025-08-30T02:26:30Z</time></trkpt>
      <trkpt lat="45.63151998893622" lon="84.85287719609867"><time>2025-08-30T02:38:04Z</time></trkpt>
      <trkpt lat="45.70877800699855" lon="85.07364721976693"><time>2025-08-30T02:52:47Z</time></trkpt>
      <trkpt lat="45.76360419038097" lon="85.19464917412078"><time>2025-08-30T03:01:39Z</time></trkpt>
      <trkpt lat="45.817729509097056" lon="85.24935580910991"><time>2025-08-30T03:07:21Z</time></trkpt>
      <trkpt lat="45.878850192076534" lon="85.27920776638884"><time>2025-08-30T03:12:41Z</time></trkpt>
      <trkpt lat="45.97779242542709" lon="85.36662794526164"><time>2025-08-30T03:22:26Z</time></trkpt>
      <trkpt lat="46.010690094014635" lon="85.46540371150287"><time>2025-08-30T03:28:53Z</time></trkpt>
      <trkpt lat="46.07342754960626" lon="85.59693479918464"><time>2025-08-30T03:38:19Z</time></trkpt>
      <trkpt lat="46.16606447059504" lon="85.64812827961745"><time>2025-08-30T03:53:28Z</time></trkpt>
      <trkpt lat="46.2444673546083" lon="85.8891226877626"><time>2025-08-30T04:27:10Z</time></trkpt>
      <trkpt lat="46.40203787680736" lon="85.98906043065429"><time>2025-08-30T04:42:02Z</time></trkpt>
      <trkpt lat="46.450584644386474" lon="86.03035557892869"><time>2025-08-30T05:22:20Z</time></trkpt>
      <trkpt lat="46.52702978816491" lon="86.04070376612809"><time>2025-08-30T05:49:53Z</time></trkpt>
      <trkpt lat="46.683609450643274" lon="86.10071814507042"><time>2025-08-30T06:05:32Z</time></trkpt>
      <trkpt lat="46.82079734750727" lon="86.29837973051359"><time>2025-08-30T06:22:05Z</time></trkpt>
      <trkpt lat="46.92817857959022" lon="86.50758331649611"><time>2025-08-30T06:37:17Z</time></trkpt>
      <trkpt lat="46.98652576193864" lon="86.7465471011463"><time>2025-08-30T06:52:00Z</time></trkpt>
      <trkpt lat="47.03208580617516" lon="87.00281800710317"><time>2025-08-30T07:07:10Z</time></trkpt>
      <trkpt lat="47.013578857339" lon="87.25451599814673"><time>2025-08-30T07:22:19Z</time></trkpt>
      <trkpt lat="47.009314731738534" lon="87.27663961247289"><time>2025-08-30T07:37:22Z</time></trkpt>
      <trkpt lat="47.055040025196085" lon="87.50790696599289"><time>2025-08-30T07:52:13Z</time></trkpt>
      <trkpt lat="47.16889518783164" lon="87.70115585074545"><time>2025-08-30T08:07:05Z</time></trkpt>
      <trkpt lat="47.23221996337849" lon="87.77432156734892"><time>2025-08-30T08:21:53Z</time></trkpt>
      <trkpt lat="47.238653063481564" lon="87.77446216342045"><time>2025-08-30T08:27:47Z</time></trkpt>
      <trkpt lat="47.319121649532875" lon="87.813084349118"><time>2025-08-30T08:38:16Z</time></trkpt>
      <trkpt lat="47.34936472964226" lon="87.82628978610768"><time>2025-08-30T08:44:04Z</time></trkpt>
      <trkpt lat="47.35247579664029" lon="87.82911714286315"><time>2025-08-31T00:23:13Z</time></trkpt>
      <trkpt lat="47.35187548682778" lon="87.83437807121112"><time>2025-08-31T01:25:58Z</time></trkpt>
      <trkpt lat="47.349430795040846" lon="87.82688266691218"><time>2025-08-31T01:38:16Z</time></trkpt>
      <trkpt lat="47.26957567506215" lon="88.0981829670147"><time>2025-08-31T02:09:29Z</time></trkpt>
      <trkpt lat="47.22640874800014" lon="88.28610506848273"><time>2025-08-31T02:24:12Z</time></trkpt>
      <trkpt lat="47.14942012917916" lon="88.58073030606711"><time>2025-08-31T02:52:25Z</time></trkpt>
      <trkpt lat="46.95811806716673" lon="88.98984806620422"><time>2025-08-31T03:20:55Z</time></trkpt>
      <trkpt lat="46.81155969393142" lon="89.460733495736"><time>2025-08-31T03:50:26Z</time></trkpt>
      <trkpt lat="46.793507379523284" lon="89.49038204745342"><time>2025-08-31T04:18:24Z</time></trkpt>
      <trkpt lat="46.74699824551179" lon="89.5610434715312"><time>2025-08-31T04:33:36Z</time></trkpt>
      <trkpt lat="46.71430379447595" lon="89.66041362231138"><time>2025-08-31T04:48:22Z</time></trkpt>
      <trkpt lat="46.57032864638285" lon="89.96885418900285"><time>2025-08-31T05:11:41Z</time></trkpt>
      <trkpt lat="46.50159498680989" lon="90.14395918705513"><time>2025-08-31T05:26:52Z</time></trkpt>
      <trkpt lat="46.33544089742595" lon="90.36742424600793"><time>2025-08-31T05:53:09Z</time></trkpt>
      <trkpt lat="46.34609421253795" lon="90.55708676585049"><time>2025-08-31T06:08:17Z</time></trkpt>
      <trkpt lat="46.235146480655516" lon="90.67876366906862"><time>2025-08-31T06:23:02Z</time></trkpt>
      <trkpt lat="46.203250447331186" lon="90.79454306521527"><time>2025-08-31T06:37:48Z</time></trkpt>
      <trkpt lat="46.18991710249911" lon="90.80558773138635"><time>2025-08-31T06:52:34Z</time></trkpt>
      <trkpt lat="46.19572186381202" lon="90.81642963931972"><time>2025-09-01T02:15:30Z</time></trkpt>
      <trkpt lat="46.143150828855724" lon="90.98720650438189"><time>2025-09-01T03:22:57Z</time></trkpt>
      <trkpt lat="46.14204631920836" lon="90.99479461701415"><time>2025-09-01T08:28:42Z</time></trkpt>
      <trkpt lat="46.14834158591114" lon="91.07292610632243"><time>2025-09-01T10:17:09Z</time></trkpt>
      <trkpt lat="46.1269930583811" lon="91.25805451701353"><time>2025-09-02T03:20:09Z</time></trkpt>
      <trkpt lat="46.11734662027096" lon="91.4725173878865"><time>2025-09-02T03:34:53Z</time></trkpt>
      <trkpt lat="46.09464013487668" lon="91.54917603367153"><time>2025-09-02T03:45:45Z</time></trkpt>
      <trkpt lat="46.091657961331435" lon="91.5431705416355"><time>2025-09-02T06:40:30Z</time></trkpt>
      <trkpt lat="46.09555926852184" lon="91.54949332633862"><time>2025-09-02T06:48:49Z</time></trkpt>
      <trkpt lat="46.11728197391423" lon="91.58855713015065"><time>2025-09-02T06:58:01Z</time></trkpt>
      <trkpt lat="46.12610860732023" lon="91.580582186665"><time>2025-09-02T07:11:18Z</time></trkpt>
      <trkpt lat="46.17256583221441" lon="91.55590142413153"><time>2025-09-02T07:26:37Z</time></trkpt>
      <trkpt lat="46.19507825937699" lon="91.51635141120433"><time>2025-09-02T07:40:01Z</time></trkpt>
      <trkpt lat="46.215133418686996" lon="91.5034878619807"><time>2025-09-02T07:55:15Z</time></trkpt>
      <trkpt lat="46.233895565426195" lon="91.48836608053324"><time>2025-09-02T08:07:53Z</time></trkpt>
      <trkpt lat="46.25992261655386" lon="91.4689842139286"><time>2025-09-02T08:22:32Z</time></trkpt>
      <trkpt lat="46.27174223327787" lon="91.44883804938651"><time>2025-09-02T08:36:12Z</time></trkpt>
      <trkpt lat="46.311716004317915" lon="91.41691496604254"><time>2025-09-02T08:49:15Z</time></trkpt>
      <trkpt lat="46.313176124710715" lon="91.41306163245865"><time>2025-09-04T01:16:51Z</time></trkpt>
      <trkpt lat="46.330400020858576" lon="91.41528426678052"><time>2025-09-04T02:44:49Z</time></trkpt>
      <trkpt lat="46.36564102467007" lon="91.41471782925413"><time>2025-09-04T03:00:39Z</time></trkpt>
      <trkpt lat="46.41333091012886" lon="91.38620810038518"><time>2025-09-04T03:21:46Z</time></trkpt>
      <trkpt lat="46.43310866846079" lon="91.38721343617678"><time>2025-09-04T03:36:47Z</time></trkpt>
      <trkpt lat="46.473411340309745" lon="91.38124007740187"><time>2025-09-04T03:59:55Z</time></trkpt>
      <trkpt lat="46.47309278607971" lon="91.38949683875906"><time>2025-09-04T04:15:07Z</time></trkpt>
      <trkpt lat="46.476563313087894" lon="91.39803615407217"><time>2025-09-04T04:39:48Z</time></trkpt>
      <trkpt lat="46.494395816806666" lon="91.39659030606424"><time>2025-09-04T04:59:33Z</time></trkpt>
      <trkpt lat="46.47268814383702" lon="91.39667637664618"><time>2025-09-04T05:29:06Z</time></trkpt>
      <trkpt lat="46.45421401601886" lon="91.3870324754076"><time>2025-09-04T05:51:46Z</time></trkpt>
      <trkpt lat="46.405791384211184" lon="91.38462846175896"><time>2025-09-04T06:17:52Z</time></trkpt>
      <trkpt lat="46.373621422283655" lon="91.41233164610992"><time>2025-09-04T06:35:18Z</time></trkpt>
      <trkpt lat="46.32896269210272" lon="91.41527613633446"><time>2025-09-04T06:58:50Z</time></trkpt>
      <trkpt lat="46.31299185570918" lon="91.41324461446276"><time>2025-09-04T07:30:33Z</time></trkpt>
      <trkpt lat="46.29997601670423" lon="91.43002405056647"><time>2025-09-05T03:04:33Z</time></trkpt>
      <trkpt lat="46.2660153466254" lon="91.46198140896483"><time>2025-09-05T03:18:03Z</time></trkpt>
      <trkpt lat="46.24720619530067" lon="91.47746306852575"><time>2025-09-05T03:32:46Z</time></trkpt>
      <trkpt lat="46.22313300300306" lon="91.49971201455598"><time>2025-09-05T03:45:25Z</time></trkpt>
      <trkpt lat="46.20008984119277" lon="91.50916074411153"><time>2025-09-05T04:00:33Z</time></trkpt>
      <trkpt lat="46.17495636925676" lon="91.54889783830527"><time>2025-09-05T04:14:04Z</time></trkpt>
      <trkpt lat="46.14464976296627" lon="91.57533655921212"><time>2025-09-05T04:28:47Z</time></trkpt>
      <trkpt lat="46.117165535731345" lon="91.58858187505191"><time>2025-09-05T04:43:31Z</time></trkpt>
      <trkpt lat="46.110506658485264" lon="91.70345929459828"><time>2025-09-05T05:12:04Z</time></trkpt>
      <trkpt lat="46.08651593331814" lon="91.87529568568978"><time>2025-09-05T05:24:59Z</time></trkpt>
      <trkpt lat="46.009173615261666" lon="92.05716136998345"><time>2025-09-05T05:40:10Z</time></trkpt>
      <trkpt lat="45.90865886160731" lon="92.21440610197176"><time>2025-09-05T05:53:39Z</time></trkpt>
      <trkpt lat="45.96964131579359" lon="92.39274342552982"><time>2025-09-05T06:07:02Z</time></trkpt>
      <trkpt lat="46.03810767647441" lon="92.53652131193553"><time>2025-09-05T06:21:07Z</time></trkpt>
      <trkpt lat="46.10976433307963" lon="92.51470779881846"><time>2025-09-05T06:34:10Z</time></trkpt>
      <trkpt lat="46.14911211193181" lon="92.5539581851033"><time>2025-09-05T06:47:10Z</time></trkpt>
      <trkpt lat="46.266746674707406" lon="92.59922431790511"><time>2025-09-05T07:44:44Z</time></trkpt>
      <trkpt lat="46.38742910702376" lon="92.53524047331189"><time>2025-09-05T07:58:51Z</time></trkpt>
      <trkpt lat="46.52294951961052" lon="92.39741549835763"><time>2025-09-05T08:13:19Z</time></trkpt>
      <trkpt lat="46.48631636988976" lon="92.43505686530139"><time>2025-09-05T08:26:26Z</time></trkpt>
      <trkpt lat="46.53783724647624" lon="92.37802664757928"><time>2025-09-05T08:41:33Z</time></trkpt>
      <trkpt lat="46.649563383151275" lon="92.28202761398512"><time>2025-09-05T08:56:18Z</time></trkpt>
      <trkpt lat="46.706778530384405" lon="92.3540939474792"><time>2025-09-05T09:09:50Z</time></trkpt>
      <trkpt lat="46.73520881221325" lon="92.54737654709494"><time>2025-09-05T09:24:32Z</time></trkpt>
      <trkpt lat="46.81496429727116" lon="92.59918006145637"><time>2025-09-05T09:39:16Z</time></trkpt>
      <trkpt lat="46.76235452764366" lon="92.73041669287973"><time>2025-09-05T09:52:02Z</time></trkpt>
      <trkpt lat="46.692501590630684" lon="92.79920009904801"><time>2025-09-05T10:07:12Z</time></trkpt>
      <trkpt lat="46.68996275406953" lon="92.79487302535473"><time>2025-09-05T10:25:25Z</time></trkpt>
      <trkpt lat="46.76296733486232" lon="92.78421419502233"><time>2025-09-05T11:04:53Z</time></trkpt>
      <trkpt lat="46.76909743346904" lon="92.70475373612038"><time>2025-09-05T11:20:01Z</time></trkpt>
      <trkpt lat="46.795755086935074" lon="92.61416361386206"><time>2025-09-06T01:50:38Z</time></trkpt>
      <trkpt lat="46.931529077744976" lon="92.44028633469011"><time>2025-09-06T02:06:03Z</time></trkpt>
      <trkpt lat="46.94096474001131" lon="92.43707620697054"><time>2025-09-06T02:21:05Z</time></trkpt>
      <trkpt lat="46.97178277537239" lon="92.42806950502103"><time>2025-09-06T03:09:05Z</time></trkpt>
      <trkpt lat="47.02078702833185" lon="92.42365929300945"><time>2025-09-06T03:14:24Z</time></trkpt>
      <trkpt lat="47.11306911431915" lon="92.30369794191076"><time>2025-09-06T03:29:31Z</time></trkpt>
      <trkpt lat="47.26091385823419" lon="92.21481062480454"><time>2025-09-06T03:42:51Z</time></trkpt>
      <trkpt lat="47.68888205759943" lon="92.07085789189867"><time>2025-09-06T04:27:10Z</time></trkpt>
      <trkpt lat="47.74542524483777" lon="92.00439367451891"><time>2025-09-06T04:41:56Z</time></trkpt>
      <trkpt lat="47.86701568341525" lon="91.83014770956476"><time>2025-09-06T04:56:40Z</time></trkpt>
      <trkpt lat="47.98792637016549" lon="91.69985525763845"><time>2025-09-06T05:10:53Z</time></trkpt>
      <trkpt lat="47.99571704589575" lon="91.63659350023757"><time>2025-09-06T05:22:36Z</time></trkpt>
      <trkpt lat="47.98978822396331" lon="91.64077292588787"><time>2025-09-06T07:19:46Z</time></trkpt>
      <trkpt lat="47.991454051852216" lon="91.64942921147835"><time>2025-09-06T07:43:46Z</time></trkpt>
      <trkpt lat="48.00235208050748" lon="91.66572631245599"><time>2025-09-06T07:56:09Z</time></trkpt>
      <trkpt lat="47.90828101357621" lon="91.81731311766166"><time>2025-09-06T08:42:45Z</time></trkpt>
      <trkpt lat="47.77156861037739" lon="91.97311501027268"><time>2025-09-06T08:57:53Z</time></trkpt>
      <trkpt lat="47.63336439621414" lon="92.11150551223392"><time>2025-09-06T09:11:57Z</time></trkpt>
      <trkpt lat="47.490089783605455" lon="92.19086295158708"><time>2025-09-06T09:26:33Z</time></trkpt>
      <trkpt lat="47.48254189140605" lon="92.19495022837123"><time>2025-09-06T09:34:23Z</time></trkpt>
      <trkpt lat="47.46841028079504" lon="92.22437965106951"><time>2025-09-06T09:48:54Z</time></trkpt>
      <trkpt lat="47.468261271759374" lon="92.2431489174182"><time>2025-09-06T10:03:47Z</time></trkpt>
      <trkpt lat="47.46109444797041" lon="92.30396788808801"><time>2025-09-06T10:32:55Z</time></trkpt>
      <trkpt lat="47.45883374049677" lon="92.31333193295163"><time>2025-09-06T10:47:46Z</time></trkpt>
      <trkpt lat="47.44456131481327" lon="92.44383456194069"><time>2025-09-07T02:01:52Z</time></trkpt>
      <trkpt lat="47.41632029418593" lon="92.52286006705138"><time>2025-09-07T02:17:00Z</time></trkpt>
      <trkpt lat="47.41803758608282" lon="92.56229713576987"><time>2025-09-07T02:30:22Z</time></trkpt>
      <trkpt lat="47.40697925357087" lon="92.63842764186084"><time>2025-09-07T02:46:18Z</time></trkpt>
      <trkpt lat="47.41624840845817" lon="92.71672934485652"><time>2025-09-07T03:00:24Z</time></trkpt>
      <trkpt lat="47.50482066073222" lon="92.7992037870854"><time>2025-09-07T03:15:07Z</time></trkpt>
      <trkpt lat="47.60409224047878" lon="92.86345539729467"><time>2025-09-07T03:28:46Z</time></trkpt>
      <trkpt lat="47.635894431776954" lon="92.84257116736177"><time>2025-09-07T05:04:40Z</time></trkpt>
      <trkpt lat="47.61356931255512" lon="92.90449352090016"><time>2025-09-07T05:18:21Z</time></trkpt>
      <trkpt lat="47.60272690565102" lon="92.92254667737794"><time>2025-09-07T05:33:04Z</time></trkpt>
      <trkpt lat="47.57136249453534" lon="92.98505069696623"><time>2025-09-07T05:47:49Z</time></trkpt>
      <trkpt lat="47.54192090258825" lon="93.03622261112733"><time>2025-09-07T06:02:36Z</time></trkpt>
      <trkpt lat="47.52874684524492" lon="93.056229818699"><time>2025-09-07T06:17:18Z</time></trkpt>
      <trkpt lat="47.532567511588574" lon="93.10296279746622"><time>2025-09-07T07:15:38Z</time></trkpt>
      <trkpt lat="47.54168766555147" lon="93.15580649310085"><time>2025-09-07T07:29:09Z</time></trkpt>
      <trkpt lat="47.5461362789563" lon="93.18596826124187"><time>2025-09-07T07:42:13Z</time></trkpt>
      <trkpt lat="47.55347706381935" lon="93.24598135435325"><time>2025-09-07T07:56:28Z</time></trkpt>
      <trkpt lat="47.56308012646396" lon="93.31362440259504"><time>2025-09-07T08:11:11Z</time></trkpt>
      <trkpt lat="47.56847543180694" lon="93.38460512467975"><time>2025-09-07T08:24:00Z</time></trkpt>
      <trkpt lat="47.562272894313466" lon="93.46170715291555"><time>2025-09-07T08:38:53Z</time></trkpt>
      <trkpt lat="47.56534315650124" lon="93.49598125563328"><time>2025-09-07T08:52:57Z</time></trkpt>
      <trkpt lat="47.571917125068204" lon="93.5283434485025"><time>2025-09-07T09:06:27Z</time></trkpt>
      <trkpt lat="47.57800159048995" lon="93.54317841128776"><time>2025-09-07T09:22:29Z</time></trkpt>
      <trkpt lat="47.60612217436805" lon="93.58799053019366"><time>2025-09-07T09:36:43Z</time></trkpt>
      <trkpt lat="47.63582419142838" lon="93.60978629448788"><time>2025-09-07T09:49:27Z</time></trkpt>
      <trkpt lat="47.66376853459296" lon="93.62127553680317"><time>2025-09-07T10:03:22Z</time></trkpt>
      <trkpt lat="47.6492076181319" lon="93.61754768536763"><time>2025-09-07T10:18:06Z</time></trkpt>
      <trkpt lat="47.4184034987665" lon="94.12298841187453"><time>2025-09-10T05:06:00Z</time></trkpt>
      <trkpt lat="47.41637087709733" lon="94.14457222127344"><time>2025-09-10T06:24:03Z</time></trkpt>
      <trkpt lat="47.41913849893284" lon="94.15648858225548"><time>2025-09-10T06:38:12Z</time></trkpt>
      <trkpt lat="47.41879537051472" lon="94.1568988528898"><time>2025-09-10T14:05:49Z</time></trkpt>
      <trkpt lat="47.41445049530663" lon="94.17807702758743"><time>2025-09-11T00:49:33Z</time></trkpt>
      <trkpt lat="47.393705123148294" lon="94.22299970881475"><time>2025-09-11T01:04:53Z</time></trkpt>
      <trkpt lat="47.37571843904198" lon="94.25640905284719"><time>2025-09-11T01:19:39Z</time></trkpt>
      <trkpt lat="47.365109296559694" lon="94.29847589702746"><time>2025-09-11T01:34:23Z</time></trkpt>
      <trkpt lat="47.357326783283945" lon="94.35162562885728"><time>2025-09-11T01:46:43Z</time></trkpt>
      <trkpt lat="47.3520775115212" lon="94.4114570962971"><time>2025-09-11T02:01:52Z</time></trkpt>
      <trkpt lat="47.34896725979387" lon="94.45572526202953"><time>2025-09-11T02:16:23Z</time></trkpt>
      <trkpt lat="47.351823016113926" lon="94.50932837100189"><time>2025-09-11T02:30:03Z</time></trkpt>
      <trkpt lat="47.35628061387208" lon="94.52293529876131"><time>2025-09-11T02:36:18Z</time></trkpt>
      <trkpt lat="47.345710276516584" lon="94.55196659096897"><time>2025-09-11T03:05:44Z</time></trkpt>
      <trkpt lat="47.34174281363128" lon="94.60091357128192"><time>2025-09-11T03:17:22Z</time></trkpt>
      <trkpt lat="47.341729486405235" lon="94.6615713090586"><time>2025-09-11T03:33:53Z</time></trkpt>
      <trkpt lat="47.33608490224171" lon="94.71641466593874"><time>2025-09-11T03:48:39Z</time></trkpt>
      <trkpt lat="47.34310319638301" lon="94.7579826162102"><time>2025-09-11T04:02:10Z</time></trkpt>
      <trkpt lat="47.343325016497595" lon="94.81001876354337"><time>2025-09-11T05:31:40Z</time></trkpt>
      <trkpt lat="47.33540802267132" lon="94.84055989430736"><time>2025-09-11T05:46:23Z</time></trkpt>
      <trkpt lat="47.318613245196005" lon="94.89099405714767"><time>2025-09-11T06:01:08Z</time></trkpt>
      <trkpt lat="47.308817356868936" lon="94.93712109522423"><time>2025-09-11T06:11:18Z</time></trkpt>
      <trkpt lat="47.30559543710882" lon="94.9993396271905"><time>2025-09-11T06:28:44Z</time></trkpt>
      <trkpt lat="47.30996744956725" lon="95.06946071360103"><time>2025-09-11T06:43:31Z</time></trkpt>
      <trkpt lat="47.30679710865701" lon="95.10747506292081"><time>2025-09-11T06:58:14Z</time></trkpt>
      <trkpt lat="47.29935607411647" lon="95.15191180640382"><time>2025-09-11T07:11:06Z</time></trkpt>
      <trkpt lat="47.289852714210085" lon="95.20843475134596"><time>2025-09-11T07:24:34Z</time></trkpt>
      <trkpt lat="47.28188416459344" lon="95.27551671498946"><time>2025-09-11T07:36:02Z</time></trkpt>
      <trkpt lat="47.27177983028084" lon="95.3320365982233"><time>2025-09-11T07:52:37Z</time></trkpt>
      <trkpt lat="47.25785417020997" lon="95.36749024884344"><time>2025-09-11T08:05:20Z</time></trkpt>
      <trkpt lat="47.26558974482801" lon="95.41049259723671"><time>2025-09-11T08:20:44Z</time></trkpt>
      <trkpt lat="47.26682431534609" lon="95.44898690664716"><time>2025-09-11T08:34:37Z</time></trkpt>
      <trkpt lat="47.263756362649076" lon="95.51697013829832"><time>2025-09-11T08:49:23Z</time></trkpt>
      <trkpt lat="47.277822657027144" lon="95.6046145605463"><time>2025-09-11T09:03:49Z</time></trkpt>
      <trkpt lat="47.28330984250389" lon="95.67001190976768"><time>2025-09-11T09:19:48Z</time></trkpt>
      <trkpt lat="47.28285079657977" lon="95.67911650569563"><time>2025-09-12T02:21:23Z</time></trkpt>
      <trkpt lat="47.28842628964096" lon="95.70337897010087"><time>2025-09-12T02:27:24Z</time></trkpt>
      <trkpt lat="47.289508020407325" lon="95.7164452601286"><time>2025-09-12T02:32:30Z</time></trkpt>
      <trkpt lat="47.291049870711156" lon="95.72473433131194"><time>2025-09-12T02:37:36Z</time></trkpt>
      <trkpt lat="47.29476136467731" lon="95.73927316730109"><time>2025-09-12T02:42:52Z</time></trkpt>
      <trkpt lat="47.2963550513411" lon="95.74888224355047"><time>2025-09-12T02:47:53Z</time></trkpt>
      <trkpt lat="47.30398840311714" lon="95.76390480476829"><time>2025-09-12T02:53:24Z</time></trkpt>
      <trkpt lat="47.30817467444326" lon="95.76850840830781"><time>2025-09-12T02:58:24Z</time></trkpt>
      <trkpt lat="47.31068182741041" lon="95.77401967728116"><time>2025-09-12T03:09:54Z</time></trkpt>
      <trkpt lat="47.31752901407414" lon="95.78092450461254"><time>2025-09-12T03:15:24Z</time></trkpt>
      <trkpt lat="47.3232070310482" lon="95.79375755050759"><time>2025-09-12T03:20:26Z</time></trkpt>
      <trkpt lat="47.33050884217706" lon="95.8039182611702"><time>2025-09-12T03:25:27Z</time></trkpt>
      <trkpt lat="47.33402159261779" lon="95.80826643359212"><time>2025-09-12T03:31:50Z</time></trkpt>
      <trkpt lat="47.34195953261227" lon="95.81738156306703"><time>2025-09-12T03:37:23Z</time></trkpt>
      <trkpt lat="47.34644434884875" lon="95.81812785015983"><time>2025-09-12T03:53:08Z</time></trkpt>
      <trkpt lat="47.3526358930835" lon="95.8460060601084"><time>2025-09-12T04:07:45Z</time></trkpt>
      <trkpt lat="47.35925583638936" lon="95.91794617483012"><time>2025-09-12T04:48:51Z</time></trkpt>
      <trkpt lat="47.354056206575926" lon="95.92748763048641"><time>2025-09-12T05:03:23Z</time></trkpt>
      <trkpt lat="47.35107346442281" lon="95.94336345800751"><time>2025-09-12T05:17:49Z</time></trkpt>
      <trkpt lat="47.358095878877336" lon="95.91711528045535"><time>2025-09-12T05:32:14Z</time></trkpt>
      <trkpt lat="47.36753166657627" lon="95.91963102118663"><time>2025-09-12T05:45:54Z</time></trkpt>
      <trkpt lat="47.403291226429744" lon="95.90646628543716"><time>2025-09-12T05:58:28Z</time></trkpt>
      <trkpt lat="47.405999267816576" lon="95.90020939220771"><time>2025-09-12T06:12:26Z</time></trkpt>
      <trkpt lat="47.41239018742685" lon="95.90696998880794"><time>2025-09-12T07:43:28Z</time></trkpt>
      <trkpt lat="47.44623044510134" lon="95.90497559876731"><time>2025-09-12T07:56:26Z</time></trkpt>
      <trkpt lat="47.41211417135541" lon="95.90722521775952"><time>2025-09-12T08:11:39Z</time></trkpt>
      <trkpt lat="47.40640203007255" lon="95.90008827866605"><time>2025-09-12T08:26:24Z</time></trkpt>
      <trkpt lat="47.42850356969997" lon="95.91386847982079"><time>2025-09-14T02:02:53Z</time></trkpt>
      <trkpt lat="47.4604406439703" lon="95.91471397967292"><time>2025-09-14T02:09:29Z</time></trkpt>
      <trkpt lat="47.47357809270268" lon="95.93052368387052"><time>2025-09-14T02:14:29Z</time></trkpt>
      <trkpt lat="47.47870085097423" lon="95.95293504297543"><time>2025-09-14T02:19:29Z</time></trkpt>
      <trkpt lat="47.47829730911383" lon="95.96354059983048"><time>2025-09-14T02:24:30Z</time></trkpt>
      <trkpt lat="47.48441004108402" lon="95.98714853998385"><time>2025-09-14T02:29:30Z</time></trkpt>
      <trkpt lat="47.48352008603954" lon="96.00581384622849"><time>2025-09-14T02:34:30Z</time></trkpt>
      <trkpt lat="47.48208468811783" lon="96.01594755767583"><time>2025-09-14T02:40:18Z</time></trkpt>
      <trkpt lat="47.47995431019506" lon="96.03122189610363"><time>2025-09-14T02:45:19Z</time></trkpt>
      <trkpt lat="47.47656884738625" lon="96.06642677682002"><time>2025-09-14T02:50:19Z</time></trkpt>
      <trkpt lat="47.477350624711505" lon="96.09823341197865"><time>2025-09-14T02:55:20Z</time></trkpt>
      <trkpt lat="47.487849239466065" lon="96.12850998589596"><time>2025-09-14T03:00:57Z</time></trkpt>
      <trkpt lat="47.50233513307525" lon="96.15423269578828"><time>2025-09-14T03:06:32Z</time></trkpt>
      <trkpt lat="47.50824272213474" lon="96.18784338677968"><time>2025-09-14T03:11:55Z</time></trkpt>
      <trkpt lat="47.513961779290575" lon="96.21707751984975"><time>2025-09-14T03:18:03Z</time></trkpt>
      <trkpt lat="47.530098198859136" lon="96.23640542713518"><time>2025-09-14T03:23:20Z</time></trkpt>
      <trkpt lat="47.543578819100865" lon="96.25743958409248"><time>2025-09-14T03:29:23Z</time></trkpt>
      <trkpt lat="47.549590040042574" lon="96.282589556739"><time>2025-09-14T03:34:40Z</time></trkpt>
      <trkpt lat="47.56071068816591" lon="96.31081419074565"><time>2025-09-14T03:39:41Z</time></trkpt>
      <trkpt lat="47.56729320472665" lon="96.32925350974827"><time>2025-09-14T03:45:52Z</time></trkpt>
      <trkpt lat="47.57231568456401" lon="96.34289517076346"><time>2025-09-14T03:50:53Z</time></trkpt>
      <trkpt lat="47.5847563147988" lon="96.37393319056963"><time>2025-09-14T03:56:02Z</time></trkpt>
      <trkpt lat="47.59500143122635" lon="96.39846819461918"><time>2025-09-14T04:01:03Z</time></trkpt>
      <trkpt lat="47.601454868025705" lon="96.44576375381689"><time>2025-09-14T04:06:30Z</time></trkpt>
      <trkpt lat="47.5996841292757" lon="96.48015813785773"><time>2025-09-14T04:11:32Z</time></trkpt>
      <trkpt lat="47.60286839217655" lon="96.49625147701846"><time>2025-09-14T04:17:34Z</time></trkpt>
      <trkpt lat="47.61477628009055" lon="96.51555493165263"><time>2025-09-14T04:22:45Z</time></trkpt>
      <trkpt lat="47.6217334251658" lon="96.52244383827087"><time>2025-09-14T04:27:54Z</time></trkpt>
      <trkpt lat="47.6320607404213" lon="96.53052460524417"><time>2025-09-14T04:32:55Z</time></trkpt>
      <trkpt lat="47.644201198288194" lon="96.54047415834356"><time>2025-09-14T04:38:32Z</time></trkpt>
      <trkpt lat="47.64872177887381" lon="96.54112701859994"><time>2025-09-14T05:05:24Z</time></trkpt>
      <trkpt lat="47.688830428808316" lon="96.5869739555731"><time>2025-09-14T05:10:24Z</time></trkpt>
      <trkpt lat="47.72059008385174" lon="96.69093323328183"><time>2025-09-14T05:18:10Z</time></trkpt>
      <trkpt lat="47.738848594061785" lon="96.75062790522048"><time>2025-09-14T05:23:13Z</time></trkpt>
      <trkpt lat="47.748865069476345" lon="96.80683303538792"><time>2025-09-14T05:28:14Z</time></trkpt>
      <trkpt lat="47.75123964533932" lon="96.81981364274101"><time>2025-09-14T05:40:23Z</time></trkpt>
      <trkpt lat="47.74248220466381" lon="96.83843138098237"><time>2025-09-14T05:46:36Z</time></trkpt>
      <trkpt lat="47.74074780722355" lon="96.84770112724127"><time>2025-09-14T07:16:22Z</time></trkpt>
      <trkpt lat="47.74471518532583" lon="96.85234362581726"><time>2025-09-14T07:47:13Z</time></trkpt>
      <trkpt lat="47.76965594638787" lon="96.88319104500538"><time>2025-09-14T07:55:43Z</time></trkpt>
      <trkpt lat="47.88004074715811" lon="96.93458662377384"><time>2025-09-14T08:09:52Z</time></trkpt>
      <trkpt lat="48.00407300707698" lon="97.10321542815966"><time>2025-09-14T08:25:00Z</time></trkpt>
      <trkpt lat="48.10915583749126" lon="97.17734053740014"><time>2025-09-14T08:38:36Z</time></trkpt>
      <trkpt lat="48.25757319112146" lon="97.24114794293162"><time>2025-09-14T08:52:19Z</time></trkpt>
      <trkpt lat="48.40903436261462" lon="97.36774925418857"><time>2025-09-14T09:07:27Z</time></trkpt>
      <trkpt lat="48.532484234355884" lon="97.46968581350286"><time>2025-09-14T09:19:57Z</time></trkpt>
      <trkpt lat="48.6176067278732" lon="97.58302904363563"><time>2025-09-14T09:35:05Z</time></trkpt>
      <trkpt lat="48.64952565175355" lon="97.57156038665917"><time>2025-09-14T09:50:13Z</time></trkpt>
      <trkpt lat="48.639499554455874" lon="97.5473736506864"><time>2025-09-14T10:04:26Z</time></trkpt>
      <trkpt lat="48.651034687691045" lon="97.58264712998418"><time>2025-09-15T02:06:05Z</time></trkpt>
      <trkpt lat="48.64190450928184" lon="97.61229010923805"><time>2025-09-15T02:17:15Z</time></trkpt>
      <trkpt lat="48.70418169540232" lon="97.71566860386889"><time>2025-09-15T02:51:34Z</time></trkpt>
      <trkpt lat="48.794538150586924" lon="97.92622142480492"><time>2025-09-15T03:06:48Z</time></trkpt>
      <trkpt lat="48.81815504287259" lon="98.14751833686432"><time>2025-09-15T03:20:18Z</time></trkpt>
      <trkpt lat="48.75655664601247" lon="98.2744466700575"><time>2025-09-15T03:34:35Z</time></trkpt>
      <trkpt lat="48.759102816015854" lon="98.28634565746822"><time>2025-09-15T03:40:44Z</time></trkpt>
      <trkpt lat="48.730071972897754" lon="98.4244001081114"><time>2025-09-15T03:51:04Z</time></trkpt>
      <trkpt lat="48.71513273571499" lon="98.670940613466"><time>2025-09-15T04:06:15Z</time></trkpt>
      <trkpt lat="48.715922269084224" lon="98.79977633254491"><time>2025-09-15T04:19:38Z</time></trkpt>
      <trkpt lat="48.7114185262333" lon="98.80264846800212"><time>2025-09-15T05:58:45Z</time></trkpt>
      <trkpt lat="48.69804596715406" lon="98.8486331912885"><time>2025-09-15T06:17:04Z</time></trkpt>
      <trkpt lat="48.66163161945214" lon="98.95286992666303"><time>2025-09-15T06:31:31Z</time></trkpt>
      <trkpt lat="48.582073297360125" lon="98.95407559876617"><time>2025-09-15T06:44:50Z</time></trkpt>
      <trkpt lat="48.45498142768485" lon="98.89549171561272"><time>2025-09-15T06:58:43Z</time></trkpt>
      <trkpt lat="48.31554161844132" lon="98.91459766814626"><time>2025-09-15T07:12:54Z</time></trkpt>
      <trkpt lat="48.29320705034611" lon="98.95393361346699"><time>2025-09-15T07:26:07Z</time></trkpt>
      <trkpt lat="48.26380450748677" lon="98.9872112778006"><time>2025-09-15T07:38:00Z</time></trkpt>
      <trkpt lat="48.19472174164671" lon="99.027838111016"><time>2025-09-15T07:53:08Z</time></trkpt>
      <trkpt lat="48.1086721387819" lon="99.14257271097007"><time>2025-09-15T08:07:02Z</time></trkpt>
      <trkpt lat="48.10749261644492" lon="99.18765351185499"><time>2025-09-15T08:21:56Z</time></trkpt>
      <trkpt lat="48.10618453614042" lon="99.18925191440373"><time>2025-09-16T01:54:07Z</time></trkpt>
      <trkpt lat="48.100857292346745" lon="99.19096444742678"><time>2025-09-17T00:42:22Z</time></trkpt>
      <trkpt lat="48.07555370397237" lon="99.29182542190043"><time>2025-09-17T00:56:52Z</time></trkpt>
      <trkpt lat="48.073070738509365" lon="99.41414351584335"><time>2025-09-17T01:08:02Z</time></trkpt>
      <trkpt lat="48.10212752443572" lon="99.59428510874743"><time>2025-09-17T01:23:11Z</time></trkpt>
      <trkpt lat="48.14398405939622" lon="99.7519625155401"><time>2025-09-17T01:37:06Z</time></trkpt>
      <trkpt lat="48.162810887295834" lon="99.88920446651532"><time>2025-09-17T01:52:14Z</time></trkpt>
      <trkpt lat="48.190431633878674" lon="99.85888074550408"><time>2025-09-17T02:06:57Z</time></trkpt>
      <trkpt lat="48.19277341641687" lon="99.8517893654602"><time>2025-09-17T02:24:23Z</time></trkpt>
      <trkpt lat="48.17127039194868" lon="99.88243734473352"><time>2025-09-17T05:17:40Z</time></trkpt>
      <trkpt lat="48.15924203937246" lon="99.88902867322415"><time>2025-09-17T05:26:44Z</time></trkpt>
      <trkpt lat="48.15354199455605" lon="99.87808541794081"><time>2025-09-17T05:32:30Z</time></trkpt>
      <trkpt lat="48.15706192137445" lon="99.883091341445"><time>2025-09-17T05:49:35Z</time></trkpt>
      <trkpt lat="48.15125625119372" lon="99.90908291200167"><time>2025-09-17T06:01:53Z</time></trkpt>
      <trkpt lat="48.14787105195983" lon="100.03792508514601"><time>2025-09-17T07:09:52Z</time></trkpt>
      <trkpt lat="48.15131083682575" lon="100.23462960836883"><time>2025-09-17T07:24:07Z</time></trkpt>
      <trkpt lat="48.14717943462556" lon="100.27260578555014"><time>2025-09-17T07:29:12Z</time></trkpt>
      <trkpt lat="48.15672481437042" lon="100.28202303694587"><time>2025-09-17T07:52:32Z</time></trkpt>
      <trkpt lat="48.13957384791983" lon="100.27386417621771"><time>2025-09-18T01:11:29Z</time></trkpt>
      <trkpt lat="48.10931148943315" lon="100.29149777265292"><time>2025-09-18T01:26:13Z</time></trkpt>
      <trkpt lat="48.093335754142664" lon="100.32257305129627"><time>2025-09-18T01:40:39Z</time></trkpt>
      <trkpt lat="48.028168732170194" lon="100.41337667002904"><time>2025-09-18T01:52:23Z</time></trkpt>
      <trkpt lat="47.97895950177978" lon="100.50497550226036"><time>2025-09-18T02:03:37Z</time></trkpt>
      <trkpt lat="47.955578057381565" lon="100.58135197731481"><time>2025-09-18T02:18:45Z</time></trkpt>
      <trkpt lat="47.888011945049634" lon="100.69848152356724"><time>2025-09-18T03:32:09Z</time></trkpt>
      <trkpt lat="47.830845220059004" lon="100.89795093061487"><time>2025-09-18T03:46:52Z</time></trkpt>
      <trkpt lat="47.744950703389705" lon="100.96831466080711"><time>2025-09-18T04:01:37Z</time></trkpt>
      <trkpt lat="47.640427197374066" lon="101.06104189539428"><time>2025-09-18T04:16:22Z</time></trkpt>
      <trkpt lat="47.58692433596364" lon="101.2099464052368"><time>2025-09-18T04:30:46Z</time></trkpt>
      <trkpt lat="47.52685692418478" lon="101.39424028804825"><time>2025-09-18T04:45:54Z</time></trkpt>
      <trkpt lat="47.49983007558389" lon="101.4184998069903"><time>2025-09-18T04:59:23Z</time></trkpt>
      <trkpt lat="47.47846665796589" lon="101.42921950677542"><time>2025-09-18T05:08:17Z</time></trkpt>
      <trkpt lat="47.467723445016595" lon="101.48364111597324"><time>2025-09-18T05:19:41Z</time></trkpt>
      <trkpt lat="47.4672346143494" lon="101.55138188982527"><time>2025-09-18T05:37:05Z</time></trkpt>
      <trkpt lat="47.45086978659727" lon="101.75213702032505"><time>2025-09-18T06:19:43Z</time></trkpt>
      <trkpt lat="47.446399466178796" lon="101.93287130454735"><time>2025-09-18T06:32:40Z</time></trkpt>
      <trkpt lat="47.40624642004017" lon="102.1578176134286"><time>2025-09-18T06:47:47Z</time></trkpt>
      <trkpt lat="47.39761248737451" lon="102.33624880650764"><time>2025-09-18T07:02:34Z</time></trkpt>
      <trkpt lat="47.368847793012264" lon="102.49021640056976"><time>2025-09-18T07:16:01Z</time></trkpt>
      <trkpt lat="47.33508272100923" lon="102.61736786002537"><time>2025-09-18T07:28:03Z</time></trkpt>
      <trkpt lat="47.255598516247474" lon="102.75802432569"><time>2025-09-18T07:44:21Z</time></trkpt>
      <trkpt lat="47.25725859349318" lon="102.78327841696377"><time>2025-09-18T07:59:07Z</time></trkpt>
      <trkpt lat="47.227439847818786" lon="102.78566096918917"><time>2025-09-19T01:39:12Z</time></trkpt>
      <trkpt lat="47.19175808601751" lon="102.83556975433866"><time>2025-09-19T01:50:35Z</time></trkpt>
      <trkpt lat="47.19931846918129" lon="102.84332577934862"><time>2025-09-19T02:01:54Z</time></trkpt>
      <trkpt lat="47.12805878568176" lon="102.95656738850866"><time>2025-09-19T04:02:29Z</time></trkpt>
      <trkpt lat="47.15592989236783" lon="102.99345413232501"><time>2025-09-19T04:19:21Z</time></trkpt>
      <trkpt lat="47.24781466186722" lon="103.13667939985463"><time>2025-09-19T04:34:29Z</time></trkpt>
      <trkpt lat="47.31985894244761" lon="103.3179364288078"><time>2025-09-19T04:48:10Z</time></trkpt>
      <trkpt lat="47.33390100311996" lon="103.54032957747454"><time>2025-09-19T05:01:31Z</time></trkpt>
      <trkpt lat="47.34322452456443" lon="103.73627071278517"><time>2025-09-19T05:17:24Z</time></trkpt>
      <trkpt lat="47.36794554387368" lon="103.93455928150036"><time>2025-09-19T06:14:40Z</time></trkpt>
      <trkpt lat="47.35803497028291" lon="104.12665986465674"><time>2025-09-19T06:29:14Z</time></trkpt>
      <trkpt lat="47.35009093773304" lon="104.33841867382111"><time>2025-09-19T06:45:28Z</time></trkpt>
      <trkpt lat="47.35612356108368" lon="104.33052602233768"><time>2025-09-19T07:00:20Z</time></trkpt>
      <trkpt lat="47.35368071958691" lon="104.32774205707426"><time>2025-09-20T02:22:10Z</time></trkpt>
      <trkpt lat="47.338581238742094" lon="104.47682040859308"><time>2025-09-20T02:27:36Z</time></trkpt>
      <trkpt lat="47.38097477243038" lon="104.5059783664574"><time>2025-09-20T02:40:29Z</time></trkpt>
      <trkpt lat="47.51849520662522" lon="104.61082705190577"><time>2025-09-20T02:54:35Z</time></trkpt>
      <trkpt lat="47.59530791551582" lon="104.78070337335093"><time>2025-09-20T03:07:42Z</time></trkpt>
      <trkpt lat="47.667180556063315" lon="104.94850427329322"><time>2025-09-20T03:22:36Z</time></trkpt>
      <trkpt lat="47.75501397329779" lon="105.091873396068"><time>2025-09-20T03:36:07Z</time></trkpt>
      <trkpt lat="47.855866500221055" lon="105.18438437963387"><time>2025-09-20T03:49:08Z</time></trkpt>
      <trkpt lat="47.886095792099724" lon="105.32691428447637"><time>2025-09-20T04:11:56Z</time></trkpt>
      <trkpt lat="47.89308231786546" lon="105.50023837729947"><time>2025-09-20T04:25:09Z</time></trkpt>
      <trkpt lat="47.907099553620625" lon="105.6693742375815"><time>2025-09-20T04:38:46Z</time></trkpt>
      <trkpt lat="47.87432864640045" lon="105.86710786270993"><time>2025-09-20T04:54:42Z</time></trkpt>
      <trkpt lat="47.86228326619404" lon="105.87293718951369"><time>2025-09-20T05:09:25Z</time></trkpt>
      <trkpt lat="47.82463123020035" lon="105.87389486486434"><time>2025-09-20T05:23:21Z</time></trkpt>
      <trkpt lat="47.786750667772985" lon="105.8731800970676"><time>2025-09-20T05:38:04Z</time></trkpt>
      <trkpt lat="47.763781738511994" lon="105.87780045355287"><time>2025-09-20T05:51:21Z</time></trkpt>
      <trkpt lat="47.791344453625186" lon="105.87558444599236"><time>2025-09-20T06:06:29Z</time></trkpt>
      <trkpt lat="47.800940140195" lon="105.89160477752414"><time>2025-09-20T06:19:59Z</time></trkpt>
      <trkpt lat="47.801026399117646" lon="105.89121451293127"><time>2025-09-20T06:20:02Z</time></trkpt>
      <trkpt lat="47.80161039039407" lon="105.88976344114829"><time>2025-09-20T14:43:47Z</time></trkpt>
      <trkpt lat="47.842994621068094" lon="105.87156373086"><time>2025-09-21T05:13:57Z</time></trkpt>
      <trkpt lat="47.875205838965584" lon="105.86910475941633"><time>2025-09-21T05:27:36Z</time></trkpt>
      <trkpt lat="47.89849711120864" lon="106.01362240510622"><time>2025-09-21T05:58:02Z</time></trkpt>
      <trkpt lat="47.90898098665015" lon="106.07956685249025"><time>2025-09-21T06:03:04Z</time></trkpt>
      <trkpt lat="47.91600926891741" lon="106.25774275103652"><time>2025-09-21T06:14:49Z</time></trkpt>
      <trkpt lat="47.89978465535482" lon="106.43730866732675"><time>2025-09-21T06:29:02Z</time></trkpt>
      <trkpt lat="47.91035364191399" lon="106.55082472246514"><time>2025-09-21T06:39:45Z</time></trkpt>
      <trkpt lat="47.877176487167425" lon="106.60972156435821"><time>2025-09-21T06:47:47Z</time></trkpt>
      <trkpt lat="47.902229334961085" lon="106.73999039803803"><time>2025-09-21T07:02:23Z</time></trkpt>
      <trkpt lat="47.90680387576041" lon="106.77775798401926"><time>2025-09-21T07:07:21Z</time></trkpt>
      <trkpt lat="47.90743703958383" lon="106.78741992461195"><time>2025-09-21T07:18:24Z</time></trkpt>
      <trkpt lat="47.909596385478885" lon="106.80357981483154"><time>2025-09-21T07:33:00Z</time></trkpt>
      <trkpt lat="47.91022368711224" lon="106.8195625954371"><time>2025-09-21T07:44:16Z</time></trkpt>
      <trkpt lat="47.91231592082004" lon="106.84772242877385"><time>2025-09-21T07:55:53Z</time></trkpt>
      <trkpt lat="47.91361444872391" lon="106.86958485135642"><time>2025-09-21T08:02:55Z</time></trkpt>
      <trkpt lat="47.90896672175726" lon="106.89166304238945"><time>2025-09-21T08:14:32Z</time></trkpt>
      <trkpt lat="47.911160862952926" lon="106.90724498047794"><time>2025-09-21T08:26:21Z</time></trkpt>
      <trkpt lat="47.91281606559017" lon="106.90074773930553"><time>2025-09-21T09:32:11Z</time></trkpt>
      <trkpt lat="47.91467133357034" lon="106.91083052028522"><time>2025-09-23T02:29:57Z</time></trkpt>
      <trkpt lat="47.91675838249441" lon="106.9186756011574"><time>2025-09-23T02:39:17Z</time></trkpt>
      <trkpt lat="47.923262563892635" lon="106.92315901474478"><time>2025-09-23T02:56:54Z</time></trkpt>
      <trkpt lat="47.91707091170642" lon="106.91671743904556"><time>2025-09-23T04:04:50Z</time></trkpt>
      <trkpt lat="47.914047266885646" lon="106.90763342052315"><time>2025-09-23T04:16:39Z</time></trkpt>
      <trkpt lat="47.91244778724632" lon="106.90122704879725"><time>2025-09-23T05:42:04Z</time></trkpt>
      <trkpt lat="47.915083515871615" lon="106.89864791399029"><time>2025-09-23T06:26:05Z</time></trkpt>
      <trkpt lat="47.91681280144764" lon="106.91224183973513"><time>2025-09-23T07:37:41Z</time></trkpt>
      <trkpt lat="47.91772546125127" lon="106.91971068431214"><time>2025-09-23T07:47:48Z</time></trkpt>
      <trkpt lat="47.91684839353735" lon="106.91211911821242"><time>2025-09-23T08:48:22Z</time></trkpt>
      <trkpt lat="47.91375082900599" lon="106.90650922693399"><time>2025-09-23T08:57:54Z</time></trkpt>
      <trkpt lat="47.91376044573247" lon="106.90700552342874"><time>2025-09-23T08:57:58Z</time></trkpt>
      <trkpt lat="47.91243161923314" lon="106.90108350655764"><time>2025-09-24T15:44:59Z</time></trkpt>
      <trkpt lat="47.912823832682115" lon="106.89896552884301"><time>2025-09-26T03:58:11Z</time></trkpt>
      <trkpt lat="47.9137033923044" lon="106.90653716223957"><time>2025-09-26T04:13:19Z</time></trkpt>
      <trkpt lat="47.91862483675994" lon="106.94348841373983"><time>2025-09-26T04:28:03Z</time></trkpt>
      <trkpt lat="47.91065407277518" lon="107.00469014225344"><time>2025-09-26T04:42:54Z</time></trkpt>
      <trkpt lat="47.906361427816485" lon="107.01559629270714"><time>2025-09-26T06:14:42Z</time></trkpt>
      <trkpt lat="47.90324287600709" lon="107.0257638719818"><time>2025-09-26T06:26:03Z</time></trkpt>
      <trkpt lat="47.8801256922118" lon="107.0970284446501"><time>2025-09-26T08:17:29Z</time></trkpt>
      <trkpt lat="47.80701091810616" lon="107.19689366387301"><time>2025-09-26T08:27:09Z</time></trkpt>
      <trkpt lat="47.78851055766025" lon="107.25552877671085"><time>2025-09-26T08:33:16Z</time></trkpt>
      <trkpt lat="47.78014491252556" lon="107.34786095503323"><time>2025-09-26T08:43:43Z</time></trkpt>
      <trkpt lat="47.79590240684132" lon="107.50044554481981"><time>2025-09-26T08:57:51Z</time></trkpt>
      <trkpt lat="47.807240708359174" lon="107.530301712533"><time>2025-09-26T09:10:31Z</time></trkpt>
      <trkpt lat="47.80661154753481" lon="107.53126600899557"><time>2025-09-26T09:10:35Z</time></trkpt>
      <trkpt lat="47.82903368123605" lon="107.16454161341038"><time>2025-09-28T00:03:50Z</time></trkpt>
      <trkpt lat="47.87870559380192" lon="107.09970532926461"><time>2025-09-28T00:09:56Z</time></trkpt>
      <trkpt lat="47.9020580671123" lon="107.02975419699558"><time>2025-09-28T00:16:10Z</time></trkpt>
      <trkpt lat="47.913019962841844" lon="106.99506186897938"><time>2025-09-28T00:22:10Z</time></trkpt>
      <trkpt lat="47.90805021904005" lon="106.94764468151803"><time>2025-09-28T00:28:17Z</time></trkpt>
      <trkpt lat="47.907918412282974" lon="106.91562247472528"><time>2025-09-28T00:33:25Z</time></trkpt>
      <trkpt lat="47.911437397398174" lon="106.908414994729"><time>2025-09-28T00:39:34Z</time></trkpt>
      <trkpt lat="47.911853826608734" lon="106.90830284118672"><time>2025-09-28T01:39:02Z</time></trkpt>
      <trkpt lat="47.90985429663947" lon="106.8949216884625"><time>2025-09-29T22:14:21Z</time></trkpt>
      <trkpt lat="47.87597826790558" lon="106.84782321636042"><time>2025-09-29T22:24:44Z</time></trkpt>
      <trkpt lat="47.85508180405148" lon="106.77987640055224"><time>2025-09-29T22:36:20Z</time></trkpt>
      <trkpt lat="47.85429681045189" lon="106.78004607295006"><time>2025-09-29T22:53:04Z</time></trkpt>
      <trkpt lat="47.885712249213164" lon="106.78513160902212"><time>2025-09-30T00:59:11Z</time></trkpt>
      <trkpt lat="47.90651161394261" lon="106.7714791047441"><time>2025-09-30T01:13:20Z</time></trkpt>
      <trkpt lat="47.90083457254609" lon="106.71638404960437"><time>2025-09-30T01:29:34Z</time></trkpt>
      <trkpt lat="47.88274946823661" lon="106.59713491054049"><time>2025-09-30T01:42:06Z</time></trkpt>
      <trkpt lat="47.909392907252425" lon="106.55611019035771"><time>2025-09-30T01:48:03Z</time></trkpt>
      <trkpt lat="47.89986439631218" lon="106.4281156613467"><time>2025-09-30T02:00:34Z</time></trkpt>
      <trkpt lat="47.91403420249636" lon="106.31152344620315"><time>2025-09-30T02:11:37Z</time></trkpt>
      <trkpt lat="47.91700125210724" lon="106.15795056345515"><time>2025-09-30T02:32:12Z</time></trkpt>
      <trkpt lat="47.90917910093878" lon="105.59051989040654"><time>2025-09-30T03:15:00Z</time></trkpt>
      <trkpt lat="47.90063355793602" lon="105.41520444056029"><time>2025-09-30T03:30:07Z</time></trkpt>
      <trkpt lat="47.87198070906835" lon="105.28310190896065"><time>2025-09-30T03:42:45Z</time></trkpt>
      <trkpt lat="47.862402036717796" lon="105.19502251112081"><time>2025-09-30T03:55:08Z</time></trkpt>
      <trkpt lat="47.76516240560241" lon="105.11187370876326"><time>2025-09-30T04:46:14Z</time></trkpt>
      <trkpt lat="47.6810879772973" lon="104.97133945124686"><time>2025-09-30T05:00:59Z</time></trkpt>
      <trkpt lat="47.66398311131416" lon="104.93324973630249"><time>2025-09-30T05:15:44Z</time></trkpt>
      <trkpt lat="47.608908936425685" lon="104.83613071972955"><time>2025-10-01T02:28:14Z</time></trkpt>
      <trkpt lat="47.5379859674259" lon="104.64035271724705"><time>2025-10-01T02:43:01Z</time></trkpt>
      <trkpt lat="47.39800524902287" lon="104.52422241690059"><time>2025-10-01T02:57:22Z</time></trkpt>
      <trkpt lat="47.339207413650435" lon="104.47931662211612"><time>2025-10-01T03:05:44Z</time></trkpt>
      <trkpt lat="47.34001806727037" lon="104.38373768139314"><time>2025-10-01T03:12:42Z</time></trkpt>
      <trkpt lat="47.35505580544378" lon="104.19018185020778"><time>2025-10-01T03:25:24Z</time></trkpt>
      <trkpt lat="47.36825485718191" lon="103.94204299906636"><time>2025-10-01T03:43:17Z</time></trkpt>
      <trkpt lat="47.34352912292568" lon="103.73588799508636"><time>2025-10-01T03:58:01Z</time></trkpt>
      <trkpt lat="47.30532063935861" lon="103.63871390765955"><time>2025-10-01T04:07:09Z</time></trkpt>
      <trkpt lat="47.33623087410567" lon="103.50050018178625"><time>2025-10-01T04:40:35Z</time></trkpt>
      <trkpt lat="47.311873575929425" lon="103.30278030646393"><time>2025-10-01T04:53:19Z</time></trkpt>
      <trkpt lat="47.22698726647854" lon="103.10808528061672"><time>2025-10-01T05:07:38Z</time></trkpt>
      <trkpt lat="47.14324564211736" lon="102.92831375273217"><time>2025-10-01T05:24:47Z</time></trkpt>
      <trkpt lat="47.192526245533664" lon="102.84230545172733"><time>2025-10-01T05:37:01Z</time></trkpt>
      <trkpt lat="47.190224616832275" lon="102.8230557405416"><time>2025-10-01T05:49:21Z</time></trkpt>
      <trkpt lat="47.178999160917336" lon="102.80800543449557"><time>2025-10-01T05:56:11Z</time></trkpt>
      <trkpt lat="47.17378077493727" lon="102.80396013740108"><time>2025-10-01T06:11:30Z</time></trkpt>
      <trkpt lat="47.15622313586292" lon="102.80222588164014"><time>2025-10-01T06:26:00Z</time></trkpt>
      <trkpt lat="47.13010203205429" lon="102.78155098658772"><time>2025-10-01T07:26:36Z</time></trkpt>
      <trkpt lat="47.12305207393692" lon="102.779431797856"><time>2025-10-01T07:40:07Z</time></trkpt>
      <trkpt lat="47.101034072701076" lon="102.7753381253138"><time>2025-10-02T04:38:42Z</time></trkpt>
      <trkpt lat="47.0876944950289" lon="102.74434061730535"><time>2025-10-02T04:53:42Z</time></trkpt>
      <trkpt lat="47.069784252557106" lon="102.73611038200363"><time>2025-10-02T05:12:11Z</time></trkpt>
      <trkpt lat="47.05723302443238" lon="102.71935776816935"><time>2025-10-02T05:27:11Z</time></trkpt>
      <trkpt lat="47.046866271360365" lon="102.70876372467013"><time>2025-10-02T05:42:11Z</time></trkpt>
      <trkpt lat="47.02992320036139" lon="102.69147873139501"><time>2025-10-02T05:50:05Z</time></trkpt>
      <trkpt lat="47.00573079262084" lon="102.64517284575858"><time>2025-10-02T06:05:38Z</time></trkpt>
      <trkpt lat="46.97820699061621" lon="102.62668288078073"><time>2025-10-02T06:21:01Z</time></trkpt>
      <trkpt lat="46.97349423301871" lon="102.59022023907248"><time>2025-10-02T06:36:01Z</time></trkpt>
      <trkpt lat="46.963828252769765" lon="102.58125984921566"><time>2025-10-02T06:51:01Z</time></trkpt>
      <trkpt lat="46.931188150407216" lon="102.53263815940227"><time>2025-10-02T07:20:40Z</time></trkpt>
      <trkpt lat="46.92501903738307" lon="102.54748619975337"><time>2025-10-02T07:36:11Z</time></trkpt>
      <trkpt lat="46.91813915725982" lon="102.54880244110831"><time>2025-10-02T07:50:05Z</time></trkpt>
      <trkpt lat="46.90659802877057" lon="102.48378857048459"><time>2025-10-02T08:05:05Z</time></trkpt>
      <trkpt lat="46.894046296409236" lon="102.42395234303774"><time>2025-10-02T08:20:04Z</time></trkpt>
      <trkpt lat="46.887624961213035" lon="102.40318764501087"><time>2025-10-02T08:35:05Z</time></trkpt>
      <trkpt lat="46.89366894438458" lon="102.38860380322326"><time>2025-10-02T08:50:05Z</time></trkpt>
      <trkpt lat="46.89303920243266" lon="102.39332785207384"><time>2025-10-02T13:17:17Z</time></trkpt>
      <trkpt lat="46.893416328673055" lon="102.42617012620055"><time>2025-10-04T01:49:36Z</time></trkpt>
      <trkpt lat="46.902745917168716" lon="102.47587255440166"><time>2025-10-04T02:02:02Z</time></trkpt>
      <trkpt lat="46.91239298770806" lon="102.50585890601089"><time>2025-10-04T02:09:21Z</time></trkpt>
      <trkpt lat="46.91850825536266" lon="102.53029238738986"><time>2025-10-04T02:15:36Z</time></trkpt>
      <trkpt lat="46.931582302830115" lon="102.58334076972919"><time>2025-10-04T02:30:44Z</time></trkpt>
      <trkpt lat="46.934050857133165" lon="102.63772901157162"><time>2025-10-04T02:41:08Z</time></trkpt>
      <trkpt lat="46.92597086851927" lon="102.65401929283132"><time>2025-10-04T02:48:26Z</time></trkpt>
      <trkpt lat="46.92373241619399" lon="102.69284371162203"><time>2025-10-04T02:59:38Z</time></trkpt>
      <trkpt lat="46.90698215434744" lon="102.75621664324267"><time>2025-10-04T03:14:47Z</time></trkpt>
      <trkpt lat="46.89668117469436" lon="102.78268698725623"><time>2025-10-04T03:20:17Z</time></trkpt>
      <trkpt lat="46.85957282785965" lon="102.81256084339955"><time>2025-10-04T03:32:19Z</time></trkpt>
      <trkpt lat="46.82775797326754" lon="102.82578463675718"><time>2025-10-04T03:45:24Z</time></trkpt>
      <trkpt lat="46.79179755509532" lon="102.85973696047706"><time>2025-10-04T04:00:32Z</time></trkpt>
      <trkpt lat="46.76578515679274" lon="102.92587084705282"><time>2025-10-04T04:43:34Z</time></trkpt>
      <trkpt lat="46.75662411381188" lon="103.03350890064895"><time>2025-10-04T04:58:41Z</time></trkpt>
      <trkpt lat="46.726400270170274" lon="103.09364017108743"><time>2025-10-04T05:09:02Z</time></trkpt>
      <trkpt lat="46.69711387132983" lon="103.12149407858968"><time>2025-10-04T05:19:28Z</time></trkpt>
      <trkpt lat="46.654341048604486" lon="103.15651500607203"><time>2025-10-04T05:36:15Z</time></trkpt>
      <trkpt lat="46.5487581362696" lon="103.02694532282736"><time>2025-10-04T06:05:44Z</time></trkpt>
      <trkpt lat="46.46333863963044" lon="102.86907272422953"><time>2025-10-04T06:20:27Z</time></trkpt>
      <trkpt lat="46.36083072987046" lon="102.81488028364518"><time>2025-10-04T06:34:56Z</time></trkpt>
      <trkpt lat="46.27012466058869" lon="102.79417267061423"><time>2025-10-04T06:45:27Z</time></trkpt>
      <trkpt lat="46.264208464362135" lon="102.7906266327174"><time>2025-10-04T06:54:44Z</time></trkpt>
      <trkpt lat="46.267706612168126" lon="102.78253812352455"><time>2025-10-04T07:41:21Z</time></trkpt>
      <trkpt lat="46.2592418976704" lon="102.76750868292602"><time>2025-10-04T07:46:28Z</time></trkpt>
      <trkpt lat="46.26291761179107" lon="102.77342741387223"><time>2025-10-04T07:57:52Z</time></trkpt>
      <trkpt lat="46.213573766915324" lon="102.7620877047095"><time>2025-10-04T08:12:58Z</time></trkpt>
      <trkpt lat="46.18206848506236" lon="102.7427649241229"><time>2025-10-04T08:27:45Z</time></trkpt>
      <trkpt lat="46.148355173929765" lon="102.72392849867788"><time>2025-10-04T08:42:30Z</time></trkpt>
      <trkpt lat="46.110135423993796" lon="102.70854402343065"><time>2025-10-04T08:55:38Z</time></trkpt>
      <trkpt lat="46.104149052089646" lon="102.71433695092037"><time>2025-10-05T01:38:29Z</time></trkpt>
      <trkpt lat="46.066695466657826" lon="102.7114653082355"><time>2025-10-05T01:53:28Z</time></trkpt>
      <trkpt lat="46.056306302540726" lon="102.70964787754143"><time>2025-10-05T02:08:29Z</time></trkpt>
      <trkpt lat="46.00037255701447" lon="102.71489593427845"><time>2025-10-05T02:23:29Z</time></trkpt>
      <trkpt lat="45.960918285214916" lon="102.70243430436433"><time>2025-10-05T02:38:29Z</time></trkpt>
      <trkpt lat="45.914112782432504" lon="102.69910742382355"><time>2025-10-05T02:53:14Z</time></trkpt>
      <trkpt lat="45.89912387857903" lon="102.69403780504354"><time>2025-10-05T03:05:59Z</time></trkpt>
      <trkpt lat="45.84769652695008" lon="102.67576357359317"><time>2025-10-05T03:20:40Z</time></trkpt>
      <trkpt lat="45.79920005057547" lon="102.65860305177296"><time>2025-10-05T03:33:28Z</time></trkpt>
      <trkpt lat="45.73351976597447" lon="102.64345803415607"><time>2025-10-05T03:46:56Z</time></trkpt>
      <trkpt lat="45.682426398503175" lon="102.63938787133897"><time>2025-10-05T04:02:04Z</time></trkpt>
      <trkpt lat="45.63691513151455" lon="102.6312549972"><time>2025-10-05T04:16:49Z</time></trkpt>
      <trkpt lat="45.59018321339561" lon="102.60272576483209"><time>2025-10-05T04:29:28Z</time></trkpt>
      <trkpt lat="45.57851405352879" lon="102.59302547211072"><time>2025-10-05T04:42:24Z</time></trkpt>
      <trkpt lat="45.57877816729767" lon="102.58353103893118"><time>2025-10-05T05:41:01Z</time></trkpt>
      <trkpt lat="45.52674083661147" lon="102.54416046411544"><time>2025-10-05T05:55:41Z</time></trkpt>
      <trkpt lat="45.50380950332201" lon="102.50902882786701"><time>2025-10-05T06:10:08Z</time></trkpt>
      <trkpt lat="45.4590747570854" lon="102.42527328821619"><time>2025-10-05T06:40:52Z</time></trkpt>
      <trkpt lat="45.41656663179902" lon="102.40964828999937"><time>2025-10-05T06:55:37Z</time></trkpt>
      <trkpt lat="45.33550524622699" lon="102.38577646212875"><time>2025-10-05T07:10:22Z</time></trkpt>
      <trkpt lat="45.3078644677991" lon="102.38041706288254"><time>2025-10-05T07:23:34Z</time></trkpt>
      <trkpt lat="45.26451365242546" lon="102.36323797061078"><time>2025-10-06T02:14:38Z</time></trkpt>
      <trkpt lat="45.199785140202565" lon="102.33529330091385"><time>2025-10-06T02:29:40Z</time></trkpt>
      <trkpt lat="45.13700002808602" lon="102.31492951521865"><time>2025-10-06T02:44:38Z</time></trkpt>
      <trkpt lat="45.08484094703063" lon="102.29638180711991"><time>2025-10-06T02:59:40Z</time></trkpt>
      <trkpt lat="45.01985094514212" lon="102.25968715744303"><time>2025-10-06T03:15:14Z</time></trkpt>
      <trkpt lat="44.97085964311377" lon="102.25324574867473"><time>2025-10-06T03:30:14Z</time></trkpt>
      <trkpt lat="44.9450855572462" lon="102.21462332528185"><time>2025-10-06T03:45:14Z</time></trkpt>
      <trkpt lat="44.885896257730266" lon="102.17226495160011"><time>2025-10-06T04:00:16Z</time></trkpt>
      <trkpt lat="44.83145101262662" lon="102.1548694791496"><time>2025-10-06T04:25:24Z</time></trkpt>
      <trkpt lat="44.78665831037311" lon="102.14252851912951"><time>2025-10-06T04:40:38Z</time></trkpt>
      <trkpt lat="44.746603880866886" lon="102.15797905438122"><time>2025-10-06T04:55:39Z</time></trkpt>
      <trkpt lat="44.67802041234434" lon="102.17331315631388"><time>2025-10-06T05:10:39Z</time></trkpt>
      <trkpt lat="44.67169297319093" lon="102.17312473064959"><time>2025-10-06T05:25:17Z</time></trkpt>
      <trkpt lat="44.66749985784504" lon="102.15821658982132"><time>2025-10-06T05:56:33Z</time></trkpt>
      <trkpt lat="44.65787191939598" lon="102.11718786795164"><time>2025-10-06T06:04:32Z</time></trkpt>
      <trkpt lat="44.656646610279246" lon="102.04729769388403"><time>2025-10-06T06:20:05Z</time></trkpt>
      <trkpt lat="44.67854156628687" lon="101.96373850116689"><time>2025-10-06T06:35:29Z</time></trkpt>
      <trkpt lat="44.69299634172483" lon="101.88237471418466"><time>2025-10-06T06:50:30Z</time></trkpt>
      <trkpt lat="44.69857281440964" lon="101.84973008348324"><time>2025-10-06T06:56:19Z</time></trkpt>
      <trkpt lat="44.69344315654511" lon="101.8060211668114"><time>2025-10-06T07:11:41Z</time></trkpt>
      <trkpt lat="44.66862719684306" lon="101.77577529552747"><time>2025-10-07T01:46:50Z</time></trkpt>
      <trkpt lat="44.61347181718703" lon="101.73676827070251"><time>2025-10-07T01:59:52Z</time></trkpt>
      <trkpt lat="44.56846752208151" lon="101.6850012448632"><time>2025-10-07T02:13:15Z</time></trkpt>
      <trkpt lat="44.51733292550269" lon="101.60748984674142"><time>2025-10-07T02:28:23Z</time></trkpt>
      <trkpt lat="44.48417642157942" lon="101.5896202159129"><time>2025-10-07T02:43:08Z</time></trkpt>
      <trkpt lat="44.430911802549474" lon="101.56745366576823"><time>2025-10-07T02:57:54Z</time></trkpt>
      <trkpt lat="44.3584393663745" lon="101.53758200826266"><time>2025-10-07T03:12:38Z</time></trkpt>
      <trkpt lat="44.295492530841656" lon="101.51803390132405"><time>2025-10-07T03:25:29Z</time></trkpt>
      <trkpt lat="44.23699732408322" lon="101.5306898207418"><time>2025-10-07T03:40:37Z</time></trkpt>
      <trkpt lat="44.17738589927943" lon="101.5025247820667"><time>2025-10-07T03:55:22Z</time></trkpt>
      <trkpt lat="44.129106891382605" lon="101.51971212597705"><time>2025-10-07T04:08:42Z</time></trkpt>
      <trkpt lat="44.07196527816734" lon="101.51199004622318"><time>2025-10-07T04:24:38Z</time></trkpt>
      <trkpt lat="44.033462487988885" lon="101.50667055585514"><time>2025-10-07T04:38:09Z</time></trkpt>
      <trkpt lat="43.99388303053006" lon="101.48870830433582"><time>2025-10-07T04:51:25Z</time></trkpt>
      <trkpt lat="43.97573176775498" lon="101.48348537283157"><time>2025-10-07T05:06:34Z</time></trkpt>
      <trkpt lat="43.94474483682166" lon="101.45493205146603"><time>2025-10-07T06:15:13Z</time></trkpt>
      <trkpt lat="43.91128157841575" lon="101.43226616098892"><time>2025-10-07T06:30:21Z</time></trkpt>
      <trkpt lat="43.864962444681545" lon="101.39791871430482"><time>2025-10-07T06:45:06Z</time></trkpt>
      <trkpt lat="43.792461915913776" lon="101.3685236313393"><time>2025-10-07T06:59:50Z</time></trkpt>
      <trkpt lat="43.727561845484864" lon="101.35756094018123"><time>2025-10-07T07:13:47Z</time></trkpt>
      <trkpt lat="43.67927660553471" lon="101.3537727097033"><time>2025-10-07T07:28:32Z</time></trkpt>
      <trkpt lat="43.662755610461964" lon="101.3304986246874"><time>2025-10-07T07:42:08Z</time></trkpt>
      <trkpt lat="43.65030978428027" lon="101.32818016285785"><time>2025-10-08T01:36:58Z</time></trkpt>
      <trkpt lat="43.61791519452223" lon="101.28471809448794"><time>2025-10-08T02:00:19Z</time></trkpt>
      <trkpt lat="43.573995824012506" lon="101.27647290015712"><time>2025-10-08T02:12:58Z</time></trkpt>
      <trkpt lat="43.53505130635516" lon="101.26322728735168"><time>2025-10-08T02:26:39Z</time></trkpt>
      <trkpt lat="43.49583440929977" lon="101.25733986506356"><time>2025-10-08T02:39:28Z</time></trkpt>
      <trkpt lat="43.44775159831146" lon="101.25796421886582"><time>2025-10-08T02:54:52Z</time></trkpt>
      <trkpt lat="43.413693476508755" lon="101.23480746531973"><time>2025-10-08T03:07:28Z</time></trkpt>
      <trkpt lat="43.36337724704608" lon="101.20027922103293"><time>2025-10-08T03:20:41Z</time></trkpt>
      <trkpt lat="43.340538069646186" lon="101.1760908086795"><time>2025-10-08T03:34:29Z</time></trkpt>
      <trkpt lat="43.30027509484747" lon="101.12165831038833"><time>2025-10-08T03:47:27Z</time></trkpt>
      <trkpt lat="43.232160873030885" lon="101.05315839532858"><time>2025-10-08T03:57:47Z</time></trkpt>
      <trkpt lat="43.228247552098516" lon="101.048968617431"><time>2025-10-08T04:03:09Z</time></trkpt>
      <trkpt lat="43.226318602925424" lon="101.04311350743248"><time>2025-10-08T04:25:08Z</time></trkpt>
      <trkpt lat="43.22691401115536" lon="101.05165193976262"><time>2025-10-08T05:30:39Z</time></trkpt>
      <trkpt lat="43.27642712418084" lon="101.09054183924495"><time>2025-10-08T05:48:00Z</time></trkpt>
      <trkpt lat="43.31422509629588" lon="101.07707153083857"><time>2025-10-08T06:02:44Z</time></trkpt>
      <trkpt lat="43.36389727800016" lon="101.00117748652278"><time>2025-10-08T06:17:14Z</time></trkpt>
      <trkpt lat="43.40616161286063" lon="100.91021304930261"><time>2025-10-08T06:32:20Z</time></trkpt>
      <trkpt lat="43.43068035826218" lon="100.80164367985479"><time>2025-10-08T06:47:05Z</time></trkpt>
      <trkpt lat="43.45369803723269" lon="100.67917286427755"><time>2025-10-08T07:00:04Z</time></trkpt>
      <trkpt lat="43.44544923868351" lon="100.52891559908215"><time>2025-10-08T07:15:12Z</time></trkpt>
      <trkpt lat="43.48273491956618" lon="100.44184003034647"><time>2025-10-08T07:29:16Z</time></trkpt>
      <trkpt lat="43.523424448483404" lon="100.32706433191632"><time>2025-10-08T07:44:03Z</time></trkpt>
      <trkpt lat="43.538139048073006" lon="100.20578845413422"><time>2025-10-08T07:57:32Z</time></trkpt>
      <trkpt lat="43.550716649181396" lon="100.18093282917532"><time>2025-10-08T08:10:23Z</time></trkpt>
      <trkpt lat="43.55562306944612" lon="100.12823833161977"><time>2025-10-08T08:24:16Z</time></trkpt>
      <trkpt lat="43.54881683179035" lon="100.12136699730425"><time>2025-10-09T02:00:56Z</time></trkpt>
      <trkpt lat="43.53573277131052" lon="100.0887480006554"><time>2025-10-09T02:14:25Z</time></trkpt>
      <trkpt lat="43.50499277007161" lon="100.05819152118643"><time>2025-10-09T02:29:10Z</time></trkpt>
      <trkpt lat="43.49394998183856" lon="100.01478442058105"><time>2025-10-09T02:44:08Z</time></trkpt>
      <trkpt lat="43.48846030425605" lon="99.96920362124216"><time>2025-10-09T02:58:52Z</time></trkpt>
      <trkpt lat="43.49111057821986" lon="99.92859791042277"><time>2025-10-09T03:13:01Z</time></trkpt>
      <trkpt lat="43.49524172492651" lon="99.89347748467688"><time>2025-10-09T03:27:46Z</time></trkpt>
      <trkpt lat="43.49694526292709" lon="99.86298135491074"><time>2025-10-09T03:42:31Z</time></trkpt>
      <trkpt lat="43.499697244649035" lon="99.81755157247422"><time>2025-10-09T03:57:17Z</time></trkpt>
      <trkpt lat="43.49783906907321" lon="99.81558642753858"><time>2025-10-09T05:44:15Z</time></trkpt>
      <trkpt lat="43.48480877004888" lon="99.81957810008882"><time>2025-10-10T02:15:06Z</time></trkpt>
      <trkpt lat="43.47505101938124" lon="99.83271287763475"><time>2025-10-10T02:29:12Z</time></trkpt>
      <trkpt lat="43.474365421611324" lon="99.83098737904785"><time>2025-10-10T07:51:31Z</time></trkpt>
      <trkpt lat="43.48685235894198" lon="99.8159275234038"><time>2025-10-13T00:26:36Z</time></trkpt>
      <trkpt lat="43.49892035174935" lon="99.80999164695704"><time>2025-10-13T00:39:44Z</time></trkpt>
      <trkpt lat="43.502167431104894" lon="99.83848268608772"><time>2025-10-13T00:53:14Z</time></trkpt>
      <trkpt lat="43.49645915399789" lon="99.88261433414641"><time>2025-10-13T01:06:11Z</time></trkpt>
      <trkpt lat="43.490182156715065" lon="99.92543617272742"><time>2025-10-13T01:21:17Z</time></trkpt>
      <trkpt lat="43.48995551737132" lon="99.97268846887532"><time>2025-10-13T01:36:04Z</time></trkpt>
      <trkpt lat="43.49625499256579" lon="100.0290547134357"><time>2025-10-13T01:50:49Z</time></trkpt>
      <trkpt lat="43.51675179862988" lon="100.07521242728278"><time>2025-10-13T02:03:49Z</time></trkpt>
      <trkpt lat="43.548827064264145" lon="100.12107423516001"><time>2025-10-13T02:18:55Z</time></trkpt>
      <trkpt lat="43.55294167580487" lon="100.12425145693577"><time>2025-10-13T02:33:20Z</time></trkpt>
      <trkpt lat="43.5699112806875" lon="100.14315946036963"><time>2025-10-13T03:53:01Z</time></trkpt>
      <trkpt lat="43.53891057950363" lon="100.20278816875137"><time>2025-10-13T04:08:50Z</time></trkpt>
      <trkpt lat="43.52787771266282" lon="100.29346676552696"><time>2025-10-13T04:22:33Z</time></trkpt>
      <trkpt lat="43.48801204007444" lon="100.4250665009957"><time>2025-10-13T04:36:20Z</time></trkpt>
      <trkpt lat="43.44542006966047" lon="100.5276474171323"><time>2025-10-13T04:50:17Z</time></trkpt>
      <trkpt lat="43.45228510380316" lon="100.64831990672796"><time>2025-10-13T05:03:11Z</time></trkpt>
      <trkpt lat="43.43355820983968" lon="100.77996927322891"><time>2025-10-13T05:17:32Z</time></trkpt>
      <trkpt lat="43.41403512288203" lon="100.8918777388529"><time>2025-10-13T05:30:22Z</time></trkpt>
      <trkpt lat="43.37327158082591" lon="100.98055659802722"><time>2025-10-13T05:45:29Z</time></trkpt>
      <trkpt lat="43.337633069644994" lon="101.04840165013545"><time>2025-10-13T05:59:01Z</time></trkpt>
      <trkpt lat="43.277463133627755" lon="101.09064178145456"><time>2025-10-13T06:12:27Z</time></trkpt>
      <trkpt lat="43.23217183821204" lon="101.05293315844708"><time>2025-10-13T06:26:06Z</time></trkpt>
      <trkpt lat="43.225806902134764" lon="101.04522524311243"><time>2025-10-13T06:40:47Z</time></trkpt>
      <trkpt lat="43.2300967547634" lon="101.05228388799385"><time>2025-10-13T07:39:30Z</time></trkpt>
      <trkpt lat="43.258874478488174" lon="101.07379716371086"><time>2025-10-13T07:51:46Z</time></trkpt>
      <trkpt lat="43.34634806839675" lon="101.23369871396208"><time>2025-10-13T08:22:23Z</time></trkpt>
      <trkpt lat="43.376547731499535" lon="101.3615974971106"><time>2025-10-13T08:36:27Z</time></trkpt>
      <trkpt lat="43.38057213466929" lon="101.3950218447497"><time>2025-10-13T08:49:11Z</time></trkpt>
      <trkpt lat="43.42629428655732" lon="101.5360243715471"><time>2025-10-13T09:17:43Z</time></trkpt>
      <trkpt lat="43.41916451234689" lon="101.53434458198168"><time>2025-10-14T01:55:24Z</time></trkpt>
      <trkpt lat="43.43513431949661" lon="101.62647202748309"><time>2025-10-14T02:09:24Z</time></trkpt>
      <trkpt lat="43.4467644347916" lon="101.72846793059304"><time>2025-10-14T02:22:59Z</time></trkpt>
      <trkpt lat="43.44591363802873" lon="101.77041987897992"><time>2025-10-14T02:37:12Z</time></trkpt>
      <trkpt lat="43.44395935539477" lon="101.79004493178967"><time>2025-10-14T02:44:47Z</time></trkpt>
      <trkpt lat="43.43905782796762" lon="101.80881075570528"><time>2025-10-14T03:25:44Z</time></trkpt>
      <trkpt lat="43.4305327210582" lon="101.85307028454031"><time>2025-10-14T03:39:30Z</time></trkpt>
      <trkpt lat="43.419974832836" lon="101.89373862939131"><time>2025-10-14T03:52:00Z</time></trkpt>
      <trkpt lat="43.41898794755658" lon="101.9407780376281"><time>2025-10-14T04:05:00Z</time></trkpt>
      <trkpt lat="43.41399836823662" lon="101.98777419524453"><time>2025-10-14T04:17:43Z</time></trkpt>
      <trkpt lat="43.40888515584488" lon="102.04106700616147"><time>2025-10-14T04:31:10Z</time></trkpt>
      <trkpt lat="43.414401789236265" lon="102.08392392853469"><time>2025-10-14T04:46:19Z</time></trkpt>
      <trkpt lat="43.42184194052265" lon="102.1453534214409"><time>2025-10-14T04:58:27Z</time></trkpt>
      <trkpt lat="43.424665764945956" lon="102.16707307854868"><time>2025-10-14T05:27:41Z</time></trkpt>
      <trkpt lat="43.423840799319336" lon="102.16699946683039"><time>2025-10-14T05:41:45Z</time></trkpt>
      <trkpt lat="43.4380199250214" lon="102.25884688411945"><time>2025-10-14T06:55:54Z</time></trkpt>
      <trkpt lat="43.406690099814426" lon="102.46770330754914"><time>2025-10-14T07:09:09Z</time></trkpt>
      <trkpt lat="43.34945804909184" lon="102.67468524175014"><time>2025-10-14T07:22:08Z</time></trkpt>
      <trkpt lat="43.284076270687656" lon="102.88489365028485"><time>2025-10-14T07:35:40Z</time></trkpt>
      <trkpt lat="43.20840817880184" lon="103.0825517513818"><time>2025-10-14T07:49:20Z</time></trkpt>
      <trkpt lat="43.26936297122693" lon="103.26889545666359"><time>2025-10-14T08:04:27Z</time></trkpt>
      <trkpt lat="43.36415387615475" lon="103.31492336598816"><time>2025-10-14T08:16:36Z</time></trkpt>
      <trkpt lat="43.36826598677308" lon="103.2673198368329"><time>2025-10-14T08:31:45Z</time></trkpt>
      <trkpt lat="43.36742989192925" lon="103.2379408256877"><time>2025-10-14T08:47:46Z</time></trkpt>
      <trkpt lat="43.36403820202068" lon="103.31507924022462"><time>2025-10-15T02:18:02Z</time></trkpt>
      <trkpt lat="43.41986637100896" lon="103.39260136718246"><time>2025-10-15T02:28:50Z</time></trkpt>
      <trkpt lat="43.47607625186767" lon="103.54574292907822"><time>2025-10-15T02:46:24Z</time></trkpt>
      <trkpt lat="43.52749256421209" lon="103.77142642634341"><time>2025-10-15T03:01:11Z</time></trkpt>
      <trkpt lat="43.570512508541164" lon="103.90615117982425"><time>2025-10-15T03:12:52Z</time></trkpt>
      <trkpt lat="43.583158471866966" lon="104.11281573931798"><time>2025-10-15T03:26:53Z</time></trkpt>
      <trkpt lat="43.61894459931054" lon="104.25146328770911"><time>2025-10-15T03:35:51Z</time></trkpt>
      <trkpt lat="43.611515556206996" lon="104.29730664448226"><time>2025-10-15T03:42:07Z</time></trkpt>
      <trkpt lat="43.57469790467753" lon="104.38355020734646"><time>2025-10-15T03:56:58Z</time></trkpt>
      <trkpt lat="43.57297046579753" lon="104.41582102338263"><time>2025-10-15T04:07:59Z</time></trkpt>
      <trkpt lat="43.567908466297524" lon="104.41943057690291"><time>2025-10-15T06:57:50Z</time></trkpt>
      <trkpt lat="43.568615012845356" lon="104.39379680037393"><time>2025-10-15T07:59:07Z</time></trkpt>
      <trkpt lat="43.584653334371396" lon="104.35611291659497"><time>2025-10-15T08:13:53Z</time></trkpt>
      <trkpt lat="43.570156372376864" lon="104.06887224243202"><time>2025-10-15T08:35:46Z</time></trkpt>
      <trkpt lat="43.57489310674702" lon="104.0765213315413"><time>2025-10-15T08:59:50Z</time></trkpt>
      <trkpt lat="43.577472471945725" lon="104.10128415038345"><time>2025-10-17T01:51:24Z</time></trkpt>
      <trkpt lat="43.59987490814514" lon="104.14546131166084"><time>2025-10-17T02:05:16Z</time></trkpt>
      <trkpt lat="43.61090111917041" lon="104.20459161765572"><time>2025-10-17T02:33:48Z</time></trkpt>
      <trkpt lat="43.61682727940806" lon="104.28317338990645"><time>2025-10-17T02:42:57Z</time></trkpt>
      <trkpt lat="43.57772287920731" lon="104.3735768820806"><time>2025-10-17T02:57:43Z</time></trkpt>
      <trkpt lat="43.57499565933232" lon="104.38245082283801"><time>2025-10-17T03:22:22Z</time></trkpt>
      <trkpt lat="43.58200251128858" lon="104.40478876242824"><time>2025-10-17T03:27:28Z</time></trkpt>
      <trkpt lat="43.58616898771734" lon="104.42430744888672"><time>2025-10-17T03:37:19Z</time></trkpt>
      <trkpt lat="43.588813771534326" lon="104.43233597102056"><time>2025-10-17T03:46:10Z</time></trkpt>
      <trkpt lat="43.56768438948611" lon="104.43064891279676"><time>2025-10-17T05:06:39Z</time></trkpt>
      <trkpt lat="43.574104427115955" lon="104.42682217772591"><time>2025-10-17T05:22:12Z</time></trkpt>
      <trkpt lat="43.57270626157333" lon="104.4160581926623"><time>2025-10-17T05:32:58Z</time></trkpt>
      <trkpt lat="43.58849189183768" lon="104.4332294259227"><time>2025-10-17T05:43:18Z</time></trkpt>
      <trkpt lat="43.58904355940849" lon="104.4321181132826"><time>2025-10-17T05:43:21Z</time></trkpt>
      <trkpt lat="43.58848318390564" lon="104.43231169290877"><time>2025-10-17T11:34:14Z</time></trkpt>
      <trkpt lat="43.577657569359666" lon="104.4423480603824"><time>2025-10-20T03:03:01Z</time></trkpt>
      <trkpt lat="43.61015904233196" lon="104.50426384816366"><time>2025-10-20T03:15:31Z</time></trkpt>
      <trkpt lat="43.68234609355184" lon="104.63815883493366"><time>2025-10-20T03:25:21Z</time></trkpt>
      <trkpt lat="43.80659977251525" lon="104.83090263848392"><time>2025-10-20T03:41:08Z</time></trkpt>
      <trkpt lat="43.85597987555465" lon="104.8883134628227"><time>2025-10-20T03:46:29Z</time></trkpt>
      <trkpt lat="44.0159815410562" lon="105.00805243859534"><time>2025-10-20T04:01:38Z</time></trkpt>
      <trkpt lat="44.14341285214688" lon="105.06301849632969"><time>2025-10-20T04:15:23Z</time></trkpt>
      <trkpt lat="44.27445562807992" lon="105.15087384741733"><time>2025-10-20T04:28:26Z</time></trkpt>
      <trkpt lat="44.39424812403775" lon="105.29747231861658"><time>2025-10-20T04:41:47Z</time></trkpt>
      <trkpt lat="44.57735847853905" lon="105.36291109121431"><time>2025-10-20T05:00:09Z</time></trkpt>
      <trkpt lat="44.71442503858797" lon="105.39482312286775"><time>2025-10-20T05:13:55Z</time></trkpt>
      <trkpt lat="44.814939145040526" lon="105.48021158213305"><time>2025-10-20T05:27:25Z</time></trkpt>
      <trkpt lat="44.96381171983197" lon="105.56065765219327"><time>2025-10-20T05:55:39Z</time></trkpt>
      <trkpt lat="45.05221234038004" lon="105.57520266578871"><time>2025-10-20T06:31:40Z</time></trkpt>
      <trkpt lat="45.09492061582181" lon="105.57219807844878"><time>2025-10-20T06:46:40Z</time></trkpt>
      <trkpt lat="45.15811354111118" lon="105.56686118343718"><time>2025-10-20T07:01:40Z</time></trkpt>
      <trkpt lat="45.189131357570375" lon="105.56365935980064"><time>2025-10-20T07:06:41Z</time></trkpt>
      <trkpt lat="45.22221296299975" lon="105.56913194921229"><time>2025-10-20T07:12:00Z</time></trkpt>
      <trkpt lat="45.2725222170083" lon="105.60825394574563"><time>2025-10-20T07:23:07Z</time></trkpt>
      <trkpt lat="45.342324888375906" lon="105.65297400588696"><time>2025-10-20T07:38:14Z</time></trkpt>
      <trkpt lat="45.365961391900896" lon="105.68556395693714"><time>2025-10-20T07:47:04Z</time></trkpt>
      <trkpt lat="45.42500157392203" lon="105.73009699215201"><time>2025-10-20T07:53:53Z</time></trkpt>
      <trkpt lat="45.53533476315954" lon="105.82680394882878"><time>2025-10-20T08:06:36Z</time></trkpt>
      <trkpt lat="45.65546830063425" lon="105.95620172735558"><time>2025-10-20T08:20:07Z</time></trkpt>
      <trkpt lat="45.761763130531456" lon="106.27953510347365"><time>2025-10-20T08:48:45Z</time></trkpt>
      <trkpt lat="45.78315327138653" lon="106.28687158068672"><time>2025-10-20T08:54:52Z</time></trkpt>
      <trkpt lat="45.78473510793947" lon="106.29386596745053"><time>2025-10-20T12:12:41Z</time></trkpt>
      <trkpt lat="45.782939534012776" lon="106.28783340483815"><time>2025-10-20T13:19:47Z</time></trkpt>
      <trkpt lat="45.77966635445478" lon="106.2833131453349"><time>2025-10-21T03:49:02Z</time></trkpt>
      <trkpt lat="45.78978965349301" lon="106.29342372372237"><time>2025-10-21T04:03:02Z</time></trkpt>
      <trkpt lat="45.85495996317832" lon="106.33452035620482"><time>2025-10-21T04:17:37Z</time></trkpt>
      <trkpt lat="45.98544455603322" lon="106.34275602186689"><time>2025-10-21T04:31:35Z</time></trkpt>
      <trkpt lat="46.12459366196881" lon="106.38198488565892"><time>2025-10-21T04:45:45Z</time></trkpt>
      <trkpt lat="46.25661157945617" lon="106.43611292111514"><time>2025-10-21T04:59:17Z</time></trkpt>
      <trkpt lat="46.318793350762284" lon="106.45210950471913"><time>2025-10-21T05:12:04Z</time></trkpt>
      <trkpt lat="46.375703728069276" lon="106.47155243150377"><time>2025-10-21T05:26:00Z</time></trkpt>
      <trkpt lat="46.4004206326325" lon="106.48637530176545"><time>2025-10-21T05:32:23Z</time></trkpt>
      <trkpt lat="46.45884718662229" lon="106.51308209844613"><time>2025-10-21T05:38:36Z</time></trkpt>
      <trkpt lat="46.52533053174725" lon="106.52110627708974"><time>2025-10-21T05:44:44Z</time></trkpt>
      <trkpt lat="46.595342613309725" lon="106.54727946049077"><time>2025-10-21T05:51:23Z</time></trkpt>
      <trkpt lat="46.73606724482657" lon="106.58631359236928"><time>2025-10-21T06:04:10Z</time></trkpt>
      <trkpt lat="46.890563090508785" lon="106.62844880424323"><time>2025-10-21T06:18:16Z</time></trkpt>
      <trkpt lat="47.040213444314" lon="106.59028275879714"><time>2025-10-21T06:33:27Z</time></trkpt>
      <trkpt lat="47.16643602126014" lon="106.62450288432336"><time>2025-10-21T06:47:54Z</time></trkpt>
      <trkpt lat="47.310290350622786" lon="106.67093527513246"><time>2025-10-21T07:00:36Z</time></trkpt>
      <trkpt lat="47.46669322722355" lon="106.79204338240139"><time>2025-10-21T07:15:45Z</time></trkpt>
      <trkpt lat="47.61853940789366" lon="106.89144730577887"><time>2025-10-21T07:29:16Z</time></trkpt>
      <trkpt lat="47.72589174669626" lon="106.90576782759014"><time>2025-10-21T07:40:27Z</time></trkpt>
      <trkpt lat="47.777243955105334" lon="106.74182144934939"><time>2025-10-21T07:56:27Z</time></trkpt>
      <trkpt lat="47.82777106450399" lon="106.77991310956985"><time>2025-10-21T08:07:00Z</time></trkpt>
      <trkpt lat="47.85518880089067" lon="106.78773540297145"><time>2025-10-21T08:11:59Z</time></trkpt>
      <trkpt lat="47.86826927902473" lon="106.82157257204031"><time>2025-10-21T08:17:02Z</time></trkpt>
      <trkpt lat="47.87198202408268" lon="106.83429435463555"><time>2025-10-21T08:22:07Z</time></trkpt>
      <trkpt lat="47.87586098541308" lon="106.84793123054024"><time>2025-10-21T08:27:12Z</time></trkpt>
      <trkpt lat="47.88288030514809" lon="106.86118558481333"><time>2025-10-21T08:32:27Z</time></trkpt>
      <trkpt lat="47.89194510322799" lon="106.87284484515607"><time>2025-10-21T08:38:41Z</time></trkpt>
      <trkpt lat="47.89526081648459" lon="106.8830452860397"><time>2025-10-21T08:45:57Z</time></trkpt>
      <trkpt lat="47.89513345344378" lon="106.8840590236395"><time>2025-10-22T09:45:34Z</time></trkpt>
      <trkpt lat="47.897678708841056" lon="106.8894829560856"><time>2025-10-25T01:53:39Z</time></trkpt>
      <trkpt lat="47.8987581236734" lon="106.90903329300406"><time>2025-10-25T01:58:46Z</time></trkpt>
      <trkpt lat="47.88336510343713" lon="106.97976069377012"><time>2025-10-25T02:11:41Z</time></trkpt>
      <trkpt lat="47.88727820996393" lon="107.07610063502267"><time>2025-10-25T02:21:36Z</time></trkpt>
      <trkpt lat="47.86128816664951" lon="107.12393900389515"><time>2025-10-25T02:27:05Z</time></trkpt>
      <trkpt lat="47.80953645244968" lon="107.19277085746377"><time>2025-10-25T02:35:12Z</time></trkpt>
      <trkpt lat="47.69439058400201" lon="107.22372955845161"><time>2025-10-25T02:49:17Z</time></trkpt>
      <trkpt lat="47.67208103384648" lon="107.23880777311665"><time>2025-10-25T02:54:24Z</time></trkpt>
      <trkpt lat="47.53567805052505" lon="107.37371980222629"><time>2025-10-25T03:14:08Z</time></trkpt>
      <trkpt lat="47.386558280133116" lon="107.45485603838856"><time>2025-10-25T03:29:34Z</time></trkpt>
      <trkpt lat="47.27450817362151" lon="107.5320179947722"><time>2025-10-25T03:44:34Z</time></trkpt>
      <trkpt lat="46.983493692285364" lon="107.6863439195861"><time>2025-10-25T04:14:42Z</time></trkpt>
      <trkpt lat="46.82831117887686" lon="107.80129711153712"><time>2025-10-25T04:30:07Z</time></trkpt>
      <trkpt lat="46.735021169215315" lon="108.0063299872116"><time>2025-10-25T04:45:08Z</time></trkpt>
      <trkpt lat="46.631736648312426" lon="108.20504978309218"><time>2025-10-25T05:00:06Z</time></trkpt>
      <trkpt lat="46.490249697748354" lon="108.33126217920723"><time>2025-10-25T05:15:07Z</time></trkpt>
      <trkpt lat="46.3678227207228" lon="108.37718929718544"><time>2025-10-25T05:28:18Z</time></trkpt>
      <trkpt lat="46.3512810943691" lon="108.38738672432754"><time>2025-10-25T05:58:01Z</time></trkpt>
      <trkpt lat="46.25912884881116" lon="108.56441007188748"><time>2025-10-25T06:14:14Z</time></trkpt>
      <trkpt lat="46.11263053976467" lon="108.71235060052176"><time>2025-10-25T06:29:40Z</time></trkpt>
      <trkpt lat="45.999209523767206" lon="108.88203774717113"><time>2025-10-25T06:44:39Z</time></trkpt>
      <trkpt lat="45.92769664928339" lon="109.06346809037746"><time>2025-10-25T06:57:53Z</time></trkpt>
      <trkpt lat="45.8700577214538" lon="109.23593862586618"><time>2025-10-25T07:10:13Z</time></trkpt>
      <trkpt lat="45.7768076490511" lon="109.38615796133908"><time>2025-10-25T07:24:19Z</time></trkpt>
      <trkpt lat="45.6399081132723" lon="109.55605695041363"><time>2025-10-25T07:41:16Z</time></trkpt>
      <trkpt lat="45.476789090315044" lon="109.63170261396839"><time>2025-10-25T07:56:41Z</time></trkpt>
      <trkpt lat="45.32794304276075" lon="109.77672973729992"><time>2025-10-25T08:11:41Z</time></trkpt>
      <trkpt lat="45.18235471709881" lon="109.93575666201095"><time>2025-10-25T08:26:41Z</time></trkpt>
      <trkpt lat="45.038407052488246" lon="110.08351213877063"><time>2025-10-25T08:41:41Z</time></trkpt>
      <trkpt lat="44.93757669818116" lon="110.1376408898366"><time>2025-10-25T08:56:41Z</time></trkpt>
      <trkpt lat="45.00653939325829" lon="110.0903260522616"><time>2025-10-27T02:18:06Z</time></trkpt>
      <trkpt lat="45.12944286227704" lon="109.99420129704288"><time>2025-10-27T02:31:00Z</time></trkpt>
      <trkpt lat="45.218079225202295" lon="109.9016561173926"><time>2025-10-27T02:43:42Z</time></trkpt>
      <trkpt lat="45.155404655922375" lon="109.9668841389186"><time>2025-10-27T02:52:01Z</time></trkpt>
      <trkpt lat="45.103881692130294" lon="110.02712138889345"><time>2025-10-27T02:57:33Z</time></trkpt>
      <trkpt lat="44.958284860518724" lon="110.10552805858674"><time>2025-10-27T03:12:01Z</time></trkpt>
      <trkpt lat="44.91454696881848" lon="110.14043718255185"><time>2025-10-27T03:23:23Z</time></trkpt>
      <trkpt lat="44.89895205922637" lon="110.15595399439226"><time>2025-10-27T03:53:16Z</time></trkpt>
      <trkpt lat="44.80024136665575" lon="110.3599439074178"><time>2025-10-27T04:10:56Z</time></trkpt>
      <trkpt lat="44.69736124393036" lon="110.53628043281896"><time>2025-10-27T04:25:23Z</time></trkpt>
      <trkpt lat="44.537393376272675" lon="110.699048023774"><time>2025-10-27T04:42:54Z</time></trkpt>
      <trkpt lat="44.41490266291834" lon="110.85984187163018"><time>2025-10-27T04:57:27Z</time></trkpt>
      <trkpt lat="44.31722814686999" lon="110.91398659172555"><time>2025-10-27T06:11:41Z</time></trkpt>
      <trkpt lat="44.22790601853675" lon="111.08568426231955"><time>2025-10-27T06:28:32Z</time></trkpt>
      <trkpt lat="44.086386468302535" lon="111.18539697500987"><time>2025-10-27T06:43:19Z</time></trkpt>
      <trkpt lat="44.043980776422494" lon="111.35926177904932"><time>2025-10-27T06:58:04Z</time></trkpt>
      <trkpt lat="43.94265384417394" lon="111.53580713096217"><time>2025-10-27T07:12:49Z</time></trkpt>
      <trkpt lat="43.84968793489397" lon="111.73107672493134"><time>2025-10-27T07:27:32Z</time></trkpt>
      <trkpt lat="43.784352756461494" lon="111.80493961604903"><time>2025-10-27T07:42:23Z</time></trkpt>
      <trkpt lat="43.76270113051288" lon="111.83521818380042"><time>2025-10-28T07:09:23Z</time></trkpt>
      <trkpt lat="43.72856918260802" lon="111.86084174561488"><time>2025-10-28T07:15:00Z</time></trkpt>
      <trkpt lat="43.7107740668987" lon="111.90559884543708"><time>2025-10-28T07:20:06Z</time></trkpt>
      <trkpt lat="43.71072784070271" lon="111.90932854089132"><time>2025-10-28T10:51:34Z</time></trkpt>
    </trkseg>
  </trk>
</gpx>
