<?xml version="1.0" encoding="UTF-8"?>
<gpx version="1.1" creator="GPS Visualizer https://www.gpsvisualizer.com/" schemaLocation="http://www.topografix.com/GPX/1/1 http://www.topografix.com/GPX/1/1/gpx.xsd http://www.garmin.com/xmlschemas/TrackPointExtension/v2 http://www.garmin.com/xmlschemas/TrackPointExtensionv2.xsd http://www.garmin.com/xmlschemas/GpxExtensions/v3 http://www.garmin.com/xmlschemas/GpxExtensionsv3.xsd" xmlns="http://www.topografix.com/GPX/1/1" xmlns:xsi="http://www.w3.org/2001/XMLSchema-instance" xsi:schemaLocation="http://www.topografix.com/GPX/1/1 http://www.topografix.com/GPX/1/1/gpx.xsd http://www.garmin.com/xmlschemas/GpxExtensions/v3 http://www.garmin.com/xmlschemas/GpxExtensionsv3.xsd http://www.garmin.com/xmlschemas/TrackPointExtension/v1 http://www.garmin.com/xmlschemas/TrackPointExtensionv1.xsd http://www.garmin.com/xmlschemas/PowerExtension/v1 http://www.garmin.com/xmlschemas/PowerExtensionv1.xsd http://www.topografix.com/GPX/gpx_style/0/2 http://www.topografix.com/GPX/gpx_style/0/2/gpx_style.xsd" xmlns:gpxtpx="http://www.garmin.com/xmlschemas/TrackPointExtension/v1" xmlns:gpxx="http://www.garmin.com/xmlschemas/GpxExtensions/v3" xmlns:gpxpx="http://www.garmin.com/xmlschemas/PowerExtension/v1" xmlns:gpx_style="http://www.topografix.com/GPX/gpx_style/0/2">
  <metadata>
    <name>winterthur-mongolia2025_Elevation</name>
    <author>
      <name>gpx.studio</name>
      <link href="https://gpx.studio"/>
    </author>
  </metadata>
  <wpt lat="47.5010687" lon="8.7527567">
    <ele>452.1</ele>
    <time>2025-03-29T06:44:58.000Z</time>
    <name>Winterthur</name>
  </wpt>
  <wpt lat="47.5012167" lon="8.7528224">
    <ele>452.5</ele>
    <time>2025-03-30T11:31:10.000Z</time>
    <name>Winterthur</name>
  </wpt>
  <wpt lat="47.500835" lon="8.7528482">
    <ele>452</ele>
    <time>2025-03-31T20:55:41.000Z</time>
    <name>Winterthur</name>
  </wpt>
  <wpt lat="47.500877501" lon="8.752374287">
    <ele>452.1</ele>
    <time>2025-04-01T05:10:15.000Z</time>
    <name>Winterthur</name>
  </wpt>
  <wpt lat="47.492482" lon="8.7419271">
    <ele>447.9</ele>
    <time>2025-04-02T22:10:59.000Z</time>
    <name>Winterthur</name>
  </wpt>
  <wpt lat="47.492436373" lon="8.741965525">
    <ele>447.8</ele>
    <time>2025-04-05T15:52:39.000Z</time>
    <name>Marthalen</name>
  </wpt>
  <wpt lat="47.5250099" lon="8.7086948">
    <ele>448.2</ele>
    <time>2025-04-06T09:25:11.000Z</time>
    <name>Seuzach</name>
  </wpt>
  <wpt lat="47.209931772" lon="8.182580795">
    <ele>659</ele>
    <time>2025-04-06T14:52:56.000Z</time>
    <name>Gunzwil</name>
  </wpt>
  <wpt lat="46.964441198" lon="8.380843376">
    <ele>452</ele>
    <time>2025-04-07T06:53:46.000Z</time>
    <name>Stans</name>
  </wpt>
  <wpt lat="44.189038726" lon="12.416553871">
    <ele>1</ele>
    <time>2025-04-08T16:17:24.000Z</time>
    <name>Cesenatico</name>
  </wpt>
  <wpt lat="39.845821006" lon="20.812536599">
    <ele>784.7</ele>
    <time>2025-04-11T19:25:17.000Z</time>
    <name>Zagori Municipality</name>
  </wpt>
  <wpt lat="39.73068894" lon="21.650555322">
    <ele>665.9</ele>
    <time>2025-04-13T11:51:03.000Z</time>
    <name>Meteora</name>
  </wpt>
  <wpt lat="39.981727875" lon="23.661638405">
    <ele>4.9</ele>
    <time>2025-04-17T11:30:24.000Z</time>
    <name>Glarokavos Beach</name>
  </wpt>
  <wpt lat="40.933093666" lon="26.328944229">
    <ele>8.1</ele>
    <time>2025-04-20T07:32:26.000Z</time>
    <name>İpsala</name>
  </wpt>
  <wpt lat="38.423795314" lon="29.304763565">
    <ele>710</ele>
    <time>2025-04-21T18:14:13.000Z</time>
    <name>Ulubey</name>
  </wpt>
  <wpt lat="37.733841119" lon="30.111256262">
    <ele>859.6</ele>
    <time>2025-04-24T18:03:38.000Z</time>
    <name>Burdur</name>
  </wpt>
  <wpt lat="38.6561377" lon="34.82025">
    <ele>1119.1</ele>
    <time>2025-04-26T14:43:36.000Z</time>
    <name>Göreme</name>
  </wpt>
  <wpt lat="38.6478261" lon="34.8291282">
    <ele>1102.5</ele>
    <time>2025-04-29T15:20:22.000Z</time>
    <name>Göreme</name>
  </wpt>
  <wpt lat="39.733205889" lon="39.613209868">
    <ele>1150.6</ele>
    <time>2025-05-02T13:42:14.000Z</time>
    <name>Erzincan</name>
  </wpt>
  <wpt lat="40.7752046" lon="41.7434694">
    <ele>814.2</ele>
    <time>2025-05-05T17:08:02.000Z</time>
    <name>Yusufeli</name>
  </wpt>
  <wpt lat="41.6529184" lon="41.6408208">
    <ele>7.9</ele>
    <time>2025-05-07T17:50:09.000Z</time>
    <name>Batumi</name>
  </wpt>
  <wpt lat="41.951911559" lon="42.058353344">
    <ele>119</ele>
    <time>2025-05-09T06:30:33.000Z</time>
    <name>Ozurgeti</name>
  </wpt>
  <wpt lat="42.317102178" lon="42.584989678">
    <ele>137.7</ele>
    <time>2025-05-10T05:50:30.000Z</time>
    <name>Tskaltubo</name>
  </wpt>
  <wpt lat="42.257819093" lon="42.667593341">
    <ele>139.3</ele>
    <time>2025-05-10T11:17:46.000Z</time>
    <name>Kutaisi</name>
  </wpt>
  <wpt lat="42.2847868" lon="43.2163601">
    <ele>592.9</ele>
    <time>2025-05-11T22:15:10.000Z</time>
    <name>Didi Katskhi</name>
  </wpt>
  <wpt lat="41.378789297" lon="43.287601825">
    <ele>1247.5</ele>
    <time>2025-05-14T10:02:49.000Z</time>
    <name>Vardzia</name>
  </wpt>
  <wpt lat="41.659315893" lon="44.616709316">
    <ele>1407.7</ele>
    <time>2025-05-15T09:55:22.000Z</time>
    <name>Tbilisi</name>
  </wpt>
  <wpt lat="42.58067666" lon="44.465052317">
    <ele>2014.6</ele>
    <time>2025-05-19T12:48:53.000Z</time>
    <name>Kazbegi Municipality</name>
  </wpt>
  <wpt lat="42.6644434" lon="44.6151325">
    <ele>2161.5</ele>
    <time>2025-05-21T17:26:08.000Z</time>
    <name>Stepansminda</name>
  </wpt>
  <wpt lat="42.751838672" lon="44.626819395">
    <ele>1206.1</ele>
    <time>2025-05-22T04:22:27.000Z</time>
    <name>Vladikavkaz</name>
  </wpt>
  <wpt lat="46.348563832" lon="48.019459409">
    <ele>-22.8</ele>
    <time>2025-05-24T09:35:16.000Z</time>
    <name>Astrakhan</name>
  </wpt>
  <wpt lat="47.1215788" lon="50.844754558">
    <ele>-22.3</ele>
    <time>2025-05-26T12:05:20.000Z</time>
    <name>Isatayskiy</name>
  </wpt>
  <wpt lat="47.928399721" lon="54.228236472">
    <ele>85.4</ele>
    <time>2025-05-27T12:01:36.000Z</time>
    <name>Мұқыр ауылдық округі</name>
  </wpt>
  <wpt lat="50.177963013" lon="57.289280724">
    <ele>240</ele>
    <time>2025-05-28T09:11:46.000Z</time>
    <name>Aktöbe</name>
  </wpt>
  <wpt lat="48.5190806" lon="61.0903742">
    <ele>136</ele>
    <time>2025-05-31T18:01:35.000Z</time>
    <name>Irgizskiy</name>
  </wpt>
  <wpt lat="45.759529941" lon="63.754651146">
    <ele>95.6</ele>
    <time>2025-06-02T05:38:31.000Z</time>
    <name>Karmakshy District</name>
  </wpt>
  <wpt lat="43.29614793" lon="68.28392772">
    <ele>213.9</ele>
    <time>2025-06-03T09:46:19.000Z</time>
    <name>Turkestan</name>
  </wpt>
  <wpt lat="41.016151494" lon="68.71646266">
    <ele>300.1</ele>
    <time>2025-06-06T05:23:40.000Z</time>
    <name>Saryagashskiy</name>
  </wpt>
  <wpt lat="39.859515" lon="67.511954">
    <ele>818.5</ele>
    <time>2025-06-10T17:46:46.000Z</time>
    <name>Jizzakh</name>
  </wpt>
  <wpt lat="39.8596488" lon="67.5119631">
    <ele>819.5</ele>
    <time>2025-06-11T00:57:07.000Z</time>
    <name>Jizzakh</name>
  </wpt>
  <wpt lat="39.6644802" lon="66.9861853">
    <ele>706.9</ele>
    <time>2025-06-12T11:20:28.000Z</time>
    <name>Samarkand City</name>
  </wpt>
  <wpt lat="39.078493122" lon="68.359306782">
    <ele>2221.5</ele>
    <time>2025-06-13T12:15:42.000Z</time>
    <name>Iskanderkul</name>
  </wpt>
  <wpt lat="38.684072304" lon="68.791140821">
    <ele>967.5</ele>
    <time>2025-06-15T11:03:14.000Z</time>
    <name>Dushanbe</name>
  </wpt>
  <wpt lat="38.0403065" lon="70.3637865">
    <ele>993.7</ele>
    <time>2025-06-19T14:37:25.000Z</time>
    <name>Darvoz District</name>
  </wpt>
  <wpt lat="37.9123581" lon="71.3890069">
    <ele>1969.8</ele>
    <time>2025-06-20T16:02:36.000Z</time>
    <name>Vamd</name>
  </wpt>
  <wpt lat="37.998576162" lon="71.749723653">
    <ele>2084.8</ele>
    <time>2025-06-22T16:51:21.000Z</time>
    <name>Bartang Valley - Jizeu valley Trak</name>
  </wpt>
  <wpt lat="37.136288546" lon="72.734264927">
    <ele>3462.8</ele>
    <time>2025-06-27T10:37:52.000Z</time>
    <name>Pamirhighway / Wakhan Valley</name>
  </wpt>
  <wpt lat="37.234394502" lon="72.839274221">
    <ele>3483.8</ele>
    <time>2025-06-29T07:51:01.000Z</time>
    <name>Ishkoshim District</name>
  </wpt>
  <wpt lat="37.751205637" lon="72.989469715">
    <ele>3775.4</ele>
    <time>2025-07-01T06:12:25.000Z</time>
    <name>Yashikul</name>
  </wpt>
  <wpt lat="38.560818167" lon="73.596644888">
    <ele>4657</ele>
    <time>2025-07-04T05:16:19.000Z</time>
    <name>Ak-Bailtal</name>
  </wpt>
  <wpt lat="39.603054151" lon="73.241921431">
    <ele>3258.8</ele>
    <time>2025-07-05T12:31:26.000Z</time>
    <name>Alai</name>
  </wpt>
  <wpt lat="39.502972718" lon="72.932326617">
    <ele>3498.8</ele>
    <time>2025-07-07T02:02:13.000Z</time>
    <name>Alay District</name>
  </wpt>
  <wpt lat="41.259833537" lon="73.598171007">
    <ele>1996.3</ele>
    <time>2025-07-11T05:22:48.000Z</time>
    <name>Tossor-Pass</name>
  </wpt>
  <wpt lat="41.502875899" lon="74.73785842">
    <ele>2352.8</ele>
    <time>2025-07-12T09:55:39.000Z</time>
    <name>Ak-Talaa</name>
  </wpt>
  <wpt lat="41.765673095" lon="75.162920281">
    <ele>3056.9</ele>
    <time>2025-07-13T14:07:06.000Z</time>
    <name>Song - Kul</name>
  </wpt>
  <wpt lat="41.765673095" lon="75.162920281">
    <ele>3056.9</ele>
    <time>2025-07-15T13:47:21.000Z</time>
    <name>Song -Kul</name>
  </wpt>
  <wpt lat="41.757802153" lon="75.16911434">
    <ele>3089</ele>
    <time>2025-07-16T03:32:31.000Z</time>
    <name>Ak-Talaa District</name>
  </wpt>
  <wpt lat="42.3332099" lon="78.2415184">
    <ele>2108.5</ele>
    <time>2025-07-20T09:55:43.000Z</time>
    <name>7 Bulls hill &amp; a broken heart</name>
  </wpt>
  <wpt lat="43.278373349" lon="77.192422617">
    <ele>1099.7</ele>
    <time>2025-07-23T08:46:59.000Z</time>
    <name>Talgar</name>
  </wpt>
  <wpt lat="43.2363924" lon="76.9457275">
    <ele>895.3</ele>
    <time>2025-08-01T10:43:54.000Z</time>
    <name>Almaty</name>
  </wpt>
  <wpt lat="43.2363924" lon="76.9457275">
    <ele>895.3</ele>
    <time>2025-08-08T10:00:46.000Z</time>
    <name>looking back...over my shoulder - dieses Mal nach Georgien...</name>
  </wpt>
  <wpt lat="43.2363924" lon="76.9457275">
    <ele>895.3</ele>
    <time>2025-08-19T10:47:59.000Z</time>
    <name>...der Versuch eines &quot;best of&quot; der &quot;Stan-Länder&quot;...</name>
  </wpt>
  <wpt lat="43.278927286" lon="77.191568426">
    <ele>1091.9</ele>
    <time>2025-08-24T16:06:43.000Z</time>
    <name>&quot;Little-Alma-Ata&quot;</name>
  </wpt>
  <wpt lat="43.2363924" lon="76.9457275">
    <ele>895.3</ele>
    <time>2025-08-25T00:35:01.000Z</time>
    <name>Almaty ...zwischen himmelhochjauchzend bis zu todebetrübt...&quot;</name>
  </wpt>
  <wpt lat="44.158087943" lon="80.391594729">
    <ele>694.1</ele>
    <time>2025-08-28T03:46:56.000Z</time>
    <name>Grenzübergang Khorgas</name>
  </wpt>
  <wpt lat="44.419184876" lon="84.86960907">
    <ele>498.5</ele>
    <time>2025-08-29T15:23:16.000Z</time>
    <name>Kuytun City</name>
  </wpt>
  <wpt lat="47.351875487" lon="87.834378071">
    <ele>510.8</ele>
    <time>2025-08-31T01:25:58.000Z</time>
    <name>Beitun City</name>
  </wpt>
  <wpt lat="46.143150829" lon="90.987206504">
    <ele>1140.6</ele>
    <time>2025-09-01T03:22:57.000Z</time>
    <name>Taykeshken Town</name>
  </wpt>
  <wpt lat="46.142046319" lon="90.994794617">
    <ele>1140.7</ele>
    <time>2025-09-01T08:28:42.000Z</time>
    <name>Bulgan</name>
  </wpt>
  <wpt lat="46.311716004" lon="91.416914966">
    <ele>1311.2</ele>
    <time>2025-09-02T08:49:15.000Z</time>
    <name>Bulgan</name>
  </wpt>
  <wpt lat="46.769097433" lon="92.704753736">
    <ele>2067.6</ele>
    <time>2025-09-05T14:48:38.000Z</time>
    <name>Most</name>
  </wpt>
  <wpt lat="47.45883374" lon="92.313331933">
    <ele>1267</ele>
    <time>2025-09-06T10:47:46.000Z</time>
    <name>Manhan</name>
  </wpt>
  <wpt lat="47.663768535" lon="93.621275537">
    <ele>1134.2</ele>
    <time>2025-09-07T10:03:22.000Z</time>
    <name>Dorgon Nuur I</name>
  </wpt>
  <wpt lat="47.649207618" lon="93.617547685">
    <ele>1135.5</ele>
    <time>2025-09-07T10:18:06.000Z</time>
    <name>Dorgon Nuur II</name>
  </wpt>
  <wpt lat="47.649207618" lon="93.617547685">
    <ele>1135.5</ele>
    <time>2025-09-07T10:18:06.000Z</time>
    <name>Dorgon Nuur III</name>
  </wpt>
  <wpt lat="47.4064395" lon="95.9000095">
    <ele>1455</ele>
    <time>2025-09-13T09:08:04.000Z</time>
    <name>Aldarkhaan</name>
  </wpt>
  <wpt lat="48.106184536" lon="99.189251914">
    <ele>2109.1</ele>
    <time>2025-09-16T01:54:50.000Z</time>
    <name>Tariat</name>
  </wpt>
  <wpt lat="48.156724814" lon="100.282023037">
    <ele>1891.6</ele>
    <time>2025-09-17T07:52:32.000Z</time>
    <name>Tariat</name>
  </wpt>
  <wpt lat="48.109311489" lon="100.291497773">
    <ele>1872.7</ele>
    <time>2025-09-18T01:26:13.000Z</time>
    <name>Tariat</name>
  </wpt>
  <wpt lat="47.191758086" lon="102.835569754">
    <ele>1484.3</ele>
    <time>2025-09-19T01:50:35.000Z</time>
    <name>Kharkhorin</name>
  </wpt>
  <wpt lat="47.80161039" lon="105.889763441">
    <ele>1290.3</ele>
    <time>2025-09-20T14:49:47.000Z</time>
    <name>Argalant</name>
  </wpt>
  <wpt lat="47.912315921" lon="106.847722429">
    <ele>1280.3</ele>
    <time>2025-09-21T07:55:53.000Z</time>
    <name>Ulaanbaatar</name>
  </wpt>
  <wpt lat="47.913614449" lon="106.869584851">
    <ele>1278</ele>
    <time>2025-09-21T08:02:55.000Z</time>
    <name>Ulan Bator</name>
  </wpt>
  <wpt lat="47.914671334" lon="106.91083052">
    <ele>1293.8</ele>
    <time>2025-09-23T02:29:57.000Z</time>
    <name>Ulan Bator</name>
  </wpt>
  <wpt lat="47.915083516" lon="106.898647914">
    <ele>1295</ele>
    <time>2025-09-24T06:26:05.000Z</time>
    <name>Ulan Bator</name>
  </wpt>
  <wpt lat="47.9150835" lon="106.8986479">
    <ele>1295</ele>
    <time>2025-09-25T04:54:16.000Z</time>
    <name>Ulaanbaatar</name>
  </wpt>
  <wpt lat="47.887283937" lon="107.074555301">
    <ele>1326.7</ele>
    <time>2025-09-26T06:41:26.000Z</time>
    <name>Ulaanbaatar</name>
  </wpt>
  <wpt lat="47.85429681" lon="106.780046073">
    <ele>1306.2</ele>
    <time>2025-09-29T23:28:03.000Z</time>
    <name>Ulaanbaatar  - zum Letzten...</name>
  </wpt>
  <wpt lat="46.906598029" lon="102.48378857">
    <ele>1595.2</ele>
    <time>2025-10-02T08:05:05.000Z</time>
    <name>Bat-Ölzii</name>
  </wpt>
  <wpt lat="45.307864468" lon="102.380417063">
    <ele>1486.5</ele>
    <time>2025-10-05T07:23:34.000Z</time>
    <name>Guchin-Us</name>
  </wpt>
  <wpt lat="43.975731768" lon="101.483485373">
    <ele>961.3</ele>
    <time>2025-10-07T05:06:34.000Z</time>
    <name>Bayanlig</name>
  </wpt>
  <wpt lat="43.4977546" lon="99.815643">
    <ele>997.2</ele>
    <time>2025-10-09T12:05:59.000Z</time>
    <name>Gurvantes</name>
  </wpt>
  <wpt lat="43.4743656" lon="99.8309628">
    <ele>998.7</ele>
    <time>2025-10-12T00:57:36.000Z</time>
    <name>Gurvantes</name>
  </wpt>
  <wpt lat="43.353631" lon="102.6652138">
    <ele>1447.1</ele>
    <time>2025-10-14T07:23:56.000Z</time>
    <name>Sevrei</name>
  </wpt>
  <wpt lat="43.574897" lon="104.0765739">
    <ele>1950.3</ele>
    <time>2025-10-15T09:05:24.000Z</time>
    <name>Hanongor I</name>
  </wpt>
  <wpt lat="43.5748498" lon="104.0765121">
    <ele>1950.6</ele>
    <time>2025-10-16T07:39:10.000Z</time>
    <name>Hanongor II</name>
  </wpt>
  <wpt lat="43.5885047" lon="104.4324127">
    <ele>1449.8</ele>
    <time>2025-10-17T11:36:44.000Z</time>
    <name>Dalanzadgad</name>
  </wpt>
  <wpt lat="43.5884641" lon="104.4320698">
    <ele>1449.7</ele>
    <time>2025-10-20T01:07:20.000Z</time>
    <name>Dalanzadgad</name>
  </wpt>
  <wpt lat="47.895260816" lon="106.883045286">
    <ele>1286</ele>
    <time>2025-10-21T08:45:57.000Z</time>
    <name>Ulaanbaatar</name>
  </wpt>
  <wpt lat="47.897678709" lon="106.889482956">
    <ele>1289</ele>
    <time>2025-10-25T01:53:39.000Z</time>
    <name>Ulaanbaatar</name>
  </wpt>
  <wpt lat="44.9356974" lon="110.1377584">
    <ele>960.5</ele>
    <time>2025-10-26T03:40:45.000Z</time>
    <name>Saynshand</name>
  </wpt>
  <wpt lat="43.7121983" lon="111.9081379">
    <ele>965.2</ele>
    <time>2025-10-28T08:30:35.000Z</time>
    <name>Zamiin uud</name>
  </wpt>
  <trk>
    <name>...Destination Mongolei</name>
    <trkseg>
      <trkpt lat="47.608859232" lon="8.675340191">
        <ele>399.525</ele>
        <time>2025-04-06T08:03:54.000Z</time>
      </trkpt>
      <trkpt lat="47.556122657" lon="8.770057819">
        <ele>434.825</ele>
        <time>2025-04-06T08:22:27.000Z</time>
      </trkpt>
      <trkpt lat="47.540179719" lon="8.790527466">
        <ele>451.706</ele>
        <time>2025-04-06T08:30:27.000Z</time>
      </trkpt>
      <trkpt lat="47.526986548" lon="8.734633366">
        <ele>466.32</ele>
        <time>2025-04-06T09:18:23.000Z</time>
      </trkpt>
      <trkpt lat="47.475496753" lon="8.704629033">
        <ele>444.134</ele>
        <time>2025-04-06T09:29:35.000Z</time>
      </trkpt>
      <trkpt lat="47.408439478" lon="8.588970152">
        <ele>429.236</ele>
        <time>2025-04-06T09:39:40.000Z</time>
      </trkpt>
      <trkpt lat="47.413405999" lon="8.433997812">
        <ele>404.159</ele>
        <time>2025-04-06T09:49:54.000Z</time>
      </trkpt>
      <trkpt lat="47.437976366" lon="8.348578317">
        <ele>389.625</ele>
        <time>2025-04-06T09:55:10.000Z</time>
      </trkpt>
      <trkpt lat="47.41386454" lon="8.220851567">
        <ele>424.105</ele>
        <time>2025-04-06T10:05:28.000Z</time>
      </trkpt>
      <trkpt lat="47.389869373" lon="8.181121381">
        <ele>406.547</ele>
        <time>2025-04-06T10:10:41.000Z</time>
      </trkpt>
      <trkpt lat="47.35570755" lon="8.161511245">
        <ele>450.348</ele>
        <time>2025-04-06T10:15:47.000Z</time>
      </trkpt>
      <trkpt lat="47.286127166" lon="8.199347018">
        <ele>520.701</ele>
        <time>2025-04-06T10:25:51.000Z</time>
      </trkpt>
      <trkpt lat="47.24604759" lon="8.184812624">
        <ele>537</ele>
        <time>2025-04-06T10:34:38.000Z</time>
      </trkpt>
      <trkpt lat="47.211574574" lon="8.192162273">
        <ele>647.043</ele>
        <time>2025-04-06T10:39:59.000Z</time>
      </trkpt>
      <trkpt lat="47.210507257" lon="8.183650783">
        <ele>656.025</ele>
        <time>2025-04-06T10:45:11.000Z</time>
      </trkpt>
      <trkpt lat="47.210710122" lon="8.183732368">
        <ele>655.373</ele>
        <time>2025-04-06T20:15:58.000Z</time>
      </trkpt>
      <trkpt lat="47.206743876" lon="8.189323841">
        <ele>652.591</ele>
        <time>2025-04-07T06:03:47.000Z</time>
      </trkpt>
      <trkpt lat="47.12638221" lon="8.2435213">
        <ele>589.653</ele>
        <time>2025-04-07T06:15:37.000Z</time>
      </trkpt>
      <trkpt lat="47.094468781" lon="8.256718139">
        <ele>522</ele>
        <time>2025-04-07T06:20:41.000Z</time>
      </trkpt>
      <trkpt lat="47.091606574" lon="8.252237474">
        <ele>523.988</ele>
        <time>2025-04-07T06:33:17.000Z</time>
      </trkpt>
      <trkpt lat="47.083093569" lon="8.276931313">
        <ele>467.705</ele>
        <time>2025-04-07T06:38:28.000Z</time>
      </trkpt>
      <trkpt lat="47.036770594" lon="8.295300414">
        <ele>466.796</ele>
        <time>2025-04-07T06:43:44.000Z</time>
      </trkpt>
      <trkpt lat="46.964653269" lon="8.381584995">
        <ele>451.542</ele>
        <time>2025-04-07T06:53:53.000Z</time>
      </trkpt>
      <trkpt lat="46.865087237" lon="8.632143901">
        <ele>452.339</ele>
        <time>2025-04-07T08:29:20.000Z</time>
      </trkpt>
      <trkpt lat="46.758449162" lon="8.65186962">
        <ele>630.737</ele>
        <time>2025-04-07T08:39:41.000Z</time>
      </trkpt>
      <trkpt lat="46.708137914" lon="8.605842646">
        <ele>860.201</ele>
        <time>2025-04-07T08:44:50.000Z</time>
      </trkpt>
      <trkpt lat="46.488659182" lon="8.764324656">
        <ele>876.046</ele>
        <time>2025-04-07T09:13:50.000Z</time>
      </trkpt>
      <trkpt lat="46.447104903" lon="8.830145983">
        <ele>626.082</ele>
        <time>2025-04-07T09:27:21.000Z</time>
      </trkpt>
      <trkpt lat="46.326870211" lon="8.979282425">
        <ele>270.549</ele>
        <time>2025-04-07T09:55:48.000Z</time>
      </trkpt>
      <trkpt lat="46.176649346" lon="8.995400229">
        <ele>220.702</ele>
        <time>2025-04-07T10:11:10.000Z</time>
      </trkpt>
      <trkpt lat="46.096360688" lon="8.927610582">
        <ele>418.419</ele>
        <time>2025-04-07T10:20:38.000Z</time>
      </trkpt>
      <trkpt lat="46.034971778" lon="8.928792757">
        <ele>304.654</ele>
        <time>2025-04-07T10:25:42.000Z</time>
      </trkpt>
      <trkpt lat="45.983572707" lon="8.93307309">
        <ele>314.275</ele>
        <time>2025-04-07T10:31:10.000Z</time>
      </trkpt>
      <trkpt lat="45.877190791" lon="8.979488396">
        <ele>303.054</ele>
        <time>2025-04-07T10:41:21.000Z</time>
      </trkpt>
      <trkpt lat="45.83924093" lon="9.025630172">
        <ele>235.73</ele>
        <time>2025-04-07T10:46:45.000Z</time>
      </trkpt>
      <trkpt lat="45.83878838" lon="9.03131326">
        <ele>231.737</ele>
        <time>2025-04-07T10:51:59.000Z</time>
      </trkpt>
      <trkpt lat="45.840904964" lon="9.041930772">
        <ele>245.751</ele>
        <time>2025-04-07T10:57:12.000Z</time>
      </trkpt>
      <trkpt lat="45.774306804" lon="9.0488932">
        <ele>306.503</ele>
        <time>2025-04-07T11:07:50.000Z</time>
      </trkpt>
      <trkpt lat="45.652875887" lon="9.014902412">
        <ele>238.649</ele>
        <time>2025-04-07T11:20:40.000Z</time>
      </trkpt>
      <trkpt lat="45.562056341" lon="9.033956025">
        <ele>172.906</ele>
        <time>2025-04-07T11:28:32.000Z</time>
      </trkpt>
      <trkpt lat="45.463588656" lon="9.076049051">
        <ele>130.722</ele>
        <time>2025-04-07T11:38:49.000Z</time>
      </trkpt>
      <trkpt lat="45.409255683" lon="9.108697094">
        <ele>111</ele>
        <time>2025-04-07T11:44:05.000Z</time>
      </trkpt>
      <trkpt lat="45.377713158" lon="9.276173953">
        <ele>96.226</ele>
        <time>2025-04-07T11:53:50.000Z</time>
      </trkpt>
      <trkpt lat="45.258246273" lon="9.473191252">
        <ele>73.182</ele>
        <time>2025-04-07T12:08:50.000Z</time>
      </trkpt>
      <trkpt lat="45.189691254" lon="9.564056682">
        <ele>66.844</ele>
        <time>2025-04-07T12:16:12.000Z</time>
      </trkpt>
      <trkpt lat="45.05129356" lon="9.748166243">
        <ele>47</ele>
        <time>2025-04-07T12:31:43.000Z</time>
      </trkpt>
      <trkpt lat="45.038345068" lon="9.745118118">
        <ele>53</ele>
        <time>2025-04-07T12:36:54.000Z</time>
      </trkpt>
      <trkpt lat="45.02892699" lon="9.683402607">
        <ele>65</ele>
        <time>2025-04-07T12:42:00.000Z</time>
      </trkpt>
      <trkpt lat="44.945314307" lon="9.635776094">
        <ele>122.821</ele>
        <time>2025-04-07T12:51:51.000Z</time>
      </trkpt>
      <trkpt lat="44.912660439" lon="9.59692296">
        <ele>138.39</ele>
        <time>2025-04-07T12:57:03.000Z</time>
      </trkpt>
      <trkpt lat="44.908135421" lon="9.591121351">
        <ele>134.169</ele>
        <time>2025-04-07T13:59:11.000Z</time>
      </trkpt>
      <trkpt lat="44.941430278" lon="9.632625366">
        <ele>127.933</ele>
        <time>2025-04-08T08:52:56.000Z</time>
      </trkpt>
      <trkpt lat="45.026528873" lon="9.680668073">
        <ele>66.496</ele>
        <time>2025-04-08T09:03:21.000Z</time>
      </trkpt>
      <trkpt lat="45.037227307" lon="9.762138026">
        <ele>52.684</ele>
        <time>2025-04-08T09:12:02.000Z</time>
      </trkpt>
      <trkpt lat="44.957650309" lon="9.916597288">
        <ele>64.406</ele>
        <time>2025-04-08T09:23:05.000Z</time>
      </trkpt>
      <trkpt lat="44.896102793" lon="10.048504613">
        <ele>61.03</ele>
        <time>2025-04-08T09:31:58.000Z</time>
      </trkpt>
      <trkpt lat="44.880069209" lon="10.149876239">
        <ele>48</ele>
        <time>2025-04-08T09:37:56.000Z</time>
      </trkpt>
      <trkpt lat="44.818972076" lon="10.399517631">
        <ele>36.701</ele>
        <time>2025-04-08T09:52:56.000Z</time>
      </trkpt>
      <trkpt lat="44.732116331" lon="10.615823717">
        <ele>41.264</ele>
        <time>2025-04-08T10:07:05.000Z</time>
      </trkpt>
      <trkpt lat="44.710997394" lon="10.71607912">
        <ele>42</ele>
        <time>2025-04-08T10:13:04.000Z</time>
      </trkpt>
      <trkpt lat="44.51866698" lon="11.168963284">
        <ele>51</ele>
        <time>2025-04-08T10:44:06.000Z</time>
      </trkpt>
      <trkpt lat="44.523880365" lon="11.286482736">
        <ele>41.061</ele>
        <time>2025-04-08T10:51:58.000Z</time>
      </trkpt>
      <trkpt lat="44.500598111" lon="11.384650748">
        <ele>49.847</ele>
        <time>2025-04-08T11:03:15.000Z</time>
      </trkpt>
      <trkpt lat="44.427466979" lon="11.598090213">
        <ele>53</ele>
        <time>2025-04-08T11:29:53.000Z</time>
      </trkpt>
      <trkpt lat="44.245301527" lon="12.113935333">
        <ele>18.153</ele>
        <time>2025-04-08T12:21:23.000Z</time>
      </trkpt>
      <trkpt lat="44.167485656" lon="12.283483548">
        <ele>20</ele>
        <time>2025-04-08T12:36:16.000Z</time>
      </trkpt>
      <trkpt lat="44.19033503" lon="12.408743832">
        <ele>2</ele>
        <time>2025-04-08T13:10:18.000Z</time>
      </trkpt>
      <trkpt lat="44.189028447" lon="12.414901899">
        <ele>1</ele>
        <time>2025-04-08T13:16:35.000Z</time>
      </trkpt>
      <trkpt lat="44.167063408" lon="12.425213636">
        <ele>2.737</ele>
        <time>2025-04-09T10:17:07.000Z</time>
      </trkpt>
      <trkpt lat="44.158779675" lon="12.433075005">
        <ele>2</ele>
        <time>2025-04-09T10:25:15.000Z</time>
      </trkpt>
      <trkpt lat="44.151973272" lon="12.442305422">
        <ele>1.7</ele>
        <time>2025-04-09T10:58:20.000Z</time>
      </trkpt>
      <trkpt lat="44.087998043" lon="12.476614579">
        <ele>20.039</ele>
        <time>2025-04-09T11:05:54.000Z</time>
      </trkpt>
      <trkpt lat="43.985288296" lon="12.64094606">
        <ele>18.022</ele>
        <time>2025-04-09T11:21:27.000Z</time>
      </trkpt>
      <trkpt lat="43.899371234" lon="12.863338868">
        <ele>11.473</ele>
        <time>2025-04-09T11:37:07.000Z</time>
      </trkpt>
      <trkpt lat="43.797609014" lon="13.07611463">
        <ele>13.19</ele>
        <time>2025-04-09T11:52:35.000Z</time>
      </trkpt>
      <trkpt lat="43.681213986" lon="13.262242069">
        <ele>56.103</ele>
        <time>2025-04-09T12:07:33.000Z</time>
      </trkpt>
      <trkpt lat="43.595916107" lon="13.357095843">
        <ele>23.298</ele>
        <time>2025-04-09T12:22:35.000Z</time>
      </trkpt>
      <trkpt lat="43.588600854" lon="13.492093759">
        <ele>103.054</ele>
        <time>2025-04-09T12:38:07.000Z</time>
      </trkpt>
      <trkpt lat="43.597635712" lon="13.50957909">
        <ele>24.95</ele>
        <time>2025-04-09T12:43:18.000Z</time>
      </trkpt>
      <trkpt lat="43.612723549" lon="13.499957464">
        <ele>6.39</ele>
        <time>2025-04-09T12:53:21.000Z</time>
      </trkpt>
      <trkpt lat="43.617568216" lon="13.50684231">
        <ele>4.878</ele>
        <time>2025-04-09T13:37:39.000Z</time>
      </trkpt>
      <trkpt lat="41.402979051" lon="17.226783531">
        <ele>0</ele>
        <time>2025-04-10T06:27:59.000Z</time>
      </trkpt>
      <trkpt lat="41.383567431" lon="17.255297252">
        <ele>0</ele>
        <time>2025-04-10T06:33:00.000Z</time>
      </trkpt>
      <trkpt lat="41.364058548" lon="17.283693325">
        <ele>0</ele>
        <time>2025-04-10T06:38:01.000Z</time>
      </trkpt>
      <trkpt lat="41.344550061" lon="17.311899051">
        <ele>0</ele>
        <time>2025-04-10T06:43:02.000Z</time>
      </trkpt>
      <trkpt lat="41.325052565" lon="17.340249638">
        <ele>0</ele>
        <time>2025-04-10T06:48:03.000Z</time>
      </trkpt>
      <trkpt lat="41.305617506" lon="17.368544953">
        <ele>0</ele>
        <time>2025-04-10T06:53:04.000Z</time>
      </trkpt>
      <trkpt lat="41.286228662" lon="17.396831217">
        <ele>0</ele>
        <time>2025-04-10T06:58:04.000Z</time>
      </trkpt>
      <trkpt lat="41.266212247" lon="17.425231904">
        <ele>0</ele>
        <time>2025-04-10T07:03:07.000Z</time>
      </trkpt>
      <trkpt lat="41.24665379" lon="17.453076908">
        <ele>0</ele>
        <time>2025-04-10T07:08:05.000Z</time>
      </trkpt>
      <trkpt lat="41.223903457" lon="17.48470475">
        <ele>0</ele>
        <time>2025-04-10T07:13:44.000Z</time>
      </trkpt>
      <trkpt lat="41.204380881" lon="17.512747395">
        <ele>0</ele>
        <time>2025-04-10T07:18:44.000Z</time>
      </trkpt>
      <trkpt lat="41.177812968" lon="17.549781092">
        <ele>0</ele>
        <time>2025-04-10T07:25:23.000Z</time>
      </trkpt>
      <trkpt lat="41.133195177" lon="17.613207536">
        <ele>0</ele>
        <time>2025-04-10T07:36:41.000Z</time>
      </trkpt>
      <trkpt lat="41.080565793" lon="17.683889614">
        <ele>0</ele>
        <time>2025-04-10T07:49:40.000Z</time>
      </trkpt>
      <trkpt lat="41.060110837" lon="17.710898748">
        <ele>0</ele>
        <time>2025-04-10T07:54:41.000Z</time>
      </trkpt>
      <trkpt lat="41.039683058" lon="17.737961065">
        <ele>0</ele>
        <time>2025-04-10T07:59:41.000Z</time>
      </trkpt>
      <trkpt lat="41.019417923" lon="17.765266928">
        <ele>0</ele>
        <time>2025-04-10T08:04:42.000Z</time>
      </trkpt>
      <trkpt lat="40.999511033" lon="17.793070254">
        <ele>0</ele>
        <time>2025-04-10T08:09:43.000Z</time>
      </trkpt>
      <trkpt lat="40.04987061" lon="19.611178665">
        <ele>0</ele>
        <time>2025-04-10T13:01:59.000Z</time>
      </trkpt>
      <trkpt lat="40.031114862" lon="19.64038063">
        <ele>0</ele>
        <time>2025-04-10T13:07:00.000Z</time>
      </trkpt>
      <trkpt lat="40.010778639" lon="19.672416564">
        <ele>0</ele>
        <time>2025-04-10T13:12:25.000Z</time>
      </trkpt>
      <trkpt lat="39.991810151" lon="19.700520904">
        <ele>0</ele>
        <time>2025-04-10T13:17:21.000Z</time>
      </trkpt>
      <trkpt lat="39.866548162" lon="19.884772366">
        <ele>0</ele>
        <time>2025-04-10T13:49:35.000Z</time>
      </trkpt>
      <trkpt lat="39.842500398" lon="19.91981199">
        <ele>0</ele>
        <time>2025-04-10T13:55:45.000Z</time>
      </trkpt>
      <trkpt lat="39.82307697" lon="19.948590425">
        <ele>0</ele>
        <time>2025-04-10T14:00:46.000Z</time>
      </trkpt>
      <trkpt lat="39.80120959" lon="19.97328875">
        <ele>0</ele>
        <time>2025-04-10T14:05:47.000Z</time>
      </trkpt>
      <trkpt lat="39.454256392" lon="20.275108486">
        <ele>12.323</ele>
        <time>2025-04-10T16:31:30.000Z</time>
      </trkpt>
      <trkpt lat="39.423961001" lon="20.313938716">
        <ele>36.237</ele>
        <time>2025-04-11T06:24:32.000Z</time>
      </trkpt>
      <trkpt lat="39.444224656" lon="20.38439956">
        <ele>341.121</ele>
        <time>2025-04-11T06:38:30.000Z</time>
      </trkpt>
      <trkpt lat="39.540400137" lon="20.673882952">
        <ele>315.407</ele>
        <time>2025-04-11T07:05:33.000Z</time>
      </trkpt>
      <trkpt lat="39.610177723" lon="20.857805999">
        <ele>478</ele>
        <time>2025-04-11T07:32:31.000Z</time>
      </trkpt>
      <trkpt lat="39.584014616" lon="20.862599742">
        <ele>493.736</ele>
        <time>2025-04-11T07:46:00.000Z</time>
      </trkpt>
      <trkpt lat="39.589365176" lon="20.861906554">
        <ele>486.234</ele>
        <time>2025-04-11T08:39:49.000Z</time>
      </trkpt>
      <trkpt lat="39.624191246" lon="20.850955086">
        <ele>475.523</ele>
        <time>2025-04-11T08:53:20.000Z</time>
      </trkpt>
      <trkpt lat="39.62413617" lon="20.833170979">
        <ele>550.863</ele>
        <time>2025-04-11T09:40:37.000Z</time>
      </trkpt>
      <trkpt lat="39.627384117" lon="20.857962348">
        <ele>477</ele>
        <time>2025-04-11T09:48:32.000Z</time>
      </trkpt>
      <trkpt lat="39.584892767" lon="20.862565691">
        <ele>487.241</ele>
        <time>2025-04-11T10:30:42.000Z</time>
      </trkpt>
      <trkpt lat="39.653381822" lon="20.829358539">
        <ele>482.874</ele>
        <time>2025-04-11T10:44:11.000Z</time>
      </trkpt>
      <trkpt lat="39.7210084" lon="20.784752229">
        <ele>471.592</ele>
        <time>2025-04-11T10:57:41.000Z</time>
      </trkpt>
      <trkpt lat="39.814844567" lon="20.723575717">
        <ele>777.097</ele>
        <time>2025-04-11T11:11:12.000Z</time>
      </trkpt>
      <trkpt lat="39.857623846" lon="20.774905532">
        <ele>747.728</ele>
        <time>2025-04-11T11:24:41.000Z</time>
      </trkpt>
      <trkpt lat="39.863799239" lon="20.77583229">
        <ele>746.61</ele>
        <time>2025-04-11T11:38:13.000Z</time>
      </trkpt>
      <trkpt lat="39.84761935" lon="20.809077996">
        <ele>777.517</ele>
        <time>2025-04-11T11:51:41.000Z</time>
      </trkpt>
      <trkpt lat="39.845820479" lon="20.812601856">
        <ele>784.237</ele>
        <time>2025-04-11T19:34:00.000Z</time>
      </trkpt>
      <trkpt lat="39.862267926" lon="20.785839912">
        <ele>751.889</ele>
        <time>2025-04-12T07:09:54.000Z</time>
      </trkpt>
      <trkpt lat="39.861253557" lon="20.774298651">
        <ele>749.739</ele>
        <time>2025-04-12T07:22:54.000Z</time>
      </trkpt>
      <trkpt lat="39.863883648" lon="20.793229514">
        <ele>763.544</ele>
        <time>2025-04-12T11:08:42.000Z</time>
      </trkpt>
      <trkpt lat="39.845837556" lon="20.812716056">
        <ele>783.456</ele>
        <time>2025-04-12T11:22:43.000Z</time>
      </trkpt>
      <trkpt lat="39.862539299" lon="20.774769715">
        <ele>738.253</ele>
        <time>2025-04-13T08:40:01.000Z</time>
      </trkpt>
      <trkpt lat="39.838056729" lon="20.747747485">
        <ele>840.811</ele>
        <time>2025-04-13T08:45:32.000Z</time>
      </trkpt>
      <trkpt lat="39.786768801" lon="20.738825832">
        <ele>577.267</ele>
        <time>2025-04-13T08:59:25.000Z</time>
      </trkpt>
      <trkpt lat="39.674238213" lon="20.823606416">
        <ele>539.194</ele>
        <time>2025-04-13T09:19:35.000Z</time>
      </trkpt>
      <trkpt lat="39.659260634" lon="20.840720628">
        <ele>531.556</ele>
        <time>2025-04-13T09:24:48.000Z</time>
      </trkpt>
      <trkpt lat="39.634942917" lon="20.837097499">
        <ele>477.655</ele>
        <time>2025-04-13T09:32:38.000Z</time>
      </trkpt>
      <trkpt lat="39.601542265" lon="20.928435652">
        <ele>485.448</ele>
        <time>2025-04-13T09:48:10.000Z</time>
      </trkpt>
      <trkpt lat="39.750355807" lon="21.078593918">
        <ele>629.856</ele>
        <time>2025-04-13T10:08:00.000Z</time>
      </trkpt>
      <trkpt lat="39.789370908" lon="21.267011315">
        <ele>1064.236</ele>
        <time>2025-04-13T10:23:23.000Z</time>
      </trkpt>
      <trkpt lat="39.806139647" lon="21.329399554">
        <ele>786.397</ele>
        <time>2025-04-13T10:38:22.000Z</time>
      </trkpt>
      <trkpt lat="39.788556313" lon="21.37828351">
        <ele>683.121</ele>
        <time>2025-04-13T10:53:22.000Z</time>
      </trkpt>
      <trkpt lat="39.769011332" lon="21.461797256">
        <ele>738.702</ele>
        <time>2025-04-13T11:08:21.000Z</time>
      </trkpt>
      <trkpt lat="39.73106375" lon="21.569287721">
        <ele>250.488</ele>
        <time>2025-04-13T11:23:21.000Z</time>
      </trkpt>
      <trkpt lat="39.704982777" lon="21.621308045">
        <ele>219.77</ele>
        <time>2025-04-13T11:35:46.000Z</time>
      </trkpt>
      <trkpt lat="39.73068894" lon="21.650555322">
        <ele>665.921</ele>
        <time>2025-04-13T11:51:03.000Z</time>
      </trkpt>
      <trkpt lat="39.731013845" lon="21.651061748">
        <ele>668.724</ele>
        <time>2025-04-13T12:05:21.000Z</time>
      </trkpt>
      <trkpt lat="39.716560905" lon="21.641097216">
        <ele>494.845</ele>
        <time>2025-04-14T07:13:03.000Z</time>
      </trkpt>
      <trkpt lat="39.697438111" lon="21.640156545">
        <ele>203.786</ele>
        <time>2025-04-14T07:25:35.000Z</time>
      </trkpt>
      <trkpt lat="39.608313704" lon="21.723234587">
        <ele>129</ele>
        <time>2025-04-14T07:36:57.000Z</time>
      </trkpt>
      <trkpt lat="39.56535344" lon="21.778575964">
        <ele>100.981</ele>
        <time>2025-04-14T07:47:11.000Z</time>
      </trkpt>
      <trkpt lat="39.566296882" lon="21.814453371">
        <ele>101.684</ele>
        <time>2025-04-14T07:52:27.000Z</time>
      </trkpt>
      <trkpt lat="39.581538099" lon="22.027645893">
        <ele>92.344</ele>
        <time>2025-04-14T08:07:55.000Z</time>
      </trkpt>
      <trkpt lat="39.612881388" lon="22.223810088">
        <ele>84</ele>
        <time>2025-04-14T08:22:55.000Z</time>
      </trkpt>
      <trkpt lat="39.631061129" lon="22.356158179">
        <ele>82.98</ele>
        <time>2025-04-14T08:33:10.000Z</time>
      </trkpt>
      <trkpt lat="39.64624215" lon="22.427878933">
        <ele>69.257</ele>
        <time>2025-04-14T08:44:11.000Z</time>
      </trkpt>
      <trkpt lat="39.800781696" lon="22.500307113">
        <ele>54.08</ele>
        <time>2025-04-14T09:00:35.000Z</time>
      </trkpt>
      <trkpt lat="39.850163008" lon="22.520549577">
        <ele>37.805</ele>
        <time>2025-04-14T09:06:07.000Z</time>
      </trkpt>
      <trkpt lat="39.933955008" lon="22.644364117">
        <ele>6.696</ele>
        <time>2025-04-14T09:17:52.000Z</time>
      </trkpt>
      <trkpt lat="40.099575534" lon="22.557758546">
        <ele>32.069</ele>
        <time>2025-04-14T09:35:57.000Z</time>
      </trkpt>
      <trkpt lat="40.116622181" lon="22.555265011">
        <ele>21.359</ele>
        <time>2025-04-14T09:43:35.000Z</time>
      </trkpt>
      <trkpt lat="40.237978284" lon="22.53703659">
        <ele>13.854</ele>
        <time>2025-04-15T07:41:00.000Z</time>
      </trkpt>
      <trkpt lat="40.287349373" lon="22.532036975">
        <ele>34.277</ele>
        <time>2025-04-15T07:46:21.000Z</time>
      </trkpt>
      <trkpt lat="40.328195309" lon="22.581067756">
        <ele>14.341</ele>
        <time>2025-04-15T07:51:47.000Z</time>
      </trkpt>
      <trkpt lat="40.453724493" lon="22.580090258">
        <ele>53.65</ele>
        <time>2025-04-15T08:13:34.000Z</time>
      </trkpt>
      <trkpt lat="40.588032201" lon="22.653527289">
        <ele>0.857</ele>
        <time>2025-04-15T08:28:25.000Z</time>
      </trkpt>
      <trkpt lat="40.65287441" lon="22.839877345">
        <ele>3.348</ele>
        <time>2025-04-15T08:43:33.000Z</time>
      </trkpt>
      <trkpt lat="40.669410362" lon="22.88468881">
        <ele>12.892</ele>
        <time>2025-04-15T08:48:49.000Z</time>
      </trkpt>
      <trkpt lat="40.668887904" lon="22.96213489">
        <ele>107.005</ele>
        <time>2025-04-15T08:59:03.000Z</time>
      </trkpt>
      <trkpt lat="40.661418582" lon="22.968072966">
        <ele>169.679</ele>
        <time>2025-04-15T09:09:28.000Z</time>
      </trkpt>
      <trkpt lat="40.645133512" lon="22.968721234">
        <ele>203.502</ele>
        <time>2025-04-15T09:19:39.000Z</time>
      </trkpt>
      <trkpt lat="40.575223013" lon="22.98204172">
        <ele>59.11</ele>
        <time>2025-04-15T09:29:18.000Z</time>
      </trkpt>
      <trkpt lat="40.499286676" lon="23.003600671">
        <ele>33.115</ele>
        <time>2025-04-15T09:36:50.000Z</time>
      </trkpt>
      <trkpt lat="40.343402722" lon="23.065830013">
        <ele>37.03</ele>
        <time>2025-04-15T09:51:47.000Z</time>
      </trkpt>
      <trkpt lat="40.201464159" lon="23.326770264">
        <ele>13.542</ele>
        <time>2025-04-15T10:14:46.000Z</time>
      </trkpt>
      <trkpt lat="40.149477323" lon="23.35612073">
        <ele>24.237</ele>
        <time>2025-04-15T10:20:11.000Z</time>
      </trkpt>
      <trkpt lat="40.058513889" lon="23.460524266">
        <ele>25.7</ele>
        <time>2025-04-15T10:35:09.000Z</time>
      </trkpt>
      <trkpt lat="40.015365848" lon="23.525310073">
        <ele>27.769</ele>
        <time>2025-04-15T10:50:20.000Z</time>
      </trkpt>
      <trkpt lat="39.996963307" lon="23.575796358">
        <ele>22.932</ele>
        <time>2025-04-15T10:55:28.000Z</time>
      </trkpt>
      <trkpt lat="39.981827378" lon="23.643808569">
        <ele>4.843</ele>
        <time>2025-04-15T11:11:44.000Z</time>
      </trkpt>
      <trkpt lat="39.977524955" lon="23.651228552">
        <ele>12.346</ele>
        <time>2025-04-15T11:20:40.000Z</time>
      </trkpt>
      <trkpt lat="39.981820369" lon="23.655746598">
        <ele>1.139</ele>
        <time>2025-04-15T11:52:12.000Z</time>
      </trkpt>
      <trkpt lat="39.98176614" lon="23.661784858">
        <ele>4.848</ele>
        <time>2025-04-15T12:41:44.000Z</time>
      </trkpt>
      <trkpt lat="39.982699815" lon="23.661535592">
        <ele>0.281</ele>
        <time>2025-04-15T15:40:46.000Z</time>
      </trkpt>
      <trkpt lat="39.97675323" lon="23.66007614">
        <ele>7.915</ele>
        <time>2025-04-15T15:54:43.000Z</time>
      </trkpt>
      <trkpt lat="39.981940649" lon="23.661659108">
        <ele>4.973</ele>
        <time>2025-04-15T16:02:52.000Z</time>
      </trkpt>
      <trkpt lat="39.97723914" lon="23.660230917">
        <ele>5.098</ele>
        <time>2025-04-15T20:14:19.000Z</time>
      </trkpt>
      <trkpt lat="39.981896644" lon="23.661602698">
        <ele>4.77</ele>
        <time>2025-04-15T20:32:08.000Z</time>
      </trkpt>
      <trkpt lat="39.976791645" lon="23.660086714">
        <ele>7.86</ele>
        <time>2025-04-16T09:21:34.000Z</time>
      </trkpt>
      <trkpt lat="39.981917474" lon="23.661517873">
        <ele>4.464</ele>
        <time>2025-04-16T09:30:48.000Z</time>
      </trkpt>
      <trkpt lat="39.97675323" lon="23.66007614">
        <ele>7.915</ele>
        <time>2025-04-17T10:34:45.000Z</time>
      </trkpt>
      <trkpt lat="39.981954019" lon="23.661550479">
        <ele>4.547</ele>
        <time>2025-04-17T10:45:39.000Z</time>
      </trkpt>
      <trkpt lat="39.97675323" lon="23.66007614">
        <ele>7.915</ele>
        <time>2025-04-17T11:16:28.000Z</time>
      </trkpt>
      <trkpt lat="39.981727875" lon="23.661638405">
        <ele>4.898</ele>
        <time>2025-04-17T11:30:24.000Z</time>
      </trkpt>
      <trkpt lat="39.992613119" lon="23.600235264">
        <ele>9.244</ele>
        <time>2025-04-18T07:47:37.000Z</time>
      </trkpt>
      <trkpt lat="40.050405585" lon="23.468335625">
        <ele>39.603</ele>
        <time>2025-04-18T08:02:44.000Z</time>
      </trkpt>
      <trkpt lat="40.060272343" lon="23.430989888">
        <ele>30.29</ele>
        <time>2025-04-18T08:13:17.000Z</time>
      </trkpt>
      <trkpt lat="40.102871563" lon="23.39740444">
        <ele>80.897</ele>
        <time>2025-04-18T08:24:11.000Z</time>
      </trkpt>
      <trkpt lat="40.246401136" lon="23.306681737">
        <ele>42.044</ele>
        <time>2025-04-18T08:39:03.000Z</time>
      </trkpt>
      <trkpt lat="40.313262869" lon="23.442185307">
        <ele>161.768</ele>
        <time>2025-04-18T08:53:50.000Z</time>
      </trkpt>
      <trkpt lat="40.409148107" lon="23.421713887">
        <ele>602.331</ele>
        <time>2025-04-18T09:08:51.000Z</time>
      </trkpt>
      <trkpt lat="40.48606085" lon="23.400181668">
        <ele>544.495</ele>
        <time>2025-04-18T09:23:03.000Z</time>
      </trkpt>
      <trkpt lat="40.558872925" lon="23.472215907">
        <ele>177.944</ele>
        <time>2025-04-18T09:37:17.000Z</time>
      </trkpt>
      <trkpt lat="40.628052822" lon="23.547278079">
        <ele>46.801</ele>
        <time>2025-04-18T09:53:06.000Z</time>
      </trkpt>
      <trkpt lat="40.711407051" lon="23.68312352">
        <ele>49.18</ele>
        <time>2025-04-18T10:08:13.000Z</time>
      </trkpt>
      <trkpt lat="40.780130555" lon="23.794924999">
        <ele>36.083</ele>
        <time>2025-04-18T10:21:03.000Z</time>
      </trkpt>
      <trkpt lat="40.820400948" lon="23.845026651">
        <ele>119.659</ele>
        <time>2025-04-18T10:33:44.000Z</time>
      </trkpt>
      <trkpt lat="40.824916019" lon="23.84474883">
        <ele>76.491</ele>
        <time>2025-04-18T15:18:41.000Z</time>
      </trkpt>
      <trkpt lat="40.820366995" lon="23.845023745">
        <ele>120.006</ele>
        <time>2025-04-18T15:46:42.000Z</time>
      </trkpt>
      <trkpt lat="40.82495498" lon="23.84487152">
        <ele>77.213</ele>
        <time>2025-04-19T02:06:53.000Z</time>
      </trkpt>
      <trkpt lat="40.820451076" lon="23.844962797">
        <ele>119.128</ele>
        <time>2025-04-19T02:18:50.000Z</time>
      </trkpt>
      <trkpt lat="40.82390035" lon="23.851968544">
        <ele>79.45</ele>
        <time>2025-04-19T07:02:27.000Z</time>
      </trkpt>
      <trkpt lat="40.788117042" lon="23.965578787">
        <ele>70.443</ele>
        <time>2025-04-19T07:17:27.000Z</time>
      </trkpt>
      <trkpt lat="40.843809715" lon="24.115180298">
        <ele>100.251</ele>
        <time>2025-04-19T07:31:53.000Z</time>
      </trkpt>
      <trkpt lat="40.846550474" lon="24.127752604">
        <ele>94</ele>
        <time>2025-04-19T07:52:30.000Z</time>
      </trkpt>
      <trkpt lat="40.884913649" lon="24.309668234">
        <ele>67.605</ele>
        <time>2025-04-19T08:07:34.000Z</time>
      </trkpt>
      <trkpt lat="40.960802916" lon="24.474456965">
        <ele>16.776</ele>
        <time>2025-04-19T08:25:59.000Z</time>
      </trkpt>
      <trkpt lat="41.00349648" lon="24.667722755">
        <ele>29.669</ele>
        <time>2025-04-19T08:40:26.000Z</time>
      </trkpt>
      <trkpt lat="40.982281681" lon="24.694776515">
        <ele>15.786</ele>
        <time>2025-04-19T08:46:25.000Z</time>
      </trkpt>
      <trkpt lat="40.985250813" lon="24.700176828">
        <ele>21.363</ele>
        <time>2025-04-19T10:32:18.000Z</time>
      </trkpt>
      <trkpt lat="41.068254914" lon="24.785150299">
        <ele>70.235</ele>
        <time>2025-04-19T10:47:35.000Z</time>
      </trkpt>
      <trkpt lat="41.108021219" lon="24.967622152">
        <ele>30.422</ele>
        <time>2025-04-19T10:59:54.000Z</time>
      </trkpt>
      <trkpt lat="41.116603031" lon="25.17723402">
        <ele>15.99</ele>
        <time>2025-04-19T11:14:34.000Z</time>
      </trkpt>
      <trkpt lat="41.105517042" lon="25.34877453">
        <ele>43.943</ele>
        <time>2025-04-19T11:26:17.000Z</time>
      </trkpt>
      <trkpt lat="41.013827487" lon="25.532757221">
        <ele>43.926</ele>
        <time>2025-04-19T11:41:32.000Z</time>
      </trkpt>
      <trkpt lat="40.939647677" lon="25.667348578">
        <ele>181.945</ele>
        <time>2025-04-19T11:54:13.000Z</time>
      </trkpt>
      <trkpt lat="40.870622085" lon="25.799363684">
        <ele>89.77</ele>
        <time>2025-04-19T12:06:56.000Z</time>
      </trkpt>
      <trkpt lat="40.928857954" lon="25.920363158">
        <ele>114.419</ele>
        <time>2025-04-19T12:22:13.000Z</time>
      </trkpt>
      <trkpt lat="40.941960915" lon="25.9108755">
        <ele>94.692</ele>
        <time>2025-04-19T12:32:36.000Z</time>
      </trkpt>
      <trkpt lat="40.927942735" lon="25.921339151">
        <ele>117.406</ele>
        <time>2025-04-19T12:53:05.000Z</time>
      </trkpt>
      <trkpt lat="40.912542413" lon="25.953272106">
        <ele>116.966</ele>
        <time>2025-04-19T13:07:15.000Z</time>
      </trkpt>
      <trkpt lat="40.923581289" lon="25.981785243">
        <ele>100.512</ele>
        <time>2025-04-19T13:20:11.000Z</time>
      </trkpt>
      <trkpt lat="40.926060621" lon="26.013208268">
        <ele>143.463</ele>
        <time>2025-04-20T05:49:31.000Z</time>
      </trkpt>
      <trkpt lat="40.930219176" lon="26.166110002">
        <ele>37.215</ele>
        <time>2025-04-20T05:59:41.000Z</time>
      </trkpt>
      <trkpt lat="40.944884867" lon="26.310993712">
        <ele>18</ele>
        <time>2025-04-20T06:11:44.000Z</time>
      </trkpt>
      <trkpt lat="40.933093666" lon="26.328944229">
        <ele>8.055</ele>
        <time>2025-04-20T07:32:26.000Z</time>
      </trkpt>
      <trkpt lat="40.911881835" lon="26.364560109">
        <ele>4</ele>
        <time>2025-04-20T08:15:40.000Z</time>
      </trkpt>
      <trkpt lat="40.879259929" lon="26.426385278">
        <ele>73.32</ele>
        <time>2025-04-20T08:30:41.000Z</time>
      </trkpt>
      <trkpt lat="40.876451793" lon="26.503220399">
        <ele>55.866</ele>
        <time>2025-04-20T08:48:15.000Z</time>
      </trkpt>
      <trkpt lat="40.874870119" lon="26.63570134">
        <ele>43.532</ele>
        <time>2025-04-20T09:01:06.000Z</time>
      </trkpt>
      <trkpt lat="40.781249749" lon="26.686833054">
        <ele>46.602</ele>
        <time>2025-04-20T09:32:26.000Z</time>
      </trkpt>
      <trkpt lat="40.665881905" lon="26.805019465">
        <ele>20.895</ele>
        <time>2025-04-20T09:47:11.000Z</time>
      </trkpt>
      <trkpt lat="40.551456939" lon="26.800017832">
        <ele>73.936</ele>
        <time>2025-04-20T10:01:18.000Z</time>
      </trkpt>
      <trkpt lat="40.524677555" lon="26.760156183">
        <ele>41</ele>
        <time>2025-04-20T10:16:01.000Z</time>
      </trkpt>
      <trkpt lat="40.412653335" lon="26.650149822">
        <ele>14.267</ele>
        <time>2025-04-20T10:30:45.000Z</time>
      </trkpt>
      <trkpt lat="40.295553295" lon="26.521573933">
        <ele>9.995</ele>
        <time>2025-04-20T10:45:29.000Z</time>
      </trkpt>
      <trkpt lat="40.183429029" lon="26.359932041">
        <ele>4.405</ele>
        <time>2025-04-20T11:14:18.000Z</time>
      </trkpt>
      <trkpt lat="40.167668914" lon="26.394484174">
        <ele>0</ele>
        <time>2025-04-20T12:24:50.000Z</time>
      </trkpt>
      <trkpt lat="40.150103965" lon="26.402533148">
        <ele>8.626</ele>
        <time>2025-04-20T12:38:41.000Z</time>
      </trkpt>
      <trkpt lat="40.111885971" lon="26.409160712">
        <ele>14.498</ele>
        <time>2025-04-20T12:53:42.000Z</time>
      </trkpt>
      <trkpt lat="39.997659149" lon="26.314376649">
        <ele>74.896</ele>
        <time>2025-04-20T13:08:42.000Z</time>
      </trkpt>
      <trkpt lat="39.905944322" lon="26.308277389">
        <ele>73.399</ele>
        <time>2025-04-20T13:18:44.000Z</time>
      </trkpt>
      <trkpt lat="39.767586174" lon="26.351349726">
        <ele>76.097</ele>
        <time>2025-04-20T13:34:19.000Z</time>
      </trkpt>
      <trkpt lat="39.621905764" lon="26.407113019">
        <ele>284.074</ele>
        <time>2025-04-20T13:49:44.000Z</time>
      </trkpt>
      <trkpt lat="39.583556755" lon="26.490459396">
        <ele>381.676</ele>
        <time>2025-04-20T13:58:17.000Z</time>
      </trkpt>
      <trkpt lat="39.569757669" lon="26.584611207">
        <ele>197.905</ele>
        <time>2025-04-20T14:05:02.000Z</time>
      </trkpt>
      <trkpt lat="39.547854196" lon="26.603237108">
        <ele>9.199</ele>
        <time>2025-04-20T14:10:02.000Z</time>
      </trkpt>
      <trkpt lat="39.555484882" lon="26.652853318">
        <ele>4.203</ele>
        <time>2025-04-20T14:15:02.000Z</time>
      </trkpt>
      <trkpt lat="39.562379048" lon="26.709554869">
        <ele>6.129</ele>
        <time>2025-04-20T14:20:03.000Z</time>
      </trkpt>
      <trkpt lat="39.570150453" lon="26.760802171">
        <ele>5.602</ele>
        <time>2025-04-20T14:25:03.000Z</time>
      </trkpt>
      <trkpt lat="39.572493648" lon="26.841020007">
        <ele>10.68</ele>
        <time>2025-04-20T14:32:56.000Z</time>
      </trkpt>
      <trkpt lat="39.585735125" lon="26.87578284">
        <ele>4</ele>
        <time>2025-04-20T14:37:56.000Z</time>
      </trkpt>
      <trkpt lat="39.586818996" lon="26.918626206">
        <ele>0</ele>
        <time>2025-04-20T14:42:57.000Z</time>
      </trkpt>
      <trkpt lat="39.598176095" lon="26.961202513">
        <ele>16.329</ele>
        <time>2025-04-20T14:47:59.000Z</time>
      </trkpt>
      <trkpt lat="39.61639607" lon="26.955128148">
        <ele>44.949</ele>
        <time>2025-04-20T15:04:33.000Z</time>
      </trkpt>
      <trkpt lat="39.621008568" lon="26.954997366">
        <ele>42.252</ele>
        <time>2025-04-20T16:38:05.000Z</time>
      </trkpt>
      <trkpt lat="39.620622671" lon="26.955032672">
        <ele>41.146</ele>
        <time>2025-04-21T04:51:38.000Z</time>
      </trkpt>
      <trkpt lat="39.60901167" lon="26.967316219">
        <ele>30.326</ele>
        <time>2025-04-21T06:09:51.000Z</time>
      </trkpt>
      <trkpt lat="39.597495073" lon="27.009794893">
        <ele>23.721</ele>
        <time>2025-04-21T06:23:20.000Z</time>
      </trkpt>
      <trkpt lat="39.549970762" lon="27.090482377">
        <ele>32.972</ele>
        <time>2025-04-21T06:36:51.000Z</time>
      </trkpt>
      <trkpt lat="39.568382609" lon="27.26404803">
        <ele>207.203</ele>
        <time>2025-04-21T06:50:22.000Z</time>
      </trkpt>
      <trkpt lat="39.629484232" lon="27.414814334">
        <ele>277.051</ele>
        <time>2025-04-21T07:03:52.000Z</time>
      </trkpt>
      <trkpt lat="39.618111695" lon="27.56330763">
        <ele>217.091</ele>
        <time>2025-04-21T07:17:22.000Z</time>
      </trkpt>
      <trkpt lat="39.644018781" lon="27.755428554">
        <ele>285.214</ele>
        <time>2025-04-21T07:30:53.000Z</time>
      </trkpt>
      <trkpt lat="39.65171332" lon="27.880655872">
        <ele>142.107</ele>
        <time>2025-04-21T07:44:24.000Z</time>
      </trkpt>
      <trkpt lat="39.643729911" lon="27.885597381">
        <ele>139.145</ele>
        <time>2025-04-21T07:57:49.000Z</time>
      </trkpt>
      <trkpt lat="39.628971957" lon="27.881488431">
        <ele>149.402</ele>
        <time>2025-04-21T09:40:08.000Z</time>
      </trkpt>
      <trkpt lat="39.539121894" lon="27.899701776">
        <ele>117.161</ele>
        <time>2025-04-21T09:53:37.000Z</time>
      </trkpt>
      <trkpt lat="39.481830359" lon="27.904207456">
        <ele>194.344</ele>
        <time>2025-04-21T09:58:38.000Z</time>
      </trkpt>
      <trkpt lat="39.377865163" lon="27.955313073">
        <ele>443</ele>
        <time>2025-04-21T10:12:33.000Z</time>
      </trkpt>
      <trkpt lat="39.242368033" lon="27.874324517">
        <ele>342.687</ele>
        <time>2025-04-21T10:26:02.000Z</time>
      </trkpt>
      <trkpt lat="39.097190076" lon="27.841956876">
        <ele>230.955</ele>
        <time>2025-04-21T10:39:33.000Z</time>
      </trkpt>
      <trkpt lat="38.952300833" lon="27.835988458">
        <ele>105.841</ele>
        <time>2025-04-21T10:53:03.000Z</time>
      </trkpt>
      <trkpt lat="38.90202404" lon="27.798066298">
        <ele>85.011</ele>
        <time>2025-04-21T11:06:33.000Z</time>
      </trkpt>
      <trkpt lat="38.793084738" lon="27.899028836">
        <ele>93.556</ele>
        <time>2025-04-21T11:20:03.000Z</time>
      </trkpt>
      <trkpt lat="38.670622744" lon="27.950673346">
        <ele>89.254</ele>
        <time>2025-04-21T11:33:33.000Z</time>
      </trkpt>
      <trkpt lat="38.566329881" lon="28.034675583">
        <ele>101.62</ele>
        <time>2025-04-21T11:47:03.000Z</time>
      </trkpt>
      <trkpt lat="38.499655548" lon="28.202858687">
        <ele>95.221</ele>
        <time>2025-04-21T12:00:33.000Z</time>
      </trkpt>
      <trkpt lat="38.52237219" lon="28.378335396">
        <ele>346.472</ele>
        <time>2025-04-21T12:14:03.000Z</time>
      </trkpt>
      <trkpt lat="38.553490299" lon="28.470779406">
        <ele>681.784</ele>
        <time>2025-04-21T12:27:33.000Z</time>
      </trkpt>
      <trkpt lat="38.563596862" lon="28.555703424">
        <ele>796.308</ele>
        <time>2025-04-21T12:33:40.000Z</time>
      </trkpt>
      <trkpt lat="38.548438735" lon="28.673561113">
        <ele>663.342</ele>
        <time>2025-04-21T12:47:34.000Z</time>
      </trkpt>
      <trkpt lat="38.477567844" lon="28.78811871">
        <ele>837.512</ele>
        <time>2025-04-21T13:01:05.000Z</time>
      </trkpt>
      <trkpt lat="38.427748005" lon="28.938942812">
        <ele>835.194</ele>
        <time>2025-04-21T13:14:34.000Z</time>
      </trkpt>
      <trkpt lat="38.441729697" lon="29.085823212">
        <ele>931.143</ele>
        <time>2025-04-21T13:28:04.000Z</time>
      </trkpt>
      <trkpt lat="38.41708503" lon="29.246323314">
        <ele>740.141</ele>
        <time>2025-04-21T13:41:33.000Z</time>
      </trkpt>
      <trkpt lat="38.414259261" lon="29.294279575">
        <ele>729.26</ele>
        <time>2025-04-21T13:48:40.000Z</time>
      </trkpt>
      <trkpt lat="38.414140537" lon="29.300106359">
        <ele>729.938</ele>
        <time>2025-04-21T14:02:35.000Z</time>
      </trkpt>
      <trkpt lat="38.423880114" lon="29.304734125">
        <ele>711.608</ele>
        <time>2025-04-21T14:29:33.000Z</time>
      </trkpt>
      <trkpt lat="38.41869354" lon="29.30431938">
        <ele>727.152</ele>
        <time>2025-04-21T17:51:47.000Z</time>
      </trkpt>
      <trkpt lat="38.423672558" lon="29.304640287">
        <ele>712.089</ele>
        <time>2025-04-21T18:05:41.000Z</time>
      </trkpt>
      <trkpt lat="38.41865921" lon="29.3043251">
        <ele>727.007</ele>
        <time>2025-04-21T19:37:19.000Z</time>
      </trkpt>
      <trkpt lat="38.423825819" lon="29.304757481">
        <ele>710.488</ele>
        <time>2025-04-21T19:38:51.000Z</time>
      </trkpt>
      <trkpt lat="38.421667507" lon="29.299897157">
        <ele>734.997</ele>
        <time>2025-04-21T19:43:16.000Z</time>
      </trkpt>
      <trkpt lat="38.423830094" lon="29.304775084">
        <ele>710.113</ele>
        <time>2025-04-21T19:58:36.000Z</time>
      </trkpt>
      <trkpt lat="38.41865921" lon="29.3043251">
        <ele>727.007</ele>
        <time>2025-04-22T02:12:29.000Z</time>
      </trkpt>
      <trkpt lat="38.42385063" lon="29.304739796">
        <ele>711.161</ele>
        <time>2025-04-22T02:43:41.000Z</time>
      </trkpt>
      <trkpt lat="38.41865921" lon="29.3043251">
        <ele>727.007</ele>
        <time>2025-04-22T02:48:46.000Z</time>
      </trkpt>
      <trkpt lat="38.42103576" lon="29.29847717">
        <ele>732.729</ele>
        <time>2025-04-22T03:24:40.000Z</time>
      </trkpt>
      <trkpt lat="38.41865921" lon="29.3043251">
        <ele>727.007</ele>
        <time>2025-04-22T03:33:59.000Z</time>
      </trkpt>
      <trkpt lat="38.423802593" lon="29.304726068">
        <ele>710.98</ele>
        <time>2025-04-22T04:04:50.000Z</time>
      </trkpt>
      <trkpt lat="38.421757145" lon="29.300766948">
        <ele>731.965</ele>
        <time>2025-04-22T04:21:31.000Z</time>
      </trkpt>
      <trkpt lat="38.414139907" lon="29.300271932">
        <ele>728.566</ele>
        <time>2025-04-22T04:37:59.000Z</time>
      </trkpt>
      <trkpt lat="38.414710835" lon="29.297586596">
        <ele>735.271</ele>
        <time>2025-04-22T06:54:10.000Z</time>
      </trkpt>
      <trkpt lat="38.392393089" lon="29.29094144">
        <ele>685.465</ele>
        <time>2025-04-22T07:26:53.000Z</time>
      </trkpt>
      <trkpt lat="38.363878741" lon="29.402694572">
        <ele>782.263</ele>
        <time>2025-04-22T07:40:47.000Z</time>
      </trkpt>
      <trkpt lat="38.280285979" lon="29.466336854">
        <ele>974.083</ele>
        <time>2025-04-22T07:54:19.000Z</time>
      </trkpt>
      <trkpt lat="38.163979654" lon="29.471852062">
        <ele>848</ele>
        <time>2025-04-22T08:07:47.000Z</time>
      </trkpt>
      <trkpt lat="38.085544422" lon="29.396989916">
        <ele>828.843</ele>
        <time>2025-04-22T08:21:18.000Z</time>
      </trkpt>
      <trkpt lat="37.973020091" lon="29.436657392">
        <ele>875.878</ele>
        <time>2025-04-22T08:34:48.000Z</time>
      </trkpt>
      <trkpt lat="37.838265812" lon="29.41725662">
        <ele>552.97</ele>
        <time>2025-04-22T08:48:17.000Z</time>
      </trkpt>
      <trkpt lat="37.814305178" lon="29.326995257">
        <ele>456</ele>
        <time>2025-04-22T09:01:48.000Z</time>
      </trkpt>
      <trkpt lat="37.807147577" lon="29.242450688">
        <ele>346</ele>
        <time>2025-04-22T09:15:25.000Z</time>
      </trkpt>
      <trkpt lat="37.819006336" lon="29.125244189">
        <ele>279.973</ele>
        <time>2025-04-22T09:29:18.000Z</time>
      </trkpt>
      <trkpt lat="37.742681233" lon="29.110199785">
        <ele>428.116</ele>
        <time>2025-04-22T09:42:50.000Z</time>
      </trkpt>
      <trkpt lat="37.692694612" lon="29.213504695">
        <ele>789.418</ele>
        <time>2025-04-22T09:56:20.000Z</time>
      </trkpt>
      <trkpt lat="37.593461643" lon="29.26741845">
        <ele>969.68</ele>
        <time>2025-04-22T10:09:51.000Z</time>
      </trkpt>
      <trkpt lat="37.551665492" lon="29.292584192">
        <ele>894.697</ele>
        <time>2025-04-22T10:15:48.000Z</time>
      </trkpt>
      <trkpt lat="37.509139116" lon="29.416875614">
        <ele>881.752</ele>
        <time>2025-04-22T10:29:41.000Z</time>
      </trkpt>
      <trkpt lat="37.489663189" lon="29.586326889">
        <ele>1064.814</ele>
        <time>2025-04-22T10:43:13.000Z</time>
      </trkpt>
      <trkpt lat="37.536414178" lon="29.640164904">
        <ele>1167.844</ele>
        <time>2025-04-22T10:56:43.000Z</time>
      </trkpt>
      <trkpt lat="37.574929279" lon="29.64120977">
        <ele>1149.91</ele>
        <time>2025-04-22T11:10:11.000Z</time>
      </trkpt>
      <trkpt lat="37.573831009" lon="29.640981225">
        <ele>1152.973</ele>
        <time>2025-04-22T13:16:53.000Z</time>
      </trkpt>
      <trkpt lat="37.591018275" lon="29.65933176">
        <ele>1180.332</ele>
        <time>2025-04-23T07:43:16.000Z</time>
      </trkpt>
      <trkpt lat="37.551587398" lon="29.718515127">
        <ele>1145.221</ele>
        <time>2025-04-23T07:58:18.000Z</time>
      </trkpt>
      <trkpt lat="37.542408749" lon="29.719992183">
        <ele>1154.54</ele>
        <time>2025-04-23T08:09:20.000Z</time>
      </trkpt>
      <trkpt lat="37.535521695" lon="29.797728723">
        <ele>1150.978</ele>
        <time>2025-04-23T08:24:57.000Z</time>
      </trkpt>
      <trkpt lat="37.589468588" lon="29.985220246">
        <ele>923.192</ele>
        <time>2025-04-23T08:40:28.000Z</time>
      </trkpt>
      <trkpt lat="37.634403217" lon="30.158405202">
        <ele>912.11</ele>
        <time>2025-04-23T08:56:08.000Z</time>
      </trkpt>
      <trkpt lat="37.62986083" lon="30.155357226">
        <ele>917.145</ele>
        <time>2025-04-23T09:01:17.000Z</time>
      </trkpt>
      <trkpt lat="37.649081464" lon="30.066403189">
        <ele>858.897</ele>
        <time>2025-04-23T09:16:42.000Z</time>
      </trkpt>
      <trkpt lat="37.735177695" lon="30.108810241">
        <ele>881.063</ele>
        <time>2025-04-23T09:32:11.000Z</time>
      </trkpt>
      <trkpt lat="37.733886601" lon="30.111265546">
        <ele>859.872</ele>
        <time>2025-04-24T14:46:08.000Z</time>
      </trkpt>
      <trkpt lat="37.687590228" lon="30.056527183">
        <ele>920.979</ele>
        <time>2025-04-25T07:07:16.000Z</time>
      </trkpt>
      <trkpt lat="37.654126806" lon="30.164303278">
        <ele>924.659</ele>
        <time>2025-04-25T07:22:18.000Z</time>
      </trkpt>
      <trkpt lat="37.714661411" lon="30.250945403">
        <ele>918.622</ele>
        <time>2025-04-25T07:32:20.000Z</time>
      </trkpt>
      <trkpt lat="37.766712332" lon="30.359926631">
        <ele>942.692</ele>
        <time>2025-04-25T07:47:56.000Z</time>
      </trkpt>
      <trkpt lat="37.877701577" lon="30.426712269">
        <ele>912.045</ele>
        <time>2025-04-25T08:03:27.000Z</time>
      </trkpt>
      <trkpt lat="37.921539852" lon="30.482532391">
        <ele>962.967</ele>
        <time>2025-04-25T08:18:55.000Z</time>
      </trkpt>
      <trkpt lat="37.802997828" lon="30.537393779">
        <ele>1024.208</ele>
        <time>2025-04-25T08:34:01.000Z</time>
      </trkpt>
      <trkpt lat="37.848779449" lon="30.613780956">
        <ele>929.841</ele>
        <time>2025-04-25T08:49:29.000Z</time>
      </trkpt>
      <trkpt lat="37.851599058" lon="30.855529814">
        <ele>922.336</ele>
        <time>2025-04-25T09:19:46.000Z</time>
      </trkpt>
      <trkpt lat="37.920523043" lon="30.918991232">
        <ele>953.992</ele>
        <time>2025-04-25T09:35:41.000Z</time>
      </trkpt>
      <trkpt lat="38.057836064" lon="30.964826259">
        <ele>921</ele>
        <time>2025-04-25T09:51:07.000Z</time>
      </trkpt>
      <trkpt lat="38.118435414" lon="31.028120136">
        <ele>946.633</ele>
        <time>2025-04-25T10:06:07.000Z</time>
      </trkpt>
      <trkpt lat="38.158534047" lon="31.082519928">
        <ele>983.607</ele>
        <time>2025-04-25T10:12:19.000Z</time>
      </trkpt>
      <trkpt lat="38.196669286" lon="31.197441677">
        <ele>1060.981</ele>
        <time>2025-04-25T10:21:06.000Z</time>
      </trkpt>
      <trkpt lat="38.237196171" lon="31.315682263">
        <ele>1438.388</ele>
        <time>2025-04-25T10:36:08.000Z</time>
      </trkpt>
      <trkpt lat="38.299888764" lon="31.4532727">
        <ele>1281.869</ele>
        <time>2025-04-25T10:51:09.000Z</time>
      </trkpt>
      <trkpt lat="38.322345275" lon="31.566519562">
        <ele>1018.557</ele>
        <time>2025-04-25T11:06:11.000Z</time>
      </trkpt>
      <trkpt lat="38.297469767" lon="31.67243457">
        <ele>1091</ele>
        <time>2025-04-25T11:21:44.000Z</time>
      </trkpt>
      <trkpt lat="38.29454657" lon="31.718127409">
        <ele>1085.531</ele>
        <time>2025-04-25T11:37:13.000Z</time>
      </trkpt>
      <trkpt lat="38.288935234" lon="31.905869687">
        <ele>1026.833</ele>
        <time>2025-04-25T11:52:11.000Z</time>
      </trkpt>
      <trkpt lat="38.27035132" lon="32.090852093">
        <ele>1055.068</ele>
        <time>2025-04-25T12:07:11.000Z</time>
      </trkpt>
      <trkpt lat="38.211797303" lon="32.29555827">
        <ele>1123.525</ele>
        <time>2025-04-25T12:22:14.000Z</time>
      </trkpt>
      <trkpt lat="38.165847577" lon="32.468538076">
        <ele>1213.962</ele>
        <time>2025-04-25T12:37:12.000Z</time>
      </trkpt>
      <trkpt lat="38.010969395" lon="32.518448895">
        <ele>1119.298</ele>
        <time>2025-04-25T12:52:12.000Z</time>
      </trkpt>
      <trkpt lat="37.951386102" lon="32.565732694">
        <ele>1004.648</ele>
        <time>2025-04-25T13:07:11.000Z</time>
      </trkpt>
      <trkpt lat="37.961266975" lon="32.629382803">
        <ele>999.681</ele>
        <time>2025-04-25T13:12:19.000Z</time>
      </trkpt>
      <trkpt lat="37.998431618" lon="32.764023403">
        <ele>1000.223</ele>
        <time>2025-04-25T13:22:10.000Z</time>
      </trkpt>
      <trkpt lat="38.053247882" lon="32.974580163">
        <ele>1079.035</ele>
        <time>2025-04-25T13:37:11.000Z</time>
      </trkpt>
      <trkpt lat="38.135050831" lon="33.163660058">
        <ele>1020.366</ele>
        <time>2025-04-25T13:52:11.000Z</time>
      </trkpt>
      <trkpt lat="38.130945893" lon="33.181009481">
        <ele>1026.824</ele>
        <time>2025-04-25T14:04:45.000Z</time>
      </trkpt>
      <trkpt lat="38.170988015" lon="33.277442465">
        <ele>996.351</ele>
        <time>2025-04-26T07:55:31.000Z</time>
      </trkpt>
      <trkpt lat="38.251454243" lon="33.465947611">
        <ele>960.097</ele>
        <time>2025-04-26T08:10:31.000Z</time>
      </trkpt>
      <trkpt lat="38.2495614" lon="33.541624378">
        <ele>946.152</ele>
        <time>2025-04-26T08:15:39.000Z</time>
      </trkpt>
      <trkpt lat="38.272092124" lon="33.678048737">
        <ele>923.494</ele>
        <time>2025-04-26T08:25:33.000Z</time>
      </trkpt>
      <trkpt lat="38.32518687" lon="33.883274524">
        <ele>943.185</ele>
        <time>2025-04-26T08:40:33.000Z</time>
      </trkpt>
      <trkpt lat="38.365647951" lon="34.006611379">
        <ele>965.399</ele>
        <time>2025-04-26T08:55:33.000Z</time>
      </trkpt>
      <trkpt lat="38.412522739" lon="34.058337109">
        <ele>1141.164</ele>
        <time>2025-04-26T09:10:32.000Z</time>
      </trkpt>
      <trkpt lat="38.414310487" lon="34.065472695">
        <ele>1138.856</ele>
        <time>2025-04-26T09:15:46.000Z</time>
      </trkpt>
      <trkpt lat="38.462525973" lon="34.188709208">
        <ele>1196.187</ele>
        <time>2025-04-26T09:25:31.000Z</time>
      </trkpt>
      <trkpt lat="38.523960075" lon="34.380996376">
        <ele>1291.894</ele>
        <time>2025-04-26T09:40:31.000Z</time>
      </trkpt>
      <trkpt lat="38.55485219" lon="34.585168473">
        <ele>1298.461</ele>
        <time>2025-04-26T09:55:33.000Z</time>
      </trkpt>
      <trkpt lat="38.633568293" lon="34.719178511">
        <ele>1165.351</ele>
        <time>2025-04-26T10:10:33.000Z</time>
      </trkpt>
      <trkpt lat="38.679624572" lon="34.78964651">
        <ele>1059.273</ele>
        <time>2025-04-26T10:25:33.000Z</time>
      </trkpt>
      <trkpt lat="38.705031239" lon="34.837813001">
        <ele>940.775</ele>
        <time>2025-04-26T10:38:08.000Z</time>
      </trkpt>
      <trkpt lat="38.670040201" lon="34.836976519">
        <ele>1017.826</ele>
        <time>2025-04-26T11:40:08.000Z</time>
      </trkpt>
      <trkpt lat="38.655357873" lon="34.817736112">
        <ele>1137.3</ele>
        <time>2025-04-26T11:55:42.000Z</time>
      </trkpt>
      <trkpt lat="38.656154637" lon="34.820254206">
        <ele>1118.798</ele>
        <time>2025-04-26T12:26:08.000Z</time>
      </trkpt>
      <trkpt lat="38.650314992" lon="34.822108707">
        <ele>1147.007</ele>
        <time>2025-04-26T14:24:26.000Z</time>
      </trkpt>
      <trkpt lat="38.65602918" lon="34.820167618">
        <ele>1121.395</ele>
        <time>2025-04-26T14:35:10.000Z</time>
      </trkpt>
      <trkpt lat="38.670492657" lon="34.837333504">
        <ele>1015.853</ele>
        <time>2025-04-29T06:21:52.000Z</time>
      </trkpt>
      <trkpt lat="38.671405042" lon="34.863834198">
        <ele>1047.56</ele>
        <time>2025-04-29T06:36:49.000Z</time>
      </trkpt>
      <trkpt lat="38.679935751" lon="34.85444357">
        <ele>1008.238</ele>
        <time>2025-04-29T08:33:20.000Z</time>
      </trkpt>
      <trkpt lat="38.679714804" lon="34.845823439">
        <ele>1007.884</ele>
        <time>2025-04-29T09:16:01.000Z</time>
      </trkpt>
      <trkpt lat="38.660162211" lon="34.819006643">
        <ele>1117.392</ele>
        <time>2025-04-29T09:29:15.000Z</time>
      </trkpt>
      <trkpt lat="38.656195197" lon="34.82025777">
        <ele>1118.149</ele>
        <time>2025-04-29T16:28:34.000Z</time>
      </trkpt>
      <trkpt lat="38.680332729" lon="34.79067266">
        <ele>1053.464</ele>
        <time>2025-04-30T04:40:11.000Z</time>
      </trkpt>
      <trkpt lat="38.718482167" lon="34.941968548">
        <ele>992.065</ele>
        <time>2025-04-30T04:55:13.000Z</time>
      </trkpt>
      <trkpt lat="38.695167345" lon="35.130535106">
        <ele>1229.529</ele>
        <time>2025-04-30T05:10:12.000Z</time>
      </trkpt>
      <trkpt lat="38.728691245" lon="35.281389298">
        <ele>1032.288</ele>
        <time>2025-04-30T05:25:08.000Z</time>
      </trkpt>
      <trkpt lat="38.783014847" lon="35.412684689">
        <ele>1038</ele>
        <time>2025-04-30T05:40:11.000Z</time>
      </trkpt>
      <trkpt lat="38.790456495" lon="35.591382309">
        <ele>1109.643</ele>
        <time>2025-04-30T05:54:58.000Z</time>
      </trkpt>
      <trkpt lat="38.785408363" lon="35.607585232">
        <ele>1138.981</ele>
        <time>2025-04-30T06:10:15.000Z</time>
      </trkpt>
      <trkpt lat="38.792482548" lon="35.588718983">
        <ele>1095.364</ele>
        <time>2025-04-30T07:50:49.000Z</time>
      </trkpt>
      <trkpt lat="38.747422688" lon="35.553319178">
        <ele>1088.634</ele>
        <time>2025-04-30T08:01:42.000Z</time>
      </trkpt>
      <trkpt lat="38.669170286" lon="35.660355845">
        <ele>1441.261</ele>
        <time>2025-04-30T08:16:52.000Z</time>
      </trkpt>
      <trkpt lat="38.629478412" lon="35.83233255">
        <ele>1529.578</ele>
        <time>2025-04-30T08:32:01.000Z</time>
      </trkpt>
      <trkpt lat="38.64513062" lon="35.952343052">
        <ele>1435.829</ele>
        <time>2025-04-30T08:41:47.000Z</time>
      </trkpt>
      <trkpt lat="38.658520617" lon="36.180413459">
        <ele>1426.818</ele>
        <time>2025-04-30T08:57:09.000Z</time>
      </trkpt>
      <trkpt lat="38.709094698" lon="36.3765038">
        <ele>1508.854</ele>
        <time>2025-04-30T09:12:09.000Z</time>
      </trkpt>
      <trkpt lat="38.793727772" lon="36.496686366">
        <ele>1654.071</ele>
        <time>2025-04-30T09:27:09.000Z</time>
      </trkpt>
      <trkpt lat="38.843900734" lon="36.592865508">
        <ele>1731.727</ele>
        <time>2025-04-30T09:42:09.000Z</time>
      </trkpt>
      <trkpt lat="38.869721402" lon="36.755510629">
        <ele>1800.003</ele>
        <time>2025-04-30T09:57:09.000Z</time>
      </trkpt>
      <trkpt lat="38.808501866" lon="36.906407811">
        <ele>1798.58</ele>
        <time>2025-04-30T10:12:07.000Z</time>
      </trkpt>
      <trkpt lat="38.764699736" lon="37.087804453">
        <ele>1615.808</ele>
        <time>2025-04-30T10:27:10.000Z</time>
      </trkpt>
      <trkpt lat="38.719251151" lon="37.199169369">
        <ele>1482.064</ele>
        <time>2025-04-30T10:40:39.000Z</time>
      </trkpt>
      <trkpt lat="38.721685514" lon="37.267312589">
        <ele>1325.068</ele>
        <time>2025-04-30T10:47:19.000Z</time>
      </trkpt>
      <trkpt lat="38.716897817" lon="37.314291838">
        <ele>1305.878</ele>
        <time>2025-04-30T10:58:53.000Z</time>
      </trkpt>
      <trkpt lat="38.716176695" lon="37.314345819">
        <ele>1295.299</ele>
        <time>2025-04-30T13:48:44.000Z</time>
      </trkpt>
      <trkpt lat="38.723746285" lon="37.286334783">
        <ele>1320.433</ele>
        <time>2025-05-02T06:53:53.000Z</time>
      </trkpt>
      <trkpt lat="38.761005771" lon="37.294306279">
        <ele>1655.862</ele>
        <time>2025-05-02T07:00:24.000Z</time>
      </trkpt>
      <trkpt lat="38.891642379" lon="37.268812">
        <ele>1776.612</ele>
        <time>2025-05-02T07:15:36.000Z</time>
      </trkpt>
      <trkpt lat="38.950867178" lon="37.281989729">
        <ele>1844.694</ele>
        <time>2025-05-02T07:28:59.000Z</time>
      </trkpt>
      <trkpt lat="39.001941943" lon="37.277731459">
        <ele>1693.185</ele>
        <time>2025-05-02T07:44:11.000Z</time>
      </trkpt>
      <trkpt lat="39.080150305" lon="37.223604115">
        <ele>1592.511</ele>
        <time>2025-05-02T07:57:55.000Z</time>
      </trkpt>
      <trkpt lat="39.209873817" lon="37.202038237">
        <ele>1507.546</ele>
        <time>2025-05-02T08:11:10.000Z</time>
      </trkpt>
      <trkpt lat="39.328943412" lon="37.141840048">
        <ele>1652.599</ele>
        <time>2025-05-02T08:25:05.000Z</time>
      </trkpt>
      <trkpt lat="39.457523815" lon="37.018049332">
        <ele>1374.02</ele>
        <time>2025-05-02T08:39:02.000Z</time>
      </trkpt>
      <trkpt lat="39.612409528" lon="37.024841085">
        <ele>1349.78</ele>
        <time>2025-05-02T08:54:02.000Z</time>
      </trkpt>
      <trkpt lat="39.72031136" lon="37.012913888">
        <ele>1257.611</ele>
        <time>2025-05-02T09:09:02.000Z</time>
      </trkpt>
      <trkpt lat="39.734499502" lon="37.026695196">
        <ele>1265.958</ele>
        <time>2025-05-02T09:29:29.000Z</time>
      </trkpt>
      <trkpt lat="39.773476243" lon="37.085576962">
        <ele>1267.066</ele>
        <time>2025-05-02T09:35:49.000Z</time>
      </trkpt>
      <trkpt lat="39.826687141" lon="37.159359651">
        <ele>1332.137</ele>
        <time>2025-05-02T09:43:22.000Z</time>
      </trkpt>
      <trkpt lat="39.851458976" lon="37.385933138">
        <ele>1286.162</ele>
        <time>2025-05-02T09:58:57.000Z</time>
      </trkpt>
      <trkpt lat="39.870382413" lon="37.596883935">
        <ele>1306.083</ele>
        <time>2025-05-02T10:14:26.000Z</time>
      </trkpt>
      <trkpt lat="39.876771779" lon="37.737924457">
        <ele>1335.85</ele>
        <time>2025-05-02T10:24:36.000Z</time>
      </trkpt>
      <trkpt lat="39.870591361" lon="37.919240401">
        <ele>1505.97</ele>
        <time>2025-05-02T10:38:38.000Z</time>
      </trkpt>
      <trkpt lat="39.871140271" lon="38.104378833">
        <ele>1602.87</ele>
        <time>2025-05-02T10:53:13.000Z</time>
      </trkpt>
      <trkpt lat="39.841368673" lon="38.252791408">
        <ele>1697.02</ele>
        <time>2025-05-02T11:08:45.000Z</time>
      </trkpt>
      <trkpt lat="39.860703233" lon="38.428509562">
        <ele>2159.731</ele>
        <time>2025-05-02T11:24:07.000Z</time>
      </trkpt>
      <trkpt lat="39.925493519" lon="38.502352014">
        <ele>1631.279</ele>
        <time>2025-05-02T11:39:16.000Z</time>
      </trkpt>
      <trkpt lat="39.929208592" lon="38.557332811">
        <ele>1565.051</ele>
        <time>2025-05-02T11:54:51.000Z</time>
      </trkpt>
      <trkpt lat="39.935436744" lon="38.746872019">
        <ele>1555.492</ele>
        <time>2025-05-02T12:10:22.000Z</time>
      </trkpt>
      <trkpt lat="39.896243776" lon="38.859576902">
        <ele>1650.91</ele>
        <time>2025-05-02T12:25:50.000Z</time>
      </trkpt>
      <trkpt lat="39.895439247" lon="38.944590323">
        <ele>1724.22</ele>
        <time>2025-05-02T12:33:56.000Z</time>
      </trkpt>
      <trkpt lat="39.880200817" lon="39.151103533">
        <ele>2056.598</ele>
        <time>2025-05-02T12:49:37.000Z</time>
      </trkpt>
      <trkpt lat="39.814375299" lon="39.355749451">
        <ele>1358.551</ele>
        <time>2025-05-02T13:04:48.000Z</time>
      </trkpt>
      <trkpt lat="39.75098714" lon="39.414084437">
        <ele>1209.742</ele>
        <time>2025-05-02T13:13:17.000Z</time>
      </trkpt>
      <trkpt lat="39.72958074" lon="39.569241282">
        <ele>1174</ele>
        <time>2025-05-02T13:28:35.000Z</time>
      </trkpt>
      <trkpt lat="39.733205889" lon="39.613209868">
        <ele>1150.638</ele>
        <time>2025-05-02T13:42:14.000Z</time>
      </trkpt>
      <trkpt lat="39.726622431" lon="39.552726019">
        <ele>1177</ele>
        <time>2025-05-03T08:33:54.000Z</time>
      </trkpt>
      <trkpt lat="39.735804941" lon="39.53186368">
        <ele>1196</ele>
        <time>2025-05-03T08:44:01.000Z</time>
      </trkpt>
      <trkpt lat="39.723267406" lon="39.559340358">
        <ele>1170.763</ele>
        <time>2025-05-03T09:18:18.000Z</time>
      </trkpt>
      <trkpt lat="39.688168438" lon="39.650119459">
        <ele>1160.802</ele>
        <time>2025-05-03T09:33:30.000Z</time>
      </trkpt>
      <trkpt lat="39.662004202" lon="39.714659276">
        <ele>1167.011</ele>
        <time>2025-05-03T09:38:25.000Z</time>
      </trkpt>
      <trkpt lat="39.583730474" lon="39.912708914">
        <ele>1223.47</ele>
        <time>2025-05-03T09:53:53.000Z</time>
      </trkpt>
      <trkpt lat="39.552796218" lon="40.049966499">
        <ele>1317.892</ele>
        <time>2025-05-03T10:09:13.000Z</time>
      </trkpt>
      <trkpt lat="39.594426574" lon="40.182074932">
        <ele>1371.829</ele>
        <time>2025-05-03T10:24:20.000Z</time>
      </trkpt>
      <trkpt lat="39.726330779" lon="40.249998378">
        <ele>1382.999</ele>
        <time>2025-05-03T10:37:49.000Z</time>
      </trkpt>
      <trkpt lat="39.766644467" lon="40.416285148">
        <ele>1487.807</ele>
        <time>2025-05-03T10:52:51.000Z</time>
      </trkpt>
      <trkpt lat="39.829610565" lon="40.553103834">
        <ele>1775.921</ele>
        <time>2025-05-03T11:07:49.000Z</time>
      </trkpt>
      <trkpt lat="39.867288284" lon="40.637510419">
        <ele>1922.883</ele>
        <time>2025-05-03T11:15:46.000Z</time>
      </trkpt>
      <trkpt lat="39.920239917" lon="40.694412953">
        <ele>1659.075</ele>
        <time>2025-05-03T11:23:14.000Z</time>
      </trkpt>
      <trkpt lat="39.971050407" lon="40.914193528">
        <ele>1865.681</ele>
        <time>2025-05-03T11:39:41.000Z</time>
      </trkpt>
      <trkpt lat="39.982922296" lon="40.990572022">
        <ele>1823.01</ele>
        <time>2025-05-03T11:44:55.000Z</time>
      </trkpt>
      <trkpt lat="39.92978897" lon="41.162785724">
        <ele>1762.043</ele>
        <time>2025-05-03T12:00:19.000Z</time>
      </trkpt>
      <trkpt lat="39.924562248" lon="41.181876138">
        <ele>1772.142</ele>
        <time>2025-05-03T12:05:25.000Z</time>
      </trkpt>
      <trkpt lat="39.906343405" lon="41.25647108">
        <ele>1872.244</ele>
        <time>2025-05-03T12:17:23.000Z</time>
      </trkpt>
      <trkpt lat="39.906568439" lon="41.259125937">
        <ele>1874.414</ele>
        <time>2025-05-03T16:06:27.000Z</time>
      </trkpt>
      <trkpt lat="39.897824457" lon="41.270854872">
        <ele>1937.754</ele>
        <time>2025-05-04T06:08:13.000Z</time>
      </trkpt>
      <trkpt lat="39.905551672" lon="41.314169476">
        <ele>1961.976</ele>
        <time>2025-05-04T06:13:32.000Z</time>
      </trkpt>
      <trkpt lat="39.932637797" lon="41.43101103">
        <ele>1978.752</ele>
        <time>2025-05-04T06:29:04.000Z</time>
      </trkpt>
      <trkpt lat="39.932326216" lon="41.431176393">
        <ele>1986.3</ele>
        <time>2025-05-04T11:52:41.000Z</time>
      </trkpt>
      <trkpt lat="39.932153757" lon="41.418355318">
        <ele>1907.98</ele>
        <time>2025-05-05T05:20:01.000Z</time>
      </trkpt>
      <trkpt lat="39.967623227" lon="41.415528394">
        <ele>1840.541</ele>
        <time>2025-05-05T05:57:43.000Z</time>
      </trkpt>
      <trkpt lat="39.956325931" lon="41.294645006">
        <ele>1766</ele>
        <time>2025-05-05T06:12:26.000Z</time>
      </trkpt>
      <trkpt lat="39.926269035" lon="41.281387354">
        <ele>1839.428</ele>
        <time>2025-05-05T06:26:18.000Z</time>
      </trkpt>
      <trkpt lat="39.920772582" lon="41.280079893">
        <ele>1863.994</ele>
        <time>2025-05-05T06:48:35.000Z</time>
      </trkpt>
      <trkpt lat="39.916660837" lon="41.212868225">
        <ele>1803.007</ele>
        <time>2025-05-05T07:03:27.000Z</time>
      </trkpt>
      <trkpt lat="39.933721153" lon="41.146649346">
        <ele>1760.938</ele>
        <time>2025-05-05T07:13:52.000Z</time>
      </trkpt>
      <trkpt lat="39.937630808" lon="41.133958306">
        <ele>1763.118</ele>
        <time>2025-05-05T07:57:37.000Z</time>
      </trkpt>
      <trkpt lat="39.943516918" lon="41.112814627">
        <ele>1759.591</ele>
        <time>2025-05-05T08:03:16.000Z</time>
      </trkpt>
      <trkpt lat="39.967414183" lon="41.047571395">
        <ele>1771.948</ele>
        <time>2025-05-05T08:54:04.000Z</time>
      </trkpt>
      <trkpt lat="39.962164513" lon="41.217916897">
        <ele>1754.709</ele>
        <time>2025-05-05T09:09:15.000Z</time>
      </trkpt>
      <trkpt lat="39.958937522" lon="41.281759087">
        <ele>1765.333</ele>
        <time>2025-05-05T09:14:29.000Z</time>
      </trkpt>
      <trkpt lat="40.108476291" lon="41.385303503">
        <ele>1861.19</ele>
        <time>2025-05-05T09:30:41.000Z</time>
      </trkpt>
      <trkpt lat="40.243122557" lon="41.511823505">
        <ele>1905.594</ele>
        <time>2025-05-05T09:46:11.000Z</time>
      </trkpt>
      <trkpt lat="40.296327188" lon="41.545810914">
        <ele>1596.803</ele>
        <time>2025-05-05T09:53:27.000Z</time>
      </trkpt>
      <trkpt lat="40.407152628" lon="41.490510553">
        <ele>1290.436</ele>
        <time>2025-05-05T10:08:50.000Z</time>
      </trkpt>
      <trkpt lat="40.48656215" lon="41.507744446">
        <ele>1169.104</ele>
        <time>2025-05-05T10:19:37.000Z</time>
      </trkpt>
      <trkpt lat="40.542136263" lon="41.558958683">
        <ele>1064.632</ele>
        <time>2025-05-05T10:30:00.000Z</time>
      </trkpt>
      <trkpt lat="40.653635238" lon="41.639458434">
        <ele>1042.032</ele>
        <time>2025-05-05T10:43:59.000Z</time>
      </trkpt>
      <trkpt lat="40.658175456" lon="41.665630555">
        <ele>1008.27</ele>
        <time>2025-05-05T10:49:20.000Z</time>
      </trkpt>
      <trkpt lat="40.754534653" lon="41.830476103">
        <ele>712.34</ele>
        <time>2025-05-05T12:58:01.000Z</time>
      </trkpt>
      <trkpt lat="40.777050792" lon="41.758924307">
        <ele>842.924</ele>
        <time>2025-05-05T13:11:29.000Z</time>
      </trkpt>
      <trkpt lat="40.950721647" lon="41.761429086">
        <ele>400.234</ele>
        <time>2025-05-06T06:26:13.000Z</time>
      </trkpt>
      <trkpt lat="41.031623399" lon="41.801607572">
        <ele>434.796</ele>
        <time>2025-05-06T06:41:21.000Z</time>
      </trkpt>
      <trkpt lat="41.124864487" lon="41.870963477">
        <ele>442.794</ele>
        <time>2025-05-06T06:55:50.000Z</time>
      </trkpt>
      <trkpt lat="41.178202733" lon="41.861870293">
        <ele>393.837</ele>
        <time>2025-05-06T07:08:59.000Z</time>
      </trkpt>
      <trkpt lat="41.215173877" lon="41.794587225">
        <ele>244.36</ele>
        <time>2025-05-06T07:32:19.000Z</time>
      </trkpt>
      <trkpt lat="41.294478122" lon="41.755071832">
        <ele>243.96</ele>
        <time>2025-05-06T07:46:32.000Z</time>
      </trkpt>
      <trkpt lat="41.373510761" lon="41.630706214">
        <ele>202.291</ele>
        <time>2025-05-06T08:09:24.000Z</time>
      </trkpt>
      <trkpt lat="41.383894798" lon="41.553399721">
        <ele>507.985</ele>
        <time>2025-05-06T08:19:46.000Z</time>
      </trkpt>
      <trkpt lat="41.402117559" lon="41.504545882">
        <ele>304.05</ele>
        <time>2025-05-06T08:37:13.000Z</time>
      </trkpt>
      <trkpt lat="41.389558492" lon="41.429149574">
        <ele>12.975</ele>
        <time>2025-05-06T08:50:08.000Z</time>
      </trkpt>
      <trkpt lat="41.438469957" lon="41.454266617">
        <ele>16.468</ele>
        <time>2025-05-06T09:05:17.000Z</time>
      </trkpt>
      <trkpt lat="41.517498945" lon="41.546727213">
        <ele>9.028</ele>
        <time>2025-05-06T09:20:04.000Z</time>
      </trkpt>
      <trkpt lat="41.521169368" lon="41.549576452">
        <ele>13.476</ele>
        <time>2025-05-06T10:09:16.000Z</time>
      </trkpt>
      <trkpt lat="41.58547165" lon="41.592701114">
        <ele>11.698</ele>
        <time>2025-05-06T10:24:10.000Z</time>
      </trkpt>
      <trkpt lat="41.632850021" lon="41.612600936">
        <ele>3.664</ele>
        <time>2025-05-06T10:38:56.000Z</time>
      </trkpt>
      <trkpt lat="41.643754961" lon="41.632182151">
        <ele>7.626</ele>
        <time>2025-05-06T10:53:40.000Z</time>
      </trkpt>
      <trkpt lat="41.651736586" lon="41.643088264">
        <ele>8.405</ele>
        <time>2025-05-06T11:08:41.000Z</time>
      </trkpt>
      <trkpt lat="41.653701553" lon="41.641477287">
        <ele>6.215</ele>
        <time>2025-05-07T17:48:40.000Z</time>
      </trkpt>
      <trkpt lat="41.646234999" lon="41.648791228">
        <ele>8.149</ele>
        <time>2025-05-08T07:06:43.000Z</time>
      </trkpt>
      <trkpt lat="41.702508726" lon="41.735437856">
        <ele>29.829</ele>
        <time>2025-05-08T07:25:11.000Z</time>
      </trkpt>
      <trkpt lat="41.815485992" lon="41.806539735">
        <ele>16.343</ele>
        <time>2025-05-08T07:36:56.000Z</time>
      </trkpt>
      <trkpt lat="41.854201561" lon="41.90596823">
        <ele>105.594</ele>
        <time>2025-05-08T07:51:38.000Z</time>
      </trkpt>
      <trkpt lat="41.897524006" lon="41.996420795">
        <ele>93</ele>
        <time>2025-05-08T08:04:18.000Z</time>
      </trkpt>
      <trkpt lat="41.922262878" lon="42.017216454">
        <ele>88.815</ele>
        <time>2025-05-08T08:14:22.000Z</time>
      </trkpt>
      <trkpt lat="41.953225884" lon="42.032693145">
        <ele>106.613</ele>
        <time>2025-05-08T08:27:03.000Z</time>
      </trkpt>
      <trkpt lat="41.953007637" lon="42.032048495">
        <ele>106.827</ele>
        <time>2025-05-08T11:25:10.000Z</time>
      </trkpt>
      <trkpt lat="41.951911559" lon="42.058353344">
        <ele>119.046</ele>
        <time>2025-05-09T06:30:33.000Z</time>
      </trkpt>
      <trkpt lat="42.010946924" lon="42.126132553">
        <ele>69.409</ele>
        <time>2025-05-09T06:45:59.000Z</time>
      </trkpt>
      <trkpt lat="42.019087332" lon="42.241251134">
        <ele>151.934</ele>
        <time>2025-05-09T06:56:31.000Z</time>
      </trkpt>
      <trkpt lat="42.047031926" lon="42.293974321">
        <ele>86.692</ele>
        <time>2025-05-09T07:12:41.000Z</time>
      </trkpt>
      <trkpt lat="42.084640416" lon="42.273332109">
        <ele>164.29</ele>
        <time>2025-05-09T07:28:08.000Z</time>
      </trkpt>
      <trkpt lat="42.125198109" lon="42.33449926">
        <ele>23.943</ele>
        <time>2025-05-09T07:43:07.000Z</time>
      </trkpt>
      <trkpt lat="42.153807253" lon="42.337298858">
        <ele>22.706</ele>
        <time>2025-05-09T07:48:22.000Z</time>
      </trkpt>
      <trkpt lat="42.163860569" lon="42.354458068">
        <ele>24.102</ele>
        <time>2025-05-09T07:53:27.000Z</time>
      </trkpt>
      <trkpt lat="42.240657868" lon="42.355161028">
        <ele>57.002</ele>
        <time>2025-05-09T08:09:01.000Z</time>
      </trkpt>
      <trkpt lat="42.324619764" lon="42.420335105">
        <ele>120.761</ele>
        <time>2025-05-09T08:23:15.000Z</time>
      </trkpt>
      <trkpt lat="42.348752048" lon="42.300753059">
        <ele>101.35</ele>
        <time>2025-05-09T08:38:46.000Z</time>
      </trkpt>
      <trkpt lat="42.381342684" lon="42.337136461">
        <ele>139.525</ele>
        <time>2025-05-09T08:54:12.000Z</time>
      </trkpt>
      <trkpt lat="42.393799436" lon="42.358107879">
        <ele>160.866</ele>
        <time>2025-05-09T08:59:22.000Z</time>
      </trkpt>
      <trkpt lat="42.404579348" lon="42.368406197">
        <ele>175.748</ele>
        <time>2025-05-09T09:04:28.000Z</time>
      </trkpt>
      <trkpt lat="42.41194396" lon="42.377703397">
        <ele>191.998</ele>
        <time>2025-05-09T09:10:12.000Z</time>
      </trkpt>
      <trkpt lat="42.419870604" lon="42.378565331">
        <ele>186.912</ele>
        <time>2025-05-09T09:26:22.000Z</time>
      </trkpt>
      <trkpt lat="42.438989202" lon="42.381104126">
        <ele>222.614</ele>
        <time>2025-05-09T11:55:04.000Z</time>
      </trkpt>
      <trkpt lat="42.443940723" lon="42.373407343">
        <ele>183.56</ele>
        <time>2025-05-09T12:10:26.000Z</time>
      </trkpt>
      <trkpt lat="42.428443899" lon="42.377488926">
        <ele>207.984</ele>
        <time>2025-05-10T03:40:11.000Z</time>
      </trkpt>
      <trkpt lat="42.443906254" lon="42.373410686">
        <ele>183.188</ele>
        <time>2025-05-10T03:45:26.000Z</time>
      </trkpt>
      <trkpt lat="42.42159271" lon="42.37929534">
        <ele>195.857</ele>
        <time>2025-05-10T04:13:36.000Z</time>
      </trkpt>
      <trkpt lat="42.443911387" lon="42.373421758">
        <ele>183.243</ele>
        <time>2025-05-10T04:19:04.000Z</time>
      </trkpt>
      <trkpt lat="42.414485165" lon="42.373468615">
        <ele>169.974</ele>
        <time>2025-05-10T04:55:26.000Z</time>
      </trkpt>
      <trkpt lat="42.398059384" lon="42.364600074">
        <ele>166.566</ele>
        <time>2025-05-10T05:05:24.000Z</time>
      </trkpt>
      <trkpt lat="42.382970407" lon="42.436589143">
        <ele>162.721</ele>
        <time>2025-05-10T05:15:57.000Z</time>
      </trkpt>
      <trkpt lat="42.321287548" lon="42.427974237">
        <ele>116.563</ele>
        <time>2025-05-10T05:26:20.000Z</time>
      </trkpt>
      <trkpt lat="42.317583743" lon="42.454087352">
        <ele>114.595</ele>
        <time>2025-05-10T05:34:50.000Z</time>
      </trkpt>
      <trkpt lat="42.305158616" lon="42.510831943">
        <ele>103.419</ele>
        <time>2025-05-10T05:41:21.000Z</time>
      </trkpt>
      <trkpt lat="42.317102178" lon="42.584989678">
        <ele>137.728</ele>
        <time>2025-05-10T05:50:30.000Z</time>
      </trkpt>
      <trkpt lat="42.327688657" lon="42.602829149">
        <ele>101.912</ele>
        <time>2025-05-10T06:01:02.000Z</time>
      </trkpt>
      <trkpt lat="42.322393678" lon="42.603796526">
        <ele>105.05</ele>
        <time>2025-05-10T10:59:32.000Z</time>
      </trkpt>
      <trkpt lat="42.28891394" lon="42.6065357">
        <ele>121.867</ele>
        <time>2025-05-10T11:06:26.000Z</time>
      </trkpt>
      <trkpt lat="42.257819093" lon="42.667593341">
        <ele>139.336</ele>
        <time>2025-05-10T11:17:46.000Z</time>
      </trkpt>
      <trkpt lat="42.255547559" lon="42.681192253">
        <ele>139.576</ele>
        <time>2025-05-10T11:24:13.000Z</time>
      </trkpt>
      <trkpt lat="42.24509186" lon="42.684497889">
        <ele>134.808</ele>
        <time>2025-05-11T06:14:39.000Z</time>
      </trkpt>
      <trkpt lat="42.213991836" lon="42.710406098">
        <ele>156.462</ele>
        <time>2025-05-12T06:32:43.000Z</time>
      </trkpt>
      <trkpt lat="42.203010502" lon="42.780039953">
        <ele>120.702</ele>
        <time>2025-05-12T06:41:32.000Z</time>
      </trkpt>
      <trkpt lat="42.164858742" lon="42.941296442">
        <ele>137.841</ele>
        <time>2025-05-12T06:53:22.000Z</time>
      </trkpt>
      <trkpt lat="42.126468653" lon="43.010755897">
        <ele>149.11</ele>
        <time>2025-05-12T07:00:57.000Z</time>
      </trkpt>
      <trkpt lat="42.113544499" lon="43.048143005">
        <ele>224.561</ele>
        <time>2025-05-12T07:13:17.000Z</time>
      </trkpt>
      <trkpt lat="42.186427338" lon="43.140631503">
        <ele>535.138</ele>
        <time>2025-05-12T07:28:55.000Z</time>
      </trkpt>
      <trkpt lat="42.278328823" lon="43.205076379">
        <ele>588.916</ele>
        <time>2025-05-12T07:43:42.000Z</time>
      </trkpt>
      <trkpt lat="42.282550866" lon="43.216158673">
        <ele>564.911</ele>
        <time>2025-05-12T07:56:19.000Z</time>
      </trkpt>
      <trkpt lat="42.284837989" lon="43.216416133">
        <ele>594.308</ele>
        <time>2025-05-13T04:53:42.000Z</time>
      </trkpt>
      <trkpt lat="42.238720008" lon="43.183795475">
        <ele>598.459</ele>
        <time>2025-05-13T05:12:59.000Z</time>
      </trkpt>
      <trkpt lat="42.207574197" lon="43.15471136">
        <ele>577.131</ele>
        <time>2025-05-13T05:18:10.000Z</time>
      </trkpt>
      <trkpt lat="42.148629855" lon="43.106261436">
        <ele>434.645</ele>
        <time>2025-05-13T05:27:11.000Z</time>
      </trkpt>
      <trkpt lat="42.128506435" lon="43.066887376">
        <ele>328.169</ele>
        <time>2025-05-13T05:32:34.000Z</time>
      </trkpt>
      <trkpt lat="42.109655903" lon="43.045406137">
        <ele>171.856</ele>
        <time>2025-05-13T05:37:54.000Z</time>
      </trkpt>
      <trkpt lat="42.098770108" lon="43.385272268">
        <ele>449.766</ele>
        <time>2025-05-13T06:04:17.000Z</time>
      </trkpt>
      <trkpt lat="42.091063857" lon="43.462828696">
        <ele>697.765</ele>
        <time>2025-05-13T06:12:45.000Z</time>
      </trkpt>
      <trkpt lat="42.023222542" lon="43.566705184">
        <ele>782.604</ele>
        <time>2025-05-13T06:28:10.000Z</time>
      </trkpt>
      <trkpt lat="41.987182207" lon="43.593560281">
        <ele>696</ele>
        <time>2025-05-13T06:35:27.000Z</time>
      </trkpt>
      <trkpt lat="41.924217213" lon="43.484829431">
        <ele>742.847</ele>
        <time>2025-05-13T06:50:59.000Z</time>
      </trkpt>
      <trkpt lat="41.854391587" lon="43.413389321">
        <ele>790.738</ele>
        <time>2025-05-13T07:06:23.000Z</time>
      </trkpt>
      <trkpt lat="41.840186693" lon="43.378630596">
        <ele>792.258</ele>
        <time>2025-05-13T07:11:25.000Z</time>
      </trkpt>
      <trkpt lat="41.778449015" lon="43.289168294">
        <ele>886.61</ele>
        <time>2025-05-13T07:27:36.000Z</time>
      </trkpt>
      <trkpt lat="41.730413252" lon="43.161946826">
        <ele>915.45</ele>
        <time>2025-05-13T07:42:59.000Z</time>
      </trkpt>
      <trkpt lat="41.694358377" lon="43.129416871">
        <ele>920.622</ele>
        <time>2025-05-13T07:48:31.000Z</time>
      </trkpt>
      <trkpt lat="41.657115941" lon="43.024456908">
        <ele>982.235</ele>
        <time>2025-05-13T08:01:32.000Z</time>
      </trkpt>
      <trkpt lat="41.633104679" lon="43.043535387">
        <ele>960.737</ele>
        <time>2025-05-13T08:32:04.000Z</time>
      </trkpt>
      <trkpt lat="41.614700511" lon="43.131755956">
        <ele>998.835</ele>
        <time>2025-05-13T09:03:44.000Z</time>
      </trkpt>
      <trkpt lat="41.592445209" lon="43.173473766">
        <ele>1026.825</ele>
        <time>2025-05-13T09:11:00.000Z</time>
      </trkpt>
      <trkpt lat="41.589634987" lon="43.228413607">
        <ele>1058.95</ele>
        <time>2025-05-13T09:19:19.000Z</time>
      </trkpt>
      <trkpt lat="41.540187024" lon="43.259957892">
        <ele>1086.387</ele>
        <time>2025-05-13T09:34:44.000Z</time>
      </trkpt>
      <trkpt lat="41.468972559" lon="43.291190401">
        <ele>1133.788</ele>
        <time>2025-05-13T09:46:18.000Z</time>
      </trkpt>
      <trkpt lat="41.390323844" lon="43.310272526">
        <ele>1260.754</ele>
        <time>2025-05-13T10:01:00.000Z</time>
      </trkpt>
      <trkpt lat="41.378830555" lon="43.287647456">
        <ele>1247.112</ele>
        <time>2025-05-13T10:15:20.000Z</time>
      </trkpt>
      <trkpt lat="41.402700059" lon="43.326802896">
        <ele>1248.697</ele>
        <time>2025-05-14T09:49:29.000Z</time>
      </trkpt>
      <trkpt lat="41.378789297" lon="43.287601825">
        <ele>1247.526</ele>
        <time>2025-05-14T10:02:49.000Z</time>
      </trkpt>
      <trkpt lat="41.441499229" lon="43.311451955">
        <ele>1164.317</ele>
        <time>2025-05-15T05:16:18.000Z</time>
      </trkpt>
      <trkpt lat="41.483142433" lon="43.300354522">
        <ele>1167.961</ele>
        <time>2025-05-15T05:26:40.000Z</time>
      </trkpt>
      <trkpt lat="41.488627904" lon="43.346258696">
        <ele>1240.958</ele>
        <time>2025-05-15T05:31:39.000Z</time>
      </trkpt>
      <trkpt lat="41.464691567" lon="43.42349058">
        <ele>1428.966</ele>
        <time>2025-05-15T05:42:37.000Z</time>
      </trkpt>
      <trkpt lat="41.417333479" lon="43.48498039">
        <ele>1682.73</ele>
        <time>2025-05-15T05:56:12.000Z</time>
      </trkpt>
      <trkpt lat="41.401933528" lon="43.4758055">
        <ele>1718.061</ele>
        <time>2025-05-15T06:05:22.000Z</time>
      </trkpt>
      <trkpt lat="41.390921734" lon="43.489446698">
        <ele>1721.682</ele>
        <time>2025-05-15T06:15:48.000Z</time>
      </trkpt>
      <trkpt lat="41.39078885" lon="43.490047016">
        <ele>1720.973</ele>
        <time>2025-05-15T06:15:50.000Z</time>
      </trkpt>
      <trkpt lat="41.36655948" lon="43.49655872">
        <ele>1723.774</ele>
        <time>2025-05-15T06:50:42.000Z</time>
      </trkpt>
      <trkpt lat="41.308346043" lon="43.536649635">
        <ele>1837.016</ele>
        <time>2025-05-15T06:57:28.000Z</time>
      </trkpt>
      <trkpt lat="41.284656292" lon="43.571727723">
        <ele>1894.95</ele>
        <time>2025-05-15T07:02:30.000Z</time>
      </trkpt>
      <trkpt lat="41.265138756" lon="43.593802471">
        <ele>1943.845</ele>
        <time>2025-05-15T07:07:32.000Z</time>
      </trkpt>
      <trkpt lat="41.294110345" lon="43.645850544">
        <ele>1882.013</ele>
        <time>2025-05-15T07:12:44.000Z</time>
      </trkpt>
      <trkpt lat="41.291909961" lon="43.723282718">
        <ele>2058.911</ele>
        <time>2025-05-15T07:21:42.000Z</time>
      </trkpt>
      <trkpt lat="41.319285217" lon="43.758756268">
        <ele>2016.759</ele>
        <time>2025-05-15T07:27:21.000Z</time>
      </trkpt>
      <trkpt lat="41.353922104" lon="43.755911082">
        <ele>2071.206</ele>
        <time>2025-05-15T07:32:21.000Z</time>
      </trkpt>
      <trkpt lat="41.394281473" lon="43.794162686">
        <ele>2084.393</ele>
        <time>2025-05-15T07:37:22.000Z</time>
      </trkpt>
      <trkpt lat="41.451969976" lon="43.854616704">
        <ele>2131.263</ele>
        <time>2025-05-15T07:49:53.000Z</time>
      </trkpt>
      <trkpt lat="41.4821359" lon="43.852760615">
        <ele>2118.662</ele>
        <time>2025-05-15T07:54:56.000Z</time>
      </trkpt>
      <trkpt lat="41.512499361" lon="43.887324569">
        <ele>2120.001</ele>
        <time>2025-05-15T07:59:59.000Z</time>
      </trkpt>
      <trkpt lat="41.565721426" lon="43.894707891">
        <ele>1746.233</ele>
        <time>2025-05-15T08:04:58.000Z</time>
      </trkpt>
      <trkpt lat="41.565820112" lon="43.902507292">
        <ele>1726.163</ele>
        <time>2025-05-15T08:10:34.000Z</time>
      </trkpt>
      <trkpt lat="41.591538735" lon="43.930535341">
        <ele>1538.034</ele>
        <time>2025-05-15T08:15:37.000Z</time>
      </trkpt>
      <trkpt lat="41.593820441" lon="43.971154989">
        <ele>1529.69</ele>
        <time>2025-05-15T08:20:48.000Z</time>
      </trkpt>
      <trkpt lat="41.598151842" lon="44.020718787">
        <ele>1533.825</ele>
        <time>2025-05-15T08:26:17.000Z</time>
      </trkpt>
      <trkpt lat="41.598481429" lon="44.083108994">
        <ele>1504.341</ele>
        <time>2025-05-15T08:33:49.000Z</time>
      </trkpt>
      <trkpt lat="41.600236115" lon="44.09243748">
        <ele>1465.191</ele>
        <time>2025-05-15T08:38:49.000Z</time>
      </trkpt>
      <trkpt lat="41.630581166" lon="44.148886716">
        <ele>1575.231</ele>
        <time>2025-05-15T08:48:16.000Z</time>
      </trkpt>
      <trkpt lat="41.647858117" lon="44.210009636">
        <ele>1606.314</ele>
        <time>2025-05-15T08:53:17.000Z</time>
      </trkpt>
      <trkpt lat="41.662869147" lon="44.297266258">
        <ele>1568.153</ele>
        <time>2025-05-15T08:59:42.000Z</time>
      </trkpt>
      <trkpt lat="41.669376021" lon="44.334938257">
        <ele>1439.363</ele>
        <time>2025-05-15T09:07:10.000Z</time>
      </trkpt>
      <trkpt lat="41.664651088" lon="44.379574545">
        <ele>1197.786</ele>
        <time>2025-05-15T09:12:48.000Z</time>
      </trkpt>
      <trkpt lat="41.676180695" lon="44.379822105">
        <ele>1020.752</ele>
        <time>2025-05-15T09:17:53.000Z</time>
      </trkpt>
      <trkpt lat="41.68497558" lon="44.416222363">
        <ele>1268.049</ele>
        <time>2025-05-15T09:28:28.000Z</time>
      </trkpt>
      <trkpt lat="41.706454883" lon="44.436404017">
        <ele>1475.543</ele>
        <time>2025-05-15T09:33:31.000Z</time>
      </trkpt>
      <trkpt lat="41.7008687" lon="44.498589709">
        <ele>1463.197</ele>
        <time>2025-05-15T09:38:40.000Z</time>
      </trkpt>
      <trkpt lat="41.668874812" lon="44.52466446">
        <ele>1334.365</ele>
        <time>2025-05-15T09:44:03.000Z</time>
      </trkpt>
      <trkpt lat="41.653293319" lon="44.565619001">
        <ele>1396.311</ele>
        <time>2025-05-15T09:50:19.000Z</time>
      </trkpt>
      <trkpt lat="41.659315893" lon="44.616709316">
        <ele>1407.683</ele>
        <time>2025-05-15T09:55:22.000Z</time>
      </trkpt>
      <trkpt lat="41.690194664" lon="44.697001759">
        <ele>1001.65</ele>
        <time>2025-05-15T10:09:20.000Z</time>
      </trkpt>
      <trkpt lat="41.709020416" lon="44.70857488">
        <ele>788.024</ele>
        <time>2025-05-15T10:14:34.000Z</time>
      </trkpt>
      <trkpt lat="41.712585169" lon="44.720976744">
        <ele>553.741</ele>
        <time>2025-05-15T10:19:39.000Z</time>
      </trkpt>
      <trkpt lat="41.707417005" lon="44.737675024">
        <ele>544.747</ele>
        <time>2025-05-15T10:24:59.000Z</time>
      </trkpt>
      <trkpt lat="41.713828594" lon="44.747872939">
        <ele>488.732</ele>
        <time>2025-05-15T10:30:57.000Z</time>
      </trkpt>
      <trkpt lat="41.719013094" lon="44.739185432">
        <ele>470.205</ele>
        <time>2025-05-15T10:36:23.000Z</time>
      </trkpt>
      <trkpt lat="41.715169279" lon="44.745251667">
        <ele>473.974</ele>
        <time>2025-05-15T11:11:10.000Z</time>
      </trkpt>
      <trkpt lat="41.711720629" lon="44.752672417">
        <ele>489.481</ele>
        <time>2025-05-15T11:24:14.000Z</time>
      </trkpt>
      <trkpt lat="41.709947898" lon="44.764936734">
        <ele>476.415</ele>
        <time>2025-05-15T11:29:29.000Z</time>
      </trkpt>
      <trkpt lat="41.709013693" lon="44.772447506">
        <ele>466.189</ele>
        <time>2025-05-15T11:40:14.000Z</time>
      </trkpt>
      <trkpt lat="41.709074713" lon="44.779069545">
        <ele>453.681</ele>
        <time>2025-05-15T11:46:04.000Z</time>
      </trkpt>
      <trkpt lat="41.696310768" lon="44.803288338">
        <ele>406.605</ele>
        <time>2025-05-15T11:53:49.000Z</time>
      </trkpt>
      <trkpt lat="41.696706461" lon="44.81826609">
        <ele>466.153</ele>
        <time>2025-05-15T12:08:52.000Z</time>
      </trkpt>
      <trkpt lat="41.698795995" lon="44.818152365">
        <ele>466.031</ele>
        <time>2025-05-17T13:40:20.000Z</time>
      </trkpt>
      <trkpt lat="41.696660706" lon="44.824681698">
        <ele>484.373</ele>
        <time>2025-05-19T05:06:19.000Z</time>
      </trkpt>
      <trkpt lat="41.692658323" lon="44.81810242">
        <ele>434.739</ele>
        <time>2025-05-19T05:22:53.000Z</time>
      </trkpt>
      <trkpt lat="41.698607812" lon="44.809314217">
        <ele>396.069</ele>
        <time>2025-05-19T05:32:12.000Z</time>
      </trkpt>
      <trkpt lat="41.705246992" lon="44.795816671">
        <ele>400.782</ele>
        <time>2025-05-19T05:42:30.000Z</time>
      </trkpt>
      <trkpt lat="41.720811123" lon="44.787937069">
        <ele>415.739</ele>
        <time>2025-05-19T05:47:52.000Z</time>
      </trkpt>
      <trkpt lat="41.730185374" lon="44.786286054">
        <ele>422.964</ele>
        <time>2025-05-19T05:52:59.000Z</time>
      </trkpt>
      <trkpt lat="41.740131106" lon="44.780172806">
        <ele>421.566</ele>
        <time>2025-05-19T06:02:23.000Z</time>
      </trkpt>
      <trkpt lat="41.744252454" lon="44.778541566">
        <ele>420</ele>
        <time>2025-05-19T06:27:24.000Z</time>
      </trkpt>
      <trkpt lat="41.752554763" lon="44.778366802">
        <ele>413.235</ele>
        <time>2025-05-19T06:35:08.000Z</time>
      </trkpt>
      <trkpt lat="41.777316706" lon="44.768975338">
        <ele>437.454</ele>
        <time>2025-05-19T06:40:12.000Z</time>
      </trkpt>
      <trkpt lat="41.820428995" lon="44.759411953">
        <ele>432.56</ele>
        <time>2025-05-19T06:46:31.000Z</time>
      </trkpt>
      <trkpt lat="41.82457918" lon="44.732692241">
        <ele>447.545</ele>
        <time>2025-05-19T06:51:35.000Z</time>
      </trkpt>
      <trkpt lat="41.899627565" lon="44.720596704">
        <ele>500.511</ele>
        <time>2025-05-19T07:01:42.000Z</time>
      </trkpt>
      <trkpt lat="41.970261628" lon="44.747349364">
        <ele>574.915</ele>
        <time>2025-05-19T07:10:38.000Z</time>
      </trkpt>
      <trkpt lat="41.973496055" lon="44.74749609">
        <ele>570.966</ele>
        <time>2025-05-19T07:25:51.000Z</time>
      </trkpt>
      <trkpt lat="42.063299896" lon="44.746163615">
        <ele>657.473</ele>
        <time>2025-05-19T08:31:29.000Z</time>
      </trkpt>
      <trkpt lat="41.959812393" lon="44.744802135">
        <ele>563.325</ele>
        <time>2025-05-19T08:51:44.000Z</time>
      </trkpt>
      <trkpt lat="41.924606574" lon="44.730669046">
        <ele>523.992</ele>
        <time>2025-05-19T08:56:58.000Z</time>
      </trkpt>
      <trkpt lat="41.943435715" lon="44.739077642">
        <ele>543</ele>
        <time>2025-05-19T09:10:32.000Z</time>
      </trkpt>
      <trkpt lat="41.94830565" lon="44.741210348">
        <ele>549.9</ele>
        <time>2025-05-19T09:15:44.000Z</time>
      </trkpt>
      <trkpt lat="41.998979342" lon="44.752124067">
        <ele>600.028</ele>
        <time>2025-05-19T09:21:05.000Z</time>
      </trkpt>
      <trkpt lat="42.090616815" lon="44.759040636">
        <ele>684.574</ele>
        <time>2025-05-19T09:31:12.000Z</time>
      </trkpt>
      <trkpt lat="42.154299794" lon="44.721578502">
        <ele>988.252</ele>
        <time>2025-05-19T09:45:19.000Z</time>
      </trkpt>
      <trkpt lat="42.252588186" lon="44.677036615">
        <ele>956.163</ele>
        <time>2025-05-19T10:00:37.000Z</time>
      </trkpt>
      <trkpt lat="42.292119802" lon="44.687671122">
        <ele>984.244</ele>
        <time>2025-05-19T10:06:09.000Z</time>
      </trkpt>
      <trkpt lat="42.329092049" lon="44.681738581">
        <ele>1037.278</ele>
        <time>2025-05-19T10:11:16.000Z</time>
      </trkpt>
      <trkpt lat="42.405594073" lon="44.640972966">
        <ele>1190.648</ele>
        <time>2025-05-19T10:30:11.000Z</time>
      </trkpt>
      <trkpt lat="42.429014989" lon="44.510332661">
        <ele>1461.672</ele>
        <time>2025-05-19T10:44:54.000Z</time>
      </trkpt>
      <trkpt lat="42.450485346" lon="44.489782741">
        <ele>1849.747</ele>
        <time>2025-05-19T11:00:00.000Z</time>
      </trkpt>
      <trkpt lat="42.463155117" lon="44.481028221">
        <ele>1989.494</ele>
        <time>2025-05-19T11:05:06.000Z</time>
      </trkpt>
      <trkpt lat="42.471720896" lon="44.479777433">
        <ele>2106.37</ele>
        <time>2025-05-19T11:10:14.000Z</time>
      </trkpt>
      <trkpt lat="42.493491521" lon="44.454106952">
        <ele>2263.4</ele>
        <time>2025-05-19T11:30:23.000Z</time>
      </trkpt>
      <trkpt lat="42.531377486" lon="44.47214208">
        <ele>2236.084</ele>
        <time>2025-05-19T12:00:13.000Z</time>
      </trkpt>
      <trkpt lat="42.564493995" lon="44.490239073">
        <ele>1972.822</ele>
        <time>2025-05-19T12:18:43.000Z</time>
      </trkpt>
      <trkpt lat="42.580406168" lon="44.4648245">
        <ele>2019</ele>
        <time>2025-05-21T04:12:48.000Z</time>
      </trkpt>
      <trkpt lat="42.57199812" lon="44.479861457">
        <ele>1991.096</ele>
        <time>2025-05-21T05:52:34.000Z</time>
      </trkpt>
      <trkpt lat="42.557257875" lon="44.497391945">
        <ele>1978.611</ele>
        <time>2025-05-21T06:08:52.000Z</time>
      </trkpt>
      <trkpt lat="42.608728483" lon="44.582173467">
        <ele>1852.732</ele>
        <time>2025-05-21T06:23:00.000Z</time>
      </trkpt>
      <trkpt lat="42.629651529" lon="44.618637151">
        <ele>1756.118</ele>
        <time>2025-05-21T06:27:58.000Z</time>
      </trkpt>
      <trkpt lat="42.659307755" lon="44.640838605">
        <ele>1737.016</ele>
        <time>2025-05-21T06:38:21.000Z</time>
      </trkpt>
      <trkpt lat="42.663179711" lon="44.624337349">
        <ele>2002.782</ele>
        <time>2025-05-21T06:53:54.000Z</time>
      </trkpt>
      <trkpt lat="42.664514093" lon="44.615037149">
        <ele>2162.917</ele>
        <time>2025-05-21T07:06:39.000Z</time>
      </trkpt>
      <trkpt lat="42.664302047" lon="44.640538394">
        <ele>1738.075</ele>
        <time>2025-05-22T03:47:17.000Z</time>
      </trkpt>
      <trkpt lat="42.68295424" lon="44.632966349">
        <ele>1667.322</ele>
        <time>2025-05-22T03:54:47.000Z</time>
      </trkpt>
      <trkpt lat="42.73601672" lon="44.630219871">
        <ele>1293.714</ele>
        <time>2025-05-22T04:06:17.000Z</time>
      </trkpt>
      <trkpt lat="42.751838672" lon="44.626819395">
        <ele>1206.069</ele>
        <time>2025-05-22T04:22:27.000Z</time>
      </trkpt>
      <trkpt lat="42.769011939" lon="44.632113064">
        <ele>1112.557</ele>
        <time>2025-05-22T04:37:24.000Z</time>
      </trkpt>
      <trkpt lat="42.796992108" lon="44.637585287">
        <ele>1033.69</ele>
        <time>2025-05-22T10:44:39.000Z</time>
      </trkpt>
      <trkpt lat="42.836629254" lon="44.636044001">
        <ele>950.129</ele>
        <time>2025-05-22T11:55:53.000Z</time>
      </trkpt>
      <trkpt lat="42.908410742" lon="44.632626796">
        <ele>835.548</ele>
        <time>2025-05-22T12:10:36.000Z</time>
      </trkpt>
      <trkpt lat="42.975319647" lon="44.571451563">
        <ele>766.883</ele>
        <time>2025-05-22T12:51:28.000Z</time>
      </trkpt>
      <trkpt lat="42.9744606" lon="44.5723648">
        <ele>771.027</ele>
        <time>2025-05-22T15:42:48.000Z</time>
      </trkpt>
      <trkpt lat="43.265053174" lon="45.218245516">
        <ele>243.875</ele>
        <time>2025-05-23T04:18:39.000Z</time>
      </trkpt>
      <trkpt lat="43.242616318" lon="45.31111462">
        <ele>204.592</ele>
        <time>2025-05-23T04:33:25.000Z</time>
      </trkpt>
      <trkpt lat="43.223435037" lon="45.509302151">
        <ele>173.309</ele>
        <time>2025-05-23T04:48:10.000Z</time>
      </trkpt>
      <trkpt lat="43.234575056" lon="45.665868279">
        <ele>176</ele>
        <time>2025-05-23T05:02:26.000Z</time>
      </trkpt>
      <trkpt lat="43.218404162" lon="45.847308278">
        <ele>169.921</ele>
        <time>2025-05-23T05:17:14.000Z</time>
      </trkpt>
      <trkpt lat="43.263224956" lon="46.03558805">
        <ele>108.265</ele>
        <time>2025-05-23T05:31:32.000Z</time>
      </trkpt>
      <trkpt lat="43.239710792" lon="46.2689299">
        <ele>269.822</ele>
        <time>2025-05-23T05:46:15.000Z</time>
      </trkpt>
      <trkpt lat="43.242107121" lon="46.459709601">
        <ele>172</ele>
        <time>2025-05-23T06:01:00.000Z</time>
      </trkpt>
      <trkpt lat="43.232846499" lon="46.590566601">
        <ele>168.713</ele>
        <time>2025-05-23T06:15:46.000Z</time>
      </trkpt>
      <trkpt lat="43.281203499" lon="46.617179839">
        <ele>84.515</ele>
        <time>2025-05-23T06:30:31.000Z</time>
      </trkpt>
      <trkpt lat="43.327642973" lon="46.680326164">
        <ele>30.06</ele>
        <time>2025-05-23T06:44:28.000Z</time>
      </trkpt>
      <trkpt lat="43.346403474" lon="46.706076963">
        <ele>21.941</ele>
        <time>2025-05-23T07:39:45.000Z</time>
      </trkpt>
      <trkpt lat="43.462702126" lon="46.754418156">
        <ele>3</ele>
        <time>2025-05-23T07:54:30.000Z</time>
      </trkpt>
      <trkpt lat="43.544956511" lon="46.716364743">
        <ele>0.986</ele>
        <time>2025-05-23T08:09:15.000Z</time>
      </trkpt>
      <trkpt lat="43.613484018" lon="46.757622398">
        <ele>-5</ele>
        <time>2025-05-23T08:19:49.000Z</time>
      </trkpt>
      <trkpt lat="43.693026068" lon="46.716143505">
        <ele>-4.21</ele>
        <time>2025-05-23T08:28:54.000Z</time>
      </trkpt>
      <trkpt lat="43.797965222" lon="46.667111926">
        <ele>0.474</ele>
        <time>2025-05-23T08:43:48.000Z</time>
      </trkpt>
      <trkpt lat="43.888205797" lon="46.641974347">
        <ele>-4.649</ele>
        <time>2025-05-23T08:58:33.000Z</time>
      </trkpt>
      <trkpt lat="44.017745806" lon="46.581362626">
        <ele>-13.686</ele>
        <time>2025-05-23T09:11:56.000Z</time>
      </trkpt>
      <trkpt lat="44.143110621" lon="46.578946626">
        <ele>-18.198</ele>
        <time>2025-05-23T09:25:21.000Z</time>
      </trkpt>
      <trkpt lat="44.3836971" lon="46.557621723">
        <ele>-25.136</ele>
        <time>2025-05-23T09:52:07.000Z</time>
      </trkpt>
      <trkpt lat="44.391115354" lon="46.559619485">
        <ele>-21.645</ele>
        <time>2025-05-23T10:05:51.000Z</time>
      </trkpt>
      <trkpt lat="44.396626889" lon="46.556655109">
        <ele>-21.964</ele>
        <time>2025-05-23T10:19:23.000Z</time>
      </trkpt>
      <trkpt lat="44.384159803" lon="46.557546641">
        <ele>-24.52</ele>
        <time>2025-05-24T02:36:58.000Z</time>
      </trkpt>
      <trkpt lat="44.506418433" lon="46.566497019">
        <ele>-22.652</ele>
        <time>2025-05-24T03:04:23.000Z</time>
      </trkpt>
      <trkpt lat="44.672500142" lon="46.592393545">
        <ele>-19</ele>
        <time>2025-05-24T03:17:53.000Z</time>
      </trkpt>
      <trkpt lat="44.841405088" lon="46.604443286">
        <ele>-19.938</ele>
        <time>2025-05-24T03:31:22.000Z</time>
      </trkpt>
      <trkpt lat="44.896109034" lon="46.620299583">
        <ele>-22.007</ele>
        <time>2025-05-24T03:44:51.000Z</time>
      </trkpt>
      <trkpt lat="44.992748941" lon="46.71888208">
        <ele>-18.926</ele>
        <time>2025-05-24T03:58:22.000Z</time>
      </trkpt>
      <trkpt lat="45.148404948" lon="46.777320793">
        <ele>-21.355</ele>
        <time>2025-05-24T04:11:53.000Z</time>
      </trkpt>
      <trkpt lat="45.251109037" lon="46.817401294">
        <ele>-26.292</ele>
        <time>2025-05-24T04:20:54.000Z</time>
      </trkpt>
      <trkpt lat="45.416472293" lon="46.888378747">
        <ele>-21.837</ele>
        <time>2025-05-24T04:39:03.000Z</time>
      </trkpt>
      <trkpt lat="45.463983184" lon="47.074106466">
        <ele>-23.734</ele>
        <time>2025-05-24T05:54:51.000Z</time>
      </trkpt>
      <trkpt lat="45.630196108" lon="47.154065019">
        <ele>-23</ele>
        <time>2025-05-24T06:09:51.000Z</time>
      </trkpt>
      <trkpt lat="45.754092917" lon="47.262997608">
        <ele>-23.998</ele>
        <time>2025-05-24T06:24:51.000Z</time>
      </trkpt>
      <trkpt lat="45.869049719" lon="47.436046768">
        <ele>-20.653</ele>
        <time>2025-05-24T06:44:53.000Z</time>
      </trkpt>
      <trkpt lat="45.876530819" lon="47.514126124">
        <ele>-17.321</ele>
        <time>2025-05-24T06:52:10.000Z</time>
      </trkpt>
      <trkpt lat="46.046931683" lon="47.719990863">
        <ele>-24.033</ele>
        <time>2025-05-24T07:30:35.000Z</time>
      </trkpt>
      <trkpt lat="46.198170804" lon="47.848341437">
        <ele>-23.017</ele>
        <time>2025-05-24T07:54:54.000Z</time>
      </trkpt>
      <trkpt lat="46.305905459" lon="47.900639065">
        <ele>-23.818</ele>
        <time>2025-05-24T08:12:19.000Z</time>
      </trkpt>
      <trkpt lat="46.378899305" lon="48.009072896">
        <ele>-21.737</ele>
        <time>2025-05-24T08:59:25.000Z</time>
      </trkpt>
      <trkpt lat="46.348563832" lon="48.019459409">
        <ele>-22.767</ele>
        <time>2025-05-24T09:35:16.000Z</time>
      </trkpt>
      <trkpt lat="46.394337794" lon="47.983306303">
        <ele>-23.324</ele>
        <time>2025-05-25T18:59:39.000Z</time>
      </trkpt>
      <trkpt lat="46.407729196" lon="48.132662717">
        <ele>-23</ele>
        <time>2025-05-26T02:30:09.000Z</time>
      </trkpt>
      <trkpt lat="46.521144279" lon="48.340913074">
        <ele>-21.492</ele>
        <time>2025-05-26T03:32:18.000Z</time>
      </trkpt>
      <trkpt lat="46.545745488" lon="48.402535524">
        <ele>-22</ele>
        <time>2025-05-26T04:04:49.000Z</time>
      </trkpt>
      <trkpt lat="46.545679354" lon="48.636156866">
        <ele>-21.927</ele>
        <time>2025-05-26T04:33:49.000Z</time>
      </trkpt>
      <trkpt lat="46.53746403" lon="48.684757469">
        <ele>-22.997</ele>
        <time>2025-05-26T07:02:53.000Z</time>
      </trkpt>
      <trkpt lat="46.553396992" lon="48.764109956">
        <ele>-25</ele>
        <time>2025-05-26T07:21:19.000Z</time>
      </trkpt>
      <trkpt lat="46.564688747" lon="48.792793858">
        <ele>-23.708</ele>
        <time>2025-05-26T08:00:39.000Z</time>
      </trkpt>
      <trkpt lat="46.595252152" lon="49.104948398">
        <ele>-22.739</ele>
        <time>2025-05-26T08:19:30.000Z</time>
      </trkpt>
      <trkpt lat="46.597567569" lon="49.207843971">
        <ele>-23.82</ele>
        <time>2025-05-26T08:34:31.000Z</time>
      </trkpt>
      <trkpt lat="46.697906619" lon="49.556704899">
        <ele>-25.536</ele>
        <time>2025-05-26T09:00:40.000Z</time>
      </trkpt>
      <trkpt lat="46.736997343" lon="49.813151741">
        <ele>-23.066</ele>
        <time>2025-05-26T09:23:08.000Z</time>
      </trkpt>
      <trkpt lat="46.73983235" lon="49.885251748">
        <ele>-23</ele>
        <time>2025-05-26T10:55:58.000Z</time>
      </trkpt>
      <trkpt lat="46.775202309" lon="50.1777393">
        <ele>-24.962</ele>
        <time>2025-05-26T11:13:55.000Z</time>
      </trkpt>
      <trkpt lat="46.908752723" lon="50.357746873">
        <ele>-22.49</ele>
        <time>2025-05-26T11:28:55.000Z</time>
      </trkpt>
      <trkpt lat="47.1215788" lon="50.844754558">
        <ele>-22.316</ele>
        <time>2025-05-26T12:05:20.000Z</time>
      </trkpt>
      <trkpt lat="47.152811777" lon="50.895504675">
        <ele>-24.183</ele>
        <time>2025-05-26T12:22:10.000Z</time>
      </trkpt>
      <trkpt lat="47.158584064" lon="50.907427473">
        <ele>-23.025</ele>
        <time>2025-05-27T05:06:22.000Z</time>
      </trkpt>
      <trkpt lat="47.24531346" lon="51.05531903">
        <ele>-24</ele>
        <time>2025-05-27T05:21:46.000Z</time>
      </trkpt>
      <trkpt lat="47.347784988" lon="51.1932412">
        <ele>-22.306</ele>
        <time>2025-05-27T05:36:30.000Z</time>
      </trkpt>
      <trkpt lat="47.286540982" lon="51.437952826">
        <ele>-24.798</ele>
        <time>2025-05-27T05:51:46.000Z</time>
      </trkpt>
      <trkpt lat="47.221679846" lon="51.687629102">
        <ele>-21.975</ele>
        <time>2025-05-27T06:06:46.000Z</time>
      </trkpt>
      <trkpt lat="47.18147831" lon="51.784107992">
        <ele>-22.932</ele>
        <time>2025-05-27T06:16:47.000Z</time>
      </trkpt>
      <trkpt lat="47.165406057" lon="51.828444925">
        <ele>-23</ele>
        <time>2025-05-27T06:26:52.000Z</time>
      </trkpt>
      <trkpt lat="47.14299245" lon="51.881860518">
        <ele>-21</ele>
        <time>2025-05-27T06:37:04.000Z</time>
      </trkpt>
      <trkpt lat="47.134693855" lon="51.897055953">
        <ele>-22.66</ele>
        <time>2025-05-27T06:43:45.000Z</time>
      </trkpt>
      <trkpt lat="47.140379791" lon="51.891476876">
        <ele>-23</ele>
        <time>2025-05-27T07:29:56.000Z</time>
      </trkpt>
      <trkpt lat="47.147592702" lon="51.871993198">
        <ele>-22.666</ele>
        <time>2025-05-27T07:39:59.000Z</time>
      </trkpt>
      <trkpt lat="47.1440773" lon="51.90402221">
        <ele>-24.678</ele>
        <time>2025-05-27T08:41:25.000Z</time>
      </trkpt>
      <trkpt lat="47.13821443" lon="51.940586582">
        <ele>-25.508</ele>
        <time>2025-05-27T08:46:55.000Z</time>
      </trkpt>
      <trkpt lat="47.145720563" lon="51.975821969">
        <ele>-25.635</ele>
        <time>2025-05-27T08:57:51.000Z</time>
      </trkpt>
      <trkpt lat="47.203199258" lon="52.114145011">
        <ele>-26.555</ele>
        <time>2025-05-27T09:18:20.000Z</time>
      </trkpt>
      <trkpt lat="47.274675856" lon="52.264581549">
        <ele>-22.167</ele>
        <time>2025-05-27T09:29:40.000Z</time>
      </trkpt>
      <trkpt lat="47.383663436" lon="52.45228339">
        <ele>-21.77</ele>
        <time>2025-05-27T09:45:10.000Z</time>
      </trkpt>
      <trkpt lat="47.407047324" lon="52.692704128">
        <ele>-21</ele>
        <time>2025-05-27T10:00:35.000Z</time>
      </trkpt>
      <trkpt lat="47.490594811" lon="52.86631613">
        <ele>-17.329</ele>
        <time>2025-05-27T10:14:04.000Z</time>
      </trkpt>
      <trkpt lat="47.5873011" lon="53.057483369">
        <ele>-22.957</ele>
        <time>2025-05-27T10:29:05.000Z</time>
      </trkpt>
      <trkpt lat="47.63439373" lon="53.224858139">
        <ele>-17.672</ele>
        <time>2025-05-27T10:39:26.000Z</time>
      </trkpt>
      <trkpt lat="47.684606139" lon="53.319069289">
        <ele>-15.854</ele>
        <time>2025-05-27T10:47:11.000Z</time>
      </trkpt>
      <trkpt lat="47.726765733" lon="53.572581167">
        <ele>-14.812</ele>
        <time>2025-05-27T11:02:46.000Z</time>
      </trkpt>
      <trkpt lat="47.785260994" lon="53.777946336">
        <ele>-8</ele>
        <time>2025-05-27T11:15:40.000Z</time>
      </trkpt>
      <trkpt lat="47.870363798" lon="54.009129284">
        <ele>17.093</ele>
        <time>2025-05-27T11:31:13.000Z</time>
      </trkpt>
      <trkpt lat="47.928771913" lon="54.208663515">
        <ele>79.785</ele>
        <time>2025-05-27T11:46:37.000Z</time>
      </trkpt>
      <trkpt lat="47.928399721" lon="54.228236472">
        <ele>85.412</ele>
        <time>2025-05-27T12:01:36.000Z</time>
      </trkpt>
      <trkpt lat="47.92567443" lon="54.22280883">
        <ele>84</ele>
        <time>2025-05-27T20:57:18.000Z</time>
      </trkpt>
      <trkpt lat="47.928478163" lon="54.22711">
        <ele>85</ele>
        <time>2025-05-28T02:18:19.000Z</time>
      </trkpt>
      <trkpt lat="47.935858685" lon="54.230447008">
        <ele>93.208</ele>
        <time>2025-05-28T03:28:02.000Z</time>
      </trkpt>
      <trkpt lat="48.032046091" lon="54.459483207">
        <ele>73.685</ele>
        <time>2025-05-28T03:43:02.000Z</time>
      </trkpt>
      <trkpt lat="48.079674826" lon="54.573554955">
        <ele>130.966</ele>
        <time>2025-05-28T03:50:48.000Z</time>
      </trkpt>
      <trkpt lat="48.115417975" lon="54.64827175">
        <ele>109.385</ele>
        <time>2025-05-28T03:55:50.000Z</time>
      </trkpt>
      <trkpt lat="48.174487366" lon="54.741339823">
        <ele>113.845</ele>
        <time>2025-05-28T04:03:07.000Z</time>
      </trkpt>
      <trkpt lat="48.214898072" lon="54.812175455">
        <ele>71</ele>
        <time>2025-05-28T04:08:27.000Z</time>
      </trkpt>
      <trkpt lat="48.248403971" lon="54.874714829">
        <ele>58.027</ele>
        <time>2025-05-28T04:13:29.000Z</time>
      </trkpt>
      <trkpt lat="48.275474841" lon="54.935857309">
        <ele>85.352</ele>
        <time>2025-05-28T04:18:35.000Z</time>
      </trkpt>
      <trkpt lat="48.321775175" lon="54.99055543">
        <ele>97</ele>
        <time>2025-05-28T04:23:38.000Z</time>
      </trkpt>
      <trkpt lat="48.361817957" lon="55.054433746">
        <ele>121</ele>
        <time>2025-05-28T04:28:40.000Z</time>
      </trkpt>
      <trkpt lat="48.391291914" lon="55.158745945">
        <ele>152.169</ele>
        <time>2025-05-28T04:35:15.000Z</time>
      </trkpt>
      <trkpt lat="48.419420449" lon="55.247287089">
        <ele>127.787</ele>
        <time>2025-05-28T04:40:50.000Z</time>
      </trkpt>
      <trkpt lat="48.448886192" lon="55.320243426">
        <ele>159.132</ele>
        <time>2025-05-28T04:45:54.000Z</time>
      </trkpt>
      <trkpt lat="48.472202058" lon="55.403340716">
        <ele>171</ele>
        <time>2025-05-28T04:50:57.000Z</time>
      </trkpt>
      <trkpt lat="48.503208552" lon="55.548501425">
        <ele>176</ele>
        <time>2025-05-28T04:59:54.000Z</time>
      </trkpt>
      <trkpt lat="48.540835837" lon="55.609474741">
        <ele>171.981</ele>
        <time>2025-05-28T05:04:57.000Z</time>
      </trkpt>
      <trkpt lat="48.579933518" lon="55.716193384">
        <ele>210.225</ele>
        <time>2025-05-28T05:12:04.000Z</time>
      </trkpt>
      <trkpt lat="48.623394985" lon="55.78199828">
        <ele>212.373</ele>
        <time>2025-05-28T05:17:06.000Z</time>
      </trkpt>
      <trkpt lat="48.628483093" lon="55.788879236">
        <ele>220.426</ele>
        <time>2025-05-28T05:23:02.000Z</time>
      </trkpt>
      <trkpt lat="48.663488952" lon="55.852265792">
        <ele>198.843</ele>
        <time>2025-05-28T05:44:00.000Z</time>
      </trkpt>
      <trkpt lat="49.197950601" lon="56.56777815">
        <ele>200</ele>
        <time>2025-05-28T06:48:54.000Z</time>
      </trkpt>
      <trkpt lat="49.196696878" lon="56.656843582">
        <ele>196.324</ele>
        <time>2025-05-28T06:53:57.000Z</time>
      </trkpt>
      <trkpt lat="49.202954018" lon="56.745958746">
        <ele>217.549</ele>
        <time>2025-05-28T06:59:00.000Z</time>
      </trkpt>
      <trkpt lat="49.227286467" lon="56.857561023">
        <ele>294.18</ele>
        <time>2025-05-28T07:05:41.000Z</time>
      </trkpt>
      <trkpt lat="49.26076812" lon="56.971648853">
        <ele>307.299</ele>
        <time>2025-05-28T07:12:29.000Z</time>
      </trkpt>
      <trkpt lat="49.305464602" lon="57.042291183">
        <ele>259.079</ele>
        <time>2025-05-28T07:23:08.000Z</time>
      </trkpt>
      <trkpt lat="49.343876881" lon="57.039294389">
        <ele>262</ele>
        <time>2025-05-28T07:29:02.000Z</time>
      </trkpt>
      <trkpt lat="49.370718657" lon="57.224687664">
        <ele>313</ele>
        <time>2025-05-28T07:39:20.000Z</time>
      </trkpt>
      <trkpt lat="49.391399514" lon="57.314738849">
        <ele>304.998</ele>
        <time>2025-05-28T07:44:21.000Z</time>
      </trkpt>
      <trkpt lat="49.442879691" lon="57.343197335">
        <ele>315.69</ele>
        <time>2025-05-28T07:49:23.000Z</time>
      </trkpt>
      <trkpt lat="49.499674137" lon="57.345285332">
        <ele>328.827</ele>
        <time>2025-05-28T07:54:43.000Z</time>
      </trkpt>
      <trkpt lat="49.581830618" lon="57.372806305">
        <ele>281.042</ele>
        <time>2025-05-28T08:02:27.000Z</time>
      </trkpt>
      <trkpt lat="49.640245489" lon="57.337002427">
        <ele>274.675</ele>
        <time>2025-05-28T08:07:45.000Z</time>
      </trkpt>
      <trkpt lat="49.699141388" lon="57.31810919">
        <ele>258.091</ele>
        <time>2025-05-28T08:12:46.000Z</time>
      </trkpt>
      <trkpt lat="49.76142731" lon="57.324142819">
        <ele>260.138</ele>
        <time>2025-05-28T08:17:59.000Z</time>
      </trkpt>
      <trkpt lat="49.780844576" lon="57.329819966">
        <ele>259.378</ele>
        <time>2025-05-28T08:23:02.000Z</time>
      </trkpt>
      <trkpt lat="49.790848251" lon="57.331873952">
        <ele>271.24</ele>
        <time>2025-05-28T08:30:52.000Z</time>
      </trkpt>
      <trkpt lat="49.889122085" lon="57.36365553">
        <ele>244</ele>
        <time>2025-05-28T08:39:55.000Z</time>
      </trkpt>
      <trkpt lat="49.914726518" lon="57.389784144">
        <ele>250</ele>
        <time>2025-05-28T08:44:53.000Z</time>
      </trkpt>
      <trkpt lat="50.177963013" lon="57.289280724">
        <ele>240</ele>
        <time>2025-05-28T09:11:46.000Z</time>
      </trkpt>
      <trkpt lat="50.221754863" lon="57.270342537">
        <ele>240.074</ele>
        <time>2025-05-28T09:16:49.000Z</time>
      </trkpt>
      <trkpt lat="50.262711492" lon="57.261667339">
        <ele>212.24</ele>
        <time>2025-05-28T09:22:27.000Z</time>
      </trkpt>
      <trkpt lat="50.286370335" lon="57.250540861">
        <ele>212.102</ele>
        <time>2025-05-28T09:27:30.000Z</time>
      </trkpt>
      <trkpt lat="50.28754177" lon="57.222370505">
        <ele>215.07</ele>
        <time>2025-05-28T09:32:50.000Z</time>
      </trkpt>
      <trkpt lat="50.291614537" lon="57.195894672">
        <ele>211.334</ele>
        <time>2025-05-28T09:39:11.000Z</time>
      </trkpt>
      <trkpt lat="50.286187182" lon="57.190875592">
        <ele>211.274</ele>
        <time>2025-05-28T09:56:52.000Z</time>
      </trkpt>
      <trkpt lat="50.288692108" lon="57.199803217">
        <ele>213.834</ele>
        <time>2025-05-28T14:34:55.000Z</time>
      </trkpt>
      <trkpt lat="50.286160207" lon="57.190842176">
        <ele>211.177</ele>
        <time>2025-05-28T15:43:39.000Z</time>
      </trkpt>
      <trkpt lat="50.287579231" lon="57.221423866">
        <ele>215</ele>
        <time>2025-05-31T01:46:11.000Z</time>
      </trkpt>
      <trkpt lat="50.289464931" lon="57.254464448">
        <ele>210.005</ele>
        <time>2025-05-31T02:06:40.000Z</time>
      </trkpt>
      <trkpt lat="50.290346159" lon="57.294385193">
        <ele>225.754</ele>
        <time>2025-05-31T02:12:12.000Z</time>
      </trkpt>
      <trkpt lat="50.292483297" lon="57.387298637">
        <ele>237.06</ele>
        <time>2025-05-31T02:18:34.000Z</time>
      </trkpt>
      <trkpt lat="50.294514379" lon="57.46348933">
        <ele>245.638</ele>
        <time>2025-05-31T02:23:38.000Z</time>
      </trkpt>
      <trkpt lat="50.29353545" lon="57.539018253">
        <ele>245.611</ele>
        <time>2025-05-31T02:28:41.000Z</time>
      </trkpt>
      <trkpt lat="50.293558562" lon="57.615172327">
        <ele>271.189</ele>
        <time>2025-05-31T02:33:44.000Z</time>
      </trkpt>
      <trkpt lat="50.292495916" lon="57.640165655">
        <ele>284.015</ele>
        <time>2025-05-31T02:38:43.000Z</time>
      </trkpt>
      <trkpt lat="50.281698981" lon="57.750363739">
        <ele>326.458</ele>
        <time>2025-05-31T02:43:49.000Z</time>
      </trkpt>
      <trkpt lat="50.284372615" lon="57.823252296">
        <ele>368.525</ele>
        <time>2025-05-31T02:48:52.000Z</time>
      </trkpt>
      <trkpt lat="50.27530327" lon="57.885836698">
        <ele>408.092</ele>
        <time>2025-05-31T02:53:55.000Z</time>
      </trkpt>
      <trkpt lat="50.258134659" lon="57.945492463">
        <ele>416</ele>
        <time>2025-05-31T02:59:16.000Z</time>
      </trkpt>
      <trkpt lat="50.24579545" lon="57.999563366">
        <ele>414.506</ele>
        <time>2025-05-31T03:04:53.000Z</time>
      </trkpt>
      <trkpt lat="50.223384043" lon="58.061857">
        <ele>434.817</ele>
        <time>2025-05-31T03:11:05.000Z</time>
      </trkpt>
      <trkpt lat="50.211492931" lon="58.093676968">
        <ele>425.148</ele>
        <time>2025-05-31T03:16:08.000Z</time>
      </trkpt>
      <trkpt lat="50.23299883" lon="58.278406182">
        <ele>382.054</ele>
        <time>2025-05-31T03:30:11.000Z</time>
      </trkpt>
      <trkpt lat="50.258617961" lon="58.409190196">
        <ele>445.169</ele>
        <time>2025-05-31T03:39:18.000Z</time>
      </trkpt>
      <trkpt lat="50.241203341" lon="58.433708986">
        <ele>418.117</ele>
        <time>2025-05-31T03:44:21.000Z</time>
      </trkpt>
      <trkpt lat="50.238265544" lon="58.519216684">
        <ele>363.756</ele>
        <time>2025-05-31T04:52:33.000Z</time>
      </trkpt>
      <trkpt lat="50.176017378" lon="58.60060848">
        <ele>321.064</ele>
        <time>2025-05-31T05:02:24.000Z</time>
      </trkpt>
      <trkpt lat="50.182268545" lon="58.696924131">
        <ele>308.772</ele>
        <time>2025-05-31T05:09:05.000Z</time>
      </trkpt>
      <trkpt lat="50.154744421" lon="58.758922606">
        <ele>319.888</ele>
        <time>2025-05-31T05:14:08.000Z</time>
      </trkpt>
      <trkpt lat="50.117353552" lon="58.943972396">
        <ele>287.473</ele>
        <time>2025-05-31T05:25:44.000Z</time>
      </trkpt>
      <trkpt lat="50.127584172" lon="59.028433262">
        <ele>269.36</ele>
        <time>2025-05-31T05:30:47.000Z</time>
      </trkpt>
      <trkpt lat="50.125091902" lon="59.097147484">
        <ele>276.931</ele>
        <time>2025-05-31T05:54:19.000Z</time>
      </trkpt>
      <trkpt lat="50.122938668" lon="59.160074992">
        <ele>317.421</ele>
        <time>2025-05-31T05:57:59.000Z</time>
      </trkpt>
      <trkpt lat="50.122278484" lon="59.16781224">
        <ele>321.099</ele>
        <time>2025-05-31T05:59:51.000Z</time>
      </trkpt>
      <trkpt lat="50.105826049" lon="59.356206078">
        <ele>339</ele>
        <time>2025-05-31T06:09:04.000Z</time>
      </trkpt>
      <trkpt lat="50.10204574" lon="59.400129739">
        <ele>349.467</ele>
        <time>2025-05-31T06:14:05.000Z</time>
      </trkpt>
      <trkpt lat="50.090980966" lon="59.512148707">
        <ele>325</ele>
        <time>2025-05-31T06:25:35.000Z</time>
      </trkpt>
      <trkpt lat="50.079780989" lon="59.578579293">
        <ele>315.674</ele>
        <time>2025-05-31T06:30:36.000Z</time>
      </trkpt>
      <trkpt lat="50.022472228" lon="59.815902458">
        <ele>311</ele>
        <time>2025-05-31T06:48:18.000Z</time>
      </trkpt>
      <trkpt lat="50.003466583" lon="59.882798139">
        <ele>274</ele>
        <time>2025-05-31T06:53:53.000Z</time>
      </trkpt>
      <trkpt lat="49.987955955" lon="59.959393898">
        <ele>269.818</ele>
        <time>2025-05-31T06:59:01.000Z</time>
      </trkpt>
      <trkpt lat="49.991075364" lon="59.944132797">
        <ele>267</ele>
        <time>2025-05-31T07:04:00.000Z</time>
      </trkpt>
      <trkpt lat="49.968959042" lon="60.064293584">
        <ele>235</ele>
        <time>2025-05-31T07:13:10.000Z</time>
      </trkpt>
      <trkpt lat="49.959025641" lon="60.080889417">
        <ele>232.607</ele>
        <time>2025-05-31T07:19:15.000Z</time>
      </trkpt>
      <trkpt lat="49.849326331" lon="60.101832772">
        <ele>235.598</ele>
        <time>2025-05-31T07:33:34.000Z</time>
      </trkpt>
      <trkpt lat="49.775465199" lon="60.164441378">
        <ele>244.004</ele>
        <time>2025-05-31T07:42:46.000Z</time>
      </trkpt>
      <trkpt lat="49.706357935" lon="60.207639237">
        <ele>247.555</ele>
        <time>2025-05-31T07:49:25.000Z</time>
      </trkpt>
      <trkpt lat="49.657128767" lon="60.238116434">
        <ele>221.145</ele>
        <time>2025-05-31T07:54:30.000Z</time>
      </trkpt>
      <trkpt lat="49.561300128" lon="60.296370054">
        <ele>214.68</ele>
        <time>2025-05-31T08:03:52.000Z</time>
      </trkpt>
      <trkpt lat="49.511961693" lon="60.3376151">
        <ele>202.586</ele>
        <time>2025-05-31T08:08:56.000Z</time>
      </trkpt>
      <trkpt lat="49.480518207" lon="60.369795723">
        <ele>202.637</ele>
        <time>2025-05-31T08:13:59.000Z</time>
      </trkpt>
      <trkpt lat="49.442591129" lon="60.394401516">
        <ele>203.051</ele>
        <time>2025-05-31T08:19:47.000Z</time>
      </trkpt>
      <trkpt lat="49.3897273" lon="60.431605394">
        <ele>218</ele>
        <time>2025-05-31T08:25:00.000Z</time>
      </trkpt>
      <trkpt lat="49.309879451" lon="60.566621651">
        <ele>199.092</ele>
        <time>2025-05-31T08:35:29.000Z</time>
      </trkpt>
      <trkpt lat="49.276410089" lon="60.622966197">
        <ele>191.049</ele>
        <time>2025-05-31T08:40:43.000Z</time>
      </trkpt>
      <trkpt lat="49.255133952" lon="60.671243448">
        <ele>202.476</ele>
        <time>2025-05-31T10:01:13.000Z</time>
      </trkpt>
      <trkpt lat="49.195195874" lon="60.768732168">
        <ele>220.564</ele>
        <time>2025-05-31T10:09:08.000Z</time>
      </trkpt>
      <trkpt lat="49.15019824" lon="60.818044822">
        <ele>212</ele>
        <time>2025-05-31T10:14:15.000Z</time>
      </trkpt>
      <trkpt lat="49.073064748" lon="60.82591111">
        <ele>224.033</ele>
        <time>2025-05-31T10:20:53.000Z</time>
      </trkpt>
      <trkpt lat="48.987863631" lon="60.832964665">
        <ele>222.691</ele>
        <time>2025-05-31T10:28:17.000Z</time>
      </trkpt>
      <trkpt lat="48.914461533" lon="60.835065807">
        <ele>194</ele>
        <time>2025-05-31T10:34:30.000Z</time>
      </trkpt>
      <trkpt lat="48.842326026" lon="60.827262606">
        <ele>208.626</ele>
        <time>2025-05-31T10:40:55.000Z</time>
      </trkpt>
      <trkpt lat="48.792554862" lon="60.827207566">
        <ele>143.947</ele>
        <time>2025-05-31T10:45:57.000Z</time>
      </trkpt>
      <trkpt lat="48.726700674" lon="60.838476887">
        <ele>115.878</ele>
        <time>2025-05-31T10:52:17.000Z</time>
      </trkpt>
      <trkpt lat="48.67037596" lon="60.82432557">
        <ele>122.295</ele>
        <time>2025-05-31T10:57:20.000Z</time>
      </trkpt>
      <trkpt lat="48.557889101" lon="60.931957985">
        <ele>171.599</ele>
        <time>2025-05-31T11:11:53.000Z</time>
      </trkpt>
      <trkpt lat="48.518720771" lon="60.993971415">
        <ele>140.277</ele>
        <time>2025-05-31T11:17:32.000Z</time>
      </trkpt>
      <trkpt lat="48.521357016" lon="61.088538951">
        <ele>135.459</ele>
        <time>2025-05-31T11:32:56.000Z</time>
      </trkpt>
      <trkpt lat="48.51907868" lon="61.090424639">
        <ele>136</ele>
        <time>2025-05-31T13:46:52.000Z</time>
      </trkpt>
      <trkpt lat="48.510047846" lon="61.007963585">
        <ele>150.274</ele>
        <time>2025-06-01T02:31:36.000Z</time>
      </trkpt>
      <trkpt lat="48.25795918" lon="61.164385563">
        <ele>100.212</ele>
        <time>2025-06-01T03:02:17.000Z</time>
      </trkpt>
      <trkpt lat="48.184792775" lon="61.172844085">
        <ele>103</ele>
        <time>2025-06-01T03:11:51.000Z</time>
      </trkpt>
      <trkpt lat="48.134509209" lon="61.183371451">
        <ele>99.201</ele>
        <time>2025-06-01T03:17:41.000Z</time>
      </trkpt>
      <trkpt lat="48.002016549" lon="61.21360112">
        <ele>77.25</ele>
        <time>2025-06-01T03:32:41.000Z</time>
      </trkpt>
      <trkpt lat="47.883839402" lon="61.310128004">
        <ele>93.178</ele>
        <time>2025-06-01T03:47:40.000Z</time>
      </trkpt>
      <trkpt lat="47.751767946" lon="61.356029122">
        <ele>110</ele>
        <time>2025-06-01T04:02:42.000Z</time>
      </trkpt>
      <trkpt lat="47.638348024" lon="61.479047025">
        <ele>118</ele>
        <time>2025-06-01T04:17:42.000Z</time>
      </trkpt>
      <trkpt lat="47.505189912" lon="61.533031632">
        <ele>88.367</ele>
        <time>2025-06-01T06:21:40.000Z</time>
      </trkpt>
      <trkpt lat="47.326740689" lon="61.535926282">
        <ele>80.734</ele>
        <time>2025-06-01T06:37:15.000Z</time>
      </trkpt>
      <trkpt lat="47.20312762" lon="61.532137005">
        <ele>84.519</ele>
        <time>2025-06-01T06:48:04.000Z</time>
      </trkpt>
      <trkpt lat="47.141749728" lon="61.527966467">
        <ele>77</ele>
        <time>2025-06-01T06:53:22.000Z</time>
      </trkpt>
      <trkpt lat="47.085378289" lon="61.521303732">
        <ele>62.362</ele>
        <time>2025-06-01T06:58:25.000Z</time>
      </trkpt>
      <trkpt lat="47.03688653" lon="61.515705585">
        <ele>62</ele>
        <time>2025-06-01T07:03:39.000Z</time>
      </trkpt>
      <trkpt lat="46.950869226" lon="61.541191523">
        <ele>84.129</ele>
        <time>2025-06-01T07:12:24.000Z</time>
      </trkpt>
      <trkpt lat="46.917103583" lon="61.605536371">
        <ele>69.533</ele>
        <time>2025-06-01T07:17:27.000Z</time>
      </trkpt>
      <trkpt lat="46.82863629" lon="61.692120489">
        <ele>71.333</ele>
        <time>2025-06-01T07:33:46.000Z</time>
      </trkpt>
      <trkpt lat="46.694280831" lon="61.771996453">
        <ele>63.923</ele>
        <time>2025-06-01T07:52:32.000Z</time>
      </trkpt>
      <trkpt lat="46.566591419" lon="61.853330207">
        <ele>59.279</ele>
        <time>2025-06-01T08:04:56.000Z</time>
      </trkpt>
      <trkpt lat="46.509171994" lon="61.896282803">
        <ele>54</ele>
        <time>2025-06-01T08:10:57.000Z</time>
      </trkpt>
      <trkpt lat="46.407622547" lon="61.895467182">
        <ele>58.356</ele>
        <time>2025-06-01T08:20:20.000Z</time>
      </trkpt>
      <trkpt lat="46.359925456" lon="61.929954635">
        <ele>55.463</ele>
        <time>2025-06-01T08:25:25.000Z</time>
      </trkpt>
      <trkpt lat="46.295763486" lon="61.966455217">
        <ele>63.809</ele>
        <time>2025-06-01T08:31:27.000Z</time>
      </trkpt>
      <trkpt lat="46.234284579" lon="62.006447627">
        <ele>71.335</ele>
        <time>2025-06-01T08:38:30.000Z</time>
      </trkpt>
      <trkpt lat="46.23406789" lon="62.006034316">
        <ele>70.079</ele>
        <time>2025-06-01T08:43:31.000Z</time>
      </trkpt>
      <trkpt lat="46.182734264" lon="62.056168227">
        <ele>66.983</ele>
        <time>2025-06-01T09:19:04.000Z</time>
      </trkpt>
      <trkpt lat="46.13012767" lon="62.087121467">
        <ele>57.344</ele>
        <time>2025-06-01T09:24:09.000Z</time>
      </trkpt>
      <trkpt lat="46.01587456" lon="62.112686006">
        <ele>66.43</ele>
        <time>2025-06-01T09:34:04.000Z</time>
      </trkpt>
      <trkpt lat="46.000147414" lon="62.120609131">
        <ele>61.193</ele>
        <time>2025-06-01T09:40:12.000Z</time>
      </trkpt>
      <trkpt lat="46.140194139" lon="62.084498235">
        <ele>57</ele>
        <time>2025-06-01T09:53:08.000Z</time>
      </trkpt>
      <trkpt lat="46.192798115" lon="62.042862005">
        <ele>64.77</ele>
        <time>2025-06-01T09:58:12.000Z</time>
      </trkpt>
      <trkpt lat="46.206238404" lon="61.956992568">
        <ele>72.275</ele>
        <time>2025-06-01T10:06:43.000Z</time>
      </trkpt>
      <trkpt lat="46.206245839" lon="61.956514206">
        <ele>73.781</ele>
        <time>2025-06-01T10:23:20.000Z</time>
      </trkpt>
      <trkpt lat="46.161203625" lon="62.076070684">
        <ele>64.146</ele>
        <time>2025-06-01T10:35:35.000Z</time>
      </trkpt>
      <trkpt lat="46.165521112" lon="62.090363363">
        <ele>57.644</ele>
        <time>2025-06-01T10:51:13.000Z</time>
      </trkpt>
      <trkpt lat="45.95514297" lon="62.1330986">
        <ele>64.845</ele>
        <time>2025-06-01T18:33:19.000Z</time>
      </trkpt>
      <trkpt lat="46.165417699" lon="62.090347696">
        <ele>57.502</ele>
        <time>2025-06-01T18:46:03.000Z</time>
      </trkpt>
      <trkpt lat="45.95514297" lon="62.1330986">
        <ele>64.845</ele>
        <time>2025-06-01T19:15:32.000Z</time>
      </trkpt>
      <trkpt lat="46.165482681" lon="62.090338385">
        <ele>57.634</ele>
        <time>2025-06-01T19:33:04.000Z</time>
      </trkpt>
      <trkpt lat="45.914230347" lon="62.144821167">
        <ele>67.725</ele>
        <time>2025-06-01T20:02:11.000Z</time>
      </trkpt>
      <trkpt lat="46.165444502" lon="62.090356741">
        <ele>57.543</ele>
        <time>2025-06-01T20:14:31.000Z</time>
      </trkpt>
      <trkpt lat="45.914230347" lon="62.144821167">
        <ele>67.725</ele>
        <time>2025-06-01T20:26:49.000Z</time>
      </trkpt>
      <trkpt lat="46.165391905" lon="62.090340313">
        <ele>57.451</ele>
        <time>2025-06-01T20:39:56.000Z</time>
      </trkpt>
      <trkpt lat="46.164960153" lon="62.089830609">
        <ele>55.666</ele>
        <time>2025-06-01T20:49:58.000Z</time>
      </trkpt>
      <trkpt lat="46.165411435" lon="62.090368308">
        <ele>57.493</ele>
        <time>2025-06-01T21:02:38.000Z</time>
      </trkpt>
      <trkpt lat="45.95514297" lon="62.1330986">
        <ele>64.845</ele>
        <time>2025-06-01T21:13:48.000Z</time>
      </trkpt>
      <trkpt lat="46.16537489" lon="62.090398651">
        <ele>57.48</ele>
        <time>2025-06-01T21:29:57.000Z</time>
      </trkpt>
      <trkpt lat="45.95514297" lon="62.1330986">
        <ele>64.845</ele>
        <time>2025-06-01T22:07:53.000Z</time>
      </trkpt>
      <trkpt lat="46.165581071" lon="62.090338887">
        <ele>57.8</ele>
        <time>2025-06-01T22:20:13.000Z</time>
      </trkpt>
      <trkpt lat="46.12527838" lon="62.088345839">
        <ele>55.955</ele>
        <time>2025-06-02T02:15:37.000Z</time>
      </trkpt>
      <trkpt lat="46.046674324" lon="62.102552583">
        <ele>66.788</ele>
        <time>2025-06-02T02:22:46.000Z</time>
      </trkpt>
      <trkpt lat="45.989487041" lon="62.127281303">
        <ele>60.213</ele>
        <time>2025-06-02T02:28:19.000Z</time>
      </trkpt>
      <trkpt lat="45.900163429" lon="62.145361582">
        <ele>64</ele>
        <time>2025-06-02T02:35:38.000Z</time>
      </trkpt>
      <trkpt lat="45.859421804" lon="62.185919406">
        <ele>63.918</ele>
        <time>2025-06-02T02:40:50.000Z</time>
      </trkpt>
      <trkpt lat="45.850311717" lon="62.264746656">
        <ele>69.878</ele>
        <time>2025-06-02T02:46:27.000Z</time>
      </trkpt>
      <trkpt lat="45.860871595" lon="62.415654511">
        <ele>71.951</ele>
        <time>2025-06-02T02:55:37.000Z</time>
      </trkpt>
      <trkpt lat="45.852461759" lon="62.519000098">
        <ele>73.517</ele>
        <time>2025-06-02T03:01:50.000Z</time>
      </trkpt>
      <trkpt lat="45.83283897" lon="62.631391848">
        <ele>80.78</ele>
        <time>2025-06-02T03:08:56.000Z</time>
      </trkpt>
      <trkpt lat="45.791524475" lon="62.716246821">
        <ele>86.738</ele>
        <time>2025-06-02T03:16:33.000Z</time>
      </trkpt>
      <trkpt lat="45.789482146" lon="62.719256931">
        <ele>84.811</ele>
        <time>2025-06-02T03:20:13.000Z</time>
      </trkpt>
      <trkpt lat="45.750817982" lon="62.873428653">
        <ele>84.055</ele>
        <time>2025-06-02T03:26:36.000Z</time>
      </trkpt>
      <trkpt lat="45.737031384" lon="62.956443938">
        <ele>91</ele>
        <time>2025-06-02T03:31:51.000Z</time>
      </trkpt>
      <trkpt lat="45.718210635" lon="63.037602215">
        <ele>95.353</ele>
        <time>2025-06-02T03:37:10.000Z</time>
      </trkpt>
      <trkpt lat="45.71552523" lon="63.047673181">
        <ele>97.555</ele>
        <time>2025-06-02T03:37:51.000Z</time>
      </trkpt>
      <trkpt lat="45.713358154" lon="63.056598931">
        <ele>94.889</ele>
        <time>2025-06-02T03:42:08.000Z</time>
      </trkpt>
      <trkpt lat="45.678747827" lon="63.200498745">
        <ele>100.795</ele>
        <time>2025-06-02T03:47:23.000Z</time>
      </trkpt>
      <trkpt lat="45.672335587" lon="63.280194718">
        <ele>105.122</ele>
        <time>2025-06-02T03:52:51.000Z</time>
      </trkpt>
      <trkpt lat="45.67567741" lon="63.30806111">
        <ele>104</ele>
        <time>2025-06-02T04:02:18.000Z</time>
      </trkpt>
      <trkpt lat="45.674392939" lon="63.308787666">
        <ele>102.585</ele>
        <time>2025-06-02T04:07:21.000Z</time>
      </trkpt>
      <trkpt lat="45.67674124" lon="63.311863299">
        <ele>101.629</ele>
        <time>2025-06-02T04:14:01.000Z</time>
      </trkpt>
      <trkpt lat="45.701106156" lon="63.442467751">
        <ele>95.096</ele>
        <time>2025-06-02T04:22:56.000Z</time>
      </trkpt>
      <trkpt lat="45.709491152" lon="63.478741601">
        <ele>97.832</ele>
        <time>2025-06-02T05:20:55.000Z</time>
      </trkpt>
      <trkpt lat="45.72801173" lon="63.559328481">
        <ele>100.425</ele>
        <time>2025-06-02T05:25:58.000Z</time>
      </trkpt>
      <trkpt lat="45.759529941" lon="63.754651146">
        <ele>95.562</ele>
        <time>2025-06-02T05:38:31.000Z</time>
      </trkpt>
      <trkpt lat="45.680104089" lon="63.858446739">
        <ele>97.375</ele>
        <time>2025-06-02T05:48:14.000Z</time>
      </trkpt>
      <trkpt lat="45.628210574" lon="63.915180385">
        <ele>96.884</ele>
        <time>2025-06-02T05:53:51.000Z</time>
      </trkpt>
      <trkpt lat="45.563139465" lon="63.999284903">
        <ele>111.302</ele>
        <time>2025-06-02T06:01:38.000Z</time>
      </trkpt>
      <trkpt lat="45.515890986" lon="64.033621881">
        <ele>94.585</ele>
        <time>2025-06-02T06:06:42.000Z</time>
      </trkpt>
      <trkpt lat="45.463554739" lon="64.067061064">
        <ele>100</ele>
        <time>2025-06-02T06:11:53.000Z</time>
      </trkpt>
      <trkpt lat="45.440735113" lon="64.070132162">
        <ele>101.168</ele>
        <time>2025-06-02T06:16:58.000Z</time>
      </trkpt>
      <trkpt lat="45.3138808" lon="64.075251399">
        <ele>102</ele>
        <time>2025-06-02T07:01:34.000Z</time>
      </trkpt>
      <trkpt lat="45.257023647" lon="64.110920816">
        <ele>105.49</ele>
        <time>2025-06-02T07:06:53.000Z</time>
      </trkpt>
      <trkpt lat="45.149893173" lon="64.177797182">
        <ele>104</ele>
        <time>2025-06-02T07:17:29.000Z</time>
      </trkpt>
      <trkpt lat="45.088095326" lon="64.269545243">
        <ele>105.052</ele>
        <time>2025-06-02T07:25:41.000Z</time>
      </trkpt>
      <trkpt lat="45.074417889" lon="64.308624314">
        <ele>108.191</ele>
        <time>2025-06-02T07:30:43.000Z</time>
      </trkpt>
      <trkpt lat="44.991731939" lon="64.524502301">
        <ele>108.924</ele>
        <time>2025-06-02T07:46:01.000Z</time>
      </trkpt>
      <trkpt lat="44.925007824" lon="64.668054913">
        <ele>114</ele>
        <time>2025-06-02T07:56:53.000Z</time>
      </trkpt>
      <trkpt lat="44.886183814" lon="64.767506724">
        <ele>115.031</ele>
        <time>2025-06-02T08:03:48.000Z</time>
      </trkpt>
      <trkpt lat="44.880126314" lon="64.887403253">
        <ele>118.751</ele>
        <time>2025-06-02T08:12:28.000Z</time>
      </trkpt>
      <trkpt lat="44.897740133" lon="64.993513117">
        <ele>120.257</ele>
        <time>2025-06-02T08:19:52.000Z</time>
      </trkpt>
      <trkpt lat="44.883818297" lon="65.058849431">
        <ele>119.254</ele>
        <time>2025-06-02T08:24:54.000Z</time>
      </trkpt>
      <trkpt lat="44.882237202" lon="65.141155477">
        <ele>120.84</ele>
        <time>2025-06-02T08:30:04.000Z</time>
      </trkpt>
      <trkpt lat="44.884389048" lon="65.232506684">
        <ele>121.801</ele>
        <time>2025-06-02T08:35:44.000Z</time>
      </trkpt>
      <trkpt lat="44.885131709" lon="65.315533961">
        <ele>122.922</ele>
        <time>2025-06-02T08:40:46.000Z</time>
      </trkpt>
      <trkpt lat="44.871693553" lon="65.385598684">
        <ele>124.155</ele>
        <time>2025-06-02T08:45:46.000Z</time>
      </trkpt>
      <trkpt lat="44.8173823" lon="65.425484482">
        <ele>126.315</ele>
        <time>2025-06-02T08:50:48.000Z</time>
      </trkpt>
      <trkpt lat="44.780994533" lon="65.475918995">
        <ele>128.821</ele>
        <time>2025-06-02T08:55:51.000Z</time>
      </trkpt>
      <trkpt lat="44.767346379" lon="65.551340908">
        <ele>128</ele>
        <time>2025-06-02T09:00:50.000Z</time>
      </trkpt>
      <trkpt lat="44.788433185" lon="65.610561839">
        <ele>131.337</ele>
        <time>2025-06-02T09:08:05.000Z</time>
      </trkpt>
      <trkpt lat="44.81182286" lon="65.656768037">
        <ele>129.125</ele>
        <time>2025-06-02T09:13:05.000Z</time>
      </trkpt>
      <trkpt lat="44.806480314" lon="65.683586377">
        <ele>128</ele>
        <time>2025-06-02T09:22:43.000Z</time>
      </trkpt>
      <trkpt lat="44.786459198" lon="65.739295241">
        <ele>130.136</ele>
        <time>2025-06-02T09:27:47.000Z</time>
      </trkpt>
      <trkpt lat="44.769426498" lon="65.771272487">
        <ele>130.618</ele>
        <time>2025-06-02T09:35:30.000Z</time>
      </trkpt>
      <trkpt lat="44.719459814" lon="65.862020429">
        <ele>133</ele>
        <time>2025-06-02T09:42:38.000Z</time>
      </trkpt>
      <trkpt lat="44.682280146" lon="65.932382184">
        <ele>132.24</ele>
        <time>2025-06-02T09:48:00.000Z</time>
      </trkpt>
      <trkpt lat="44.636297543" lon="66.062507141">
        <ele>132.355</ele>
        <time>2025-06-02T09:57:11.000Z</time>
      </trkpt>
      <trkpt lat="44.622215356" lon="66.047141101">
        <ele>136</ele>
        <time>2025-06-02T10:07:18.000Z</time>
      </trkpt>
      <trkpt lat="44.62159848" lon="66.060542509">
        <ele>135.21</ele>
        <time>2025-06-02T10:19:38.000Z</time>
      </trkpt>
      <trkpt lat="44.613547729" lon="66.060807181">
        <ele>137.927</ele>
        <time>2025-06-02T15:01:21.000Z</time>
      </trkpt>
      <trkpt lat="44.622431516" lon="66.060662865">
        <ele>135.14</ele>
        <time>2025-06-03T03:30:34.000Z</time>
      </trkpt>
      <trkpt lat="44.515209182" lon="66.193214683">
        <ele>138.431</ele>
        <time>2025-06-03T04:05:09.000Z</time>
      </trkpt>
      <trkpt lat="44.47169354" lon="66.244918696">
        <ele>141.097</ele>
        <time>2025-06-03T04:10:13.000Z</time>
      </trkpt>
      <trkpt lat="44.428790837" lon="66.296117597">
        <ele>141.33</ele>
        <time>2025-06-03T04:15:16.000Z</time>
      </trkpt>
      <trkpt lat="44.389669531" lon="66.35539799">
        <ele>144</ele>
        <time>2025-06-03T04:20:20.000Z</time>
      </trkpt>
      <trkpt lat="44.308935713" lon="66.49363507">
        <ele>147.24</ele>
        <time>2025-06-03T04:31:37.000Z</time>
      </trkpt>
      <trkpt lat="44.272596541" lon="66.585711909">
        <ele>147</ele>
        <time>2025-06-03T04:38:11.000Z</time>
      </trkpt>
      <trkpt lat="44.233927681" lon="66.681224415">
        <ele>149.351</ele>
        <time>2025-06-03T04:45:08.000Z</time>
      </trkpt>
      <trkpt lat="44.207943557" lon="66.75121566">
        <ele>150.597</ele>
        <time>2025-06-03T04:50:13.000Z</time>
      </trkpt>
      <trkpt lat="44.181112661" lon="66.874189423">
        <ele>151.913</ele>
        <time>2025-06-03T04:58:33.000Z</time>
      </trkpt>
      <trkpt lat="44.136804984" lon="66.969982694">
        <ele>154.093</ele>
        <time>2025-06-03T05:06:13.000Z</time>
      </trkpt>
      <trkpt lat="44.110210081" lon="67.033623009">
        <ele>155</ele>
        <time>2025-06-03T05:11:18.000Z</time>
      </trkpt>
      <trkpt lat="44.086062357" lon="67.108779869">
        <ele>156.931</ele>
        <time>2025-06-03T05:16:45.000Z</time>
      </trkpt>
      <trkpt lat="44.033646528" lon="67.178594247">
        <ele>168.939</ele>
        <time>2025-06-03T05:23:17.000Z</time>
      </trkpt>
      <trkpt lat="44.014318237" lon="67.198049073">
        <ele>168.977</ele>
        <time>2025-06-03T05:38:22.000Z</time>
      </trkpt>
      <trkpt lat="44.008278154" lon="67.205281512">
        <ele>169.801</ele>
        <time>2025-06-03T06:12:45.000Z</time>
      </trkpt>
      <trkpt lat="43.8874831" lon="67.369816827">
        <ele>212.979</ele>
        <time>2025-06-03T06:27:46.000Z</time>
      </trkpt>
      <trkpt lat="43.744689443" lon="67.518778525">
        <ele>209.906</ele>
        <time>2025-06-03T06:43:34.000Z</time>
      </trkpt>
      <trkpt lat="43.626897368" lon="67.647530297">
        <ele>242.109</ele>
        <time>2025-06-03T06:57:16.000Z</time>
      </trkpt>
      <trkpt lat="43.583194789" lon="67.697633674">
        <ele>229.501</ele>
        <time>2025-06-03T07:02:17.000Z</time>
      </trkpt>
      <trkpt lat="43.54644423" lon="67.756397107">
        <ele>212</ele>
        <time>2025-06-03T07:07:17.000Z</time>
      </trkpt>
      <trkpt lat="43.531939148" lon="67.780339183">
        <ele>213.783</ele>
        <time>2025-06-03T07:12:18.000Z</time>
      </trkpt>
      <trkpt lat="43.52710268" lon="67.790532474">
        <ele>211.917</ele>
        <time>2025-06-03T07:17:18.000Z</time>
      </trkpt>
      <trkpt lat="43.50133804" lon="67.843688433">
        <ele>212.773</ele>
        <time>2025-06-03T07:22:18.000Z</time>
      </trkpt>
      <trkpt lat="43.469115291" lon="67.907476835">
        <ele>219.815</ele>
        <time>2025-06-03T07:27:35.000Z</time>
      </trkpt>
      <trkpt lat="43.439784924" lon="67.970934577">
        <ele>224</ele>
        <time>2025-06-03T07:32:35.000Z</time>
      </trkpt>
      <trkpt lat="43.411352105" lon="68.032198703">
        <ele>224.65</ele>
        <time>2025-06-03T07:37:36.000Z</time>
      </trkpt>
      <trkpt lat="43.382281385" lon="68.086059871">
        <ele>216.213</ele>
        <time>2025-06-03T07:42:36.000Z</time>
      </trkpt>
      <trkpt lat="43.352229999" lon="68.145752788">
        <ele>212</ele>
        <time>2025-06-03T07:47:37.000Z</time>
      </trkpt>
      <trkpt lat="43.327115254" lon="68.200660357">
        <ele>215</ele>
        <time>2025-06-03T07:52:37.000Z</time>
      </trkpt>
      <trkpt lat="43.322216612" lon="68.210499231">
        <ele>212.761</ele>
        <time>2025-06-03T07:57:38.000Z</time>
      </trkpt>
      <trkpt lat="43.320300944" lon="68.216174319">
        <ele>214.295</ele>
        <time>2025-06-03T08:26:03.000Z</time>
      </trkpt>
      <trkpt lat="43.320203845" lon="68.267750911">
        <ele>218.493</ele>
        <time>2025-06-03T08:31:04.000Z</time>
      </trkpt>
      <trkpt lat="43.316980391" lon="68.307038974">
        <ele>226.34</ele>
        <time>2025-06-03T08:36:05.000Z</time>
      </trkpt>
      <trkpt lat="43.313167163" lon="68.310490934">
        <ele>226.767</ele>
        <time>2025-06-03T08:46:41.000Z</time>
      </trkpt>
      <trkpt lat="43.29232864" lon="68.326851898">
        <ele>220</ele>
        <time>2025-06-03T08:51:41.000Z</time>
      </trkpt>
      <trkpt lat="43.289424216" lon="68.294924233">
        <ele>214</ele>
        <time>2025-06-03T08:56:42.000Z</time>
      </trkpt>
      <trkpt lat="43.302161661" lon="68.271473155">
        <ele>213.782</ele>
        <time>2025-06-03T09:01:42.000Z</time>
      </trkpt>
      <trkpt lat="43.302094912" lon="68.261480249">
        <ele>216.364</ele>
        <time>2025-06-03T09:06:43.000Z</time>
      </trkpt>
      <trkpt lat="43.303726036" lon="68.267627758">
        <ele>216.73</ele>
        <time>2025-06-03T09:41:05.000Z</time>
      </trkpt>
      <trkpt lat="43.29614793" lon="68.28392772">
        <ele>213.86</ele>
        <time>2025-06-03T09:46:19.000Z</time>
      </trkpt>
      <trkpt lat="43.294995835" lon="68.284654193">
        <ele>215.004</ele>
        <time>2025-06-03T13:51:10.000Z</time>
      </trkpt>
      <trkpt lat="43.289423596" lon="68.294611388">
        <ele>214</ele>
        <time>2025-06-05T03:21:22.000Z</time>
      </trkpt>
      <trkpt lat="43.277085889" lon="68.330114773">
        <ele>212.922</ele>
        <time>2025-06-05T03:26:45.000Z</time>
      </trkpt>
      <trkpt lat="43.264317988" lon="68.366533304">
        <ele>211.025</ele>
        <time>2025-06-05T03:32:38.000Z</time>
      </trkpt>
      <trkpt lat="42.970629134" lon="68.869054467">
        <ele>222.562</ele>
        <time>2025-06-05T04:16:10.000Z</time>
      </trkpt>
      <trkpt lat="42.936294326" lon="68.924588894">
        <ele>232.66</ele>
        <time>2025-06-05T04:21:13.000Z</time>
      </trkpt>
      <trkpt lat="42.922125888" lon="68.955219766">
        <ele>234</ele>
        <time>2025-06-05T04:26:12.000Z</time>
      </trkpt>
      <trkpt lat="42.884022531" lon="69.023912034">
        <ele>249.476</ele>
        <time>2025-06-05T04:31:39.000Z</time>
      </trkpt>
      <trkpt lat="42.84497367" lon="69.095335025">
        <ele>262.187</ele>
        <time>2025-06-05T05:00:49.000Z</time>
      </trkpt>
      <trkpt lat="42.769844374" lon="69.206598736">
        <ele>271</ele>
        <time>2025-06-05T06:07:22.000Z</time>
      </trkpt>
      <trkpt lat="42.656931351" lon="69.233115269">
        <ele>350.953</ele>
        <time>2025-06-05T06:17:48.000Z</time>
      </trkpt>
      <trkpt lat="42.625921355" lon="69.296125257">
        <ele>334.632</ele>
        <time>2025-06-05T06:22:50.000Z</time>
      </trkpt>
      <trkpt lat="42.582317127" lon="69.309366086">
        <ele>321.035</ele>
        <time>2025-06-05T06:27:52.000Z</time>
      </trkpt>
      <trkpt lat="42.524504204" lon="69.37487604">
        <ele>345</ele>
        <time>2025-06-05T06:35:41.000Z</time>
      </trkpt>
      <trkpt lat="42.506491298" lon="69.448784187">
        <ele>403.746</ele>
        <time>2025-06-05T06:40:48.000Z</time>
      </trkpt>
      <trkpt lat="42.490935643" lon="69.510395352">
        <ele>412.733</ele>
        <time>2025-06-05T06:45:51.000Z</time>
      </trkpt>
      <trkpt lat="42.511650994" lon="69.440526674">
        <ele>397.944</ele>
        <time>2025-06-05T06:50:53.000Z</time>
      </trkpt>
      <trkpt lat="42.52453355" lon="69.364328487">
        <ele>359.097</ele>
        <time>2025-06-05T06:56:00.000Z</time>
      </trkpt>
      <trkpt lat="42.503313512" lon="69.366257416">
        <ele>368.473</ele>
        <time>2025-06-05T07:01:00.000Z</time>
      </trkpt>
      <trkpt lat="42.457586294" lon="69.401935637">
        <ele>377.711</ele>
        <time>2025-06-05T07:06:03.000Z</time>
      </trkpt>
      <trkpt lat="42.408427564" lon="69.451687513">
        <ele>398.736</ele>
        <time>2025-06-05T07:12:02.000Z</time>
      </trkpt>
      <trkpt lat="42.380634548" lon="69.492927563">
        <ele>416.056</ele>
        <time>2025-06-05T07:18:03.000Z</time>
      </trkpt>
      <trkpt lat="42.365661156" lon="69.515007939">
        <ele>429</ele>
        <time>2025-06-05T07:23:01.000Z</time>
      </trkpt>
      <trkpt lat="42.342330549" lon="69.523215676">
        <ele>447.775</ele>
        <time>2025-06-05T07:29:20.000Z</time>
      </trkpt>
      <trkpt lat="42.327459301" lon="69.51339257">
        <ele>473.605</ele>
        <time>2025-06-05T07:34:33.000Z</time>
      </trkpt>
      <trkpt lat="42.315388606" lon="69.525725534">
        <ele>514.047</ele>
        <time>2025-06-05T07:42:57.000Z</time>
      </trkpt>
      <trkpt lat="42.303170796" lon="69.540474239">
        <ele>512.806</ele>
        <time>2025-06-05T07:48:57.000Z</time>
      </trkpt>
      <trkpt lat="42.292061642" lon="69.558612408">
        <ele>522.583</ele>
        <time>2025-06-05T07:56:55.000Z</time>
      </trkpt>
      <trkpt lat="42.255573099" lon="69.545875283">
        <ele>508.962</ele>
        <time>2025-06-05T08:02:12.000Z</time>
      </trkpt>
      <trkpt lat="42.210773967" lon="69.518352986">
        <ele>462.214</ele>
        <time>2025-06-05T08:07:34.000Z</time>
      </trkpt>
      <trkpt lat="42.157896501" lon="69.486134453">
        <ele>503.56</ele>
        <time>2025-06-05T08:17:14.000Z</time>
      </trkpt>
      <trkpt lat="42.014455693" lon="69.471280966">
        <ele>705.283</ele>
        <time>2025-06-05T08:30:18.000Z</time>
      </trkpt>
      <trkpt lat="41.93640124" lon="69.485767395">
        <ele>710.292</ele>
        <time>2025-06-05T08:39:06.000Z</time>
      </trkpt>
      <trkpt lat="41.829004523" lon="69.401922364">
        <ele>623.328</ele>
        <time>2025-06-05T08:51:24.000Z</time>
      </trkpt>
      <trkpt lat="41.701234533" lon="69.397273958">
        <ele>554.114</ele>
        <time>2025-06-05T09:03:57.000Z</time>
      </trkpt>
      <trkpt lat="41.65698362" lon="69.391935951">
        <ele>545.137</ele>
        <time>2025-06-05T09:18:57.000Z</time>
      </trkpt>
      <trkpt lat="41.657345127" lon="69.392103916">
        <ele>546.442</ele>
        <time>2025-06-05T12:39:45.000Z</time>
      </trkpt>
      <trkpt lat="41.656964261" lon="69.39197085">
        <ele>545.16</ele>
        <time>2025-06-05T12:45:06.000Z</time>
      </trkpt>
      <trkpt lat="41.632405159" lon="69.40017061">
        <ele>551.43</ele>
        <time>2025-06-06T03:07:13.000Z</time>
      </trkpt>
      <trkpt lat="41.574916808" lon="69.408513155">
        <ele>551.841</ele>
        <time>2025-06-06T03:12:16.000Z</time>
      </trkpt>
      <trkpt lat="41.528970359" lon="69.402093256">
        <ele>541.051</ele>
        <time>2025-06-06T03:17:19.000Z</time>
      </trkpt>
      <trkpt lat="41.508014499" lon="69.376284585">
        <ele>549.203</ele>
        <time>2025-06-06T03:22:31.000Z</time>
      </trkpt>
      <trkpt lat="41.498513361" lon="69.350091494">
        <ele>529.457</ele>
        <time>2025-06-06T03:41:01.000Z</time>
      </trkpt>
      <trkpt lat="41.490620879" lon="69.275664931">
        <ele>468.007</ele>
        <time>2025-06-06T03:48:14.000Z</time>
      </trkpt>
      <trkpt lat="41.453620858" lon="69.135560374">
        <ele>416.93</ele>
        <time>2025-06-06T04:04:38.000Z</time>
      </trkpt>
      <trkpt lat="41.422167717" lon="69.09224718">
        <ele>418.714</ele>
        <time>2025-06-06T04:09:44.000Z</time>
      </trkpt>
      <trkpt lat="41.402148474" lon="69.046157307">
        <ele>403.055</ele>
        <time>2025-06-06T04:15:33.000Z</time>
      </trkpt>
      <trkpt lat="41.374292364" lon="69.005056713">
        <ele>371.092</ele>
        <time>2025-06-06T04:21:48.000Z</time>
      </trkpt>
      <trkpt lat="41.353415469" lon="68.969069598">
        <ele>353.296</ele>
        <time>2025-06-06T04:28:50.000Z</time>
      </trkpt>
      <trkpt lat="41.347417729" lon="68.960028352">
        <ele>353.102</ele>
        <time>2025-06-06T04:37:16.000Z</time>
      </trkpt>
      <trkpt lat="41.332949688" lon="68.919023085">
        <ele>353</ele>
        <time>2025-06-06T04:42:50.000Z</time>
      </trkpt>
      <trkpt lat="41.32811361" lon="68.894117195">
        <ele>360.031</ele>
        <time>2025-06-06T04:47:55.000Z</time>
      </trkpt>
      <trkpt lat="41.291411273" lon="68.842016725">
        <ele>348.081</ele>
        <time>2025-06-06T04:52:51.000Z</time>
      </trkpt>
      <trkpt lat="41.087475963" lon="68.682649115">
        <ele>283.067</ele>
        <time>2025-06-06T05:15:47.000Z</time>
      </trkpt>
      <trkpt lat="41.016151494" lon="68.71646266">
        <ele>300.12</ele>
        <time>2025-06-06T05:23:40.000Z</time>
      </trkpt>
      <trkpt lat="40.979980063" lon="68.725465927">
        <ele>267.371</ele>
        <time>2025-06-06T05:29:30.000Z</time>
      </trkpt>
      <trkpt lat="40.974157111" lon="68.727443294">
        <ele>267.027</ele>
        <time>2025-06-06T06:37:31.000Z</time>
      </trkpt>
      <trkpt lat="40.968870311" lon="68.727101572">
        <ele>267.933</ele>
        <time>2025-06-06T08:24:31.000Z</time>
      </trkpt>
      <trkpt lat="40.94991486" lon="68.734158558">
        <ele>274.673</ele>
        <time>2025-06-06T10:47:54.000Z</time>
      </trkpt>
      <trkpt lat="40.910947028" lon="68.7023428">
        <ele>260.744</ele>
        <time>2025-06-06T10:56:07.000Z</time>
      </trkpt>
      <trkpt lat="40.929053588" lon="68.724193519">
        <ele>259.943</ele>
        <time>2025-06-06T11:01:35.000Z</time>
      </trkpt>
      <trkpt lat="40.957784063" lon="68.75842818">
        <ele>278.689</ele>
        <time>2025-06-06T11:06:29.000Z</time>
      </trkpt>
      <trkpt lat="41.001806252" lon="68.823617969">
        <ele>311.515</ele>
        <time>2025-06-06T11:12:20.000Z</time>
      </trkpt>
      <trkpt lat="41.038234416" lon="68.878259305">
        <ele>340.644</ele>
        <time>2025-06-06T11:17:47.000Z</time>
      </trkpt>
      <trkpt lat="41.072467898" lon="68.926950911">
        <ele>328.116</ele>
        <time>2025-06-06T11:23:03.000Z</time>
      </trkpt>
      <trkpt lat="41.104596332" lon="68.972755876">
        <ele>350.547</ele>
        <time>2025-06-06T11:28:07.000Z</time>
      </trkpt>
      <trkpt lat="41.135246632" lon="69.015267885">
        <ele>358.923</ele>
        <time>2025-06-06T11:33:13.000Z</time>
      </trkpt>
      <trkpt lat="41.16357477" lon="69.05543186">
        <ele>360.613</ele>
        <time>2025-06-06T11:38:26.000Z</time>
      </trkpt>
      <trkpt lat="41.192842854" lon="69.097098549">
        <ele>365.575</ele>
        <time>2025-06-06T11:43:31.000Z</time>
      </trkpt>
      <trkpt lat="41.223242968" lon="69.140382794">
        <ele>408.367</ele>
        <time>2025-06-06T11:49:10.000Z</time>
      </trkpt>
      <trkpt lat="41.250125898" lon="69.182965611">
        <ele>424.324</ele>
        <time>2025-06-06T11:55:14.000Z</time>
      </trkpt>
      <trkpt lat="41.276472314" lon="69.206417513">
        <ele>439.539</ele>
        <time>2025-06-06T12:00:24.000Z</time>
      </trkpt>
      <trkpt lat="41.307760049" lon="69.238339136">
        <ele>446.107</ele>
        <time>2025-06-06T12:06:03.000Z</time>
      </trkpt>
      <trkpt lat="41.345026697" lon="69.258593799">
        <ele>452.938</ele>
        <time>2025-06-06T12:12:45.000Z</time>
      </trkpt>
      <trkpt lat="41.361380435" lon="69.281517038">
        <ele>465.506</ele>
        <time>2025-06-06T12:17:43.000Z</time>
      </trkpt>
      <trkpt lat="41.356251051" lon="69.309487984">
        <ele>496.922</ele>
        <time>2025-06-06T12:23:16.000Z</time>
      </trkpt>
      <trkpt lat="41.355006108" lon="69.334214386">
        <ele>474.124</ele>
        <time>2025-06-06T12:28:21.000Z</time>
      </trkpt>
      <trkpt lat="41.356505184" lon="69.378650655">
        <ele>517.684</ele>
        <time>2025-06-06T12:37:18.000Z</time>
      </trkpt>
      <trkpt lat="41.367702164" lon="69.415740168">
        <ele>511.244</ele>
        <time>2025-06-06T12:44:18.000Z</time>
      </trkpt>
      <trkpt lat="41.3499167" lon="69.432244347">
        <ele>499.955</ele>
        <time>2025-06-06T12:50:22.000Z</time>
      </trkpt>
      <trkpt lat="41.355974171" lon="69.437506676">
        <ele>501.976</ele>
        <time>2025-06-06T13:03:40.000Z</time>
      </trkpt>
      <trkpt lat="41.355814836" lon="69.437526455">
        <ele>501.838</ele>
        <time>2025-06-06T13:03:43.000Z</time>
      </trkpt>
      <trkpt lat="41.356034915" lon="69.43794918">
        <ele>501</ele>
        <time>2025-06-07T04:26:18.000Z</time>
      </trkpt>
      <trkpt lat="41.355954111" lon="69.437319787">
        <ele>502.649</ele>
        <time>2025-06-07T04:38:33.000Z</time>
      </trkpt>
      <trkpt lat="41.356068556" lon="69.437938845">
        <ele>501</ele>
        <time>2025-06-07T04:39:00.000Z</time>
      </trkpt>
      <trkpt lat="41.355818246" lon="69.437236623">
        <ele>502.842</ele>
        <time>2025-06-08T03:32:30.000Z</time>
      </trkpt>
      <trkpt lat="41.356074261" lon="69.437936198">
        <ele>501</ele>
        <time>2025-06-08T05:25:00.000Z</time>
      </trkpt>
      <trkpt lat="41.352031429" lon="69.431311941">
        <ele>503.497</ele>
        <time>2025-06-10T02:40:10.000Z</time>
      </trkpt>
      <trkpt lat="41.331819757" lon="69.422715087">
        <ele>491.324</ele>
        <time>2025-06-10T02:46:14.000Z</time>
      </trkpt>
      <trkpt lat="41.326479437" lon="69.426451873">
        <ele>489</ele>
        <time>2025-06-10T02:51:19.000Z</time>
      </trkpt>
      <trkpt lat="41.31568662" lon="69.376076164">
        <ele>469.472</ele>
        <time>2025-06-10T02:56:28.000Z</time>
      </trkpt>
      <trkpt lat="41.305020776" lon="69.326283743">
        <ele>454.046</ele>
        <time>2025-06-10T03:02:07.000Z</time>
      </trkpt>
      <trkpt lat="41.301563649" lon="69.296875878">
        <ele>444.403</ele>
        <time>2025-06-10T03:07:52.000Z</time>
      </trkpt>
      <trkpt lat="41.277010613" lon="69.308613287">
        <ele>443.008</ele>
        <time>2025-06-10T03:15:04.000Z</time>
      </trkpt>
      <trkpt lat="41.251402006" lon="69.323202059">
        <ele>434.6</ele>
        <time>2025-06-10T03:20:44.000Z</time>
      </trkpt>
      <trkpt lat="41.216067681" lon="69.334534491">
        <ele>421.844</ele>
        <time>2025-06-10T03:29:09.000Z</time>
      </trkpt>
      <trkpt lat="41.192940056" lon="69.330970233">
        <ele>414.507</ele>
        <time>2025-06-10T03:34:13.000Z</time>
      </trkpt>
      <trkpt lat="41.154494934" lon="69.323131536">
        <ele>399.776</ele>
        <time>2025-06-10T03:39:53.000Z</time>
      </trkpt>
      <trkpt lat="41.084827613" lon="69.326367918">
        <ele>380.455</ele>
        <time>2025-06-10T03:52:15.000Z</time>
      </trkpt>
      <trkpt lat="41.016779843" lon="69.312297693">
        <ele>378.407</ele>
        <time>2025-06-10T04:02:21.000Z</time>
      </trkpt>
      <trkpt lat="40.980556494" lon="69.28775332">
        <ele>392.726</ele>
        <time>2025-06-10T04:08:03.000Z</time>
      </trkpt>
      <trkpt lat="40.938172362" lon="69.266048306">
        <ele>398.159</ele>
        <time>2025-06-10T04:13:04.000Z</time>
      </trkpt>
      <trkpt lat="40.869728322" lon="69.277220126">
        <ele>398.03</ele>
        <time>2025-06-10T04:22:47.000Z</time>
      </trkpt>
      <trkpt lat="40.816374968" lon="69.204512317">
        <ele>345</ele>
        <time>2025-06-10T04:33:08.000Z</time>
      </trkpt>
      <trkpt lat="40.801843394" lon="69.208176301">
        <ele>341.364</ele>
        <time>2025-06-10T04:49:21.000Z</time>
      </trkpt>
      <trkpt lat="40.769338855" lon="69.162645377">
        <ele>322.143</ele>
        <time>2025-06-10T05:20:31.000Z</time>
      </trkpt>
      <trkpt lat="40.715307299" lon="69.064044851">
        <ele>291.392</ele>
        <time>2025-06-10T05:29:16.000Z</time>
      </trkpt>
      <trkpt lat="40.689999783" lon="68.962691641">
        <ele>278.38</ele>
        <time>2025-06-10T05:37:32.000Z</time>
      </trkpt>
      <trkpt lat="40.61971939" lon="68.847692738">
        <ele>270</ele>
        <time>2025-06-10T05:56:32.000Z</time>
      </trkpt>
      <trkpt lat="40.626542426" lon="68.731889024">
        <ele>267.553</ele>
        <time>2025-06-10T06:11:45.000Z</time>
      </trkpt>
      <trkpt lat="40.609393584" lon="68.729270017">
        <ele>271.298</ele>
        <time>2025-06-10T06:16:58.000Z</time>
      </trkpt>
      <trkpt lat="40.556106421" lon="68.745718549">
        <ele>274.034</ele>
        <time>2025-06-10T06:27:15.000Z</time>
      </trkpt>
      <trkpt lat="40.502356711" lon="68.762160513">
        <ele>274.892</ele>
        <time>2025-06-10T06:35:17.000Z</time>
      </trkpt>
      <trkpt lat="40.367070266" lon="68.800548117">
        <ele>269.429</ele>
        <time>2025-06-10T06:51:40.000Z</time>
      </trkpt>
      <trkpt lat="40.323095365" lon="68.813820584">
        <ele>281</ele>
        <time>2025-06-10T06:56:56.000Z</time>
      </trkpt>
      <trkpt lat="40.287338741" lon="68.824559328">
        <ele>308.593</ele>
        <time>2025-06-10T07:02:07.000Z</time>
      </trkpt>
      <trkpt lat="40.237307609" lon="68.839535583">
        <ele>343.672</ele>
        <time>2025-06-10T07:10:02.000Z</time>
      </trkpt>
      <trkpt lat="40.206149818" lon="68.772233406">
        <ele>356.901</ele>
        <time>2025-06-10T07:17:53.000Z</time>
      </trkpt>
      <trkpt lat="40.181255308" lon="68.669130402">
        <ele>364.451</ele>
        <time>2025-06-10T07:33:10.000Z</time>
      </trkpt>
      <trkpt lat="40.154843008" lon="68.555187934">
        <ele>377.677</ele>
        <time>2025-06-10T08:02:53.000Z</time>
      </trkpt>
      <trkpt lat="40.173442786" lon="68.636604236">
        <ele>366.394</ele>
        <time>2025-06-10T08:07:53.000Z</time>
      </trkpt>
      <trkpt lat="40.147669539" lon="68.524129075">
        <ele>383.915</ele>
        <time>2025-06-10T08:16:30.000Z</time>
      </trkpt>
      <trkpt lat="40.134661901" lon="68.468988324">
        <ele>393</ele>
        <time>2025-06-10T08:22:15.000Z</time>
      </trkpt>
      <trkpt lat="40.10480355" lon="68.343906105">
        <ele>417.769</ele>
        <time>2025-06-10T08:35:44.000Z</time>
      </trkpt>
      <trkpt lat="40.094539634" lon="68.299858569">
        <ele>417.315</ele>
        <time>2025-06-10T08:41:17.000Z</time>
      </trkpt>
      <trkpt lat="40.091573986" lon="68.108601521">
        <ele>379.988</ele>
        <time>2025-06-10T08:58:48.000Z</time>
      </trkpt>
      <trkpt lat="40.095589533" lon="67.964079157">
        <ele>365.601</ele>
        <time>2025-06-10T09:10:26.000Z</time>
      </trkpt>
      <trkpt lat="40.062102021" lon="67.834691755">
        <ele>430.385</ele>
        <time>2025-06-10T09:27:27.000Z</time>
      </trkpt>
      <trkpt lat="40.055415439" lon="67.812373392">
        <ele>496.261</ele>
        <time>2025-06-10T09:38:12.000Z</time>
      </trkpt>
      <trkpt lat="40.048629762" lon="67.750399467">
        <ele>639.237</ele>
        <time>2025-06-10T10:53:03.000Z</time>
      </trkpt>
      <trkpt lat="40.035333613" lon="67.6285242">
        <ele>545.25</ele>
        <time>2025-06-10T11:05:33.000Z</time>
      </trkpt>
      <trkpt lat="39.982359451" lon="67.57124735">
        <ele>613.742</ele>
        <time>2025-06-10T11:19:01.000Z</time>
      </trkpt>
      <trkpt lat="39.943877427" lon="67.530214192">
        <ele>691.812</ele>
        <time>2025-06-10T11:26:22.000Z</time>
      </trkpt>
      <trkpt lat="39.881452698" lon="67.486119847">
        <ele>774.795</ele>
        <time>2025-06-10T11:36:44.000Z</time>
      </trkpt>
      <trkpt lat="39.85959927" lon="67.501259596">
        <ele>833.259</ele>
        <time>2025-06-10T11:47:59.000Z</time>
      </trkpt>
      <trkpt lat="39.859679782" lon="67.511835489">
        <ele>819.362</ele>
        <time>2025-06-10T12:03:09.000Z</time>
      </trkpt>
      <trkpt lat="39.789890274" lon="67.574505256">
        <ele>868.928</ele>
        <time>2025-06-10T16:23:33.000Z</time>
      </trkpt>
      <trkpt lat="39.859715548" lon="67.51189308">
        <ele>819.771</ele>
        <time>2025-06-10T16:37:29.000Z</time>
      </trkpt>
      <trkpt lat="39.77529144" lon="67.58537292">
        <ele>907.327</ele>
        <time>2025-06-10T16:52:13.000Z</time>
      </trkpt>
      <trkpt lat="39.859725226" lon="67.511896386">
        <ele>819.827</ele>
        <time>2025-06-10T17:08:13.000Z</time>
      </trkpt>
      <trkpt lat="39.886561548" lon="67.490123352">
        <ele>766</ele>
        <time>2025-06-11T01:12:01.000Z</time>
      </trkpt>
      <trkpt lat="39.78822126" lon="67.314457666">
        <ele>758.788</ele>
        <time>2025-06-11T01:33:30.000Z</time>
      </trkpt>
      <trkpt lat="39.741574178" lon="67.191265845">
        <ele>720.963</ele>
        <time>2025-06-11T01:46:52.000Z</time>
      </trkpt>
      <trkpt lat="39.713531006" lon="67.099732382">
        <ele>710.795</ele>
        <time>2025-06-11T01:59:05.000Z</time>
      </trkpt>
      <trkpt lat="39.690607027" lon="67.067697812">
        <ele>701.078</ele>
        <time>2025-06-11T02:11:22.000Z</time>
      </trkpt>
      <trkpt lat="39.683000105" lon="67.050895763">
        <ele>716.817</ele>
        <time>2025-06-11T04:16:49.000Z</time>
      </trkpt>
      <trkpt lat="39.646062031" lon="67.044109963">
        <ele>724</ele>
        <time>2025-06-11T04:23:52.000Z</time>
      </trkpt>
      <trkpt lat="39.650951704" lon="67.045786904">
        <ele>711.071</ele>
        <time>2025-06-11T04:31:09.000Z</time>
      </trkpt>
      <trkpt lat="39.658065126" lon="67.035141829">
        <ele>716.476</ele>
        <time>2025-06-11T06:58:13.000Z</time>
      </trkpt>
      <trkpt lat="39.675233459" lon="67.002565446">
        <ele>697.114</ele>
        <time>2025-06-11T07:08:32.000Z</time>
      </trkpt>
      <trkpt lat="39.664399892" lon="66.985921129">
        <ele>707.481</ele>
        <time>2025-06-11T07:20:11.000Z</time>
      </trkpt>
      <trkpt lat="39.666547738" lon="66.991104148">
        <ele>696.558</ele>
        <time>2025-06-13T02:10:49.000Z</time>
      </trkpt>
      <trkpt lat="39.675952361" lon="67.008078069">
        <ele>708.475</ele>
        <time>2025-06-13T02:16:30.000Z</time>
      </trkpt>
      <trkpt lat="39.637185596" lon="67.041190881">
        <ele>729.153</ele>
        <time>2025-06-13T02:28:26.000Z</time>
      </trkpt>
      <trkpt lat="39.603742794" lon="67.091767761">
        <ele>740.819</ele>
        <time>2025-06-13T02:40:04.000Z</time>
      </trkpt>
      <trkpt lat="39.572277765" lon="67.178569222">
        <ele>775.37</ele>
        <time>2025-06-13T02:51:43.000Z</time>
      </trkpt>
      <trkpt lat="39.561524496" lon="67.21887171">
        <ele>786.924</ele>
        <time>2025-06-13T02:56:49.000Z</time>
      </trkpt>
      <trkpt lat="39.537525647" lon="67.310832264">
        <ele>827.816</ele>
        <time>2025-06-13T03:08:04.000Z</time>
      </trkpt>
      <trkpt lat="39.521111869" lon="67.386426553">
        <ele>882.997</ele>
        <time>2025-06-13T03:21:06.000Z</time>
      </trkpt>
      <trkpt lat="39.519085971" lon="67.395140806">
        <ele>893.286</ele>
        <time>2025-06-13T03:36:55.000Z</time>
      </trkpt>
      <trkpt lat="39.517636439" lon="67.401221199">
        <ele>898.113</ele>
        <time>2025-06-13T04:47:19.000Z</time>
      </trkpt>
      <trkpt lat="39.517605365" lon="67.402182993">
        <ele>898.479</ele>
        <time>2025-06-13T04:54:05.000Z</time>
      </trkpt>
      <trkpt lat="39.477853709" lon="67.547469707">
        <ele>1001.218</ele>
        <time>2025-06-13T06:13:05.000Z</time>
      </trkpt>
      <trkpt lat="39.493810826" lon="67.617842907">
        <ele>992.281</ele>
        <time>2025-06-13T06:26:09.000Z</time>
      </trkpt>
      <trkpt lat="39.496043971" lon="67.654296519">
        <ele>1004.291</ele>
        <time>2025-06-13T06:41:07.000Z</time>
      </trkpt>
      <trkpt lat="39.490363449" lon="67.702509161">
        <ele>1022.91</ele>
        <time>2025-06-13T07:47:03.000Z</time>
      </trkpt>
      <trkpt lat="39.477896829" lon="67.799339806">
        <ele>1114.787</ele>
        <time>2025-06-13T07:58:05.000Z</time>
      </trkpt>
      <trkpt lat="39.445496597" lon="67.913573881">
        <ele>1152.453</ele>
        <time>2025-06-13T08:10:56.000Z</time>
      </trkpt>
      <trkpt lat="39.471537573" lon="68.034003782">
        <ele>1145.068</ele>
        <time>2025-06-13T08:24:32.000Z</time>
      </trkpt>
      <trkpt lat="39.450141393" lon="68.169379804">
        <ele>1254.728</ele>
        <time>2025-06-13T08:39:36.000Z</time>
      </trkpt>
      <trkpt lat="39.435413587" lon="68.270315749">
        <ele>1283.162</ele>
        <time>2025-06-13T08:51:25.000Z</time>
      </trkpt>
      <trkpt lat="39.452102747" lon="68.35972714">
        <ele>1337.386</ele>
        <time>2025-06-13T09:02:47.000Z</time>
      </trkpt>
      <trkpt lat="39.453437676" lon="68.440098162">
        <ele>1401.543</ele>
        <time>2025-06-13T09:16:21.000Z</time>
      </trkpt>
      <trkpt lat="39.436383695" lon="68.460204442">
        <ele>1393.837</ele>
        <time>2025-06-13T09:21:21.000Z</time>
      </trkpt>
      <trkpt lat="39.412861895" lon="68.508829856">
        <ele>1435.762</ele>
        <time>2025-06-13T09:34:25.000Z</time>
      </trkpt>
      <trkpt lat="39.383681478" lon="68.559311921">
        <ele>1449.088</ele>
        <time>2025-06-13T09:46:40.000Z</time>
      </trkpt>
      <trkpt lat="39.361784501" lon="68.557839483">
        <ele>1466.286</ele>
        <time>2025-06-13T09:51:51.000Z</time>
      </trkpt>
      <trkpt lat="39.274767791" lon="68.545947955">
        <ele>1582.682</ele>
        <time>2025-06-13T10:06:34.000Z</time>
      </trkpt>
      <trkpt lat="39.22304798" lon="68.528015102">
        <ele>1647.232</ele>
        <time>2025-06-13T10:21:17.000Z</time>
      </trkpt>
      <trkpt lat="39.218432251" lon="68.521684427">
        <ele>1655.233</ele>
        <time>2025-06-13T10:36:02.000Z</time>
      </trkpt>
      <trkpt lat="39.184353314" lon="68.532128792">
        <ele>1682.182</ele>
        <time>2025-06-13T11:01:51.000Z</time>
      </trkpt>
      <trkpt lat="39.143233925" lon="68.476236994">
        <ele>1797.415</ele>
        <time>2025-06-13T11:17:40.000Z</time>
      </trkpt>
      <trkpt lat="39.120072427" lon="68.420268225">
        <ele>1908.413</ele>
        <time>2025-06-13T11:32:26.000Z</time>
      </trkpt>
      <trkpt lat="39.094562684" lon="68.39936438">
        <ele>2179.851</ele>
        <time>2025-06-13T11:47:13.000Z</time>
      </trkpt>
      <trkpt lat="39.081863263" lon="68.374091936">
        <ele>2200.101</ele>
        <time>2025-06-13T12:00:43.000Z</time>
      </trkpt>
      <trkpt lat="39.078493122" lon="68.359306782">
        <ele>2221.507</ele>
        <time>2025-06-13T12:15:42.000Z</time>
      </trkpt>
      <trkpt lat="39.05730264" lon="68.349253711">
        <ele>2200.397</ele>
        <time>2025-06-13T12:28:47.000Z</time>
      </trkpt>
      <trkpt lat="39.057980848" lon="68.350586093">
        <ele>2199.667</ele>
        <time>2025-06-13T18:07:50.000Z</time>
      </trkpt>
      <trkpt lat="39.058023461" lon="68.350623294">
        <ele>2199.075</ele>
        <time>2025-06-13T20:15:02.000Z</time>
      </trkpt>
      <trkpt lat="39.057849836" lon="68.35064483">
        <ele>2200.662</ele>
        <time>2025-06-13T20:50:08.000Z</time>
      </trkpt>
      <trkpt lat="39.057956766" lon="68.350598509">
        <ele>2199.857</ele>
        <time>2025-06-13T21:21:11.000Z</time>
      </trkpt>
      <trkpt lat="39.057982963" lon="68.350617107">
        <ele>2199.505</ele>
        <time>2025-06-13T22:20:41.000Z</time>
      </trkpt>
      <trkpt lat="39.05801815" lon="68.350547235">
        <ele>2199.46</ele>
        <time>2025-06-13T23:02:40.000Z</time>
      </trkpt>
      <trkpt lat="39.058026509" lon="68.350560971">
        <ele>2199.292</ele>
        <time>2025-06-14T01:30:09.000Z</time>
      </trkpt>
      <trkpt lat="39.057998312" lon="68.35063541">
        <ele>2199.272</ele>
        <time>2025-06-14T01:57:47.000Z</time>
      </trkpt>
      <trkpt lat="39.057922426" lon="68.350640103">
        <ele>2199.988</ele>
        <time>2025-06-14T02:57:20.000Z</time>
      </trkpt>
      <trkpt lat="39.057983479" lon="68.350548265">
        <ele>2199.824</ele>
        <time>2025-06-14T03:36:08.000Z</time>
      </trkpt>
      <trkpt lat="39.058034485" lon="68.350593207">
        <ele>2199.082</ele>
        <time>2025-06-14T04:19:04.000Z</time>
      </trkpt>
      <trkpt lat="39.058079431" lon="68.350596856">
        <ele>2198.778</ele>
        <time>2025-06-14T06:09:59.000Z</time>
      </trkpt>
      <trkpt lat="39.057988893" lon="68.350542754">
        <ele>2199.801</ele>
        <time>2025-06-14T06:45:00.000Z</time>
      </trkpt>
      <trkpt lat="39.057981265" lon="68.350611151">
        <ele>2199.549</ele>
        <time>2025-06-14T07:42:53.000Z</time>
      </trkpt>
      <trkpt lat="39.058003805" lon="68.350658321">
        <ele>2199.12</ele>
        <time>2025-06-14T08:35:57.000Z</time>
      </trkpt>
      <trkpt lat="39.057926693" lon="68.350513584">
        <ele>2200.624</ele>
        <time>2025-06-14T09:44:22.000Z</time>
      </trkpt>
      <trkpt lat="39.05788095" lon="68.350704596">
        <ele>2200.012</ele>
        <time>2025-06-14T10:11:23.000Z</time>
      </trkpt>
      <trkpt lat="39.057998611" lon="68.350532739">
        <ele>2199.762</ele>
        <time>2025-06-14T10:29:51.000Z</time>
      </trkpt>
      <trkpt lat="39.0472145" lon="68.33701324">
        <ele>2416.018</ele>
        <time>2025-06-14T13:10:08.000Z</time>
      </trkpt>
      <trkpt lat="39.057935863" lon="68.350571143">
        <ele>2200.212</ele>
        <time>2025-06-14T13:16:23.000Z</time>
      </trkpt>
      <trkpt lat="39.04751586" lon="68.33717346">
        <ele>2420.793</ele>
        <time>2025-06-14T13:37:15.000Z</time>
      </trkpt>
      <trkpt lat="39.057811668" lon="68.350705999">
        <ele>2200.617</ele>
        <time>2025-06-14T13:48:42.000Z</time>
      </trkpt>
      <trkpt lat="39.0472145" lon="68.33701324">
        <ele>2416.018</ele>
        <time>2025-06-14T14:34:35.000Z</time>
      </trkpt>
      <trkpt lat="39.057993884" lon="68.3506021">
        <ele>2199.461</ele>
        <time>2025-06-14T14:48:00.000Z</time>
      </trkpt>
      <trkpt lat="39.0472145" lon="68.33701324">
        <ele>2416.018</ele>
        <time>2025-06-14T15:46:22.000Z</time>
      </trkpt>
      <trkpt lat="39.057983424" lon="68.350569321">
        <ele>2199.717</ele>
        <time>2025-06-14T15:58:22.000Z</time>
      </trkpt>
      <trkpt lat="39.0472145" lon="68.33701324">
        <ele>2416.018</ele>
        <time>2025-06-14T17:34:39.000Z</time>
      </trkpt>
      <trkpt lat="39.058027134" lon="68.350629231">
        <ele>2199.015</ele>
        <time>2025-06-14T17:50:00.000Z</time>
      </trkpt>
      <trkpt lat="39.0472145" lon="68.33701324">
        <ele>2416.018</ele>
        <time>2025-06-14T18:14:27.000Z</time>
      </trkpt>
      <trkpt lat="39.058107474" lon="68.35060179">
        <ele>2198.678</ele>
        <time>2025-06-14T18:31:39.000Z</time>
      </trkpt>
      <trkpt lat="39.0472145" lon="68.33701324">
        <ele>2416.018</ele>
        <time>2025-06-14T19:45:21.000Z</time>
      </trkpt>
      <trkpt lat="39.057885114" lon="68.350694273">
        <ele>2200.035</ele>
        <time>2025-06-14T19:59:51.000Z</time>
      </trkpt>
      <trkpt lat="39.0472145" lon="68.33701324">
        <ele>2416.018</ele>
        <time>2025-06-14T20:29:43.000Z</time>
      </trkpt>
      <trkpt lat="39.057960991" lon="68.350543018">
        <ele>2200.096</ele>
        <time>2025-06-14T20:45:56.000Z</time>
      </trkpt>
      <trkpt lat="39.0472145" lon="68.33701324">
        <ele>2416.018</ele>
        <time>2025-06-14T21:00:42.000Z</time>
      </trkpt>
      <trkpt lat="39.058006901" lon="68.350514044">
        <ele>2199.798</ele>
        <time>2025-06-14T21:14:54.000Z</time>
      </trkpt>
      <trkpt lat="39.0472145" lon="68.33701324">
        <ele>2416.018</ele>
        <time>2025-06-14T21:25:37.000Z</time>
      </trkpt>
      <trkpt lat="39.057995047" lon="68.350561449">
        <ele>2199.628</ele>
        <time>2025-06-14T21:43:04.000Z</time>
      </trkpt>
      <trkpt lat="39.0472145" lon="68.33701324">
        <ele>2416.018</ele>
        <time>2025-06-14T21:57:49.000Z</time>
      </trkpt>
      <trkpt lat="39.058015328" lon="68.350546645">
        <ele>2199.494</ele>
        <time>2025-06-14T22:14:07.000Z</time>
      </trkpt>
      <trkpt lat="39.0472145" lon="68.33701324">
        <ele>2416.018</ele>
        <time>2025-06-14T22:59:24.000Z</time>
      </trkpt>
      <trkpt lat="39.05796409" lon="68.350591371">
        <ele>2199.816</ele>
        <time>2025-06-14T23:15:46.000Z</time>
      </trkpt>
      <trkpt lat="39.0472145" lon="68.33701324">
        <ele>2416.018</ele>
        <time>2025-06-15T00:12:13.000Z</time>
      </trkpt>
      <trkpt lat="39.057992296" lon="68.350547874">
        <ele>2199.732</ele>
        <time>2025-06-15T00:28:26.000Z</time>
      </trkpt>
      <trkpt lat="39.0472145" lon="68.33701324">
        <ele>2416.018</ele>
        <time>2025-06-15T01:21:12.000Z</time>
      </trkpt>
      <trkpt lat="39.057975931" lon="68.350576898">
        <ele>2199.761</ele>
        <time>2025-06-15T01:36:04.000Z</time>
      </trkpt>
      <trkpt lat="39.0472145" lon="68.33701324">
        <ele>2416.018</ele>
        <time>2025-06-15T02:01:58.000Z</time>
      </trkpt>
      <trkpt lat="39.057995207" lon="68.35066569">
        <ele>2199.169</ele>
        <time>2025-06-15T02:13:24.000Z</time>
      </trkpt>
      <trkpt lat="39.0472145" lon="68.33701324">
        <ele>2416.018</ele>
        <time>2025-06-15T02:56:11.000Z</time>
      </trkpt>
      <trkpt lat="39.057998457" lon="68.350549906">
        <ele>2199.653</ele>
        <time>2025-06-15T02:59:24.000Z</time>
      </trkpt>
      <trkpt lat="39.057632428" lon="68.350600803">
        <ele>2202.806</ele>
        <time>2025-06-15T03:20:29.000Z</time>
      </trkpt>
      <trkpt lat="39.058014946" lon="68.350546584">
        <ele>2199.498</ele>
        <time>2025-06-15T03:30:36.000Z</time>
      </trkpt>
      <trkpt lat="39.050000004" lon="68.340503576">
        <ele>2533.497</ele>
        <time>2025-06-15T03:36:19.000Z</time>
      </trkpt>
      <trkpt lat="39.058051691" lon="68.350497567">
        <ele>2199.456</ele>
        <time>2025-06-15T03:51:43.000Z</time>
      </trkpt>
      <trkpt lat="39.0472145" lon="68.33701324">
        <ele>2416.018</ele>
        <time>2025-06-15T04:40:26.000Z</time>
      </trkpt>
      <trkpt lat="39.057958213" lon="68.350603144">
        <ele>2199.82</ele>
        <time>2025-06-15T04:47:34.000Z</time>
      </trkpt>
      <trkpt lat="39.056301921" lon="68.346525916">
        <ele>2203.497</ele>
        <time>2025-06-15T05:04:05.000Z</time>
      </trkpt>
      <trkpt lat="39.064458744" lon="68.351017647">
        <ele>2222.705</ele>
        <time>2025-06-15T05:10:24.000Z</time>
      </trkpt>
      <trkpt lat="39.085599054" lon="68.367907266">
        <ele>2208.634</ele>
        <time>2025-06-15T05:25:47.000Z</time>
      </trkpt>
      <trkpt lat="39.081961624" lon="68.374299472">
        <ele>2196.398</ele>
        <time>2025-06-15T06:46:51.000Z</time>
      </trkpt>
      <trkpt lat="39.092779035" lon="68.399979643">
        <ele>2255.794</ele>
        <time>2025-06-15T07:30:59.000Z</time>
      </trkpt>
      <trkpt lat="39.100356717" lon="68.404928707">
        <ele>2051.628</ele>
        <time>2025-06-15T07:37:56.000Z</time>
      </trkpt>
      <trkpt lat="39.125574636" lon="68.432159079">
        <ele>1865.11</ele>
        <time>2025-06-15T07:46:49.000Z</time>
      </trkpt>
      <trkpt lat="39.140714346" lon="68.469271753">
        <ele>1805.627</ele>
        <time>2025-06-15T08:00:06.000Z</time>
      </trkpt>
      <trkpt lat="39.148979341" lon="68.482799605">
        <ele>1757.741</ele>
        <time>2025-06-15T08:13:33.000Z</time>
      </trkpt>
      <trkpt lat="39.179952863" lon="68.523285119">
        <ele>1693.347</ele>
        <time>2025-06-15T08:26:45.000Z</time>
      </trkpt>
      <trkpt lat="39.186331141" lon="68.538172706">
        <ele>1670.202</ele>
        <time>2025-06-15T08:38:07.000Z</time>
      </trkpt>
      <trkpt lat="39.187917849" lon="68.542716717">
        <ele>1676.397</ele>
        <time>2025-06-15T08:51:37.000Z</time>
      </trkpt>
      <trkpt lat="39.186464385" lon="68.582227835">
        <ele>1706.01</ele>
        <time>2025-06-15T08:56:39.000Z</time>
      </trkpt>
      <trkpt lat="39.193909893" lon="68.633768476">
        <ele>1988.543</ele>
        <time>2025-06-15T09:09:20.000Z</time>
      </trkpt>
      <trkpt lat="39.156072759" lon="68.648917012">
        <ele>2362.943</ele>
        <time>2025-06-15T09:24:30.000Z</time>
      </trkpt>
      <trkpt lat="39.06102166" lon="68.706736732">
        <ele>2573.457</ele>
        <time>2025-06-15T09:47:20.000Z</time>
      </trkpt>
      <trkpt lat="39.057630673" lon="68.729826422">
        <ele>2384.477</ele>
        <time>2025-06-15T09:53:57.000Z</time>
      </trkpt>
      <trkpt lat="39.015534358" lon="68.770896035">
        <ele>2662.758</ele>
        <time>2025-06-15T10:05:29.000Z</time>
      </trkpt>
      <trkpt lat="38.921329247" lon="68.808693896">
        <ele>1528.606</ele>
        <time>2025-06-15T10:20:50.000Z</time>
      </trkpt>
      <trkpt lat="38.867677524" lon="68.835720022">
        <ele>1315.878</ele>
        <time>2025-06-15T10:34:58.000Z</time>
      </trkpt>
      <trkpt lat="38.793495403" lon="68.824406883">
        <ele>1147.417</ele>
        <time>2025-06-15T10:46:03.000Z</time>
      </trkpt>
      <trkpt lat="38.752572983" lon="68.815409749">
        <ele>1060.338</ele>
        <time>2025-06-15T10:52:07.000Z</time>
      </trkpt>
      <trkpt lat="38.684072304" lon="68.791140821">
        <ele>967.517</ele>
        <time>2025-06-15T11:03:14.000Z</time>
      </trkpt>
      <trkpt lat="38.650840824" lon="68.767925799">
        <ele>926.056</ele>
        <time>2025-06-15T11:16:06.000Z</time>
      </trkpt>
      <trkpt lat="38.616311582" lon="68.783267288">
        <ele>907.934</ele>
        <time>2025-06-15T11:21:11.000Z</time>
      </trkpt>
      <trkpt lat="38.573675557" lon="68.786236813">
        <ele>833.695</ele>
        <time>2025-06-15T11:31:05.000Z</time>
      </trkpt>
      <trkpt lat="38.567833202" lon="68.772767102">
        <ele>804</ele>
        <time>2025-06-15T11:43:53.000Z</time>
      </trkpt>
      <trkpt lat="38.583129379" lon="68.777257958">
        <ele>822.768</ele>
        <time>2025-06-17T02:53:37.000Z</time>
      </trkpt>
      <trkpt lat="38.584653544" lon="68.754592706">
        <ele>836</ele>
        <time>2025-06-17T02:58:43.000Z</time>
      </trkpt>
      <trkpt lat="38.57909584" lon="68.732354511">
        <ele>826.134</ele>
        <time>2025-06-17T03:10:21.000Z</time>
      </trkpt>
      <trkpt lat="38.583049835" lon="68.740491076">
        <ele>834.964</ele>
        <time>2025-06-17T09:22:31.000Z</time>
      </trkpt>
      <trkpt lat="38.557913555" lon="68.761896277">
        <ele>789.915</ele>
        <time>2025-06-17T09:34:10.000Z</time>
      </trkpt>
      <trkpt lat="38.560031611" lon="68.770502644">
        <ele>791.077</ele>
        <time>2025-06-17T09:40:41.000Z</time>
      </trkpt>
      <trkpt lat="38.562904925" lon="68.795677036">
        <ele>822</ele>
        <time>2025-06-17T09:47:05.000Z</time>
      </trkpt>
      <trkpt lat="38.563379184" lon="68.807251761">
        <ele>823.835</ele>
        <time>2025-06-17T09:52:10.000Z</time>
      </trkpt>
      <trkpt lat="38.566743654" lon="68.815066367">
        <ele>827.277</ele>
        <time>2025-06-17T09:57:09.000Z</time>
      </trkpt>
      <trkpt lat="38.574018053" lon="68.802891544">
        <ele>847.655</ele>
        <time>2025-06-17T10:07:32.000Z</time>
      </trkpt>
      <trkpt lat="38.580152211" lon="68.803097019">
        <ele>863.63</ele>
        <time>2025-06-17T10:19:18.000Z</time>
      </trkpt>
      <trkpt lat="38.579170861" lon="68.810836276">
        <ele>930.968</ele>
        <time>2025-06-17T10:32:56.000Z</time>
      </trkpt>
      <trkpt lat="38.578817644" lon="68.796859123">
        <ele>855.436</ele>
        <time>2025-06-18T06:01:42.000Z</time>
      </trkpt>
      <trkpt lat="38.579589644" lon="68.786723785">
        <ele>846.045</ele>
        <time>2025-06-18T06:13:25.000Z</time>
      </trkpt>
      <trkpt lat="38.594924645" lon="68.777416293">
        <ele>830</ele>
        <time>2025-06-18T06:23:42.000Z</time>
      </trkpt>
      <trkpt lat="38.559820061" lon="68.770155134">
        <ele>793.451</ele>
        <time>2025-06-18T06:56:05.000Z</time>
      </trkpt>
      <trkpt lat="38.563061385" lon="68.797010835">
        <ele>826.766</ele>
        <time>2025-06-18T07:07:43.000Z</time>
      </trkpt>
      <trkpt lat="38.557026027" lon="68.834319201">
        <ele>809.455</ele>
        <time>2025-06-18T07:18:27.000Z</time>
      </trkpt>
      <trkpt lat="38.553211395" lon="68.90368433">
        <ele>803.561</ele>
        <time>2025-06-18T07:29:49.000Z</time>
      </trkpt>
      <trkpt lat="38.554952737" lon="68.931030091">
        <ele>845.538</ele>
        <time>2025-06-18T07:38:35.000Z</time>
      </trkpt>
      <trkpt lat="38.555703666" lon="68.940618318">
        <ele>841.654</ele>
        <time>2025-06-18T07:52:09.000Z</time>
      </trkpt>
      <trkpt lat="38.556372291" lon="69.009577241">
        <ele>868.522</ele>
        <time>2025-06-18T07:59:33.000Z</time>
      </trkpt>
      <trkpt lat="38.555642616" lon="69.010688409">
        <ele>868</ele>
        <time>2025-06-18T08:07:23.000Z</time>
      </trkpt>
      <trkpt lat="38.541099709" lon="69.019336207">
        <ele>869.61</ele>
        <time>2025-06-18T08:12:41.000Z</time>
      </trkpt>
      <trkpt lat="38.502480928" lon="69.131752951">
        <ele>1134.6</ele>
        <time>2025-06-18T08:26:04.000Z</time>
      </trkpt>
      <trkpt lat="38.429241016" lon="69.211455955">
        <ele>984.475</ele>
        <time>2025-06-18T08:40:12.000Z</time>
      </trkpt>
      <trkpt lat="38.405153816" lon="69.24316619">
        <ele>684.546</ele>
        <time>2025-06-18T08:45:48.000Z</time>
      </trkpt>
      <trkpt lat="38.395557348" lon="69.238975514">
        <ele>642.323</ele>
        <time>2025-06-18T08:56:35.000Z</time>
      </trkpt>
      <trkpt lat="38.368605514" lon="69.240453343">
        <ele>859.45</ele>
        <time>2025-06-18T09:01:39.000Z</time>
      </trkpt>
      <trkpt lat="38.31332962" lon="69.260228081">
        <ele>1233.248</ele>
        <time>2025-06-18T09:12:15.000Z</time>
      </trkpt>
      <trkpt lat="38.276252858" lon="69.260934759">
        <ele>1206.016</ele>
        <time>2025-06-18T09:18:18.000Z</time>
      </trkpt>
      <trkpt lat="38.265106378" lon="69.294288327">
        <ele>997.349</ele>
        <time>2025-06-18T09:27:22.000Z</time>
      </trkpt>
      <trkpt lat="38.277669734" lon="69.305326995">
        <ele>988.108</ele>
        <time>2025-06-18T09:41:29.000Z</time>
      </trkpt>
      <trkpt lat="38.277856393" lon="69.306011479">
        <ele>981.529</ele>
        <time>2025-06-18T13:03:34.000Z</time>
      </trkpt>
      <trkpt lat="38.00324249" lon="69.322052">
        <ele>610.267</ele>
        <time>2025-06-18T14:08:25.000Z</time>
      </trkpt>
      <trkpt lat="38.277733983" lon="69.30608212">
        <ele>982.19</ele>
        <time>2025-06-18T14:22:27.000Z</time>
      </trkpt>
      <trkpt lat="38.00324249" lon="69.322052">
        <ele>610.267</ele>
        <time>2025-06-18T14:33:51.000Z</time>
      </trkpt>
      <trkpt lat="38.277877646" lon="69.30605623">
        <ele>980.112</ele>
        <time>2025-06-18T14:45:46.000Z</time>
      </trkpt>
      <trkpt lat="38.00324249" lon="69.322052">
        <ele>610.267</ele>
        <time>2025-06-18T15:17:18.000Z</time>
      </trkpt>
      <trkpt lat="38.277875595" lon="69.305955218">
        <ele>981.989</ele>
        <time>2025-06-18T15:30:53.000Z</time>
      </trkpt>
      <trkpt lat="38.00324249" lon="69.322052">
        <ele>610.267</ele>
        <time>2025-06-18T15:42:28.000Z</time>
      </trkpt>
      <trkpt lat="38.277861513" lon="69.306068039">
        <ele>980.364</ele>
        <time>2025-06-18T15:59:42.000Z</time>
      </trkpt>
      <trkpt lat="38.00324249" lon="69.322052">
        <ele>610.267</ele>
        <time>2025-06-18T16:14:05.000Z</time>
      </trkpt>
      <trkpt lat="38.277838513" lon="69.306017962">
        <ele>981.928</ele>
        <time>2025-06-18T16:19:05.000Z</time>
      </trkpt>
      <trkpt lat="38.00324249" lon="69.322052">
        <ele>610.267</ele>
        <time>2025-06-18T16:46:53.000Z</time>
      </trkpt>
      <trkpt lat="38.277848402" lon="69.305949327">
        <ele>982.878</ele>
        <time>2025-06-18T17:00:05.000Z</time>
      </trkpt>
      <trkpt lat="38.00324249" lon="69.322052">
        <ele>610.267</ele>
        <time>2025-06-18T17:41:20.000Z</time>
      </trkpt>
      <trkpt lat="38.277861985" lon="69.305957428">
        <ele>982.341</ele>
        <time>2025-06-18T17:57:44.000Z</time>
      </trkpt>
      <trkpt lat="38.277895426" lon="69.305471783">
        <ele>986.413</ele>
        <time>2025-06-19T00:41:02.000Z</time>
      </trkpt>
      <trkpt lat="38.277910663" lon="69.30594436">
        <ele>981.174</ele>
        <time>2025-06-19T00:55:03.000Z</time>
      </trkpt>
      <trkpt lat="38.00324249" lon="69.322052">
        <ele>610.267</ele>
        <time>2025-06-19T01:07:44.000Z</time>
      </trkpt>
      <trkpt lat="38.277892233" lon="69.30597215">
        <ele>981.205</ele>
        <time>2025-06-19T01:23:56.000Z</time>
      </trkpt>
      <trkpt lat="38.00324249" lon="69.322052">
        <ele>610.267</ele>
        <time>2025-06-19T02:05:59.000Z</time>
      </trkpt>
      <trkpt lat="38.277811303" lon="69.305899755">
        <ele>984.839</ele>
        <time>2025-06-19T02:15:29.000Z</time>
      </trkpt>
      <trkpt lat="38.275136405" lon="69.296943637">
        <ele>928.009</ele>
        <time>2025-06-19T02:55:17.000Z</time>
      </trkpt>
      <trkpt lat="38.242617795" lon="69.283220955">
        <ele>1111.172</ele>
        <time>2025-06-19T03:07:37.000Z</time>
      </trkpt>
      <trkpt lat="38.176572948" lon="69.289267341">
        <ele>1026.808</ele>
        <time>2025-06-19T03:16:04.000Z</time>
      </trkpt>
      <trkpt lat="38.114142385" lon="69.307738498">
        <ele>702</ele>
        <time>2025-06-19T03:23:17.000Z</time>
      </trkpt>
      <trkpt lat="38.032635868" lon="69.359252165">
        <ele>623.978</ele>
        <time>2025-06-19T03:35:11.000Z</time>
      </trkpt>
      <trkpt lat="37.91895027" lon="69.340272014">
        <ele>651.638</ele>
        <time>2025-06-19T03:51:58.000Z</time>
      </trkpt>
      <trkpt lat="37.828529949" lon="69.363074504">
        <ele>752.312</ele>
        <time>2025-06-19T04:06:34.000Z</time>
      </trkpt>
      <trkpt lat="37.735192306" lon="69.449728336">
        <ele>736.077</ele>
        <time>2025-06-19T04:22:30.000Z</time>
      </trkpt>
      <trkpt lat="37.765548443" lon="69.537592717">
        <ele>464.332</ele>
        <time>2025-06-19T04:35:50.000Z</time>
      </trkpt>
      <trkpt lat="37.797791236" lon="69.601888117">
        <ele>474.203</ele>
        <time>2025-06-19T04:49:15.000Z</time>
      </trkpt>
      <trkpt lat="37.804364325" lon="69.646303402">
        <ele>479</ele>
        <time>2025-06-19T05:43:48.000Z</time>
      </trkpt>
      <trkpt lat="37.837907326" lon="69.726108732">
        <ele>523.52</ele>
        <time>2025-06-19T05:56:22.000Z</time>
      </trkpt>
      <trkpt lat="37.896705077" lon="69.772289198">
        <ele>584.208</ele>
        <time>2025-06-19T06:10:05.000Z</time>
      </trkpt>
      <trkpt lat="37.908688286" lon="69.779909519">
        <ele>601.278</ele>
        <time>2025-06-19T06:20:48.000Z</time>
      </trkpt>
      <trkpt lat="37.900138926" lon="69.782513436">
        <ele>604.548</ele>
        <time>2025-06-19T06:30:48.000Z</time>
      </trkpt>
      <trkpt lat="37.913295631" lon="69.828164021">
        <ele>744.39</ele>
        <time>2025-06-19T06:39:54.000Z</time>
      </trkpt>
      <trkpt lat="37.897478069" lon="69.909277571">
        <ele>1076.641</ele>
        <time>2025-06-19T06:55:20.000Z</time>
      </trkpt>
      <trkpt lat="37.877876179" lon="69.976776727">
        <ele>1696.893</ele>
        <time>2025-06-19T07:06:44.000Z</time>
      </trkpt>
      <trkpt lat="37.871761545" lon="69.991475271">
        <ele>1961.059</ele>
        <time>2025-06-19T07:21:05.000Z</time>
      </trkpt>
      <trkpt lat="37.91036987" lon="69.80217742">
        <ele>657.507</ele>
        <time>2025-06-19T07:36:06.000Z</time>
      </trkpt>
      <trkpt lat="37.871989477" lon="69.991324665">
        <ele>1953.646</ele>
        <time>2025-06-19T07:50:38.000Z</time>
      </trkpt>
      <trkpt lat="37.91036987" lon="69.80217742">
        <ele>657.507</ele>
        <time>2025-06-19T08:01:59.000Z</time>
      </trkpt>
      <trkpt lat="37.871809811" lon="69.991379567">
        <ele>1958.172</ele>
        <time>2025-06-19T08:12:31.000Z</time>
      </trkpt>
      <trkpt lat="37.91036987" lon="69.80217742">
        <ele>657.507</ele>
        <time>2025-06-19T08:41:34.000Z</time>
      </trkpt>
      <trkpt lat="37.871962572" lon="69.991337238">
        <ele>1954.396</ele>
        <time>2025-06-19T08:51:58.000Z</time>
      </trkpt>
      <trkpt lat="37.91036987" lon="69.80217742">
        <ele>657.507</ele>
        <time>2025-06-19T09:02:05.000Z</time>
      </trkpt>
      <trkpt lat="37.872003898" lon="69.991361593">
        <ele>1954.284</ele>
        <time>2025-06-19T09:19:51.000Z</time>
      </trkpt>
      <trkpt lat="37.91036987" lon="69.80217742">
        <ele>657.507</ele>
        <time>2025-06-19T09:29:47.000Z</time>
      </trkpt>
      <trkpt lat="37.871738733" lon="69.991321061">
        <ele>1957.813</ele>
        <time>2025-06-19T09:41:08.000Z</time>
      </trkpt>
      <trkpt lat="37.899031239" lon="69.882334912">
        <ele>923.242</ele>
        <time>2025-06-19T09:52:13.000Z</time>
      </trkpt>
      <trkpt lat="37.86552242" lon="70.005209623">
        <ele>1951.573</ele>
        <time>2025-06-19T10:04:13.000Z</time>
      </trkpt>
      <trkpt lat="37.845094422" lon="70.046706144">
        <ele>1984.368</ele>
        <time>2025-06-19T10:20:18.000Z</time>
      </trkpt>
      <trkpt lat="37.808900808" lon="70.16240217">
        <ele>1485.319</ele>
        <time>2025-06-19T10:35:19.000Z</time>
      </trkpt>
      <trkpt lat="37.856587908" lon="70.172466208">
        <ele>915.094</ele>
        <time>2025-06-19T10:50:04.000Z</time>
      </trkpt>
      <trkpt lat="37.95021317" lon="70.184410522">
        <ele>843.454</ele>
        <time>2025-06-19T11:03:38.000Z</time>
      </trkpt>
      <trkpt lat="37.946515281" lon="70.273372165">
        <ele>884.027</ele>
        <time>2025-06-19T11:15:21.000Z</time>
      </trkpt>
      <trkpt lat="37.985970157" lon="70.288628359">
        <ele>912.873</ele>
        <time>2025-06-19T11:27:37.000Z</time>
      </trkpt>
      <trkpt lat="38.002728658" lon="70.329268372">
        <ele>1070.904</ele>
        <time>2025-06-19T11:33:18.000Z</time>
      </trkpt>
      <trkpt lat="38.010872081" lon="70.332798706">
        <ele>1065.495</ele>
        <time>2025-06-19T11:45:21.000Z</time>
      </trkpt>
      <trkpt lat="38.03070068" lon="70.35137939">
        <ele>1179.529</ele>
        <time>2025-06-19T11:56:55.000Z</time>
      </trkpt>
      <trkpt lat="38.010846414" lon="70.332772744">
        <ele>1066.148</ele>
        <time>2025-06-19T12:13:17.000Z</time>
      </trkpt>
      <trkpt lat="38.034075529" lon="70.36201883">
        <ele>1004.469</ele>
        <time>2025-06-19T12:28:06.000Z</time>
      </trkpt>
      <trkpt lat="38.038629268" lon="70.362232891">
        <ele>1025.068</ele>
        <time>2025-06-19T12:38:23.000Z</time>
      </trkpt>
      <trkpt lat="38.040299039" lon="70.363848006">
        <ele>992.753</ele>
        <time>2025-06-19T12:38:26.000Z</time>
      </trkpt>
      <trkpt lat="38.056223572" lon="70.366394747">
        <ele>983.507</ele>
        <time>2025-06-20T02:44:16.000Z</time>
      </trkpt>
      <trkpt lat="38.094145081" lon="70.425255797">
        <ele>1030.477</ele>
        <time>2025-06-20T02:54:09.000Z</time>
      </trkpt>
      <trkpt lat="38.105489066" lon="70.465970946">
        <ele>1047.869</ele>
        <time>2025-06-20T03:00:17.000Z</time>
      </trkpt>
      <trkpt lat="38.185014669" lon="70.514712241">
        <ele>1078.302</ele>
        <time>2025-06-20T03:11:57.000Z</time>
      </trkpt>
      <trkpt lat="38.286162329" lon="70.604176191">
        <ele>1137.783</ele>
        <time>2025-06-20T03:26:51.000Z</time>
      </trkpt>
      <trkpt lat="38.351812384" lon="70.62045476">
        <ele>1147.954</ele>
        <time>2025-06-20T03:37:07.000Z</time>
      </trkpt>
      <trkpt lat="38.390928581" lon="70.67245293">
        <ele>1205.438</ele>
        <time>2025-06-20T03:47:51.000Z</time>
      </trkpt>
      <trkpt lat="38.430436469" lon="70.756787647">
        <ele>1248.946</ele>
        <time>2025-06-20T03:58:32.000Z</time>
      </trkpt>
      <trkpt lat="38.454979425" lon="70.789744863">
        <ele>1260.225</ele>
        <time>2025-06-20T04:05:57.000Z</time>
      </trkpt>
      <trkpt lat="38.449252574" lon="70.818915479">
        <ele>1264.375</ele>
        <time>2025-06-20T04:11:36.000Z</time>
      </trkpt>
      <trkpt lat="38.470432398" lon="70.879641967">
        <ele>1290.429</ele>
        <time>2025-06-20T04:23:44.000Z</time>
      </trkpt>
      <trkpt lat="38.456033198" lon="70.904989293">
        <ele>1316.216</ele>
        <time>2025-06-20T04:28:52.000Z</time>
      </trkpt>
      <trkpt lat="38.439195086" lon="70.909437351">
        <ele>1314.706</ele>
        <time>2025-06-20T04:39:16.000Z</time>
      </trkpt>
      <trkpt lat="38.440011002" lon="70.933035133">
        <ele>1326.472</ele>
        <time>2025-06-20T04:54:00.000Z</time>
      </trkpt>
      <trkpt lat="38.441878804" lon="70.956739029">
        <ele>1341.052</ele>
        <time>2025-06-20T05:07:34.000Z</time>
      </trkpt>
      <trkpt lat="38.462418993" lon="70.950061502">
        <ele>1333.849</ele>
        <time>2025-06-20T05:22:16.000Z</time>
      </trkpt>
      <trkpt lat="38.488095193" lon="70.999091277">
        <ele>1356.545</ele>
        <time>2025-06-20T05:37:01.000Z</time>
      </trkpt>
      <trkpt lat="38.452732631" lon="71.024834218">
        <ele>1651.069</ele>
        <time>2025-06-20T05:43:04.000Z</time>
      </trkpt>
      <trkpt lat="38.449467795" lon="71.030069486">
        <ele>1369.953</ele>
        <time>2025-06-20T05:43:04.000Z</time>
      </trkpt>
      <trkpt lat="38.463363982" lon="71.030438572">
        <ele>1382.883</ele>
        <time>2025-06-20T05:43:06.000Z</time>
      </trkpt>
      <trkpt lat="38.463018824" lon="71.030051768">
        <ele>1367.32</ele>
        <time>2025-06-20T05:43:07.000Z</time>
      </trkpt>
      <trkpt lat="38.46296194" lon="71.030496821">
        <ele>1368.347</ele>
        <time>2025-06-20T05:43:12.000Z</time>
      </trkpt>
      <trkpt lat="38.462846099" lon="71.030899742">
        <ele>1364.757</ele>
        <time>2025-06-20T05:43:19.000Z</time>
      </trkpt>
      <trkpt lat="38.462792368" lon="71.031325787">
        <ele>1365.123</ele>
        <time>2025-06-20T05:43:28.000Z</time>
      </trkpt>
      <trkpt lat="38.462699649" lon="71.03176484">
        <ele>1364.357</ele>
        <time>2025-06-20T05:43:32.000Z</time>
      </trkpt>
      <trkpt lat="38.462486392" lon="71.032179836">
        <ele>1360.54</ele>
        <time>2025-06-20T05:43:36.000Z</time>
      </trkpt>
      <trkpt lat="38.462146159" lon="71.032430378">
        <ele>1361.538</ele>
        <time>2025-06-20T05:43:40.000Z</time>
      </trkpt>
      <trkpt lat="38.461784327" lon="71.032465587">
        <ele>1361.091</ele>
        <time>2025-06-20T05:43:43.000Z</time>
      </trkpt>
      <trkpt lat="38.461458338" lon="71.032399975">
        <ele>1361.86</ele>
        <time>2025-06-20T05:43:46.000Z</time>
      </trkpt>
      <trkpt lat="38.461136594" lon="71.032338095">
        <ele>1360.328</ele>
        <time>2025-06-20T05:43:49.000Z</time>
      </trkpt>
      <trkpt lat="38.460777917" lon="71.032270226">
        <ele>1357.188</ele>
        <time>2025-06-20T05:43:56.000Z</time>
      </trkpt>
      <trkpt lat="38.424909264" lon="71.04426018">
        <ele>1376.627</ele>
        <time>2025-06-20T05:49:36.000Z</time>
      </trkpt>
      <trkpt lat="38.399175454" lon="71.060387942">
        <ele>1426.051</ele>
        <time>2025-06-20T06:04:46.000Z</time>
      </trkpt>
      <trkpt lat="38.399250651" lon="71.06080304">
        <ele>1423.361</ele>
        <time>2025-06-20T06:04:54.000Z</time>
      </trkpt>
      <trkpt lat="38.399359286" lon="71.061223984">
        <ele>1427.139</ele>
        <time>2025-06-20T06:05:02.000Z</time>
      </trkpt>
      <trkpt lat="38.417305955" lon="71.076166884">
        <ele>1438.833</ele>
        <time>2025-06-20T06:20:03.000Z</time>
      </trkpt>
      <trkpt lat="38.42041151" lon="71.097995056">
        <ele>1532.01</ele>
        <time>2025-06-20T07:50:52.000Z</time>
      </trkpt>
      <trkpt lat="38.418485667" lon="71.111358823">
        <ele>1443.813</ele>
        <time>2025-06-20T07:54:14.000Z</time>
      </trkpt>
      <trkpt lat="38.418117111" lon="71.111389541">
        <ele>1445.783</ele>
        <time>2025-06-20T07:54:17.000Z</time>
      </trkpt>
      <trkpt lat="38.417741249" lon="71.111356094">
        <ele>1477.204</ele>
        <time>2025-06-20T07:54:20.000Z</time>
      </trkpt>
      <trkpt lat="38.417385681" lon="71.111221611">
        <ele>1462.218</ele>
        <time>2025-06-20T07:54:23.000Z</time>
      </trkpt>
      <trkpt lat="38.417028787" lon="71.111020228">
        <ele>1449.574</ele>
        <time>2025-06-20T07:54:26.000Z</time>
      </trkpt>
      <trkpt lat="38.416667615" lon="71.110778243">
        <ele>1446.583</ele>
        <time>2025-06-20T07:54:29.000Z</time>
      </trkpt>
      <trkpt lat="38.416317804" lon="71.1104902">
        <ele>1447.289</ele>
        <time>2025-06-20T07:54:32.000Z</time>
      </trkpt>
      <trkpt lat="38.401358748" lon="71.141143031">
        <ele>1543.176</ele>
        <time>2025-06-20T07:58:37.000Z</time>
      </trkpt>
      <trkpt lat="38.403759401" lon="71.14135532">
        <ele>1465.791</ele>
        <time>2025-06-20T07:59:03.000Z</time>
      </trkpt>
      <trkpt lat="38.401521523" lon="71.146284357">
        <ele>1427.933</ele>
        <time>2025-06-20T07:59:44.000Z</time>
      </trkpt>
      <trkpt lat="38.401270651" lon="71.146627605">
        <ele>1432.155</ele>
        <time>2025-06-20T07:59:47.000Z</time>
      </trkpt>
      <trkpt lat="38.401005487" lon="71.147001223">
        <ele>1438.403</ele>
        <time>2025-06-20T07:59:49.000Z</time>
      </trkpt>
      <trkpt lat="38.400737873" lon="71.147371453">
        <ele>1439.574</ele>
        <time>2025-06-20T07:59:52.000Z</time>
      </trkpt>
      <trkpt lat="38.400482012" lon="71.147730902">
        <ele>1447.773</ele>
        <time>2025-06-20T07:59:55.000Z</time>
      </trkpt>
      <trkpt lat="38.400215253" lon="71.148107992">
        <ele>1446.967</ele>
        <time>2025-06-20T07:59:58.000Z</time>
      </trkpt>
      <trkpt lat="38.399923938" lon="71.14849884">
        <ele>1446.678</ele>
        <time>2025-06-20T08:00:01.000Z</time>
      </trkpt>
      <trkpt lat="38.399633615" lon="71.148911141">
        <ele>1446.946</ele>
        <time>2025-06-20T08:00:04.000Z</time>
      </trkpt>
      <trkpt lat="38.399338811" lon="71.149329922">
        <ele>1443.724</ele>
        <time>2025-06-20T08:00:07.000Z</time>
      </trkpt>
      <trkpt lat="38.399054956" lon="71.149711459">
        <ele>1443.517</ele>
        <time>2025-06-20T08:00:10.000Z</time>
      </trkpt>
      <trkpt lat="38.398746681" lon="71.150044351">
        <ele>1449.975</ele>
        <time>2025-06-20T08:00:13.000Z</time>
      </trkpt>
      <trkpt lat="38.398422641" lon="71.150328543">
        <ele>1459.668</ele>
        <time>2025-06-20T08:00:16.000Z</time>
      </trkpt>
      <trkpt lat="38.39808003" lon="71.150523995">
        <ele>1457.634</ele>
        <time>2025-06-20T08:00:19.000Z</time>
      </trkpt>
      <trkpt lat="38.397758513" lon="71.150619076">
        <ele>1451.375</ele>
        <time>2025-06-20T08:00:22.000Z</time>
      </trkpt>
      <trkpt lat="38.397416142" lon="71.150663399">
        <ele>1466.998</ele>
        <time>2025-06-20T08:00:26.000Z</time>
      </trkpt>
      <trkpt lat="38.397057842" lon="71.150683142">
        <ele>1463.59</ele>
        <time>2025-06-20T08:00:37.000Z</time>
      </trkpt>
      <trkpt lat="38.34449576" lon="71.189203388">
        <ele>1527.013</ele>
        <time>2025-06-20T08:15:38.000Z</time>
      </trkpt>
      <trkpt lat="38.34456695" lon="71.189612831">
        <ele>1544.699</ele>
        <time>2025-06-20T08:15:40.000Z</time>
      </trkpt>
      <trkpt lat="38.344446053" lon="71.190077383">
        <ele>1534.988</ele>
        <time>2025-06-20T08:15:43.000Z</time>
      </trkpt>
      <trkpt lat="38.344474761" lon="71.190505279">
        <ele>1540.22</ele>
        <time>2025-06-20T08:15:46.000Z</time>
      </trkpt>
      <trkpt lat="38.344451585" lon="71.190966787">
        <ele>1538.036</ele>
        <time>2025-06-20T08:15:49.000Z</time>
      </trkpt>
      <trkpt lat="38.344360237" lon="71.191436496">
        <ele>1525.212</ele>
        <time>2025-06-20T08:15:52.000Z</time>
      </trkpt>
      <trkpt lat="38.344226653" lon="71.191886089">
        <ele>1520.876</ele>
        <time>2025-06-20T08:15:55.000Z</time>
      </trkpt>
      <trkpt lat="38.344067633" lon="71.192315474">
        <ele>1516.104</ele>
        <time>2025-06-20T08:15:58.000Z</time>
      </trkpt>
      <trkpt lat="38.32260848" lon="71.237605025">
        <ele>1659.963</ele>
        <time>2025-06-20T08:30:38.000Z</time>
      </trkpt>
      <trkpt lat="38.315117859" lon="71.249261866">
        <ele>1588.798</ele>
        <time>2025-06-20T08:32:43.000Z</time>
      </trkpt>
      <trkpt lat="38.310054601" lon="71.312911576">
        <ele>1576.637</ele>
        <time>2025-06-20T08:49:48.000Z</time>
      </trkpt>
      <trkpt lat="38.309889897" lon="71.313482802">
        <ele>1577.489</ele>
        <time>2025-06-20T08:49:52.000Z</time>
      </trkpt>
      <trkpt lat="38.309652689" lon="71.31389779">
        <ele>1573.649</ele>
        <time>2025-06-20T08:49:55.000Z</time>
      </trkpt>
      <trkpt lat="38.309398131" lon="71.314333398">
        <ele>1572.534</ele>
        <time>2025-06-20T08:49:58.000Z</time>
      </trkpt>
      <trkpt lat="38.309100068" lon="71.314755817">
        <ele>1573.933</ele>
        <time>2025-06-20T08:50:01.000Z</time>
      </trkpt>
      <trkpt lat="38.308738047" lon="71.3151252">
        <ele>1574.755</ele>
        <time>2025-06-20T08:50:04.000Z</time>
      </trkpt>
      <trkpt lat="38.308361807" lon="71.315455087">
        <ele>1568.624</ele>
        <time>2025-06-20T08:50:07.000Z</time>
      </trkpt>
      <trkpt lat="38.308003188" lon="71.315787468">
        <ele>1566.202</ele>
        <time>2025-06-20T08:50:10.000Z</time>
      </trkpt>
      <trkpt lat="38.3121323" lon="71.289757514">
        <ele>1562.401</ele>
        <time>2025-06-20T08:55:10.000Z</time>
      </trkpt>
      <trkpt lat="38.304752343" lon="71.323100293">
        <ele>1527.689</ele>
        <time>2025-06-20T09:00:11.000Z</time>
      </trkpt>
      <trkpt lat="38.294799076" lon="71.339836679">
        <ele>1552.346</ele>
        <time>2025-06-20T09:00:12.000Z</time>
      </trkpt>
      <trkpt lat="38.27802092" lon="71.338763584">
        <ele>1646.216</ele>
        <time>2025-06-20T09:13:15.000Z</time>
      </trkpt>
      <trkpt lat="38.267600352" lon="71.365250956">
        <ele>1581.39</ele>
        <time>2025-06-20T09:23:07.000Z</time>
      </trkpt>
      <trkpt lat="38.267470024" lon="71.365661243">
        <ele>1605.312</ele>
        <time>2025-06-20T09:23:16.000Z</time>
      </trkpt>
      <trkpt lat="38.267229882" lon="71.365947041">
        <ele>1576.347</ele>
        <time>2025-06-20T09:23:24.000Z</time>
      </trkpt>
      <trkpt lat="38.247522293" lon="71.374183288">
        <ele>1616.207</ele>
        <time>2025-06-20T09:36:39.000Z</time>
      </trkpt>
      <trkpt lat="38.206013129" lon="71.375630487">
        <ele>1691.145</ele>
        <time>2025-06-20T09:52:04.000Z</time>
      </trkpt>
      <trkpt lat="38.20585542" lon="71.375184224">
        <ele>1683.166</ele>
        <time>2025-06-20T09:52:12.000Z</time>
      </trkpt>
      <trkpt lat="38.205648361" lon="71.374763427">
        <ele>1670.233</ele>
        <time>2025-06-20T09:52:17.000Z</time>
      </trkpt>
      <trkpt lat="38.205468632" lon="71.374409388">
        <ele>1678.803</ele>
        <time>2025-06-20T09:52:21.000Z</time>
      </trkpt>
      <trkpt lat="38.188242477" lon="71.371892055">
        <ele>1614.581</ele>
        <time>2025-06-20T10:15:22.000Z</time>
      </trkpt>
      <trkpt lat="38.14899778" lon="71.364129913">
        <ele>1614.519</ele>
        <time>2025-06-20T10:29:15.000Z</time>
      </trkpt>
      <trkpt lat="38.148839087" lon="71.363672107">
        <ele>1616.154</ele>
        <time>2025-06-20T10:29:20.000Z</time>
      </trkpt>
      <trkpt lat="38.148692434" lon="71.363250465">
        <ele>1619.625</ele>
        <time>2025-06-20T10:29:25.000Z</time>
      </trkpt>
      <trkpt lat="38.148546834" lon="71.362818063">
        <ele>1620.14</ele>
        <time>2025-06-20T10:29:31.000Z</time>
      </trkpt>
      <trkpt lat="38.124034272" lon="71.340215009">
        <ele>1638.573</ele>
        <time>2025-06-20T10:34:35.000Z</time>
      </trkpt>
      <trkpt lat="38.104865527" lon="71.328301363">
        <ele>1708.446</ele>
        <time>2025-06-20T10:53:32.000Z</time>
      </trkpt>
      <trkpt lat="38.10493163" lon="71.327806259">
        <ele>1679.543</ele>
        <time>2025-06-20T10:53:34.000Z</time>
      </trkpt>
      <trkpt lat="37.912434507" lon="71.388937617">
        <ele>1969.959</ele>
        <time>2025-06-20T13:36:04.000Z</time>
      </trkpt>
      <trkpt lat="37.921682369" lon="71.416389879">
        <ele>1974.109</ele>
        <time>2025-06-21T03:56:13.000Z</time>
      </trkpt>
      <trkpt lat="37.93074403" lon="71.440703914">
        <ele>1971</ele>
        <time>2025-06-21T04:09:43.000Z</time>
      </trkpt>
      <trkpt lat="37.948799579" lon="71.47391922">
        <ele>1975.749</ele>
        <time>2025-06-21T04:24:23.000Z</time>
      </trkpt>
      <trkpt lat="37.950826932" lon="71.483280294">
        <ele>1975.271</ele>
        <time>2025-06-21T04:34:32.000Z</time>
      </trkpt>
      <trkpt lat="37.957971737" lon="71.505961022">
        <ele>1996.616</ele>
        <time>2025-06-21T05:04:58.000Z</time>
      </trkpt>
      <trkpt lat="37.952893282" lon="71.541469058">
        <ele>1981.735</ele>
        <time>2025-06-21T05:19:02.000Z</time>
      </trkpt>
      <trkpt lat="37.946911458" lon="71.570779212">
        <ele>1981.158</ele>
        <time>2025-06-21T05:30:38.000Z</time>
      </trkpt>
      <trkpt lat="37.940794916" lon="71.597924026">
        <ele>1991.29</ele>
        <time>2025-06-21T05:41:56.000Z</time>
      </trkpt>
      <trkpt lat="37.929458143" lon="71.596029914">
        <ele>1984.035</ele>
        <time>2025-06-21T05:47:08.000Z</time>
      </trkpt>
      <trkpt lat="37.926675786" lon="71.602059974">
        <ele>1985.766</ele>
        <time>2025-06-21T05:59:57.000Z</time>
      </trkpt>
      <trkpt lat="37.946086009" lon="71.582782232">
        <ele>1979.047</ele>
        <time>2025-06-21T07:32:09.000Z</time>
      </trkpt>
      <trkpt lat="37.947480317" lon="71.557709631">
        <ele>2001.347</ele>
        <time>2025-06-21T07:44:48.000Z</time>
      </trkpt>
      <trkpt lat="37.946178331" lon="71.580005698">
        <ele>1984.705</ele>
        <time>2025-06-21T07:58:31.000Z</time>
      </trkpt>
      <trkpt lat="37.938274033" lon="71.600217025">
        <ele>2000.594</ele>
        <time>2025-06-21T08:13:39.000Z</time>
      </trkpt>
      <trkpt lat="37.96276724" lon="71.622443304">
        <ele>2020.231</ele>
        <time>2025-06-21T08:29:28.000Z</time>
      </trkpt>
      <trkpt lat="37.980973408" lon="71.644228712">
        <ele>2021.793</ele>
        <time>2025-06-21T08:42:50.000Z</time>
      </trkpt>
      <trkpt lat="37.991217382" lon="71.64964847">
        <ele>2033.922</ele>
        <time>2025-06-21T08:48:43.000Z</time>
      </trkpt>
      <trkpt lat="38.002322263" lon="71.662769871">
        <ele>2035.119</ele>
        <time>2025-06-21T08:58:26.000Z</time>
      </trkpt>
      <trkpt lat="38.005381222" lon="71.681984793">
        <ele>2053.655</ele>
        <time>2025-06-21T09:11:13.000Z</time>
      </trkpt>
      <trkpt lat="38.004184432" lon="71.688260602">
        <ele>2048.361</ele>
        <time>2025-06-21T09:26:46.000Z</time>
      </trkpt>
      <trkpt lat="37.991490522" lon="71.708299319">
        <ele>2059.312</ele>
        <time>2025-06-21T09:36:47.000Z</time>
      </trkpt>
      <trkpt lat="37.974707689" lon="71.726112831">
        <ele>2057.462</ele>
        <time>2025-06-21T09:51:05.000Z</time>
      </trkpt>
      <trkpt lat="37.997384904" lon="71.748158845">
        <ele>2079.024</ele>
        <time>2025-06-21T10:09:07.000Z</time>
      </trkpt>
      <trkpt lat="37.998576162" lon="71.749723653">
        <ele>2084.839</ele>
        <time>2025-06-22T16:51:21.000Z</time>
      </trkpt>
      <trkpt lat="37.983504371" lon="71.74104494">
        <ele>2078.254</ele>
        <time>2025-06-23T01:29:19.000Z</time>
      </trkpt>
      <trkpt lat="37.978827772" lon="71.720253127">
        <ele>2042.317</ele>
        <time>2025-06-23T01:43:42.000Z</time>
      </trkpt>
      <trkpt lat="37.994153702" lon="71.69928976">
        <ele>2036.807</ele>
        <time>2025-06-23T01:56:49.000Z</time>
      </trkpt>
      <trkpt lat="38.00485248" lon="71.687796967">
        <ele>2026.648</ele>
        <time>2025-06-23T02:03:20.000Z</time>
      </trkpt>
      <trkpt lat="38.005837763" lon="71.670395874">
        <ele>2037.464</ele>
        <time>2025-06-23T02:11:36.000Z</time>
      </trkpt>
      <trkpt lat="38.006322277" lon="71.670282837">
        <ele>2041.303</ele>
        <time>2025-06-23T02:26:43.000Z</time>
      </trkpt>
      <trkpt lat="37.990716883" lon="71.649619239">
        <ele>2049.459</ele>
        <time>2025-06-23T02:56:53.000Z</time>
      </trkpt>
      <trkpt lat="37.974190783" lon="71.63697564">
        <ele>2031.74</ele>
        <time>2025-06-23T03:05:18.000Z</time>
      </trkpt>
      <trkpt lat="37.955546064" lon="71.616326421">
        <ele>2013.171</ele>
        <time>2025-06-23T03:11:38.000Z</time>
      </trkpt>
      <trkpt lat="37.927901559" lon="71.597787321">
        <ele>1981.044</ele>
        <time>2025-06-23T03:20:46.000Z</time>
      </trkpt>
      <trkpt lat="37.92832049" lon="71.601680143">
        <ele>1984.954</ele>
        <time>2025-06-23T03:26:45.000Z</time>
      </trkpt>
      <trkpt lat="37.893790011" lon="71.588222813">
        <ele>2006.351</ele>
        <time>2025-06-23T04:51:09.000Z</time>
      </trkpt>
      <trkpt lat="37.858698084" lon="71.594051253">
        <ele>2000.366</ele>
        <time>2025-06-23T05:05:35.000Z</time>
      </trkpt>
      <trkpt lat="37.829926609" lon="71.58914201">
        <ele>2003.923</ele>
        <time>2025-06-23T05:17:32.000Z</time>
      </trkpt>
      <trkpt lat="37.79421093" lon="71.585372074">
        <ele>2011.008</ele>
        <time>2025-06-23T05:32:30.000Z</time>
      </trkpt>
      <trkpt lat="37.768773171" lon="71.541900979">
        <ele>2026.78</ele>
        <time>2025-06-23T05:48:58.000Z</time>
      </trkpt>
      <trkpt lat="37.743806554" lon="71.548253566">
        <ele>2035.511</ele>
        <time>2025-06-23T05:59:21.000Z</time>
      </trkpt>
      <trkpt lat="37.714794293" lon="71.553787066">
        <ele>2045.007</ele>
        <time>2025-06-23T06:13:44.000Z</time>
      </trkpt>
      <trkpt lat="37.670611094" lon="71.531149254">
        <ele>2049.373</ele>
        <time>2025-06-23T06:25:37.000Z</time>
      </trkpt>
      <trkpt lat="37.628656292" lon="71.525314267">
        <ele>2044.273</ele>
        <time>2025-06-23T06:35:53.000Z</time>
      </trkpt>
      <trkpt lat="37.606393549" lon="71.516000901">
        <ele>2072.536</ele>
        <time>2025-06-23T06:40:52.000Z</time>
      </trkpt>
      <trkpt lat="37.566299625" lon="71.507920241">
        <ele>2077.243</ele>
        <time>2025-06-23T06:50:54.000Z</time>
      </trkpt>
      <trkpt lat="37.495755174" lon="71.521186161">
        <ele>2087.476</ele>
        <time>2025-06-23T07:05:37.000Z</time>
      </trkpt>
      <trkpt lat="37.490538117" lon="71.53405359">
        <ele>2080.03</ele>
        <time>2025-06-23T07:16:22.000Z</time>
      </trkpt>
      <trkpt lat="37.490731211" lon="71.537049004">
        <ele>2080.695</ele>
        <time>2025-06-23T07:24:21.000Z</time>
      </trkpt>
      <trkpt lat="37.492389428" lon="71.551862955">
        <ele>2092.497</ele>
        <time>2025-06-23T07:35:49.000Z</time>
      </trkpt>
      <trkpt lat="37.487705633" lon="71.586823738">
        <ele>2151.419</ele>
        <time>2025-06-23T07:46:06.000Z</time>
      </trkpt>
      <trkpt lat="37.490708295" lon="71.574584114">
        <ele>2107.779</ele>
        <time>2025-06-23T10:47:26.000Z</time>
      </trkpt>
      <trkpt lat="37.492527998" lon="71.553196956">
        <ele>2094.643</ele>
        <time>2025-06-23T10:55:22.000Z</time>
      </trkpt>
      <trkpt lat="37.491736477" lon="71.543922024">
        <ele>2088.503</ele>
        <time>2025-06-23T11:17:23.000Z</time>
      </trkpt>
      <trkpt lat="37.490642956" lon="71.536191759">
        <ele>2079.377</ele>
        <time>2025-06-23T11:22:35.000Z</time>
      </trkpt>
      <trkpt lat="37.491230074" lon="71.527585622">
        <ele>2081.439</ele>
        <time>2025-06-23T11:27:40.000Z</time>
      </trkpt>
      <trkpt lat="37.48406955" lon="71.537254723">
        <ele>2134.781</ele>
        <time>2025-06-23T11:42:14.000Z</time>
      </trkpt>
      <trkpt lat="37.488862285" lon="71.558224867">
        <ele>2113.927</ele>
        <time>2025-06-23T11:52:49.000Z</time>
      </trkpt>
      <trkpt lat="37.488669771" lon="71.570142901">
        <ele>2115.852</ele>
        <time>2025-06-23T11:59:00.000Z</time>
      </trkpt>
      <trkpt lat="37.4879933" lon="71.553365588">
        <ele>2109.134</ele>
        <time>2025-06-23T12:19:31.000Z</time>
      </trkpt>
      <trkpt lat="37.479986935" lon="71.528981952">
        <ele>2128.758</ele>
        <time>2025-06-23T12:26:01.000Z</time>
      </trkpt>
      <trkpt lat="37.465217139" lon="71.521860597">
        <ele>2087.352</ele>
        <time>2025-06-23T12:31:21.000Z</time>
      </trkpt>
      <trkpt lat="37.45318383" lon="71.50643304">
        <ele>2092.229</ele>
        <time>2025-06-23T12:38:31.000Z</time>
      </trkpt>
      <trkpt lat="37.412992411" lon="71.498619493">
        <ele>2095.228</ele>
        <time>2025-06-23T12:48:55.000Z</time>
      </trkpt>
      <trkpt lat="37.387982514" lon="71.477182126">
        <ele>2125.38</ele>
        <time>2025-06-23T13:03:16.000Z</time>
      </trkpt>
      <trkpt lat="37.356611939" lon="71.493663202">
        <ele>2250.064</ele>
        <time>2025-06-23T13:20:33.000Z</time>
      </trkpt>
      <trkpt lat="37.342132683" lon="71.490153969">
        <ele>2166.528</ele>
        <time>2025-06-23T13:35:18.000Z</time>
      </trkpt>
      <trkpt lat="37.316775472" lon="71.506061587">
        <ele>2172.927</ele>
        <time>2025-06-24T05:25:33.000Z</time>
      </trkpt>
      <trkpt lat="37.29952611" lon="71.493599172">
        <ele>2197.693</ele>
        <time>2025-06-24T05:39:07.000Z</time>
      </trkpt>
      <trkpt lat="37.261312894" lon="71.487177573">
        <ele>2239.496</ele>
        <time>2025-06-24T05:53:49.000Z</time>
      </trkpt>
      <trkpt lat="37.237672617" lon="71.484211079">
        <ele>2278.959</ele>
        <time>2025-06-24T06:04:33.000Z</time>
      </trkpt>
      <trkpt lat="37.227563532" lon="71.480410248">
        <ele>2373.048</ele>
        <time>2025-06-24T06:16:57.000Z</time>
      </trkpt>
      <trkpt lat="37.226046324" lon="71.478638062">
        <ele>2407.573</ele>
        <time>2025-06-24T06:40:02.000Z</time>
      </trkpt>
      <trkpt lat="37.237411975" lon="71.481680208">
        <ele>2263.911</ele>
        <time>2025-06-24T06:46:48.000Z</time>
      </trkpt>
      <trkpt lat="37.226153989" lon="71.478573102">
        <ele>2407.284</ele>
        <time>2025-06-24T06:47:08.000Z</time>
      </trkpt>
      <trkpt lat="37.248813298" lon="71.484902318">
        <ele>2258.385</ele>
        <time>2025-06-24T07:17:32.000Z</time>
      </trkpt>
      <trkpt lat="37.226221452" lon="71.478566232">
        <ele>2406.549</ele>
        <time>2025-06-24T07:22:36.000Z</time>
      </trkpt>
      <trkpt lat="37.236020513" lon="71.481296214">
        <ele>2261.74</ele>
        <time>2025-06-24T07:45:52.000Z</time>
      </trkpt>
      <trkpt lat="37.226152904" lon="71.478604811">
        <ele>2407.507</ele>
        <time>2025-06-24T07:51:00.000Z</time>
      </trkpt>
      <trkpt lat="37.250557094" lon="71.485386785">
        <ele>2258.389</ele>
        <time>2025-06-24T08:01:13.000Z</time>
      </trkpt>
      <trkpt lat="37.226257944" lon="71.478498171">
        <ele>2405.816</ele>
        <time>2025-06-24T08:13:35.000Z</time>
      </trkpt>
      <trkpt lat="37.248969046" lon="71.484941104">
        <ele>2259.926</ele>
        <time>2025-06-24T09:40:41.000Z</time>
      </trkpt>
      <trkpt lat="37.226139087" lon="71.478577845">
        <ele>2407.47</ele>
        <time>2025-06-24T09:48:45.000Z</time>
      </trkpt>
      <trkpt lat="37.250595093" lon="71.485397339">
        <ele>2258.349</ele>
        <time>2025-06-24T10:03:06.000Z</time>
      </trkpt>
      <trkpt lat="37.226149044" lon="71.478516357">
        <ele>2406.955</ele>
        <time>2025-06-24T10:09:09.000Z</time>
      </trkpt>
      <trkpt lat="37.225820308" lon="71.478772385">
        <ele>2405.745</ele>
        <time>2025-06-24T10:43:59.000Z</time>
      </trkpt>
      <trkpt lat="37.226208607" lon="71.478560864">
        <ele>2406.649</ele>
        <time>2025-06-24T10:59:43.000Z</time>
      </trkpt>
      <trkpt lat="37.250595093" lon="71.485397339">
        <ele>2258.349</ele>
        <time>2025-06-24T11:51:56.000Z</time>
      </trkpt>
      <trkpt lat="37.226174128" lon="71.478537212">
        <ele>2406.848</ele>
        <time>2025-06-24T12:05:55.000Z</time>
      </trkpt>
      <trkpt lat="37.22655037" lon="71.478393059">
        <ele>2402.471</ele>
        <time>2025-06-24T13:03:49.000Z</time>
      </trkpt>
      <trkpt lat="37.226198137" lon="71.478542313">
        <ele>2406.642</ele>
        <time>2025-06-24T13:20:04.000Z</time>
      </trkpt>
      <trkpt lat="37.225856632" lon="71.478404824">
        <ele>2407.64</ele>
        <time>2025-06-24T13:46:28.000Z</time>
      </trkpt>
      <trkpt lat="37.226134189" lon="71.478635252">
        <ele>2407.591</ele>
        <time>2025-06-24T14:43:28.000Z</time>
      </trkpt>
      <trkpt lat="37.249870896" lon="71.48519425">
        <ele>2262.049</ele>
        <time>2025-06-24T15:40:14.000Z</time>
      </trkpt>
      <trkpt lat="37.226171281" lon="71.478514432">
        <ele>2406.729</ele>
        <time>2025-06-24T15:50:42.000Z</time>
      </trkpt>
      <trkpt lat="37.248619592" lon="71.484838609">
        <ele>2255.366</ele>
        <time>2025-06-24T15:57:09.000Z</time>
      </trkpt>
      <trkpt lat="37.226136397" lon="71.478600431">
        <ele>2407.654</ele>
        <time>2025-06-24T16:04:30.000Z</time>
      </trkpt>
      <trkpt lat="37.250595093" lon="71.485397339">
        <ele>2258.349</ele>
        <time>2025-06-24T17:21:42.000Z</time>
      </trkpt>
      <trkpt lat="37.226246425" lon="71.478503909">
        <ele>2405.955</ele>
        <time>2025-06-24T17:36:19.000Z</time>
      </trkpt>
      <trkpt lat="37.250595093" lon="71.485397339">
        <ele>2258.349</ele>
        <time>2025-06-24T22:14:56.000Z</time>
      </trkpt>
      <trkpt lat="37.226292584" lon="71.47827303">
        <ele>2403.9</ele>
        <time>2025-06-24T22:26:07.000Z</time>
      </trkpt>
      <trkpt lat="37.250595093" lon="71.485397339">
        <ele>2258.349</ele>
        <time>2025-06-25T01:16:55.000Z</time>
      </trkpt>
      <trkpt lat="37.226235255" lon="71.478545216">
        <ele>2406.291</ele>
        <time>2025-06-25T01:22:11.000Z</time>
      </trkpt>
      <trkpt lat="37.228001523" lon="71.480949808">
        <ele>2357.894</ele>
        <time>2025-06-25T04:03:17.000Z</time>
      </trkpt>
      <trkpt lat="37.22364284" lon="71.467777046">
        <ele>2276.989</ele>
        <time>2025-06-25T04:19:34.000Z</time>
      </trkpt>
      <trkpt lat="37.18892205" lon="71.463192178">
        <ele>2287.682</ele>
        <time>2025-06-25T04:34:35.000Z</time>
      </trkpt>
      <trkpt lat="37.164867612" lon="71.447441642">
        <ele>2297.41</ele>
        <time>2025-06-25T04:49:34.000Z</time>
      </trkpt>
      <trkpt lat="37.124550912" lon="71.444769447">
        <ele>2340.874</ele>
        <time>2025-06-25T05:04:35.000Z</time>
      </trkpt>
      <trkpt lat="37.095321114" lon="71.443640431">
        <ele>2354.393</ele>
        <time>2025-06-25T05:18:40.000Z</time>
      </trkpt>
      <trkpt lat="37.051183992" lon="71.439746948">
        <ele>2381.556</ele>
        <time>2025-06-25T05:34:34.000Z</time>
      </trkpt>
      <trkpt lat="37.009769602" lon="71.464919743">
        <ele>2384.934</ele>
        <time>2025-06-25T05:47:43.000Z</time>
      </trkpt>
      <trkpt lat="36.973339024" lon="71.46909067">
        <ele>2440.138</ele>
        <time>2025-06-25T06:01:12.000Z</time>
      </trkpt>
      <trkpt lat="36.924074842" lon="71.492068329">
        <ele>2442.039</ele>
        <time>2025-06-25T06:19:34.000Z</time>
      </trkpt>
      <trkpt lat="36.894427743" lon="71.521713699">
        <ele>2449.317</ele>
        <time>2025-06-25T06:29:41.000Z</time>
      </trkpt>
      <trkpt lat="36.873943136" lon="71.529977353">
        <ele>2448.243</ele>
        <time>2025-06-25T06:35:32.000Z</time>
      </trkpt>
      <trkpt lat="36.838553682" lon="71.547373315">
        <ele>2459.933</ele>
        <time>2025-06-25T06:45:58.000Z</time>
      </trkpt>
      <trkpt lat="36.821285469" lon="71.5520666">
        <ele>2458.883</ele>
        <time>2025-06-25T06:51:03.000Z</time>
      </trkpt>
      <trkpt lat="36.795956413" lon="71.568088895">
        <ele>2498.012</ele>
        <time>2025-06-25T07:11:45.000Z</time>
      </trkpt>
      <trkpt lat="36.769307713" lon="71.570385073">
        <ele>2488.507</ele>
        <time>2025-06-26T03:59:23.000Z</time>
      </trkpt>
      <trkpt lat="36.74701814" lon="71.581055259">
        <ele>2490.386</ele>
        <time>2025-06-26T04:07:30.000Z</time>
      </trkpt>
      <trkpt lat="36.727079586" lon="71.612706213">
        <ele>2536.485</ele>
        <time>2025-06-26T04:14:35.000Z</time>
      </trkpt>
      <trkpt lat="36.7075706" lon="71.641905852">
        <ele>2616.687</ele>
        <time>2025-06-26T04:21:33.000Z</time>
      </trkpt>
      <trkpt lat="36.687595659" lon="71.669488679">
        <ele>2561.449</ele>
        <time>2025-06-26T04:28:12.000Z</time>
      </trkpt>
      <trkpt lat="36.677041758" lon="71.738739937">
        <ele>2565.012</ele>
        <time>2025-06-26T04:53:02.000Z</time>
      </trkpt>
      <trkpt lat="36.680438992" lon="71.754275418">
        <ele>2586.934</ele>
        <time>2025-06-26T05:14:55.000Z</time>
      </trkpt>
      <trkpt lat="36.680672961" lon="71.793838119">
        <ele>2618.711</ele>
        <time>2025-06-26T05:22:37.000Z</time>
      </trkpt>
      <trkpt lat="36.690711444" lon="71.851741187">
        <ele>2646.606</ele>
        <time>2025-06-26T05:32:42.000Z</time>
      </trkpt>
      <trkpt lat="36.723405644" lon="71.892130394">
        <ele>2656.894</ele>
        <time>2025-06-26T05:41:23.000Z</time>
      </trkpt>
      <trkpt lat="36.741254209" lon="71.911198916">
        <ele>2659.551</ele>
        <time>2025-06-26T05:46:26.000Z</time>
      </trkpt>
      <trkpt lat="36.753415169" lon="71.945414437">
        <ele>2663.936</ele>
        <time>2025-06-26T05:54:28.000Z</time>
      </trkpt>
      <trkpt lat="36.765369442" lon="71.966038547">
        <ele>2685.73</ele>
        <time>2025-06-26T06:00:59.000Z</time>
      </trkpt>
      <trkpt lat="36.805214047" lon="72.010994697">
        <ele>2717.906</ele>
        <time>2025-06-26T06:05:57.000Z</time>
      </trkpt>
      <trkpt lat="36.824329036" lon="72.044218741">
        <ele>2718.707</ele>
        <time>2025-06-26T06:23:10.000Z</time>
      </trkpt>
      <trkpt lat="36.836703174" lon="72.059257137">
        <ele>2725.772</ele>
        <time>2025-06-26T06:28:32.000Z</time>
      </trkpt>
      <trkpt lat="36.879121815" lon="72.124987459">
        <ele>2902.254</ele>
        <time>2025-06-26T06:54:10.000Z</time>
      </trkpt>
      <trkpt lat="36.896207674" lon="72.149980894">
        <ele>2858.352</ele>
        <time>2025-06-26T07:04:06.000Z</time>
      </trkpt>
      <trkpt lat="36.957824243" lon="72.261713771">
        <ele>2751.335</ele>
        <time>2025-06-26T07:54:44.000Z</time>
      </trkpt>
      <trkpt lat="36.957446812" lon="72.261879221">
        <ele>2750.574</ele>
        <time>2025-06-26T08:09:37.000Z</time>
      </trkpt>
      <trkpt lat="36.974918428" lon="72.301170062">
        <ele>2761.083</ele>
        <time>2025-06-26T08:38:26.000Z</time>
      </trkpt>
      <trkpt lat="36.990313461" lon="72.334566625">
        <ele>2763.08</ele>
        <time>2025-06-26T08:51:26.000Z</time>
      </trkpt>
      <trkpt lat="37.003746034" lon="72.372181698">
        <ele>2783.707</ele>
        <time>2025-06-26T09:04:56.000Z</time>
      </trkpt>
      <trkpt lat="37.008953833" lon="72.411880063">
        <ele>2778.86</ele>
        <time>2025-06-26T09:17:33.000Z</time>
      </trkpt>
      <trkpt lat="37.007496748" lon="72.442353079">
        <ele>2775.401</ele>
        <time>2025-06-26T09:32:42.000Z</time>
      </trkpt>
      <trkpt lat="37.005942752" lon="72.457250995">
        <ele>2788.695</ele>
        <time>2025-06-26T09:47:05.000Z</time>
      </trkpt>
      <trkpt lat="37.006164528" lon="72.489504637">
        <ele>2783.507</ele>
        <time>2025-06-26T10:00:35.000Z</time>
      </trkpt>
      <trkpt lat="37.004111936" lon="72.53271179">
        <ele>2784.278</ele>
        <time>2025-06-26T10:13:55.000Z</time>
      </trkpt>
      <trkpt lat="37.009817665" lon="72.568679582">
        <ele>2793.489</ele>
        <time>2025-06-26T10:27:40.000Z</time>
      </trkpt>
      <trkpt lat="37.028705115" lon="72.619318415">
        <ele>2788.792</ele>
        <time>2025-06-26T10:40:28.000Z</time>
      </trkpt>
      <trkpt lat="37.021952744" lon="72.586684391">
        <ele>2810.084</ele>
        <time>2025-06-26T10:40:30.000Z</time>
      </trkpt>
      <trkpt lat="37.028792985" lon="72.618722236">
        <ele>2792.048</ele>
        <time>2025-06-26T11:36:48.000Z</time>
      </trkpt>
      <trkpt lat="37.038037439" lon="72.650790986">
        <ele>2803.86</ele>
        <time>2025-06-27T05:38:04.000Z</time>
      </trkpt>
      <trkpt lat="37.05661512" lon="72.680138033">
        <ele>2878.966</ele>
        <time>2025-06-27T05:51:55.000Z</time>
      </trkpt>
      <trkpt lat="37.063221778" lon="72.682312802">
        <ele>3036.097</ele>
        <time>2025-06-27T06:05:26.000Z</time>
      </trkpt>
      <trkpt lat="37.075340902" lon="72.692898428">
        <ele>3073.886</ele>
        <time>2025-06-27T06:20:10.000Z</time>
      </trkpt>
      <trkpt lat="37.090801137" lon="72.704903277">
        <ele>3216.434</ele>
        <time>2025-06-27T06:34:56.000Z</time>
      </trkpt>
      <trkpt lat="37.107359874" lon="72.718721274">
        <ele>3291.111</ele>
        <time>2025-06-27T06:49:19.000Z</time>
      </trkpt>
      <trkpt lat="37.127255201" lon="72.728251582">
        <ele>3415.132</ele>
        <time>2025-06-27T07:02:50.000Z</time>
      </trkpt>
      <trkpt lat="37.134015423" lon="72.726779778">
        <ele>3445.941</ele>
        <time>2025-06-27T07:17:36.000Z</time>
      </trkpt>
      <trkpt lat="37.132038209" lon="72.732481007">
        <ele>3442.305</ele>
        <time>2025-06-27T10:24:24.000Z</time>
      </trkpt>
      <trkpt lat="37.136288546" lon="72.734264927">
        <ele>3462.826</ele>
        <time>2025-06-27T10:37:52.000Z</time>
      </trkpt>
      <trkpt lat="37.14173716" lon="72.737911558">
        <ele>3489.729</ele>
        <time>2025-06-29T05:09:35.000Z</time>
      </trkpt>
      <trkpt lat="37.163210423" lon="72.74433285">
        <ele>3501.308</ele>
        <time>2025-06-29T05:24:42.000Z</time>
      </trkpt>
      <trkpt lat="37.17197732" lon="72.739402332">
        <ele>3535.511</ele>
        <time>2025-06-29T05:51:51.000Z</time>
      </trkpt>
      <trkpt lat="37.16560087" lon="72.750318288">
        <ele>3545.804</ele>
        <time>2025-06-29T07:02:08.000Z</time>
      </trkpt>
      <trkpt lat="37.202629074" lon="72.772422674">
        <ele>3601.203</ele>
        <time>2025-06-29T07:17:15.000Z</time>
      </trkpt>
      <trkpt lat="37.222923474" lon="72.79565409">
        <ele>3568.147</ele>
        <time>2025-06-29T07:30:45.000Z</time>
      </trkpt>
      <trkpt lat="37.231934951" lon="72.813638495">
        <ele>3469.281</ele>
        <time>2025-06-29T07:38:05.000Z</time>
      </trkpt>
      <trkpt lat="37.234394502" lon="72.839274221">
        <ele>3483.833</ele>
        <time>2025-06-29T07:51:01.000Z</time>
      </trkpt>
      <trkpt lat="37.270867337" lon="72.92426318">
        <ele>3609.587</ele>
        <time>2025-06-29T08:19:51.000Z</time>
      </trkpt>
      <trkpt lat="37.287817674" lon="72.945782302">
        <ele>3627.681</ele>
        <time>2025-06-29T08:33:07.000Z</time>
      </trkpt>
      <trkpt lat="37.301044157" lon="72.992878743">
        <ele>3647.638</ele>
        <time>2025-06-29T08:48:15.000Z</time>
      </trkpt>
      <trkpt lat="37.308593025" lon="73.029109519">
        <ele>3685.03</ele>
        <time>2025-06-29T09:01:45.000Z</time>
      </trkpt>
      <trkpt lat="37.317670676" lon="73.064636262">
        <ele>3763.107</ele>
        <time>2025-06-29T09:14:37.000Z</time>
      </trkpt>
      <trkpt lat="37.344314184" lon="73.094540281">
        <ele>3819.221</ele>
        <time>2025-06-29T09:29:21.000Z</time>
      </trkpt>
      <trkpt lat="37.375296673" lon="73.114317096">
        <ele>3887.279</ele>
        <time>2025-06-29T09:44:05.000Z</time>
      </trkpt>
      <trkpt lat="37.382325778" lon="73.119150714">
        <ele>3912.082</ele>
        <time>2025-06-29T09:58:49.000Z</time>
      </trkpt>
      <trkpt lat="37.40131462" lon="73.10146776">
        <ele>4061.782</ele>
        <time>2025-06-29T10:12:24.000Z</time>
      </trkpt>
      <trkpt lat="37.427641824" lon="73.082855372">
        <ele>4221.449</ele>
        <time>2025-06-29T10:25:08.000Z</time>
      </trkpt>
      <trkpt lat="37.447608397" lon="73.081379402">
        <ele>4270.28</ele>
        <time>2025-06-29T10:39:34.000Z</time>
      </trkpt>
      <trkpt lat="37.473013066" lon="73.084807769">
        <ele>4307.308</ele>
        <time>2025-06-29T10:54:19.000Z</time>
      </trkpt>
      <trkpt lat="37.491152762" lon="73.098072801">
        <ele>4152.503</ele>
        <time>2025-06-29T11:07:41.000Z</time>
      </trkpt>
      <trkpt lat="37.519657545" lon="73.089567797">
        <ele>4029.793</ele>
        <time>2025-06-29T11:20:42.000Z</time>
      </trkpt>
      <trkpt lat="37.543813319" lon="73.105982073">
        <ele>3976.234</ele>
        <time>2025-06-29T11:35:49.000Z</time>
      </trkpt>
      <trkpt lat="37.561856713" lon="73.103525229">
        <ele>3975.625</ele>
        <time>2025-06-30T05:15:06.000Z</time>
      </trkpt>
      <trkpt lat="37.578434022" lon="73.09602879">
        <ele>3918.515</ele>
        <time>2025-06-30T05:28:19.000Z</time>
      </trkpt>
      <trkpt lat="37.602841799" lon="73.088198991">
        <ele>3895.134</ele>
        <time>2025-06-30T05:41:22.000Z</time>
      </trkpt>
      <trkpt lat="37.623594397" lon="73.078355549">
        <ele>3862.685</ele>
        <time>2025-06-30T05:52:53.000Z</time>
      </trkpt>
      <trkpt lat="37.641067388" lon="73.062996919">
        <ele>3964.05</ele>
        <time>2025-06-30T06:10:03.000Z</time>
      </trkpt>
      <trkpt lat="37.652581846" lon="73.064743085">
        <ele>3907.577</ele>
        <time>2025-06-30T06:22:30.000Z</time>
      </trkpt>
      <trkpt lat="37.672864457" lon="73.0477476">
        <ele>3854.742</ele>
        <time>2025-06-30T06:32:34.000Z</time>
      </trkpt>
      <trkpt lat="37.676281081" lon="73.02991527">
        <ele>3857.824</ele>
        <time>2025-06-30T06:37:59.000Z</time>
      </trkpt>
      <trkpt lat="37.678365049" lon="73.000875153">
        <ele>3840.624</ele>
        <time>2025-06-30T06:52:43.000Z</time>
      </trkpt>
      <trkpt lat="37.69819408" lon="72.979441724">
        <ele>3749.54</ele>
        <time>2025-06-30T07:07:27.000Z</time>
      </trkpt>
      <trkpt lat="37.708785761" lon="72.973075045">
        <ele>3742.699</ele>
        <time>2025-06-30T07:20:28.000Z</time>
      </trkpt>
      <trkpt lat="37.704254184" lon="72.960337009">
        <ele>3746.752</ele>
        <time>2025-06-30T08:45:05.000Z</time>
      </trkpt>
      <trkpt lat="37.704161983" lon="72.942400239">
        <ele>3744.647</ele>
        <time>2025-06-30T08:58:45.000Z</time>
      </trkpt>
      <trkpt lat="37.72224728" lon="72.916609207">
        <ele>3879.891</ele>
        <time>2025-06-30T09:13:45.000Z</time>
      </trkpt>
      <trkpt lat="37.726682941" lon="72.908787048">
        <ele>3816.729</ele>
        <time>2025-06-30T09:27:15.000Z</time>
      </trkpt>
      <trkpt lat="37.731069964" lon="72.899610598">
        <ele>3772.573</ele>
        <time>2025-06-30T09:31:32.000Z</time>
      </trkpt>
      <trkpt lat="37.731339172" lon="72.889877725">
        <ele>3790.298</ele>
        <time>2025-06-30T09:41:58.000Z</time>
      </trkpt>
      <trkpt lat="37.712308481" lon="72.922012181">
        <ele>3825.193</ele>
        <time>2025-07-01T05:03:05.000Z</time>
      </trkpt>
      <trkpt lat="37.704438502" lon="72.951488905">
        <ele>3746.331</ele>
        <time>2025-07-01T05:18:10.000Z</time>
      </trkpt>
      <trkpt lat="37.712929745" lon="72.971949081">
        <ele>3760.81</ele>
        <time>2025-07-01T05:30:54.000Z</time>
      </trkpt>
      <trkpt lat="37.732365117" lon="72.992014233">
        <ele>3776.376</ele>
        <time>2025-07-01T05:46:01.000Z</time>
      </trkpt>
      <trkpt lat="37.743042434" lon="72.992284889">
        <ele>3783.32</ele>
        <time>2025-07-01T05:59:00.000Z</time>
      </trkpt>
      <trkpt lat="37.751205637" lon="72.989469715">
        <ele>3775.354</ele>
        <time>2025-07-01T06:12:25.000Z</time>
      </trkpt>
      <trkpt lat="37.741097485" lon="72.992082862">
        <ele>3783.477</ele>
        <time>2025-07-02T04:41:06.000Z</time>
      </trkpt>
      <trkpt lat="37.726742316" lon="72.974940087">
        <ele>3767.34</ele>
        <time>2025-07-02T04:52:43.000Z</time>
      </trkpt>
      <trkpt lat="37.717404761" lon="72.968986295">
        <ele>3764.052</ele>
        <time>2025-07-02T05:05:53.000Z</time>
      </trkpt>
      <trkpt lat="37.706192457" lon="72.9744404">
        <ele>3743.726</ele>
        <time>2025-07-02T05:18:35.000Z</time>
      </trkpt>
      <trkpt lat="37.681105924" lon="72.990000648">
        <ele>3789.967</ele>
        <time>2025-07-02T05:31:45.000Z</time>
      </trkpt>
      <trkpt lat="37.676612386" lon="73.021682818">
        <ele>3850.623</ele>
        <time>2025-07-02T05:44:49.000Z</time>
      </trkpt>
      <trkpt lat="37.665402344" lon="73.054214157">
        <ele>3854.047</ele>
        <time>2025-07-02T05:57:32.000Z</time>
      </trkpt>
      <trkpt lat="37.65314708" lon="73.064760938">
        <ele>3906.577</ele>
        <time>2025-07-02T06:05:21.000Z</time>
      </trkpt>
      <trkpt lat="37.643652036" lon="73.063275095">
        <ele>3941.071</ele>
        <time>2025-07-02T06:10:40.000Z</time>
      </trkpt>
      <trkpt lat="37.65534404" lon="73.104339511">
        <ele>3850.244</ele>
        <time>2025-07-02T06:24:07.000Z</time>
      </trkpt>
      <trkpt lat="37.660223324" lon="73.121534041">
        <ele>3881.955</ele>
        <time>2025-07-02T06:30:56.000Z</time>
      </trkpt>
      <trkpt lat="37.667024769" lon="73.143476919">
        <ele>3869.228</ele>
        <time>2025-07-02T06:38:21.000Z</time>
      </trkpt>
      <trkpt lat="37.677874623" lon="73.19735467">
        <ele>3856.752</ele>
        <time>2025-07-02T06:51:08.000Z</time>
      </trkpt>
      <trkpt lat="37.710134424" lon="73.246562658">
        <ele>3922.446</ele>
        <time>2025-07-02T07:04:50.000Z</time>
      </trkpt>
      <trkpt lat="37.716199124" lon="73.252195873">
        <ele>3946.366</ele>
        <time>2025-07-02T07:09:55.000Z</time>
      </trkpt>
      <trkpt lat="37.729143407" lon="73.253680905">
        <ele>3923.665</ele>
        <time>2025-07-02T07:16:41.000Z</time>
      </trkpt>
      <trkpt lat="37.752559979" lon="73.260197634">
        <ele>3882.216</ele>
        <time>2025-07-02T07:30:49.000Z</time>
      </trkpt>
      <trkpt lat="37.757078572" lon="73.272500373">
        <ele>3879.034</ele>
        <time>2025-07-02T07:44:51.000Z</time>
      </trkpt>
      <trkpt lat="37.771182382" lon="73.31255707">
        <ele>3905.513</ele>
        <time>2025-07-02T07:58:49.000Z</time>
      </trkpt>
      <trkpt lat="37.783370729" lon="73.346218973">
        <ele>3908.082</ele>
        <time>2025-07-02T08:12:07.000Z</time>
      </trkpt>
      <trkpt lat="37.793702247" lon="73.393481873">
        <ele>3905.71</ele>
        <time>2025-07-02T08:25:53.000Z</time>
      </trkpt>
      <trkpt lat="37.792405738" lon="73.406808134">
        <ele>3896.657</ele>
        <time>2025-07-02T08:33:54.000Z</time>
      </trkpt>
      <trkpt lat="37.799753077" lon="73.44350615">
        <ele>3907.603</ele>
        <time>2025-07-02T08:51:41.000Z</time>
      </trkpt>
      <trkpt lat="37.814360827" lon="73.515135807">
        <ele>3926.762</ele>
        <time>2025-07-02T09:06:48.000Z</time>
      </trkpt>
      <trkpt lat="37.817057537" lon="73.539240935">
        <ele>3940.14</ele>
        <time>2025-07-02T09:12:22.000Z</time>
      </trkpt>
      <trkpt lat="37.822552803" lon="73.569051856">
        <ele>3934</ele>
        <time>2025-07-02T09:18:00.000Z</time>
      </trkpt>
      <trkpt lat="37.827574108" lon="73.609784385">
        <ele>3956.957</ele>
        <time>2025-07-02T09:27:15.000Z</time>
      </trkpt>
      <trkpt lat="37.82892372" lon="73.636107501">
        <ele>3963.998</ele>
        <time>2025-07-02T09:33:56.000Z</time>
      </trkpt>
      <trkpt lat="37.832012828" lon="73.668583352">
        <ele>3978</ele>
        <time>2025-07-02T09:40:27.000Z</time>
      </trkpt>
      <trkpt lat="37.827401082" lon="73.679661939">
        <ele>3974.861</ele>
        <time>2025-07-02T09:46:46.000Z</time>
      </trkpt>
      <trkpt lat="37.821744927" lon="73.683579659">
        <ele>3966.219</ele>
        <time>2025-07-02T09:51:46.000Z</time>
      </trkpt>
      <trkpt lat="37.843764215" lon="73.683679747">
        <ele>3996.696</ele>
        <time>2025-07-03T03:25:15.000Z</time>
      </trkpt>
      <trkpt lat="37.855835161" lon="73.741757032">
        <ele>4041.62</ele>
        <time>2025-07-03T03:38:30.000Z</time>
      </trkpt>
      <trkpt lat="37.859766819" lon="73.776121326">
        <ele>4065.569</ele>
        <time>2025-07-03T03:53:36.000Z</time>
      </trkpt>
      <trkpt lat="37.878723582" lon="73.828442255">
        <ele>4106.405</ele>
        <time>2025-07-03T04:06:21.000Z</time>
      </trkpt>
      <trkpt lat="37.920470603" lon="73.873851894">
        <ele>4033.133</ele>
        <time>2025-07-03T04:19:53.000Z</time>
      </trkpt>
      <trkpt lat="37.965071831" lon="73.881324173">
        <ele>3959.552</ele>
        <time>2025-07-03T04:33:05.000Z</time>
      </trkpt>
      <trkpt lat="37.968240338" lon="73.954902375">
        <ele>3848.368</ele>
        <time>2025-07-03T04:45:48.000Z</time>
      </trkpt>
      <trkpt lat="38.013998573" lon="73.93427711">
        <ele>3778.238</ele>
        <time>2025-07-03T04:58:36.000Z</time>
      </trkpt>
      <trkpt lat="38.074282268" lon="73.926823586">
        <ele>3717.53</ele>
        <time>2025-07-03T05:13:43.000Z</time>
      </trkpt>
      <trkpt lat="38.092778267" lon="73.908925862">
        <ele>3646.86</ele>
        <time>2025-07-03T05:26:33.000Z</time>
      </trkpt>
      <trkpt lat="38.122826265" lon="73.916834969">
        <ele>3578.22</ele>
        <time>2025-07-03T06:25:32.000Z</time>
      </trkpt>
      <trkpt lat="38.135015798" lon="73.955760243">
        <ele>3583.695</ele>
        <time>2025-07-03T06:39:52.000Z</time>
      </trkpt>
      <trkpt lat="38.146254503" lon="73.964078266">
        <ele>3590.176</ele>
        <time>2025-07-03T06:45:13.000Z</time>
      </trkpt>
      <trkpt lat="38.152589406" lon="73.96573493">
        <ele>3587.562</ele>
        <time>2025-07-03T06:54:55.000Z</time>
      </trkpt>
      <trkpt lat="38.175164473" lon="73.968201009">
        <ele>3616.661</ele>
        <time>2025-07-03T07:05:17.000Z</time>
      </trkpt>
      <trkpt lat="38.187822444" lon="73.990691268">
        <ele>3636.429</ele>
        <time>2025-07-03T07:24:23.000Z</time>
      </trkpt>
      <trkpt lat="38.228458073" lon="74.038142553">
        <ele>3683.827</ele>
        <time>2025-07-03T07:37:13.000Z</time>
      </trkpt>
      <trkpt lat="38.27758973" lon="74.048263785">
        <ele>3705.081</ele>
        <time>2025-07-03T07:51:03.000Z</time>
      </trkpt>
      <trkpt lat="38.335214052" lon="74.033386249">
        <ele>3752.039</ele>
        <time>2025-07-03T08:05:50.000Z</time>
      </trkpt>
      <trkpt lat="38.374880157" lon="74.031375256">
        <ele>3788.098</ele>
        <time>2025-07-03T08:18:54.000Z</time>
      </trkpt>
      <trkpt lat="38.418983613" lon="73.96325538">
        <ele>3864.94</ele>
        <time>2025-07-03T08:32:54.000Z</time>
      </trkpt>
      <trkpt lat="38.462274404" lon="73.91457731">
        <ele>3939.945</ele>
        <time>2025-07-03T08:48:02.000Z</time>
      </trkpt>
      <trkpt lat="38.46439729" lon="73.905320652">
        <ele>3966.494</ele>
        <time>2025-07-03T09:02:47.000Z</time>
      </trkpt>
      <trkpt lat="38.490515719" lon="73.877267763">
        <ele>4003.637</ele>
        <time>2025-07-04T03:36:43.000Z</time>
      </trkpt>
      <trkpt lat="38.533729208" lon="73.811878692">
        <ele>4113.347</ele>
        <time>2025-07-04T03:51:28.000Z</time>
      </trkpt>
      <trkpt lat="38.552476298" lon="73.753393712">
        <ele>4193.16</ele>
        <time>2025-07-04T04:06:13.000Z</time>
      </trkpt>
      <trkpt lat="38.570500491" lon="73.695166055">
        <ele>4287.804</ele>
        <time>2025-07-04T04:19:21.000Z</time>
      </trkpt>
      <trkpt lat="38.569132734" lon="73.635703599">
        <ele>4398.309</ele>
        <time>2025-07-04T04:33:21.000Z</time>
      </trkpt>
      <trkpt lat="38.564876108" lon="73.626944907">
        <ele>4412.551</ele>
        <time>2025-07-04T04:48:28.000Z</time>
      </trkpt>
      <trkpt lat="38.560475148" lon="73.611657154">
        <ele>4512.594</ele>
        <time>2025-07-04T05:02:26.000Z</time>
      </trkpt>
      <trkpt lat="38.560818167" lon="73.596644888">
        <ele>4657.016</ele>
        <time>2025-07-04T05:16:19.000Z</time>
      </trkpt>
      <trkpt lat="38.563880365" lon="73.56210261">
        <ele>4478.307</ele>
        <time>2025-07-04T05:47:32.000Z</time>
      </trkpt>
      <trkpt lat="38.573899269" lon="73.547448674">
        <ele>4420.997</ele>
        <time>2025-07-04T06:02:15.000Z</time>
      </trkpt>
      <trkpt lat="38.602786702" lon="73.533416446">
        <ele>4237.669</ele>
        <time>2025-07-04T06:15:10.000Z</time>
      </trkpt>
      <trkpt lat="38.629206168" lon="73.52908317">
        <ele>4218.557</ele>
        <time>2025-07-04T06:27:59.000Z</time>
      </trkpt>
      <trkpt lat="38.652455681" lon="73.527654475">
        <ele>4182.444</ele>
        <time>2025-07-04T06:43:06.000Z</time>
      </trkpt>
      <trkpt lat="38.664730685" lon="73.531446196">
        <ele>4164.97</ele>
        <time>2025-07-04T06:56:43.000Z</time>
      </trkpt>
      <trkpt lat="38.694245294" lon="73.526066607">
        <ele>4128.913</ele>
        <time>2025-07-04T07:11:50.000Z</time>
      </trkpt>
      <trkpt lat="38.715800992" lon="73.513299208">
        <ele>4096.109</ele>
        <time>2025-07-04T07:26:34.000Z</time>
      </trkpt>
      <trkpt lat="38.74231928" lon="73.497494124">
        <ele>4064.029</ele>
        <time>2025-07-04T07:37:40.000Z</time>
      </trkpt>
      <trkpt lat="38.755084334" lon="73.493833506">
        <ele>4059.662</ele>
        <time>2025-07-04T07:49:26.000Z</time>
      </trkpt>
      <trkpt lat="38.822730316" lon="73.458738246">
        <ele>4017.093</ele>
        <time>2025-07-04T08:04:34.000Z</time>
      </trkpt>
      <trkpt lat="38.905109377" lon="73.500298876">
        <ele>3950.59</ele>
        <time>2025-07-04T08:20:21.000Z</time>
      </trkpt>
      <trkpt lat="38.905061139" lon="73.45367102">
        <ele>3951.775</ele>
        <time>2025-07-04T08:33:51.000Z</time>
      </trkpt>
      <trkpt lat="38.896972556" lon="73.386959238">
        <ele>4047</ele>
        <time>2025-07-04T08:48:37.000Z</time>
      </trkpt>
      <trkpt lat="38.894504012" lon="73.383265265">
        <ele>4031.777</ele>
        <time>2025-07-04T15:32:59.000Z</time>
      </trkpt>
      <trkpt lat="38.905542344" lon="73.439212069">
        <ele>3972.19</ele>
        <time>2025-07-05T03:06:35.000Z</time>
      </trkpt>
      <trkpt lat="38.90404918" lon="73.462518768">
        <ele>3952.846</ele>
        <time>2025-07-05T03:21:07.000Z</time>
      </trkpt>
      <trkpt lat="38.931444897" lon="73.514518021">
        <ele>3954.148</ele>
        <time>2025-07-05T03:35:50.000Z</time>
      </trkpt>
      <trkpt lat="39.002668234" lon="73.554906892">
        <ele>3928.262</ele>
        <time>2025-07-05T03:50:34.000Z</time>
      </trkpt>
      <trkpt lat="39.062030205" lon="73.596751519">
        <ele>3934</ele>
        <time>2025-07-05T04:05:18.000Z</time>
      </trkpt>
      <trkpt lat="39.116654442" lon="73.573607047">
        <ele>3944.913</ele>
        <time>2025-07-05T04:17:54.000Z</time>
      </trkpt>
      <trkpt lat="39.165560547" lon="73.485202398">
        <ele>4052.302</ele>
        <time>2025-07-05T04:33:01.000Z</time>
      </trkpt>
      <trkpt lat="39.190145965" lon="73.456193372">
        <ele>4185.961</ele>
        <time>2025-07-05T04:45:49.000Z</time>
      </trkpt>
      <trkpt lat="39.225716682" lon="73.430615192">
        <ele>4225.03</ele>
        <time>2025-07-05T05:00:58.000Z</time>
      </trkpt>
      <trkpt lat="39.244120354" lon="73.407520009">
        <ele>4127.691</ele>
        <time>2025-07-05T05:15:41.000Z</time>
      </trkpt>
      <trkpt lat="39.274832737" lon="73.373750495">
        <ele>3997.802</ele>
        <time>2025-07-05T05:29:12.000Z</time>
      </trkpt>
      <trkpt lat="39.308493999" lon="73.337491639">
        <ele>3981.043</ele>
        <time>2025-07-05T05:43:38.000Z</time>
      </trkpt>
      <trkpt lat="39.333804958" lon="73.3351178">
        <ele>4041.372</ele>
        <time>2025-07-05T05:58:46.000Z</time>
      </trkpt>
      <trkpt lat="39.355961513" lon="73.339171959">
        <ele>4073.539</ele>
        <time>2025-07-05T06:11:59.000Z</time>
      </trkpt>
      <trkpt lat="39.369105594" lon="73.326374721">
        <ele>4158.416</ele>
        <time>2025-07-05T06:24:45.000Z</time>
      </trkpt>
      <trkpt lat="39.374244623" lon="73.326657107">
        <ele>4207.295</ele>
        <time>2025-07-05T07:06:44.000Z</time>
      </trkpt>
      <trkpt lat="39.389373078" lon="73.310170742">
        <ele>4144.159</ele>
        <time>2025-07-05T07:26:37.000Z</time>
      </trkpt>
      <trkpt lat="39.39421677" lon="73.303830084">
        <ele>4032.097</ele>
        <time>2025-07-05T07:41:22.000Z</time>
      </trkpt>
      <trkpt lat="39.399432368" lon="73.286319198">
        <ele>3938.237</ele>
        <time>2025-07-05T08:38:54.000Z</time>
      </trkpt>
      <trkpt lat="39.423412594" lon="73.256558498">
        <ele>3782.423</ele>
        <time>2025-07-05T08:52:33.000Z</time>
      </trkpt>
      <trkpt lat="39.444779595" lon="73.245802419">
        <ele>3655.348</ele>
        <time>2025-07-05T09:05:15.000Z</time>
      </trkpt>
      <trkpt lat="39.481654521" lon="73.261976224">
        <ele>3550.299</ele>
        <time>2025-07-05T09:17:24.000Z</time>
      </trkpt>
      <trkpt lat="39.506656368" lon="73.268967052">
        <ele>3476.637</ele>
        <time>2025-07-05T09:28:59.000Z</time>
      </trkpt>
      <trkpt lat="39.522853046" lon="73.269360539">
        <ele>3449.453</ele>
        <time>2025-07-05T11:17:17.000Z</time>
      </trkpt>
      <trkpt lat="39.573307431" lon="73.258110699">
        <ele>3322.105</ele>
        <time>2025-07-05T11:30:56.000Z</time>
      </trkpt>
      <trkpt lat="39.598403035" lon="73.246248541">
        <ele>3272.498</ele>
        <time>2025-07-05T11:36:06.000Z</time>
      </trkpt>
      <trkpt lat="39.603217452" lon="73.241853281">
        <ele>3258.926</ele>
        <time>2025-07-05T11:45:43.000Z</time>
      </trkpt>
      <trkpt lat="39.603054151" lon="73.241921431">
        <ele>3258.835</ele>
        <time>2025-07-05T12:31:26.000Z</time>
      </trkpt>
      <trkpt lat="39.603110931" lon="73.241925197">
        <ele>3259.061</ele>
        <time>2025-07-05T13:29:56.000Z</time>
      </trkpt>
      <trkpt lat="39.603099097" lon="73.241872764">
        <ele>3258.641</ele>
        <time>2025-07-05T14:10:30.000Z</time>
      </trkpt>
      <trkpt lat="39.603139311" lon="73.241909528">
        <ele>3259.05</ele>
        <time>2025-07-05T14:37:50.000Z</time>
      </trkpt>
      <trkpt lat="39.603132028" lon="73.241877095">
        <ele>3258.79</ele>
        <time>2025-07-05T15:31:19.000Z</time>
      </trkpt>
      <trkpt lat="39.53386306" lon="72.95034027">
        <ele>3320.961</ele>
        <time>2025-07-05T16:08:44.000Z</time>
      </trkpt>
      <trkpt lat="39.603088684" lon="73.241941547">
        <ele>3259.098</ele>
        <time>2025-07-05T16:26:50.000Z</time>
      </trkpt>
      <trkpt lat="39.53386306" lon="72.95034027">
        <ele>3320.961</ele>
        <time>2025-07-05T17:08:26.000Z</time>
      </trkpt>
      <trkpt lat="39.603105239" lon="73.241951102">
        <ele>3259.199</ele>
        <time>2025-07-05T17:22:14.000Z</time>
      </trkpt>
      <trkpt lat="39.53386306" lon="72.95034027">
        <ele>3320.961</ele>
        <time>2025-07-05T19:31:47.000Z</time>
      </trkpt>
      <trkpt lat="39.603178329" lon="73.24184306">
        <ele>3258.712</ele>
        <time>2025-07-05T19:47:15.000Z</time>
      </trkpt>
      <trkpt lat="39.53386306" lon="72.95034027">
        <ele>3320.961</ele>
        <time>2025-07-05T22:08:38.000Z</time>
      </trkpt>
      <trkpt lat="39.603088684" lon="73.241931824">
        <ele>3259.028</ele>
        <time>2025-07-05T22:20:02.000Z</time>
      </trkpt>
      <trkpt lat="39.53386306" lon="72.95034027">
        <ele>3320.961</ele>
        <time>2025-07-05T22:45:28.000Z</time>
      </trkpt>
      <trkpt lat="39.603057001" lon="73.241981613">
        <ele>3259.138</ele>
        <time>2025-07-05T22:57:57.000Z</time>
      </trkpt>
      <trkpt lat="39.53386306" lon="72.95034027">
        <ele>3320.961</ele>
        <time>2025-07-05T23:08:40.000Z</time>
      </trkpt>
      <trkpt lat="39.603096676" lon="73.241930139">
        <ele>3259.045</ele>
        <time>2025-07-05T23:26:02.000Z</time>
      </trkpt>
      <trkpt lat="39.53386306" lon="72.95034027">
        <ele>3320.961</ele>
        <time>2025-07-05T23:51:36.000Z</time>
      </trkpt>
      <trkpt lat="39.603112695" lon="73.241895785">
        <ele>3258.855</ele>
        <time>2025-07-06T00:03:05.000Z</time>
      </trkpt>
      <trkpt lat="39.53386306" lon="72.95034027">
        <ele>3320.961</ele>
        <time>2025-07-06T00:13:47.000Z</time>
      </trkpt>
      <trkpt lat="39.603123385" lon="73.241917994">
        <ele>3259.054</ele>
        <time>2025-07-06T00:31:06.000Z</time>
      </trkpt>
      <trkpt lat="39.53386306" lon="72.95034027">
        <ele>3320.961</ele>
        <time>2025-07-06T01:10:22.000Z</time>
      </trkpt>
      <trkpt lat="39.603070077" lon="73.241960909">
        <ele>3259.108</ele>
        <time>2025-07-06T01:21:53.000Z</time>
      </trkpt>
      <trkpt lat="39.590835571" lon="72.964889526">
        <ele>3123</ele>
        <time>2025-07-06T01:32:34.000Z</time>
      </trkpt>
      <trkpt lat="39.603110676" lon="73.241919154">
        <ele>3259.016</ele>
        <time>2025-07-06T01:48:14.000Z</time>
      </trkpt>
      <trkpt lat="39.53386306" lon="72.95034027">
        <ele>3320.961</ele>
        <time>2025-07-06T02:11:00.000Z</time>
      </trkpt>
      <trkpt lat="39.603090635" lon="73.241925233">
        <ele>3258.988</ele>
        <time>2025-07-06T02:30:04.000Z</time>
      </trkpt>
      <trkpt lat="39.637940428" lon="73.239932573">
        <ele>3196.515</ele>
        <time>2025-07-06T02:42:01.000Z</time>
      </trkpt>
      <trkpt lat="39.672645251" lon="73.234475037">
        <ele>3136.367</ele>
        <time>2025-07-06T02:48:31.000Z</time>
      </trkpt>
      <trkpt lat="39.694822538" lon="73.230408551">
        <ele>3112.168</ele>
        <time>2025-07-06T02:53:59.000Z</time>
      </trkpt>
      <trkpt lat="39.701706634" lon="73.215932006">
        <ele>3107.049</ele>
        <time>2025-07-06T03:00:42.000Z</time>
      </trkpt>
      <trkpt lat="39.701223766" lon="73.18407223">
        <ele>3086.797</ele>
        <time>2025-07-06T03:11:33.000Z</time>
      </trkpt>
      <trkpt lat="39.692404859" lon="73.15641528">
        <ele>3077.847</ele>
        <time>2025-07-06T03:24:45.000Z</time>
      </trkpt>
      <trkpt lat="39.685423784" lon="73.076746138">
        <ele>3035.765</ele>
        <time>2025-07-06T03:34:44.000Z</time>
      </trkpt>
      <trkpt lat="39.682074375" lon="72.963685161">
        <ele>3008.858</ele>
        <time>2025-07-06T03:53:04.000Z</time>
      </trkpt>
      <trkpt lat="39.677729631" lon="72.882935926">
        <ele>2988</ele>
        <time>2025-07-06T04:03:13.000Z</time>
      </trkpt>
      <trkpt lat="39.673509442" lon="72.882715963">
        <ele>2972.349</ele>
        <time>2025-07-06T04:13:43.000Z</time>
      </trkpt>
      <trkpt lat="39.66825285" lon="72.88374341">
        <ele>2958.338</ele>
        <time>2025-07-06T05:35:05.000Z</time>
      </trkpt>
      <trkpt lat="39.660380511" lon="72.880550199">
        <ele>2931.759</ele>
        <time>2025-07-06T05:46:54.000Z</time>
      </trkpt>
      <trkpt lat="39.627767473" lon="72.877495898">
        <ele>3003.088</ele>
        <time>2025-07-06T06:14:46.000Z</time>
      </trkpt>
      <trkpt lat="39.59630355" lon="72.88386261">
        <ele>3113.373</ele>
        <time>2025-07-06T06:27:48.000Z</time>
      </trkpt>
      <trkpt lat="39.562459798" lon="72.906632731">
        <ele>3226.751</ele>
        <time>2025-07-06T06:39:13.000Z</time>
      </trkpt>
      <trkpt lat="39.537707259" lon="72.928069936">
        <ele>3326.71</ele>
        <time>2025-07-06T06:50:30.000Z</time>
      </trkpt>
      <trkpt lat="39.530145122" lon="72.934530677">
        <ele>3347.279</ele>
        <time>2025-07-06T06:55:43.000Z</time>
      </trkpt>
      <trkpt lat="39.517317732" lon="72.934744846">
        <ele>3459.366</ele>
        <time>2025-07-06T07:04:53.000Z</time>
      </trkpt>
      <trkpt lat="39.502324112" lon="72.930536159">
        <ele>3501.336</ele>
        <time>2025-07-06T07:19:22.000Z</time>
      </trkpt>
      <trkpt lat="39.502960634" lon="72.932367888">
        <ele>3498.638</ele>
        <time>2025-07-06T07:24:20.000Z</time>
      </trkpt>
      <trkpt lat="39.492278508" lon="72.9245464">
        <ele>3498.293</ele>
        <time>2025-07-06T09:13:19.000Z</time>
      </trkpt>
      <trkpt lat="39.503001266" lon="72.932298133">
        <ele>3498.869</ele>
        <time>2025-07-06T09:25:23.000Z</time>
      </trkpt>
      <trkpt lat="39.64688873" lon="73.15450286">
        <ele>3122.443</ele>
        <time>2025-07-06T09:41:03.000Z</time>
      </trkpt>
      <trkpt lat="39.503010518" lon="72.932233305">
        <ele>3499.116</ele>
        <time>2025-07-06T09:46:22.000Z</time>
      </trkpt>
      <trkpt lat="39.486209602" lon="72.920492425">
        <ele>3577.141</ele>
        <time>2025-07-06T11:17:22.000Z</time>
      </trkpt>
      <trkpt lat="39.502929876" lon="72.932330378">
        <ele>3498.887</ele>
        <time>2025-07-06T11:22:28.000Z</time>
      </trkpt>
      <trkpt lat="39.528554086" lon="72.983593747">
        <ele>3321.888</ele>
        <time>2025-07-06T11:31:19.000Z</time>
      </trkpt>
      <trkpt lat="39.502866562" lon="72.932344721">
        <ele>3498.939</ele>
        <time>2025-07-06T11:38:06.000Z</time>
      </trkpt>
      <trkpt lat="39.488988457" lon="72.922811794">
        <ele>3520.768</ele>
        <time>2025-07-06T12:11:43.000Z</time>
      </trkpt>
      <trkpt lat="39.502822173" lon="72.932331342">
        <ele>3499.117</ele>
        <time>2025-07-06T12:18:30.000Z</time>
      </trkpt>
      <trkpt lat="39.550853507" lon="73.006446955">
        <ele>3207.597</ele>
        <time>2025-07-06T14:12:00.000Z</time>
      </trkpt>
      <trkpt lat="39.503056522" lon="72.932345062">
        <ele>3498.556</ele>
        <time>2025-07-06T14:18:58.000Z</time>
      </trkpt>
      <trkpt lat="39.482774113" lon="72.91984236">
        <ele>3563.175</ele>
        <time>2025-07-06T15:05:32.000Z</time>
      </trkpt>
      <trkpt lat="39.502462166" lon="72.932637864">
        <ele>3500.347</ele>
        <time>2025-07-06T15:19:06.000Z</time>
      </trkpt>
      <trkpt lat="39.5029873" lon="72.932380286">
        <ele>3498.537</ele>
        <time>2025-07-06T16:01:13.000Z</time>
      </trkpt>
      <trkpt lat="39.524377219" lon="72.968348964">
        <ele>3353.403</ele>
        <time>2025-07-06T16:06:56.000Z</time>
      </trkpt>
      <trkpt lat="39.50295671" lon="72.932259621">
        <ele>3499.173</ele>
        <time>2025-07-06T16:19:20.000Z</time>
      </trkpt>
      <trkpt lat="39.634750366" lon="73.15385437">
        <ele>3139.774</ele>
        <time>2025-07-06T17:00:35.000Z</time>
      </trkpt>
      <trkpt lat="39.502972577" lon="72.932307977">
        <ele>3498.898</ele>
        <time>2025-07-06T17:18:48.000Z</time>
      </trkpt>
      <trkpt lat="39.610671997" lon="73.150344849">
        <ele>3204.504</ele>
        <time>2025-07-06T17:33:36.000Z</time>
      </trkpt>
      <trkpt lat="39.502976471" lon="72.932303414">
        <ele>3498.909</ele>
        <time>2025-07-06T17:49:20.000Z</time>
      </trkpt>
      <trkpt lat="39.610671997" lon="73.150344849">
        <ele>3204.504</ele>
        <time>2025-07-06T20:50:12.000Z</time>
      </trkpt>
      <trkpt lat="39.502930828" lon="72.932295859">
        <ele>3499.065</ele>
        <time>2025-07-06T21:06:01.000Z</time>
      </trkpt>
      <trkpt lat="39.610671997" lon="73.150344849">
        <ele>3204.504</ele>
        <time>2025-07-06T22:15:58.000Z</time>
      </trkpt>
      <trkpt lat="39.502968501" lon="72.932309988">
        <ele>3498.898</ele>
        <time>2025-07-06T22:32:37.000Z</time>
      </trkpt>
      <trkpt lat="39.610671997" lon="73.150344849">
        <ele>3204.504</ele>
        <time>2025-07-06T22:47:22.000Z</time>
      </trkpt>
      <trkpt lat="39.502937874" lon="72.932283778">
        <ele>3499.108</ele>
        <time>2025-07-06T23:03:59.000Z</time>
      </trkpt>
      <trkpt lat="39.610671997" lon="73.150344849">
        <ele>3204.504</ele>
        <time>2025-07-06T23:18:45.000Z</time>
      </trkpt>
      <trkpt lat="39.502989109" lon="72.932326877">
        <ele>3498.772</ele>
        <time>2025-07-06T23:33:32.000Z</time>
      </trkpt>
      <trkpt lat="39.610671997" lon="73.150344849">
        <ele>3204.504</ele>
        <time>2025-07-07T01:46:27.000Z</time>
      </trkpt>
      <trkpt lat="39.502972718" lon="72.932326617">
        <ele>3498.81</ele>
        <time>2025-07-07T02:02:13.000Z</time>
      </trkpt>
      <trkpt lat="39.480327982" lon="72.916203394">
        <ele>3608.029</ele>
        <time>2025-07-07T07:11:55.000Z</time>
      </trkpt>
      <trkpt lat="39.503032024" lon="72.932351174">
        <ele>3498.581</ele>
        <time>2025-07-07T07:32:56.000Z</time>
      </trkpt>
      <trkpt lat="39.47335433" lon="72.91130828">
        <ele>3637.751</ele>
        <time>2025-07-07T08:39:50.000Z</time>
      </trkpt>
      <trkpt lat="39.503106284" lon="72.932337849">
        <ele>3498.508</ele>
        <time>2025-07-07T08:55:52.000Z</time>
      </trkpt>
      <trkpt lat="39.490564429" lon="72.924297745">
        <ele>3516.916</ele>
        <time>2025-07-07T09:43:56.000Z</time>
      </trkpt>
      <trkpt lat="39.503237712" lon="72.93222595">
        <ele>3498.978</ele>
        <time>2025-07-07T09:54:46.000Z</time>
      </trkpt>
      <trkpt lat="39.64688873" lon="73.15450286">
        <ele>3122.443</ele>
        <time>2025-07-07T10:09:08.000Z</time>
      </trkpt>
      <trkpt lat="39.502992061" lon="72.932323674">
        <ele>3498.78</ele>
        <time>2025-07-07T10:20:04.000Z</time>
      </trkpt>
      <trkpt lat="39.487996538" lon="72.921683917">
        <ele>3551.529</ele>
        <time>2025-07-07T13:18:37.000Z</time>
      </trkpt>
      <trkpt lat="39.502977368" lon="72.932313213">
        <ele>3498.862</ele>
        <time>2025-07-07T13:23:52.000Z</time>
      </trkpt>
      <trkpt lat="39.602310181" lon="73.170455933">
        <ele>3208.198</ele>
        <time>2025-07-07T19:09:02.000Z</time>
      </trkpt>
      <trkpt lat="39.502951699" lon="72.932272301">
        <ele>3499.126</ele>
        <time>2025-07-07T19:22:13.000Z</time>
      </trkpt>
      <trkpt lat="39.602310181" lon="73.170455933">
        <ele>3208.198</ele>
        <time>2025-07-07T19:48:39.000Z</time>
      </trkpt>
      <trkpt lat="39.502954563" lon="72.93236802">
        <ele>3498.648</ele>
        <time>2025-07-07T19:59:58.000Z</time>
      </trkpt>
      <trkpt lat="39.602310181" lon="73.170455933">
        <ele>3208.198</ele>
        <time>2025-07-07T21:50:30.000Z</time>
      </trkpt>
      <trkpt lat="39.502971272" lon="72.932347773">
        <ele>3498.714</ele>
        <time>2025-07-07T21:59:59.000Z</time>
      </trkpt>
      <trkpt lat="39.62391281" lon="73.15657806">
        <ele>3157.681</ele>
        <time>2025-07-07T23:34:53.000Z</time>
      </trkpt>
      <trkpt lat="39.502887078" lon="72.932304399">
        <ele>3499.131</ele>
        <time>2025-07-07T23:40:15.000Z</time>
      </trkpt>
      <trkpt lat="39.602310181" lon="73.170455933">
        <ele>3208.198</ele>
        <time>2025-07-07T23:50:58.000Z</time>
      </trkpt>
      <trkpt lat="39.502948505" lon="72.932247958">
        <ele>3499.257</ele>
        <time>2025-07-07T23:56:30.000Z</time>
      </trkpt>
      <trkpt lat="39.47550712" lon="72.912766246">
        <ele>3627.314</ele>
        <time>2025-07-08T00:20:38.000Z</time>
      </trkpt>
      <trkpt lat="39.503004047" lon="72.932206373">
        <ele>3499.185</ele>
        <time>2025-07-08T00:31:37.000Z</time>
      </trkpt>
      <trkpt lat="39.610671997" lon="73.150344849">
        <ele>3204.504</ele>
        <time>2025-07-08T00:42:41.000Z</time>
      </trkpt>
      <trkpt lat="39.502819978" lon="72.932311779">
        <ele>3499.252</ele>
        <time>2025-07-08T00:57:26.000Z</time>
      </trkpt>
      <trkpt lat="39.475556377" lon="72.912845911">
        <ele>3627.24</ele>
        <time>2025-07-08T02:35:47.000Z</time>
      </trkpt>
      <trkpt lat="39.502484147" lon="72.930126374">
        <ele>3500.507</ele>
        <time>2025-07-08T02:45:36.000Z</time>
      </trkpt>
      <trkpt lat="39.515907588" lon="72.933886657">
        <ele>3474.222</ele>
        <time>2025-07-08T02:56:34.000Z</time>
      </trkpt>
      <trkpt lat="39.521759788" lon="72.933404798">
        <ele>3416.068</ele>
        <time>2025-07-08T03:01:38.000Z</time>
      </trkpt>
      <trkpt lat="39.531102552" lon="72.933909575">
        <ele>3342.19</ele>
        <time>2025-07-08T03:08:08.000Z</time>
      </trkpt>
      <trkpt lat="39.538804558" lon="72.927162778">
        <ele>3325.279</ele>
        <time>2025-07-08T03:13:16.000Z</time>
      </trkpt>
      <trkpt lat="39.566878897" lon="72.900531504">
        <ele>3205.764</ele>
        <time>2025-07-08T03:24:21.000Z</time>
      </trkpt>
      <trkpt lat="39.581566132" lon="72.890805072">
        <ele>3159.898</ele>
        <time>2025-07-08T03:29:25.000Z</time>
      </trkpt>
      <trkpt lat="39.616592006" lon="72.875211718">
        <ele>3049.033</ele>
        <time>2025-07-08T03:42:53.000Z</time>
      </trkpt>
      <trkpt lat="39.66107095" lon="72.881537891">
        <ele>2937.995</ele>
        <time>2025-07-08T03:58:53.000Z</time>
      </trkpt>
      <trkpt lat="39.673653603" lon="72.882948932">
        <ele>2973.247</ele>
        <time>2025-07-08T04:13:25.000Z</time>
      </trkpt>
      <trkpt lat="39.684896965" lon="73.013577392">
        <ele>2995.629</ele>
        <time>2025-07-08T04:55:54.000Z</time>
      </trkpt>
      <trkpt lat="39.686047538" lon="73.086297763">
        <ele>3037.328</ele>
        <time>2025-07-08T05:00:57.000Z</time>
      </trkpt>
      <trkpt lat="39.702345905" lon="73.195932477">
        <ele>3093</ele>
        <time>2025-07-08T05:09:14.000Z</time>
      </trkpt>
      <trkpt lat="39.724624754" lon="73.248363216">
        <ele>3156.434</ele>
        <time>2025-07-08T05:15:49.000Z</time>
      </trkpt>
      <trkpt lat="39.74236657" lon="73.188465678">
        <ele>3433.771</ele>
        <time>2025-07-08T05:27:43.000Z</time>
      </trkpt>
      <trkpt lat="39.761078315" lon="73.16432455">
        <ele>3589.613</ele>
        <time>2025-07-08T05:42:52.000Z</time>
      </trkpt>
      <trkpt lat="39.771607538" lon="73.185407776">
        <ele>3321.253</ele>
        <time>2025-07-08T05:53:32.000Z</time>
      </trkpt>
      <trkpt lat="39.776483007" lon="73.208650029">
        <ele>3005.984</ele>
        <time>2025-07-08T06:03:09.000Z</time>
      </trkpt>
      <trkpt lat="39.816325516" lon="73.245891435">
        <ele>2799.61</ele>
        <time>2025-07-08T06:11:07.000Z</time>
      </trkpt>
      <trkpt lat="39.85601164" lon="73.345261627">
        <ele>2516.095</ele>
        <time>2025-07-08T06:23:32.000Z</time>
      </trkpt>
      <trkpt lat="39.899707576" lon="73.421278683">
        <ele>2355.365</ele>
        <time>2025-07-08T06:34:13.000Z</time>
      </trkpt>
      <trkpt lat="39.916909511" lon="73.431909099">
        <ele>2284.254</ele>
        <time>2025-07-08T06:49:02.000Z</time>
      </trkpt>
      <trkpt lat="39.975233995" lon="73.492051167">
        <ele>2167.578</ele>
        <time>2025-07-08T08:03:03.000Z</time>
      </trkpt>
      <trkpt lat="39.990485098" lon="73.492765838">
        <ele>2144.168</ele>
        <time>2025-07-08T08:08:51.000Z</time>
      </trkpt>
      <trkpt lat="40.007305839" lon="73.492161138">
        <ele>2085.406</ele>
        <time>2025-07-08T08:29:43.000Z</time>
      </trkpt>
      <trkpt lat="40.088071763" lon="73.537563561">
        <ele>1921.79</ele>
        <time>2025-07-08T08:41:16.000Z</time>
      </trkpt>
      <trkpt lat="40.126204107" lon="73.52807835">
        <ele>1826.927</ele>
        <time>2025-07-08T08:46:19.000Z</time>
      </trkpt>
      <trkpt lat="40.194594648" lon="73.481600366">
        <ele>1679.743</ele>
        <time>2025-07-08T08:57:32.000Z</time>
      </trkpt>
      <trkpt lat="40.233080888" lon="73.475035521">
        <ele>1638.123</ele>
        <time>2025-07-08T09:02:44.000Z</time>
      </trkpt>
      <trkpt lat="40.297264072" lon="73.435506144">
        <ele>1564.562</ele>
        <time>2025-07-08T09:15:52.000Z</time>
      </trkpt>
      <trkpt lat="40.254172655" lon="73.393671016">
        <ele>1838.564</ele>
        <time>2025-07-08T09:25:18.000Z</time>
      </trkpt>
      <trkpt lat="40.245297768" lon="73.345178115">
        <ele>2165.218</ele>
        <time>2025-07-08T09:37:54.000Z</time>
      </trkpt>
      <trkpt lat="40.245316719" lon="73.323547356">
        <ele>2380.04</ele>
        <time>2025-07-08T09:52:40.000Z</time>
      </trkpt>
      <trkpt lat="40.307476509" lon="73.235503099">
        <ele>1992.727</ele>
        <time>2025-07-08T10:04:34.000Z</time>
      </trkpt>
      <trkpt lat="40.383853444" lon="73.113487376">
        <ele>1754.6</ele>
        <time>2025-07-08T10:19:21.000Z</time>
      </trkpt>
      <trkpt lat="40.483219786" lon="73.053296113">
        <ele>1447.323</ele>
        <time>2025-07-08T10:29:57.000Z</time>
      </trkpt>
      <trkpt lat="40.520950457" lon="72.955111408">
        <ele>1181.177</ele>
        <time>2025-07-08T10:41:57.000Z</time>
      </trkpt>
      <trkpt lat="40.563669503" lon="72.934081718">
        <ele>1069.694</ele>
        <time>2025-07-08T10:54:05.000Z</time>
      </trkpt>
      <trkpt lat="40.611823836" lon="72.91654243">
        <ele>943</ele>
        <time>2025-07-08T11:06:09.000Z</time>
      </trkpt>
      <trkpt lat="40.611988569" lon="72.921279725">
        <ele>949.352</ele>
        <time>2025-07-08T11:18:42.000Z</time>
      </trkpt>
      <trkpt lat="40.578543185" lon="72.909277976">
        <ele>992.098</ele>
        <time>2025-07-09T02:38:43.000Z</time>
      </trkpt>
      <trkpt lat="40.560113714" lon="72.871540089">
        <ele>968.544</ele>
        <time>2025-07-09T02:43:41.000Z</time>
      </trkpt>
      <trkpt lat="40.535424778" lon="72.818977465">
        <ele>1010.169</ele>
        <time>2025-07-09T02:54:00.000Z</time>
      </trkpt>
      <trkpt lat="40.527151868" lon="72.78612296">
        <ele>1020.925</ele>
        <time>2025-07-09T03:07:59.000Z</time>
      </trkpt>
      <trkpt lat="40.527639259" lon="72.779753516">
        <ele>1022.062</ele>
        <time>2025-07-09T03:18:46.000Z</time>
      </trkpt>
      <trkpt lat="40.527004865" lon="72.778056317">
        <ele>1013.435</ele>
        <time>2025-07-09T10:39:57.000Z</time>
      </trkpt>
      <trkpt lat="40.527653908" lon="72.779763366">
        <ele>1022.282</ele>
        <time>2025-07-09T12:14:39.000Z</time>
      </trkpt>
      <trkpt lat="40.526875185" lon="72.777003642">
        <ele>1009.516</ele>
        <time>2025-07-09T19:38:38.000Z</time>
      </trkpt>
      <trkpt lat="40.527642535" lon="72.779739533">
        <ele>1022.083</ele>
        <time>2025-07-09T20:49:10.000Z</time>
      </trkpt>
      <trkpt lat="40.527070448" lon="72.77777897">
        <ele>1013.907</ele>
        <time>2025-07-09T21:00:41.000Z</time>
      </trkpt>
      <trkpt lat="40.527581759" lon="72.779779499">
        <ele>1021.323</ele>
        <time>2025-07-09T22:21:21.000Z</time>
      </trkpt>
      <trkpt lat="40.527023323" lon="72.777519401">
        <ele>1012.374</ele>
        <time>2025-07-09T22:31:57.000Z</time>
      </trkpt>
      <trkpt lat="40.526928408" lon="72.777199221">
        <ele>1010.028</ele>
        <time>2025-07-09T23:34:20.000Z</time>
      </trkpt>
      <trkpt lat="40.526972292" lon="72.777369603">
        <ele>1011.114</ele>
        <time>2025-07-10T00:34:20.000Z</time>
      </trkpt>
      <trkpt lat="40.527635499" lon="72.779772739">
        <ele>1022.044</ele>
        <time>2025-07-10T01:24:48.000Z</time>
      </trkpt>
      <trkpt lat="40.527027309" lon="72.777642246">
        <ele>1012.963</ele>
        <time>2025-07-10T01:36:17.000Z</time>
      </trkpt>
      <trkpt lat="40.527603477" lon="72.779791735">
        <ele>1021.647</ele>
        <time>2025-07-10T02:01:19.000Z</time>
      </trkpt>
      <trkpt lat="40.52703073" lon="72.777852467">
        <ele>1013.621</ele>
        <time>2025-07-10T02:12:43.000Z</time>
      </trkpt>
      <trkpt lat="40.527596943" lon="72.779792607">
        <ele>1021.561</ele>
        <time>2025-07-10T02:35:56.000Z</time>
      </trkpt>
      <trkpt lat="40.523814806" lon="72.763090376">
        <ele>979.192</ele>
        <time>2025-07-10T03:42:44.000Z</time>
      </trkpt>
      <trkpt lat="40.525771289" lon="72.772757098">
        <ele>1006</ele>
        <time>2025-07-10T03:54:16.000Z</time>
      </trkpt>
      <trkpt lat="40.523785553" lon="72.763104374">
        <ele>979.664</ele>
        <time>2025-07-10T04:29:25.000Z</time>
      </trkpt>
      <trkpt lat="40.541609773" lon="72.750925315">
        <ele>945.669</ele>
        <time>2025-07-10T04:42:06.000Z</time>
      </trkpt>
      <trkpt lat="40.558826896" lon="72.764097471">
        <ele>945.223</ele>
        <time>2025-07-10T04:52:31.000Z</time>
      </trkpt>
      <trkpt lat="40.567239282" lon="72.799648413">
        <ele>942</ele>
        <time>2025-07-10T05:36:18.000Z</time>
      </trkpt>
      <trkpt lat="40.568662556" lon="72.80823824">
        <ele>939.342</ele>
        <time>2025-07-10T05:41:56.000Z</time>
      </trkpt>
      <trkpt lat="40.557561605" lon="72.849208228">
        <ele>952.15</ele>
        <time>2025-07-10T05:52:19.000Z</time>
      </trkpt>
      <trkpt lat="40.581871228" lon="72.915574528">
        <ele>1000.332</ele>
        <time>2025-07-10T06:02:06.000Z</time>
      </trkpt>
      <trkpt lat="40.59952387" lon="72.962314903">
        <ele>1027</ele>
        <time>2025-07-10T06:07:05.000Z</time>
      </trkpt>
      <trkpt lat="40.643733647" lon="73.083104482">
        <ele>1045.176</ele>
        <time>2025-07-10T06:18:47.000Z</time>
      </trkpt>
      <trkpt lat="40.695636487" lon="73.188573048">
        <ele>951.251</ele>
        <time>2025-07-10T06:32:54.000Z</time>
      </trkpt>
      <trkpt lat="40.773218918" lon="73.246398211">
        <ele>951.352</ele>
        <time>2025-07-10T06:47:44.000Z</time>
      </trkpt>
      <trkpt lat="40.845871612" lon="73.173644923">
        <ele>1035.376</ele>
        <time>2025-07-10T07:01:03.000Z</time>
      </trkpt>
      <trkpt lat="40.864957683" lon="73.066935668">
        <ele>797.273</ele>
        <time>2025-07-10T07:16:13.000Z</time>
      </trkpt>
      <trkpt lat="40.858202659" lon="73.003324624">
        <ele>730.969</ele>
        <time>2025-07-10T07:59:41.000Z</time>
      </trkpt>
      <trkpt lat="40.865666159" lon="72.988887867">
        <ele>724.6</ele>
        <time>2025-07-10T08:04:58.000Z</time>
      </trkpt>
      <trkpt lat="40.920636607" lon="72.954105903">
        <ele>745.708</ele>
        <time>2025-07-10T08:15:48.000Z</time>
      </trkpt>
      <trkpt lat="40.925904047" lon="72.974794535">
        <ele>759.066</ele>
        <time>2025-07-10T08:21:03.000Z</time>
      </trkpt>
      <trkpt lat="40.965692044" lon="72.992881401">
        <ele>810</ele>
        <time>2025-07-10T08:34:36.000Z</time>
      </trkpt>
      <trkpt lat="40.999252381" lon="73.017932555">
        <ele>866</ele>
        <time>2025-07-10T08:45:21.000Z</time>
      </trkpt>
      <trkpt lat="41.033568037" lon="73.093947595">
        <ele>962.845</ele>
        <time>2025-07-10T08:56:28.000Z</time>
      </trkpt>
      <trkpt lat="41.030385458" lon="73.116631599">
        <ele>987.551</ele>
        <time>2025-07-10T09:02:22.000Z</time>
      </trkpt>
      <trkpt lat="41.099798153" lon="73.216202231">
        <ele>1176.328</ele>
        <time>2025-07-10T09:13:06.000Z</time>
      </trkpt>
      <trkpt lat="41.147335237" lon="73.296060897">
        <ele>1244.621</ele>
        <time>2025-07-10T09:26:19.000Z</time>
      </trkpt>
      <trkpt lat="41.145998152" lon="73.298382816">
        <ele>1245.719</ele>
        <time>2025-07-10T12:44:01.000Z</time>
      </trkpt>
      <trkpt lat="41.152838477" lon="73.29424891">
        <ele>1256.573</ele>
        <time>2025-07-11T01:42:35.000Z</time>
      </trkpt>
      <trkpt lat="41.160989852" lon="73.320395985">
        <ele>1396.014</ele>
        <time>2025-07-11T01:47:43.000Z</time>
      </trkpt>
      <trkpt lat="41.162867941" lon="73.345734927">
        <ele>1422.548</ele>
        <time>2025-07-11T02:01:17.000Z</time>
      </trkpt>
      <trkpt lat="41.176097843" lon="73.378999429">
        <ele>1582.135</ele>
        <time>2025-07-11T02:13:56.000Z</time>
      </trkpt>
      <trkpt lat="41.197424395" lon="73.393143815">
        <ele>1614.865</ele>
        <time>2025-07-11T02:30:34.000Z</time>
      </trkpt>
      <trkpt lat="41.203790646" lon="73.404090196">
        <ele>1620.796</ele>
        <time>2025-07-11T02:44:34.000Z</time>
      </trkpt>
      <trkpt lat="41.209937418" lon="73.443182722">
        <ele>1592.974</ele>
        <time>2025-07-11T02:58:32.000Z</time>
      </trkpt>
      <trkpt lat="41.220209431" lon="73.479320984">
        <ele>1610.152</ele>
        <time>2025-07-11T03:12:33.000Z</time>
      </trkpt>
      <trkpt lat="41.230696711" lon="73.499024741">
        <ele>1705.588</ele>
        <time>2025-07-11T03:20:55.000Z</time>
      </trkpt>
      <trkpt lat="41.250506238" lon="73.541471877">
        <ele>1797.621</ele>
        <time>2025-07-11T03:38:43.000Z</time>
      </trkpt>
      <trkpt lat="41.259944807" lon="73.562918566">
        <ele>1859.535</ele>
        <time>2025-07-11T03:48:56.000Z</time>
      </trkpt>
      <trkpt lat="41.26312817" lon="73.589332122">
        <ele>1910.73</ele>
        <time>2025-07-11T05:17:46.000Z</time>
      </trkpt>
      <trkpt lat="41.259833537" lon="73.598171007">
        <ele>1996.304</ele>
        <time>2025-07-11T05:22:48.000Z</time>
      </trkpt>
      <trkpt lat="41.259053252" lon="73.609161628">
        <ele>2133.984</ele>
        <time>2025-07-11T05:33:53.000Z</time>
      </trkpt>
      <trkpt lat="41.269209633" lon="73.613013986">
        <ele>2300.557</ele>
        <time>2025-07-11T05:46:29.000Z</time>
      </trkpt>
      <trkpt lat="41.262223679" lon="73.612959031">
        <ele>2408.299</ele>
        <time>2025-07-11T05:55:41.000Z</time>
      </trkpt>
      <trkpt lat="41.267246095" lon="73.632270872">
        <ele>2549.227</ele>
        <time>2025-07-11T06:08:25.000Z</time>
      </trkpt>
      <trkpt lat="41.269836291" lon="73.633413389">
        <ele>2765.342</ele>
        <time>2025-07-11T06:27:36.000Z</time>
      </trkpt>
      <trkpt lat="41.283210521" lon="73.635943676">
        <ele>2929.24</ele>
        <time>2025-07-11T06:54:41.000Z</time>
      </trkpt>
      <trkpt lat="41.293489674" lon="73.627810219">
        <ele>2970.066</ele>
        <time>2025-07-11T07:05:45.000Z</time>
      </trkpt>
      <trkpt lat="41.30565987" lon="73.653582043">
        <ele>2780.916</ele>
        <time>2025-07-11T07:20:34.000Z</time>
      </trkpt>
      <trkpt lat="41.310796433" lon="73.648818065">
        <ele>2663.285</ele>
        <time>2025-07-11T07:34:24.000Z</time>
      </trkpt>
      <trkpt lat="41.308692241" lon="73.658883497">
        <ele>2576.847</ele>
        <time>2025-07-11T07:40:44.000Z</time>
      </trkpt>
      <trkpt lat="41.311472012" lon="73.666918622">
        <ele>2473.781</ele>
        <time>2025-07-11T07:48:30.000Z</time>
      </trkpt>
      <trkpt lat="41.314538602" lon="73.678474105">
        <ele>2065.751</ele>
        <time>2025-07-11T07:53:29.000Z</time>
      </trkpt>
      <trkpt lat="41.305321948" lon="73.66425706">
        <ele>2413.382</ele>
        <time>2025-07-11T08:02:32.000Z</time>
      </trkpt>
      <trkpt lat="41.301227273" lon="73.66167834">
        <ele>2385.427</ele>
        <time>2025-07-11T08:08:13.000Z</time>
      </trkpt>
      <trkpt lat="41.303240764" lon="73.667054713">
        <ele>2299.894</ele>
        <time>2025-07-11T08:13:47.000Z</time>
      </trkpt>
      <trkpt lat="41.316697674" lon="73.675662861">
        <ele>2170.855</ele>
        <time>2025-07-11T08:24:08.000Z</time>
      </trkpt>
      <trkpt lat="41.320516682" lon="73.670292348">
        <ele>2059.388</ele>
        <time>2025-07-11T08:30:10.000Z</time>
      </trkpt>
      <trkpt lat="41.337153734" lon="73.649905217">
        <ele>2004.141</ele>
        <time>2025-07-11T08:43:13.000Z</time>
      </trkpt>
      <trkpt lat="41.3500336" lon="73.669586443">
        <ele>2064.173</ele>
        <time>2025-07-11T08:54:38.000Z</time>
      </trkpt>
      <trkpt lat="41.362219593" lon="73.692315723">
        <ele>1959.311</ele>
        <time>2025-07-11T08:59:53.000Z</time>
      </trkpt>
      <trkpt lat="41.361683371" lon="73.723755315">
        <ele>1896.692</ele>
        <time>2025-07-11T09:06:54.000Z</time>
      </trkpt>
      <trkpt lat="41.356619655" lon="73.784311731">
        <ele>1633.866</ele>
        <time>2025-07-11T09:23:39.000Z</time>
      </trkpt>
      <trkpt lat="41.366518484" lon="73.810485033">
        <ele>1517.839</ele>
        <time>2025-07-11T09:36:59.000Z</time>
      </trkpt>
      <trkpt lat="41.360492064" lon="73.803845141">
        <ele>1526.121</ele>
        <time>2025-07-11T09:49:35.000Z</time>
      </trkpt>
      <trkpt lat="41.360342842" lon="73.803393908">
        <ele>1526.65</ele>
        <time>2025-07-11T10:44:42.000Z</time>
      </trkpt>
      <trkpt lat="41.366483909" lon="73.811783809">
        <ele>1526.923</ele>
        <time>2025-07-12T02:40:26.000Z</time>
      </trkpt>
      <trkpt lat="41.36363705" lon="73.839195505">
        <ele>1562.437</ele>
        <time>2025-07-12T02:45:32.000Z</time>
      </trkpt>
      <trkpt lat="41.395729486" lon="73.890264594">
        <ele>1353.018</ele>
        <time>2025-07-12T02:55:31.000Z</time>
      </trkpt>
      <trkpt lat="41.399383814" lon="73.931747421">
        <ele>1400.054</ele>
        <time>2025-07-12T03:02:25.000Z</time>
      </trkpt>
      <trkpt lat="41.388300982" lon="73.947030448">
        <ele>1408.207</ele>
        <time>2025-07-12T03:08:05.000Z</time>
      </trkpt>
      <trkpt lat="41.411735541" lon="73.989719376">
        <ele>1272.755</ele>
        <time>2025-07-12T03:14:32.000Z</time>
      </trkpt>
      <trkpt lat="41.405470433" lon="74.009097479">
        <ele>1265.076</ele>
        <time>2025-07-12T03:19:35.000Z</time>
      </trkpt>
      <trkpt lat="41.403377953" lon="74.018944136">
        <ele>1266.807</ele>
        <time>2025-07-12T03:24:32.000Z</time>
      </trkpt>
      <trkpt lat="41.395674549" lon="74.089760494">
        <ele>1283.862</ele>
        <time>2025-07-12T05:13:12.000Z</time>
      </trkpt>
      <trkpt lat="41.379148295" lon="74.205096314">
        <ele>1325.957</ele>
        <time>2025-07-12T05:28:20.000Z</time>
      </trkpt>
      <trkpt lat="41.390328648" lon="74.253114356">
        <ele>1592.487</ele>
        <time>2025-07-12T05:43:04.000Z</time>
      </trkpt>
      <trkpt lat="41.420399168" lon="74.316340678">
        <ele>1794.658</ele>
        <time>2025-07-12T05:57:48.000Z</time>
      </trkpt>
      <trkpt lat="41.448728179" lon="74.334842776">
        <ele>2121.81</ele>
        <time>2025-07-12T06:09:33.000Z</time>
      </trkpt>
      <trkpt lat="41.462388556" lon="74.357666317">
        <ele>2074.556</ele>
        <time>2025-07-12T06:22:33.000Z</time>
      </trkpt>
      <trkpt lat="41.469877357" lon="74.416875753">
        <ele>1786.309</ele>
        <time>2025-07-12T06:39:22.000Z</time>
      </trkpt>
      <trkpt lat="41.467275689" lon="74.459301283">
        <ele>1795.9</ele>
        <time>2025-07-12T06:52:51.000Z</time>
      </trkpt>
      <trkpt lat="41.484969822" lon="74.515564526">
        <ele>1880.204</ele>
        <time>2025-07-12T07:05:10.000Z</time>
      </trkpt>
      <trkpt lat="41.483939225" lon="74.52833402">
        <ele>1932.178</ele>
        <time>2025-07-12T07:10:21.000Z</time>
      </trkpt>
      <trkpt lat="41.490003946" lon="74.584497429">
        <ele>1831.455</ele>
        <time>2025-07-12T07:25:09.000Z</time>
      </trkpt>
      <trkpt lat="41.511585322" lon="74.649865521">
        <ele>2049.864</ele>
        <time>2025-07-12T07:41:12.000Z</time>
      </trkpt>
      <trkpt lat="41.518484323" lon="74.680234721">
        <ele>2349.582</ele>
        <time>2025-07-12T07:54:00.000Z</time>
      </trkpt>
      <trkpt lat="41.532173557" lon="74.704851369">
        <ele>2626.987</ele>
        <time>2025-07-12T08:07:03.000Z</time>
      </trkpt>
      <trkpt lat="41.526006589" lon="74.711099501">
        <ele>2762.478</ele>
        <time>2025-07-12T08:18:32.000Z</time>
      </trkpt>
      <trkpt lat="41.515407572" lon="74.721979704">
        <ele>2677.497</ele>
        <time>2025-07-12T08:32:46.000Z</time>
      </trkpt>
      <trkpt lat="41.50548277" lon="74.719242845">
        <ele>2572.627</ele>
        <time>2025-07-12T08:47:49.000Z</time>
      </trkpt>
      <trkpt lat="41.502072891" lon="74.7330293">
        <ele>2413.495</ele>
        <time>2025-07-12T09:00:52.000Z</time>
      </trkpt>
      <trkpt lat="41.502875899" lon="74.73785842">
        <ele>2352.771</ele>
        <time>2025-07-12T09:55:39.000Z</time>
      </trkpt>
      <trkpt lat="41.46458435" lon="74.81446075">
        <ele>1740.562</ele>
        <time>2025-07-12T10:22:08.000Z</time>
      </trkpt>
      <trkpt lat="41.502889912" lon="74.737762241">
        <ele>2354.133</ele>
        <time>2025-07-12T10:33:26.000Z</time>
      </trkpt>
      <trkpt lat="41.46458435" lon="74.81446075">
        <ele>1740.562</ele>
        <time>2025-07-12T11:55:03.000Z</time>
      </trkpt>
      <trkpt lat="41.502867251" lon="74.737874012">
        <ele>2352.479</ele>
        <time>2025-07-12T12:00:46.000Z</time>
      </trkpt>
      <trkpt lat="41.468753384" lon="74.808527279">
        <ele>1730.14</ele>
        <time>2025-07-12T12:08:05.000Z</time>
      </trkpt>
      <trkpt lat="41.502882282" lon="74.737814072">
        <ele>2353.462</ele>
        <time>2025-07-12T12:18:45.000Z</time>
      </trkpt>
      <trkpt lat="41.46390533" lon="74.82754516">
        <ele>1751.158</ele>
        <time>2025-07-12T16:49:42.000Z</time>
      </trkpt>
      <trkpt lat="41.502862668" lon="74.737833979">
        <ele>2353.095</ele>
        <time>2025-07-12T17:04:04.000Z</time>
      </trkpt>
      <trkpt lat="41.414930418" lon="74.892808871">
        <ele>1585.139</ele>
        <time>2025-07-12T19:01:20.000Z</time>
      </trkpt>
      <trkpt lat="41.502886056" lon="74.737828877">
        <ele>2353.255</ele>
        <time>2025-07-12T19:17:29.000Z</time>
      </trkpt>
      <trkpt lat="41.39847183" lon="74.89046478">
        <ele>1646.51</ele>
        <time>2025-07-12T19:46:10.000Z</time>
      </trkpt>
      <trkpt lat="41.502861707" lon="74.737815885">
        <ele>2353.384</ele>
        <time>2025-07-12T20:02:18.000Z</time>
      </trkpt>
      <trkpt lat="41.39847183" lon="74.89046478">
        <ele>1646.51</ele>
        <time>2025-07-12T21:02:25.000Z</time>
      </trkpt>
      <trkpt lat="41.502871761" lon="74.737883281">
        <ele>2352.364</ele>
        <time>2025-07-12T21:18:10.000Z</time>
      </trkpt>
      <trkpt lat="41.39847183" lon="74.89046478">
        <ele>1646.51</ele>
        <time>2025-07-12T22:12:10.000Z</time>
      </trkpt>
      <trkpt lat="41.50286301" lon="74.737877721">
        <ele>2352.393</ele>
        <time>2025-07-12T22:30:07.000Z</time>
      </trkpt>
      <trkpt lat="41.4675189" lon="74.817221601">
        <ele>1755.066</ele>
        <time>2025-07-12T22:45:45.000Z</time>
      </trkpt>
      <trkpt lat="41.502947388" lon="74.737789687">
        <ele>2353.874</ele>
        <time>2025-07-12T23:01:10.000Z</time>
      </trkpt>
      <trkpt lat="41.39847183" lon="74.89046478">
        <ele>1646.51</ele>
        <time>2025-07-12T23:15:10.000Z</time>
      </trkpt>
      <trkpt lat="41.502847473" lon="74.737801739">
        <ele>2353.591</ele>
        <time>2025-07-12T23:32:03.000Z</time>
      </trkpt>
      <trkpt lat="41.46390533" lon="74.82754516">
        <ele>1751.158</ele>
        <time>2025-07-13T00:12:42.000Z</time>
      </trkpt>
      <trkpt lat="41.502433946" lon="74.738058805">
        <ele>2335.755</ele>
        <time>2025-07-13T00:29:30.000Z</time>
      </trkpt>
      <trkpt lat="41.502838782" lon="74.737827871">
        <ele>2353.116</ele>
        <time>2025-07-13T01:26:02.000Z</time>
      </trkpt>
      <trkpt lat="41.498172035" lon="74.749992803">
        <ele>2046.325</ele>
        <time>2025-07-13T02:05:06.000Z</time>
      </trkpt>
      <trkpt lat="41.502934545" lon="74.737818064">
        <ele>2353.539</ele>
        <time>2025-07-13T02:15:28.000Z</time>
      </trkpt>
      <trkpt lat="41.46390533" lon="74.82754516">
        <ele>1751.158</ele>
        <time>2025-07-13T02:31:30.000Z</time>
      </trkpt>
      <trkpt lat="41.50287935" lon="74.737854358">
        <ele>2352.85</ele>
        <time>2025-07-13T02:39:19.000Z</time>
      </trkpt>
      <trkpt lat="41.502900262" lon="74.747362479">
        <ele>2065.926</ele>
        <time>2025-07-13T03:00:24.000Z</time>
      </trkpt>
      <trkpt lat="41.479550013" lon="74.772460412">
        <ele>1805.602</ele>
        <time>2025-07-13T03:12:38.000Z</time>
      </trkpt>
      <trkpt lat="41.431115035" lon="74.854636417">
        <ele>1686.429</ele>
        <time>2025-07-13T03:29:55.000Z</time>
      </trkpt>
      <trkpt lat="41.426817987" lon="74.961092816">
        <ele>1618.562</ele>
        <time>2025-07-13T03:43:26.000Z</time>
      </trkpt>
      <trkpt lat="41.418915236" lon="75.032805147">
        <ele>1629.099</ele>
        <time>2025-07-13T03:56:09.000Z</time>
      </trkpt>
      <trkpt lat="41.413195621" lon="75.067026355">
        <ele>1653</ele>
        <time>2025-07-13T04:11:18.000Z</time>
      </trkpt>
      <trkpt lat="41.412963029" lon="75.046703015">
        <ele>1640.71</ele>
        <time>2025-07-13T04:39:32.000Z</time>
      </trkpt>
      <trkpt lat="41.479361415" lon="75.035330258">
        <ele>1764.459</ele>
        <time>2025-07-13T04:54:18.000Z</time>
      </trkpt>
      <trkpt lat="41.531527975" lon="75.036431152">
        <ele>1940.544</ele>
        <time>2025-07-13T05:08:43.000Z</time>
      </trkpt>
      <trkpt lat="41.564343963" lon="75.016996542">
        <ele>1989.782</ele>
        <time>2025-07-13T05:19:10.000Z</time>
      </trkpt>
      <trkpt lat="41.620205082" lon="75.043216646">
        <ele>2194.279</ele>
        <time>2025-07-13T05:35:33.000Z</time>
      </trkpt>
      <trkpt lat="41.647447832" lon="75.029553853">
        <ele>2417.409</ele>
        <time>2025-07-13T05:46:12.000Z</time>
      </trkpt>
      <trkpt lat="41.661164909" lon="75.021624533">
        <ele>2740.472</ele>
        <time>2025-07-13T06:01:20.000Z</time>
      </trkpt>
      <trkpt lat="41.665583742" lon="75.026211524">
        <ele>2958.286</ele>
        <time>2025-07-13T06:15:44.000Z</time>
      </trkpt>
      <trkpt lat="41.66047317" lon="75.031677196">
        <ele>3018.538</ele>
        <time>2025-07-13T06:26:13.000Z</time>
      </trkpt>
      <trkpt lat="41.668755191" lon="75.036371644">
        <ele>3229.968</ele>
        <time>2025-07-13T06:36:35.000Z</time>
      </trkpt>
      <trkpt lat="41.682579855" lon="75.054366888">
        <ele>3115.505</ele>
        <time>2025-07-13T06:57:33.000Z</time>
      </trkpt>
      <trkpt lat="41.730961539" lon="75.082508816">
        <ele>3048.098</ele>
        <time>2025-07-13T07:10:54.000Z</time>
      </trkpt>
      <trkpt lat="41.753139218" lon="75.112173635">
        <ele>3025.402</ele>
        <time>2025-07-13T07:23:31.000Z</time>
      </trkpt>
      <trkpt lat="41.760572098" lon="75.155088112">
        <ele>3071.821</ele>
        <time>2025-07-13T07:38:15.000Z</time>
      </trkpt>
      <trkpt lat="41.765673095" lon="75.162920281">
        <ele>3056.873</ele>
        <time>2025-07-13T07:50:59.000Z</time>
      </trkpt>
      <trkpt lat="41.757802153" lon="75.16911434">
        <ele>3089.013</ele>
        <time>2025-07-16T03:32:31.000Z</time>
      </trkpt>
      <trkpt lat="41.760151307" lon="75.220541926">
        <ele>3055.933</ele>
        <time>2025-07-16T03:46:45.000Z</time>
      </trkpt>
      <trkpt lat="41.765409024" lon="75.269710086">
        <ele>3043.099</ele>
        <time>2025-07-16T04:01:54.000Z</time>
      </trkpt>
      <trkpt lat="41.769781179" lon="75.309212112">
        <ele>3039.576</ele>
        <time>2025-07-16T04:11:52.000Z</time>
      </trkpt>
      <trkpt lat="41.761959619" lon="75.371932425">
        <ele>3022.945</ele>
        <time>2025-07-16T04:30:20.000Z</time>
      </trkpt>
      <trkpt lat="41.799166026" lon="75.393372292">
        <ele>3025.998</ele>
        <time>2025-07-16T04:43:59.000Z</time>
      </trkpt>
      <trkpt lat="41.847289706" lon="75.36859051">
        <ele>3039.243</ele>
        <time>2025-07-16T04:57:25.000Z</time>
      </trkpt>
      <trkpt lat="41.88607574" lon="75.346305091">
        <ele>3099.009</ele>
        <time>2025-07-16T05:10:27.000Z</time>
      </trkpt>
      <trkpt lat="41.905875946" lon="75.382832191">
        <ele>3325.43</ele>
        <time>2025-07-16T05:20:30.000Z</time>
      </trkpt>
      <trkpt lat="41.914269095" lon="75.421070774">
        <ele>3445.579</ele>
        <time>2025-07-16T05:32:53.000Z</time>
      </trkpt>
      <trkpt lat="41.932182913" lon="75.414556582">
        <ele>3197.424</ele>
        <time>2025-07-16T06:01:33.000Z</time>
      </trkpt>
      <trkpt lat="41.943879146" lon="75.425029518">
        <ele>2966.12</ele>
        <time>2025-07-16T06:16:16.000Z</time>
      </trkpt>
      <trkpt lat="41.952339286" lon="75.45864943">
        <ele>2687.126</ele>
        <time>2025-07-16T06:29:41.000Z</time>
      </trkpt>
      <trkpt lat="41.952790622" lon="75.465249357">
        <ele>2675.329</ele>
        <time>2025-07-16T06:44:44.000Z</time>
      </trkpt>
      <trkpt lat="41.950964556" lon="75.511235484">
        <ele>2581.467</ele>
        <time>2025-07-16T06:52:28.000Z</time>
      </trkpt>
      <trkpt lat="41.945929972" lon="75.575611648">
        <ele>2455.766</ele>
        <time>2025-07-16T07:00:15.000Z</time>
      </trkpt>
      <trkpt lat="41.935804131" lon="75.635186985">
        <ele>2362.218</ele>
        <time>2025-07-16T07:10:53.000Z</time>
      </trkpt>
      <trkpt lat="41.91062164" lon="75.71850585">
        <ele>2514.542</ele>
        <time>2025-07-16T07:23:13.000Z</time>
      </trkpt>
      <trkpt lat="41.935829607" lon="75.635138235">
        <ele>2362.437</ele>
        <time>2025-07-16T07:37:12.000Z</time>
      </trkpt>
      <trkpt lat="41.935969969" lon="75.635873576">
        <ele>2361.184</ele>
        <time>2025-07-16T15:25:16.000Z</time>
      </trkpt>
      <trkpt lat="41.935804066" lon="75.635087727">
        <ele>2361.822</ele>
        <time>2025-07-16T15:26:26.000Z</time>
      </trkpt>
      <trkpt lat="41.933119065" lon="75.677789773">
        <ele>2321.148</ele>
        <time>2025-07-17T03:19:54.000Z</time>
      </trkpt>
      <trkpt lat="41.931734881" lon="75.684053579">
        <ele>2328.246</ele>
        <time>2025-07-17T03:31:13.000Z</time>
      </trkpt>
      <trkpt lat="41.933345441" lon="75.737616085">
        <ele>2374.815</ele>
        <time>2025-07-17T03:41:56.000Z</time>
      </trkpt>
      <trkpt lat="42.013322624" lon="75.696711742">
        <ele>2198.967</ele>
        <time>2025-07-17T03:55:00.000Z</time>
      </trkpt>
      <trkpt lat="42.117931671" lon="75.645279363">
        <ele>1949.452</ele>
        <time>2025-07-17T04:07:45.000Z</time>
      </trkpt>
      <trkpt lat="42.192219818" lon="75.757704021">
        <ele>1842.274</ele>
        <time>2025-07-17T04:22:33.000Z</time>
      </trkpt>
      <trkpt lat="42.217420712" lon="75.760378651">
        <ele>1807.922</ele>
        <time>2025-07-17T04:34:29.000Z</time>
      </trkpt>
      <trkpt lat="42.220745059" lon="75.768853678">
        <ele>1806.127</ele>
        <time>2025-07-17T05:18:11.000Z</time>
      </trkpt>
      <trkpt lat="42.223828007" lon="75.776240062">
        <ele>1797.974</ele>
        <time>2025-07-17T05:39:31.000Z</time>
      </trkpt>
      <trkpt lat="42.248130203" lon="75.834263535">
        <ele>1783.731</ele>
        <time>2025-07-17T05:50:40.000Z</time>
      </trkpt>
      <trkpt lat="42.221542358" lon="75.771102905">
        <ele>1805.464</ele>
        <time>2025-07-17T06:03:03.000Z</time>
      </trkpt>
      <trkpt lat="42.248079897" lon="75.834212675">
        <ele>1783.912</ele>
        <time>2025-07-17T06:12:41.000Z</time>
      </trkpt>
      <trkpt lat="42.22259902" lon="75.77337646">
        <ele>1804</ele>
        <time>2025-07-17T06:25:57.000Z</time>
      </trkpt>
      <trkpt lat="42.272182074" lon="75.853805523">
        <ele>1766.409</ele>
        <time>2025-07-17T06:33:43.000Z</time>
      </trkpt>
      <trkpt lat="42.324280946" lon="75.887681079">
        <ele>1821.196</ele>
        <time>2025-07-17T06:42:04.000Z</time>
      </trkpt>
      <trkpt lat="42.419607599" lon="75.848404637">
        <ele>1906.46</ele>
        <time>2025-07-17T06:56:08.000Z</time>
      </trkpt>
      <trkpt lat="42.465404413" lon="75.939838124">
        <ele>1578.139</ele>
        <time>2025-07-17T07:08:02.000Z</time>
      </trkpt>
      <trkpt lat="42.45860809" lon="76.092990674">
        <ele>1621.992</ele>
        <time>2025-07-17T07:18:43.000Z</time>
      </trkpt>
      <trkpt lat="42.452676888" lon="76.164414128">
        <ele>1631.069</ele>
        <time>2025-07-17T07:24:20.000Z</time>
      </trkpt>
      <trkpt lat="42.465383685" lon="76.222266024">
        <ele>1625.321</ele>
        <time>2025-07-17T07:35:17.000Z</time>
      </trkpt>
      <trkpt lat="42.474925402" lon="76.248998961">
        <ele>1620.335</ele>
        <time>2025-07-17T07:40:14.000Z</time>
      </trkpt>
      <trkpt lat="42.488701679" lon="76.381380782">
        <ele>1626.287</ele>
        <time>2025-07-17T07:49:15.000Z</time>
      </trkpt>
      <trkpt lat="42.515038122" lon="76.551847737">
        <ele>1619.911</ele>
        <time>2025-07-17T08:01:37.000Z</time>
      </trkpt>
      <trkpt lat="42.581825922" lon="76.720947772">
        <ele>1623.81</ele>
        <time>2025-07-17T08:17:00.000Z</time>
      </trkpt>
      <trkpt lat="42.599516725" lon="76.881005745">
        <ele>1622.162</ele>
        <time>2025-07-17T08:30:07.000Z</time>
      </trkpt>
      <trkpt lat="42.602331804" lon="76.891351303">
        <ele>1622.394</ele>
        <time>2025-07-17T08:47:17.000Z</time>
      </trkpt>
      <trkpt lat="42.59507658" lon="76.863653949">
        <ele>1606.542</ele>
        <time>2025-07-17T08:56:57.000Z</time>
      </trkpt>
      <trkpt lat="42.59316186" lon="76.86758196">
        <ele>1606.33</ele>
        <time>2025-07-17T09:02:07.000Z</time>
      </trkpt>
      <trkpt lat="42.593086776" lon="76.868368728">
        <ele>1606.324</ele>
        <time>2025-07-17T09:18:07.000Z</time>
      </trkpt>
      <trkpt lat="42.58570098" lon="76.76430511">
        <ele>1602</ele>
        <time>2025-07-17T13:23:52.000Z</time>
      </trkpt>
      <trkpt lat="42.593093722" lon="76.868334011">
        <ele>1606.277</ele>
        <time>2025-07-17T13:29:17.000Z</time>
      </trkpt>
      <trkpt lat="42.58570098" lon="76.76430511">
        <ele>1602</ele>
        <time>2025-07-17T13:53:43.000Z</time>
      </trkpt>
      <trkpt lat="42.593076144" lon="76.868319061">
        <ele>1606.148</ele>
        <time>2025-07-17T14:05:16.000Z</time>
      </trkpt>
      <trkpt lat="42.58570098" lon="76.76430511">
        <ele>1602</ele>
        <time>2025-07-17T14:37:15.000Z</time>
      </trkpt>
      <trkpt lat="42.593010524" lon="76.868358292">
        <ele>1605.928</ele>
        <time>2025-07-17T14:53:12.000Z</time>
      </trkpt>
      <trkpt lat="42.591446387" lon="76.845457615">
        <ele>1602</ele>
        <time>2025-07-17T15:17:10.000Z</time>
      </trkpt>
      <trkpt lat="42.593109412" lon="76.868325296">
        <ele>1606.388</ele>
        <time>2025-07-17T15:26:20.000Z</time>
      </trkpt>
      <trkpt lat="42.597043731" lon="76.871041374">
        <ele>1615.876</ele>
        <time>2025-07-17T15:38:02.000Z</time>
      </trkpt>
      <trkpt lat="42.593094511" lon="76.868376313">
        <ele>1606.392</ele>
        <time>2025-07-17T17:13:24.000Z</time>
      </trkpt>
      <trkpt lat="42.58570098" lon="76.76430511">
        <ele>1602</ele>
        <time>2025-07-17T17:41:38.000Z</time>
      </trkpt>
      <trkpt lat="42.593080185" lon="76.868351591">
        <ele>1606.231</ele>
        <time>2025-07-17T17:47:02.000Z</time>
      </trkpt>
      <trkpt lat="42.58570098" lon="76.76430511">
        <ele>1602</ele>
        <time>2025-07-17T19:15:55.000Z</time>
      </trkpt>
      <trkpt lat="42.593071419" lon="76.868312275">
        <ele>1606.114</ele>
        <time>2025-07-17T19:27:58.000Z</time>
      </trkpt>
      <trkpt lat="42.597550439" lon="76.871318245">
        <ele>1618.046</ele>
        <time>2025-07-17T19:44:56.000Z</time>
      </trkpt>
      <trkpt lat="42.593102933" lon="76.868366142">
        <ele>1606.419</ele>
        <time>2025-07-17T19:58:17.000Z</time>
      </trkpt>
      <trkpt lat="42.597554935" lon="76.871358841">
        <ele>1618.021</ele>
        <time>2025-07-17T20:32:34.000Z</time>
      </trkpt>
      <trkpt lat="42.593089817" lon="76.868364913">
        <ele>1606.332</ele>
        <time>2025-07-17T20:45:05.000Z</time>
      </trkpt>
      <trkpt lat="42.59755718" lon="76.871379115">
        <ele>1618.007</ele>
        <time>2025-07-17T20:55:43.000Z</time>
      </trkpt>
      <trkpt lat="42.593109473" lon="76.868358878">
        <ele>1606.444</ele>
        <time>2025-07-17T21:08:01.000Z</time>
      </trkpt>
      <trkpt lat="42.597550439" lon="76.871318246">
        <ele>1618.046</ele>
        <time>2025-07-17T22:18:17.000Z</time>
      </trkpt>
      <trkpt lat="42.593121462" lon="76.868340301">
        <ele>1606.488</ele>
        <time>2025-07-17T22:29:19.000Z</time>
      </trkpt>
      <trkpt lat="42.58570098" lon="76.76430511">
        <ele>1602</ele>
        <time>2025-07-17T22:42:27.000Z</time>
      </trkpt>
      <trkpt lat="42.593139207" lon="76.868397822">
        <ele>1606.695</ele>
        <time>2025-07-17T23:13:22.000Z</time>
      </trkpt>
      <trkpt lat="42.58570098" lon="76.76430511">
        <ele>1602</ele>
        <time>2025-07-17T23:58:13.000Z</time>
      </trkpt>
      <trkpt lat="42.593099834" lon="76.868353766">
        <ele>1606.369</ele>
        <time>2025-07-18T00:13:31.000Z</time>
      </trkpt>
      <trkpt lat="42.598015925" lon="76.867195957">
        <ele>1621.043</ele>
        <time>2025-07-18T00:18:25.000Z</time>
      </trkpt>
      <trkpt lat="42.593084196" lon="76.868347005">
        <ele>1606.245</ele>
        <time>2025-07-18T00:43:10.000Z</time>
      </trkpt>
      <trkpt lat="42.597554913" lon="76.871358647">
        <ele>1618.022</ele>
        <time>2025-07-18T00:55:00.000Z</time>
      </trkpt>
      <trkpt lat="42.593133291" lon="76.868344965">
        <ele>1606.578</ele>
        <time>2025-07-18T01:08:56.000Z</time>
      </trkpt>
      <trkpt lat="42.597550439" lon="76.871318246">
        <ele>1618.046</ele>
        <time>2025-07-18T01:23:37.000Z</time>
      </trkpt>
      <trkpt lat="42.593153263" lon="76.868367522">
        <ele>1606.74</ele>
        <time>2025-07-18T01:33:05.000Z</time>
      </trkpt>
      <trkpt lat="42.58570098" lon="76.76430511">
        <ele>1602</ele>
        <time>2025-07-18T01:43:46.000Z</time>
      </trkpt>
      <trkpt lat="42.593106204" lon="76.868399037">
        <ele>1606.515</ele>
        <time>2025-07-18T01:54:49.000Z</time>
      </trkpt>
      <trkpt lat="42.597555832" lon="76.871366948">
        <ele>1618.016</ele>
        <time>2025-07-18T02:16:18.000Z</time>
      </trkpt>
      <trkpt lat="42.593074473" lon="76.868361298">
        <ele>1606.223</ele>
        <time>2025-07-18T02:31:35.000Z</time>
      </trkpt>
      <trkpt lat="42.597457697" lon="76.871360843">
        <ele>1617.711</ele>
        <time>2025-07-18T02:38:53.000Z</time>
      </trkpt>
      <trkpt lat="42.593067926" lon="76.868378108">
        <ele>1606.236</ele>
        <time>2025-07-18T02:45:22.000Z</time>
      </trkpt>
      <trkpt lat="42.58570098" lon="76.76430511">
        <ele>1602</ele>
        <time>2025-07-18T04:09:30.000Z</time>
      </trkpt>
      <trkpt lat="42.593034495" lon="76.868306638">
        <ele>1605.917</ele>
        <time>2025-07-18T04:25:17.000Z</time>
      </trkpt>
      <trkpt lat="42.58585316" lon="76.764853232">
        <ele>1602</ele>
        <time>2025-07-18T06:45:26.000Z</time>
      </trkpt>
      <trkpt lat="42.593062408" lon="76.868369356">
        <ele>1606.173</ele>
        <time>2025-07-18T07:02:04.000Z</time>
      </trkpt>
      <trkpt lat="42.59196472" lon="76.79068756">
        <ele>1602</ele>
        <time>2025-07-18T07:42:35.000Z</time>
      </trkpt>
      <trkpt lat="42.593114494" lon="76.868346291">
        <ele>1606.451</ele>
        <time>2025-07-18T08:02:15.000Z</time>
      </trkpt>
      <trkpt lat="42.59196472" lon="76.79068756">
        <ele>1602</ele>
        <time>2025-07-18T08:12:48.000Z</time>
      </trkpt>
      <trkpt lat="42.593087455" lon="76.86829168">
        <ele>1606.23</ele>
        <time>2025-07-18T08:23:29.000Z</time>
      </trkpt>
      <trkpt lat="42.58570098" lon="76.76430511">
        <ele>1602</ele>
        <time>2025-07-18T08:52:13.000Z</time>
      </trkpt>
      <trkpt lat="42.593079499" lon="76.868364859">
        <ele>1606.266</ele>
        <time>2025-07-18T09:03:23.000Z</time>
      </trkpt>
      <trkpt lat="42.597563948" lon="76.871442411">
        <ele>1617.852</ele>
        <time>2025-07-18T10:23:05.000Z</time>
      </trkpt>
      <trkpt lat="42.593049919" lon="76.868421743">
        <ele>1606.298</ele>
        <time>2025-07-18T10:48:06.000Z</time>
      </trkpt>
      <trkpt lat="42.597563962" lon="76.871444697">
        <ele>1617.845</ele>
        <time>2025-07-18T11:45:05.000Z</time>
      </trkpt>
      <trkpt lat="42.593110032" lon="76.868349756">
        <ele>1606.428</ele>
        <time>2025-07-18T11:59:27.000Z</time>
      </trkpt>
      <trkpt lat="42.598098608" lon="76.866404364">
        <ele>1620.108</ele>
        <time>2025-07-18T16:16:17.000Z</time>
      </trkpt>
      <trkpt lat="42.593414184" lon="76.868502487">
        <ele>1607.568</ele>
        <time>2025-07-18T16:34:44.000Z</time>
      </trkpt>
      <trkpt lat="42.59309208" lon="76.868275646">
        <ele>1606.263</ele>
        <time>2025-07-18T16:51:01.000Z</time>
      </trkpt>
      <trkpt lat="42.597874614" lon="76.867344671">
        <ele>1619.03</ele>
        <time>2025-07-18T18:55:59.000Z</time>
      </trkpt>
      <trkpt lat="42.593025606" lon="76.868350744">
        <ele>1605.955</ele>
        <time>2025-07-18T19:57:43.000Z</time>
      </trkpt>
      <trkpt lat="42.598083303" lon="76.866583605">
        <ele>1619.469</ele>
        <time>2025-07-18T20:08:20.000Z</time>
      </trkpt>
      <trkpt lat="42.593085668" lon="76.868432723">
        <ele>1606.497</ele>
        <time>2025-07-18T20:31:38.000Z</time>
      </trkpt>
      <trkpt lat="42.597933463" lon="76.867203501">
        <ele>1619.689</ele>
        <time>2025-07-18T20:43:56.000Z</time>
      </trkpt>
      <trkpt lat="42.593079122" lon="76.868350238">
        <ele>1606.22</ele>
        <time>2025-07-19T02:45:27.000Z</time>
      </trkpt>
      <trkpt lat="42.594586653" lon="76.871807174">
        <ele>1606.512</ele>
        <time>2025-07-19T03:27:46.000Z</time>
      </trkpt>
      <trkpt lat="42.602067506" lon="76.890424406">
        <ele>1620.915</ele>
        <time>2025-07-19T03:32:56.000Z</time>
      </trkpt>
      <trkpt lat="42.611057726" lon="76.942847511">
        <ele>1629</ele>
        <time>2025-07-19T03:38:12.000Z</time>
      </trkpt>
      <trkpt lat="42.631237661" lon="77.008043211">
        <ele>1646.456</ele>
        <time>2025-07-19T03:44:40.000Z</time>
      </trkpt>
      <trkpt lat="42.644347837" lon="77.072219336">
        <ele>1630.301</ele>
        <time>2025-07-19T03:51:08.000Z</time>
      </trkpt>
      <trkpt lat="42.650987143" lon="77.103391521">
        <ele>1641.125</ele>
        <time>2025-07-19T03:57:33.000Z</time>
      </trkpt>
      <trkpt lat="42.654838532" lon="77.179011893">
        <ele>1645.837</ele>
        <time>2025-07-19T04:04:19.000Z</time>
      </trkpt>
      <trkpt lat="42.658237366" lon="77.201867332">
        <ele>1634.836</ele>
        <time>2025-07-19T04:09:21.000Z</time>
      </trkpt>
      <trkpt lat="42.669650034" lon="77.2761927">
        <ele>1624.743</ele>
        <time>2025-07-19T04:15:06.000Z</time>
      </trkpt>
      <trkpt lat="42.690666973" lon="77.355226944">
        <ele>1627.729</ele>
        <time>2025-07-19T04:22:13.000Z</time>
      </trkpt>
      <trkpt lat="42.69839372" lon="77.409786321">
        <ele>1662.037</ele>
        <time>2025-07-19T04:28:57.000Z</time>
      </trkpt>
      <trkpt lat="42.704263831" lon="77.432656989">
        <ele>1693.65</ele>
        <time>2025-07-19T04:34:46.000Z</time>
      </trkpt>
      <trkpt lat="42.716205166" lon="77.47014883">
        <ele>1744.763</ele>
        <time>2025-07-19T04:41:14.000Z</time>
      </trkpt>
      <trkpt lat="42.718710176" lon="77.474372877">
        <ele>1758.742</ele>
        <time>2025-07-19T05:09:06.000Z</time>
      </trkpt>
      <trkpt lat="42.718327178" lon="77.494610015">
        <ele>1755.978</ele>
        <time>2025-07-19T05:14:46.000Z</time>
      </trkpt>
      <trkpt lat="42.720120483" lon="77.535233768">
        <ele>1748.867</ele>
        <time>2025-07-19T05:19:44.000Z</time>
      </trkpt>
      <trkpt lat="42.721180284" lon="77.547569148">
        <ele>1747</ele>
        <time>2025-07-19T05:24:49.000Z</time>
      </trkpt>
      <trkpt lat="42.723271614" lon="77.563169691">
        <ele>1737.333</ele>
        <time>2025-07-19T05:30:49.000Z</time>
      </trkpt>
      <trkpt lat="42.728860927" lon="77.615621432">
        <ele>1660.923</ele>
        <time>2025-07-19T05:35:53.000Z</time>
      </trkpt>
      <trkpt lat="42.733701223" lon="77.66102619">
        <ele>1651.118</ele>
        <time>2025-07-19T05:41:07.000Z</time>
      </trkpt>
      <trkpt lat="42.735047394" lon="77.678799912">
        <ele>1639.68</ele>
        <time>2025-07-19T05:46:32.000Z</time>
      </trkpt>
      <trkpt lat="42.738098774" lon="77.731549878">
        <ele>1643.935</ele>
        <time>2025-07-19T05:52:43.000Z</time>
      </trkpt>
      <trkpt lat="42.738954715" lon="77.810705337">
        <ele>1622.474</ele>
        <time>2025-07-19T06:03:07.000Z</time>
      </trkpt>
      <trkpt lat="42.73722463" lon="77.824876079">
        <ele>1633.562</ele>
        <time>2025-07-19T06:08:48.000Z</time>
      </trkpt>
      <trkpt lat="42.736338928" lon="77.864806051">
        <ele>1657.248</ele>
        <time>2025-07-19T06:17:05.000Z</time>
      </trkpt>
      <trkpt lat="42.737047495" lon="77.930936767">
        <ele>1653.88</ele>
        <time>2025-07-19T06:22:10.000Z</time>
      </trkpt>
      <trkpt lat="42.735257588" lon="77.971227137">
        <ele>1650.272</ele>
        <time>2025-07-19T06:30:56.000Z</time>
      </trkpt>
      <trkpt lat="42.741961941" lon="78.019011908">
        <ele>1634.972</ele>
        <time>2025-07-19T06:45:05.000Z</time>
      </trkpt>
      <trkpt lat="42.748040902" lon="78.111043982">
        <ele>1649.136</ele>
        <time>2025-07-19T06:56:19.000Z</time>
      </trkpt>
      <trkpt lat="42.758423996" lon="78.15243982">
        <ele>1630.82</ele>
        <time>2025-07-19T07:03:17.000Z</time>
      </trkpt>
      <trkpt lat="42.780785002" lon="78.21902381">
        <ele>1649</ele>
        <time>2025-07-19T07:36:03.000Z</time>
      </trkpt>
      <trkpt lat="42.78438013" lon="78.242703179">
        <ele>1652.768</ele>
        <time>2025-07-19T07:42:11.000Z</time>
      </trkpt>
      <trkpt lat="42.778242508" lon="78.308713668">
        <ele>1667.618</ele>
        <time>2025-07-19T08:29:46.000Z</time>
      </trkpt>
      <trkpt lat="42.733071995" lon="78.356159446">
        <ele>1620.115</ele>
        <time>2025-07-19T09:13:49.000Z</time>
      </trkpt>
      <trkpt lat="42.515185811" lon="78.385831285">
        <ele>1691.338</ele>
        <time>2025-07-19T09:45:43.000Z</time>
      </trkpt>
      <trkpt lat="42.469775982" lon="78.268922996">
        <ele>1707.613</ele>
        <time>2025-07-19T10:06:18.000Z</time>
      </trkpt>
      <trkpt lat="42.429050901" lon="78.214557907">
        <ele>1777.408</ele>
        <time>2025-07-19T10:22:40.000Z</time>
      </trkpt>
      <trkpt lat="42.367254545" lon="78.222149267">
        <ele>1929.308</ele>
        <time>2025-07-19T10:33:46.000Z</time>
      </trkpt>
      <trkpt lat="42.346596429" lon="78.227960639">
        <ele>1979.148</ele>
        <time>2025-07-19T10:39:02.000Z</time>
      </trkpt>
      <trkpt lat="42.333247173" lon="78.241487034">
        <ele>2108.353</ele>
        <time>2025-07-19T11:36:00.000Z</time>
      </trkpt>
      <trkpt lat="42.332947981" lon="78.241179166">
        <ele>2102.016</ele>
        <time>2025-07-19T12:18:25.000Z</time>
      </trkpt>
      <trkpt lat="42.333189901" lon="78.241500674">
        <ele>2108.402</ele>
        <time>2025-07-19T12:27:54.000Z</time>
      </trkpt>
      <trkpt lat="42.357133508" lon="78.231098709">
        <ele>2105.655</ele>
        <time>2025-07-20T01:46:10.000Z</time>
      </trkpt>
      <trkpt lat="42.333154943" lon="78.241485581">
        <ele>2108.348</ele>
        <time>2025-07-20T01:51:30.000Z</time>
      </trkpt>
      <trkpt lat="42.348785432" lon="78.235361495">
        <ele>2118.436</ele>
        <time>2025-07-20T03:07:08.000Z</time>
      </trkpt>
      <trkpt lat="42.333284824" lon="78.241644823">
        <ele>2108.921</ele>
        <time>2025-07-20T03:12:31.000Z</time>
      </trkpt>
      <trkpt lat="42.352439369" lon="78.234394227">
        <ele>2130.508</ele>
        <time>2025-07-20T06:50:49.000Z</time>
      </trkpt>
      <trkpt lat="42.333234851" lon="78.241477963">
        <ele>2108.321</ele>
        <time>2025-07-20T06:57:21.000Z</time>
      </trkpt>
      <trkpt lat="42.342378859" lon="78.238090105">
        <ele>2189.69</ele>
        <time>2025-07-20T07:04:09.000Z</time>
      </trkpt>
      <trkpt lat="42.333278299" lon="78.241483852">
        <ele>2108.342</ele>
        <time>2025-07-20T07:12:04.000Z</time>
      </trkpt>
      <trkpt lat="42.339586759" lon="78.233907646">
        <ele>2004.17</ele>
        <time>2025-07-21T03:34:19.000Z</time>
      </trkpt>
      <trkpt lat="42.345053257" lon="78.230039477">
        <ele>1992.054</ele>
        <time>2025-07-21T04:03:06.000Z</time>
      </trkpt>
      <trkpt lat="42.413215496" lon="78.218206516">
        <ele>1810.511</ele>
        <time>2025-07-21T04:18:13.000Z</time>
      </trkpt>
      <trkpt lat="42.467744882" lon="78.249419686">
        <ele>1698.118</ele>
        <time>2025-07-21T04:31:13.000Z</time>
      </trkpt>
      <trkpt lat="42.48353675" lon="78.374024034">
        <ele>1760.781</ele>
        <time>2025-07-21T04:44:50.000Z</time>
      </trkpt>
      <trkpt lat="42.490313393" lon="78.391834572">
        <ele>1752.476</ele>
        <time>2025-07-21T04:50:23.000Z</time>
      </trkpt>
      <trkpt lat="42.549563986" lon="78.390370506">
        <ele>1679.764</ele>
        <time>2025-07-21T05:03:47.000Z</time>
      </trkpt>
      <trkpt lat="42.660882287" lon="78.351117502">
        <ele>1672.977</ele>
        <time>2025-07-21T05:18:57.000Z</time>
      </trkpt>
      <trkpt lat="42.729187248" lon="78.357116503">
        <ele>1625.341</ele>
        <time>2025-07-21T05:29:21.000Z</time>
      </trkpt>
      <trkpt lat="42.741094846" lon="78.394331028">
        <ele>1630.941</ele>
        <time>2025-07-21T06:21:29.000Z</time>
      </trkpt>
      <trkpt lat="42.769481689" lon="78.478999157">
        <ele>1663.919</ele>
        <time>2025-07-21T06:27:50.000Z</time>
      </trkpt>
      <trkpt lat="42.772884255" lon="78.608663128">
        <ele>1707.954</ele>
        <time>2025-07-21T06:38:33.000Z</time>
      </trkpt>
      <trkpt lat="42.735082202" lon="78.830352916">
        <ele>1858.679</ele>
        <time>2025-07-21T06:58:40.000Z</time>
      </trkpt>
      <trkpt lat="42.741431985" lon="78.948423201">
        <ele>1954.234</ele>
        <time>2025-07-21T07:10:14.000Z</time>
      </trkpt>
      <trkpt lat="42.761458363" lon="79.132486861">
        <ele>2028.297</ele>
        <time>2025-07-21T07:27:17.000Z</time>
      </trkpt>
      <trkpt lat="42.799919606" lon="79.180248454">
        <ele>1993.711</ele>
        <time>2025-07-21T08:56:22.000Z</time>
      </trkpt>
      <trkpt lat="42.863671565" lon="79.234741218">
        <ele>1940</ele>
        <time>2025-07-21T10:13:29.000Z</time>
      </trkpt>
      <trkpt lat="42.961995732" lon="79.23608928">
        <ele>1859.936</ele>
        <time>2025-07-21T10:29:36.000Z</time>
      </trkpt>
      <trkpt lat="43.016865776" lon="79.229348432">
        <ele>1851.531</ele>
        <time>2025-07-21T10:43:54.000Z</time>
      </trkpt>
      <trkpt lat="43.012831011" lon="79.233747879">
        <ele>1850.192</ele>
        <time>2025-07-21T11:05:09.000Z</time>
      </trkpt>
      <trkpt lat="43.016936509" lon="79.229435222">
        <ele>1851.061</ele>
        <time>2025-07-21T11:28:54.000Z</time>
      </trkpt>
      <trkpt lat="43.072735689" lon="79.216886168">
        <ele>1829.519</ele>
        <time>2025-07-21T11:39:43.000Z</time>
      </trkpt>
      <trkpt lat="43.115169774" lon="79.240056099">
        <ele>1858.533</ele>
        <time>2025-07-21T11:51:32.000Z</time>
      </trkpt>
      <trkpt lat="43.116412391" lon="79.272076394">
        <ele>1914.519</ele>
        <time>2025-07-21T12:04:45.000Z</time>
      </trkpt>
      <trkpt lat="43.116678852" lon="79.27157105">
        <ele>1914.327</ele>
        <time>2025-07-21T13:19:07.000Z</time>
      </trkpt>
      <trkpt lat="43.116367548" lon="79.271837426">
        <ele>1914.077</ele>
        <time>2025-07-21T13:33:05.000Z</time>
      </trkpt>
      <trkpt lat="43.435684204" lon="79.101760864">
        <ele>1047.231</ele>
        <time>2025-07-21T13:46:00.000Z</time>
      </trkpt>
      <trkpt lat="43.116363932" lon="79.27185561">
        <ele>1914.09</ele>
        <time>2025-07-21T14:01:06.000Z</time>
      </trkpt>
      <trkpt lat="43.435684204" lon="79.101760864">
        <ele>1047.231</ele>
        <time>2025-07-21T14:15:52.000Z</time>
      </trkpt>
      <trkpt lat="43.116380837" lon="79.271854342">
        <ele>1914.029</ele>
        <time>2025-07-21T14:32:12.000Z</time>
      </trkpt>
      <trkpt lat="43.116141907" lon="79.260888733">
        <ele>1898.443</ele>
        <time>2025-07-22T03:25:05.000Z</time>
      </trkpt>
      <trkpt lat="43.157854433" lon="79.206574646">
        <ele>1802.16</ele>
        <time>2025-07-22T03:41:34.000Z</time>
      </trkpt>
      <trkpt lat="43.193125508" lon="79.131114325">
        <ele>1431.511</ele>
        <time>2025-07-22T03:55:03.000Z</time>
      </trkpt>
      <trkpt lat="43.235380263" lon="79.007090153">
        <ele>1248</ele>
        <time>2025-07-22T04:08:52.000Z</time>
      </trkpt>
      <trkpt lat="43.269028291" lon="78.948557558">
        <ele>1209.698</ele>
        <time>2025-07-22T04:22:22.000Z</time>
      </trkpt>
      <trkpt lat="43.346875208" lon="78.929201569">
        <ele>1312.091</ele>
        <time>2025-07-22T04:35:51.000Z</time>
      </trkpt>
      <trkpt lat="43.361457068" lon="79.047503363">
        <ele>1151.479</ele>
        <time>2025-07-22T04:48:19.000Z</time>
      </trkpt>
      <trkpt lat="43.356328625" lon="79.053801928">
        <ele>1133.377</ele>
        <time>2025-07-22T05:05:02.000Z</time>
      </trkpt>
      <trkpt lat="43.361339816" lon="79.048149493">
        <ele>1151</ele>
        <time>2025-07-23T04:37:33.000Z</time>
      </trkpt>
      <trkpt lat="43.346724769" lon="78.928585581">
        <ele>1312.601</ele>
        <time>2025-07-23T04:47:57.000Z</time>
      </trkpt>
      <trkpt lat="43.361590093" lon="78.898206548">
        <ele>1260.276</ele>
        <time>2025-07-23T04:53:04.000Z</time>
      </trkpt>
      <trkpt lat="43.391770775" lon="78.82545326">
        <ele>1221.625</ele>
        <time>2025-07-23T04:58:34.000Z</time>
      </trkpt>
      <trkpt lat="43.442984707" lon="78.687979306">
        <ele>1136.185</ele>
        <time>2025-07-23T05:09:29.000Z</time>
      </trkpt>
      <trkpt lat="43.520721029" lon="78.612234682">
        <ele>879.503</ele>
        <time>2025-07-23T05:22:17.000Z</time>
      </trkpt>
      <trkpt lat="43.552308021" lon="78.464409066">
        <ele>716.691</ele>
        <time>2025-07-23T05:35:45.000Z</time>
      </trkpt>
      <trkpt lat="43.560476836" lon="78.365890569">
        <ele>714.981</ele>
        <time>2025-07-23T05:43:31.000Z</time>
      </trkpt>
      <trkpt lat="43.565043317" lon="78.353802208">
        <ele>707.468</ele>
        <time>2025-07-23T05:49:59.000Z</time>
      </trkpt>
      <trkpt lat="43.572495027" lon="78.348477815">
        <ele>696.547</ele>
        <time>2025-07-23T05:59:21.000Z</time>
      </trkpt>
      <trkpt lat="43.602229594" lon="78.315293966">
        <ele>639.972</ele>
        <time>2025-07-23T06:04:43.000Z</time>
      </trkpt>
      <trkpt lat="43.584114633" lon="78.230945422">
        <ele>595.515</ele>
        <time>2025-07-23T06:12:11.000Z</time>
      </trkpt>
      <trkpt lat="43.575421879" lon="77.97138297">
        <ele>574.529</ele>
        <time>2025-07-23T06:29:14.000Z</time>
      </trkpt>
      <trkpt lat="43.549974631" lon="77.765890053">
        <ele>584.814</ele>
        <time>2025-07-23T06:42:18.000Z</time>
      </trkpt>
      <trkpt lat="43.533502926" lon="77.628153302">
        <ele>619.389</ele>
        <time>2025-07-23T06:51:00.000Z</time>
      </trkpt>
      <trkpt lat="43.525817902" lon="77.541460572">
        <ele>621.853</ele>
        <time>2025-07-23T06:56:33.000Z</time>
      </trkpt>
      <trkpt lat="43.488948984" lon="77.478154445">
        <ele>662.139</ele>
        <time>2025-07-23T07:03:57.000Z</time>
      </trkpt>
      <trkpt lat="43.437965844" lon="77.382438884">
        <ele>699.174</ele>
        <time>2025-07-23T07:21:48.000Z</time>
      </trkpt>
      <trkpt lat="43.40940633" lon="77.314868471">
        <ele>690.591</ele>
        <time>2025-07-23T07:27:52.000Z</time>
      </trkpt>
      <trkpt lat="43.409774857" lon="77.263525446">
        <ele>671.617</ele>
        <time>2025-07-23T07:32:49.000Z</time>
      </trkpt>
      <trkpt lat="43.406035566" lon="77.233242302">
        <ele>682.089</ele>
        <time>2025-07-23T07:53:56.000Z</time>
      </trkpt>
      <trkpt lat="43.388957433" lon="77.225684775">
        <ele>721.041</ele>
        <time>2025-07-23T07:59:58.000Z</time>
      </trkpt>
      <trkpt lat="43.35550538" lon="77.23229178">
        <ele>808.93</ele>
        <time>2025-07-23T08:05:56.000Z</time>
      </trkpt>
      <trkpt lat="43.331353539" lon="77.247202553">
        <ele>886.302</ele>
        <time>2025-07-23T08:11:56.000Z</time>
      </trkpt>
      <trkpt lat="43.325356348" lon="77.248025313">
        <ele>902.434</ele>
        <time>2025-07-23T08:30:00.000Z</time>
      </trkpt>
      <trkpt lat="43.306319914" lon="77.239853628">
        <ele>969</ele>
        <time>2025-07-23T08:35:05.000Z</time>
      </trkpt>
      <trkpt lat="43.286499829" lon="77.22777297">
        <ele>1053.618</ele>
        <time>2025-07-23T08:41:32.000Z</time>
      </trkpt>
      <trkpt lat="43.278373349" lon="77.192422617">
        <ele>1099.672</ele>
        <time>2025-07-23T08:46:59.000Z</time>
      </trkpt>
      <trkpt lat="43.278927286" lon="77.191568426">
        <ele>1091.862</ele>
        <time>2025-07-25T15:35:30.000Z</time>
      </trkpt>
      <trkpt lat="43.306798537" lon="77.106695965">
        <ele>805.525</ele>
        <time>2025-08-22T06:07:19.000Z</time>
      </trkpt>
      <trkpt lat="43.303445089" lon="77.07102458">
        <ele>772</ele>
        <time>2025-08-22T06:20:41.000Z</time>
      </trkpt>
      <trkpt lat="43.286465155" lon="76.994602243">
        <ele>750.764</ele>
        <time>2025-08-22T06:33:36.000Z</time>
      </trkpt>
      <trkpt lat="43.259737148" lon="76.982722599">
        <ele>831.694</ele>
        <time>2025-08-22T06:38:44.000Z</time>
      </trkpt>
      <trkpt lat="43.228020491" lon="76.949836593">
        <ele>925.56</ele>
        <time>2025-08-22T06:52:47.000Z</time>
      </trkpt>
      <trkpt lat="43.208456756" lon="76.971541048">
        <ele>1051.312</ele>
        <time>2025-08-22T07:03:00.000Z</time>
      </trkpt>
      <trkpt lat="43.173566451" lon="77.015469913">
        <ele>1330.902</ele>
        <time>2025-08-22T07:17:59.000Z</time>
      </trkpt>
      <trkpt lat="43.172939965" lon="77.022933395">
        <ele>1374.136</ele>
        <time>2025-08-22T07:33:10.000Z</time>
      </trkpt>
      <trkpt lat="43.198262423" lon="76.982893133">
        <ele>1119.212</ele>
        <time>2025-08-22T09:42:42.000Z</time>
      </trkpt>
      <trkpt lat="43.226780305" lon="76.961408733">
        <ele>950.114</ele>
        <time>2025-08-22T09:52:40.000Z</time>
      </trkpt>
      <trkpt lat="43.290431015" lon="77.009111264">
        <ele>738.648</ele>
        <time>2025-08-22T10:03:40.000Z</time>
      </trkpt>
      <trkpt lat="43.304229734" lon="77.080646607">
        <ele>791.699</ele>
        <time>2025-08-22T10:14:31.000Z</time>
      </trkpt>
      <trkpt lat="43.306474087" lon="77.135265808">
        <ele>886.387</ele>
        <time>2025-08-22T10:27:39.000Z</time>
      </trkpt>
      <trkpt lat="43.287238794" lon="77.180479">
        <ele>1027.897</ele>
        <time>2025-08-22T10:32:49.000Z</time>
      </trkpt>
      <trkpt lat="43.254422438" lon="77.214118755">
        <ele>1202.993</ele>
        <time>2025-08-22T10:45:08.000Z</time>
      </trkpt>
      <trkpt lat="43.259466553" lon="77.212600708">
        <ele>1167.254</ele>
        <time>2025-08-22T11:55:33.000Z</time>
      </trkpt>
      <trkpt lat="43.254501334" lon="77.214107545">
        <ele>1201.981</ele>
        <time>2025-08-22T12:24:28.000Z</time>
      </trkpt>
      <trkpt lat="43.259466553" lon="77.212600708">
        <ele>1167.254</ele>
        <time>2025-08-22T14:46:55.000Z</time>
      </trkpt>
      <trkpt lat="43.254569673" lon="77.214211239">
        <ele>1200.559</ele>
        <time>2025-08-22T15:16:11.000Z</time>
      </trkpt>
      <trkpt lat="43.259466553" lon="77.212600708">
        <ele>1167.254</ele>
        <time>2025-08-23T03:13:53.000Z</time>
      </trkpt>
      <trkpt lat="43.254408953" lon="77.214332822">
        <ele>1202.168</ele>
        <time>2025-08-23T03:19:39.000Z</time>
      </trkpt>
      <trkpt lat="43.259466553" lon="77.212600708">
        <ele>1167.254</ele>
        <time>2025-08-23T03:30:18.000Z</time>
      </trkpt>
      <trkpt lat="43.254436406" lon="77.214317828">
        <ele>1201.629</ele>
        <time>2025-08-23T04:01:42.000Z</time>
      </trkpt>
      <trkpt lat="43.259466553" lon="77.212600708">
        <ele>1167.254</ele>
        <time>2025-08-23T04:50:10.000Z</time>
      </trkpt>
      <trkpt lat="43.25440513" lon="77.214036277">
        <ele>1204.257</ele>
        <time>2025-08-23T05:19:12.000Z</time>
      </trkpt>
      <trkpt lat="43.259466553" lon="77.212600708">
        <ele>1167.254</ele>
        <time>2025-08-23T06:24:59.000Z</time>
      </trkpt>
      <trkpt lat="43.254449302" lon="77.214185391">
        <ele>1201.881</ele>
        <time>2025-08-23T06:35:53.000Z</time>
      </trkpt>
      <trkpt lat="43.259466553" lon="77.212600708">
        <ele>1167.254</ele>
        <time>2025-08-23T06:49:00.000Z</time>
      </trkpt>
      <trkpt lat="43.254411829" lon="77.21419643">
        <ele>1202.597</ele>
        <time>2025-08-23T06:55:26.000Z</time>
      </trkpt>
      <trkpt lat="43.259466553" lon="77.212600708">
        <ele>1167.254</ele>
        <time>2025-08-23T11:49:26.000Z</time>
      </trkpt>
      <trkpt lat="43.254412481" lon="77.214208844">
        <ele>1202.539</ele>
        <time>2025-08-23T12:05:54.000Z</time>
      </trkpt>
      <trkpt lat="43.25946807" lon="77.2126007">
        <ele>1167.247</ele>
        <time>2025-08-23T12:29:10.000Z</time>
      </trkpt>
      <trkpt lat="43.254480192" lon="77.214260468">
        <ele>1201.32</ele>
        <time>2025-08-23T12:35:39.000Z</time>
      </trkpt>
      <trkpt lat="43.25946807" lon="77.2126007">
        <ele>1167.247</ele>
        <time>2025-08-24T04:01:58.000Z</time>
      </trkpt>
      <trkpt lat="43.254358367" lon="77.214213369">
        <ele>1203.691</ele>
        <time>2025-08-24T04:06:57.000Z</time>
      </trkpt>
      <trkpt lat="43.25946807" lon="77.2126007">
        <ele>1167.247</ele>
        <time>2025-08-24T04:30:54.000Z</time>
      </trkpt>
      <trkpt lat="43.254487025" lon="77.214250396">
        <ele>1201.285</ele>
        <time>2025-08-24T04:52:52.000Z</time>
      </trkpt>
      <trkpt lat="43.25946807" lon="77.2126007">
        <ele>1167.247</ele>
        <time>2025-08-24T07:04:46.000Z</time>
      </trkpt>
      <trkpt lat="43.254611525" lon="77.214260886">
        <ele>1200.06</ele>
        <time>2025-08-24T07:23:02.000Z</time>
      </trkpt>
      <trkpt lat="43.25946807" lon="77.2126007">
        <ele>1167.247</ele>
        <time>2025-08-24T07:36:02.000Z</time>
      </trkpt>
      <trkpt lat="43.254436269" lon="77.21434406">
        <ele>1201.538</ele>
        <time>2025-08-24T08:18:09.000Z</time>
      </trkpt>
      <trkpt lat="43.25946807" lon="77.2126007">
        <ele>1167.247</ele>
        <time>2025-08-24T10:45:00.000Z</time>
      </trkpt>
      <trkpt lat="43.254447389" lon="77.21424609">
        <ele>1201.685</ele>
        <time>2025-08-24T11:03:29.000Z</time>
      </trkpt>
      <trkpt lat="43.272840254" lon="77.210908971">
        <ele>1117.469</ele>
        <time>2025-08-24T11:10:11.000Z</time>
      </trkpt>
      <trkpt lat="43.280081141" lon="77.202020051">
        <ele>1086.989</ele>
        <time>2025-08-24T11:21:39.000Z</time>
      </trkpt>
      <trkpt lat="43.279150603" lon="77.192137968">
        <ele>1090.853</ele>
        <time>2025-08-24T11:27:56.000Z</time>
      </trkpt>
      <trkpt lat="43.303982788" lon="77.154677063">
        <ele>921.055</ele>
        <time>2025-08-25T02:25:26.000Z</time>
      </trkpt>
      <trkpt lat="43.30672564" lon="77.106983112">
        <ele>805.788</ele>
        <time>2025-08-25T02:36:09.000Z</time>
      </trkpt>
      <trkpt lat="43.304113803" lon="77.077816573">
        <ele>786.544</ele>
        <time>2025-08-25T02:48:57.000Z</time>
      </trkpt>
      <trkpt lat="43.315273951" lon="77.033263765">
        <ele>711.261</ele>
        <time>2025-08-25T02:59:22.000Z</time>
      </trkpt>
      <trkpt lat="43.29608285" lon="76.997632672">
        <ele>728.571</ele>
        <time>2025-08-25T03:10:34.000Z</time>
      </trkpt>
      <trkpt lat="43.288380043" lon="76.922142031">
        <ele>740</ele>
        <time>2025-08-25T03:21:37.000Z</time>
      </trkpt>
      <trkpt lat="43.268795391" lon="76.922474792">
        <ele>762.764</ele>
        <time>2025-08-25T10:02:57.000Z</time>
      </trkpt>
      <trkpt lat="43.250270444" lon="76.945197132">
        <ele>833.607</ele>
        <time>2025-08-25T10:17:37.000Z</time>
      </trkpt>
      <trkpt lat="43.253856772" lon="76.942560312">
        <ele>815.525</ele>
        <time>2025-08-26T07:37:16.000Z</time>
      </trkpt>
      <trkpt lat="43.254224334" lon="76.933229145">
        <ele>798</ele>
        <time>2025-08-26T07:51:24.000Z</time>
      </trkpt>
      <trkpt lat="43.25286019" lon="76.918145597">
        <ele>793.096</ele>
        <time>2025-08-26T08:06:54.000Z</time>
      </trkpt>
      <trkpt lat="43.252253196" lon="76.912710683">
        <ele>791.432</ele>
        <time>2025-08-26T08:17:20.000Z</time>
      </trkpt>
      <trkpt lat="43.261051853" lon="76.931422977">
        <ele>777.026</ele>
        <time>2025-08-26T11:00:03.000Z</time>
      </trkpt>
      <trkpt lat="43.292047" lon="76.936435103">
        <ele>728.631</ele>
        <time>2025-08-26T11:06:52.000Z</time>
      </trkpt>
      <trkpt lat="43.288700363" lon="76.922107574">
        <ele>739.49</ele>
        <time>2025-08-26T11:14:52.000Z</time>
      </trkpt>
      <trkpt lat="43.282166327" lon="76.916129913">
        <ele>744.866</ele>
        <time>2025-08-26T13:02:26.000Z</time>
      </trkpt>
      <trkpt lat="43.29327037" lon="76.943697399">
        <ele>728.227</ele>
        <time>2025-08-26T13:15:28.000Z</time>
      </trkpt>
      <trkpt lat="43.300588788" lon="76.951429658">
        <ele>720.622</ele>
        <time>2025-08-26T13:25:11.000Z</time>
      </trkpt>
      <trkpt lat="43.344264372" lon="76.99163741">
        <ele>678.611</ele>
        <time>2025-08-26T13:39:31.000Z</time>
      </trkpt>
      <trkpt lat="43.343278069" lon="76.998532878">
        <ele>665.282</ele>
        <time>2025-08-26T13:53:04.000Z</time>
      </trkpt>
      <trkpt lat="43.3491247" lon="76.986570114">
        <ele>673.295</ele>
        <time>2025-08-27T00:59:37.000Z</time>
      </trkpt>
      <trkpt lat="43.39129086" lon="77.003823362">
        <ele>649.387</ele>
        <time>2025-08-27T01:09:57.000Z</time>
      </trkpt>
      <trkpt lat="43.469807136" lon="77.035404121">
        <ele>607.788</ele>
        <time>2025-08-27T01:22:56.000Z</time>
      </trkpt>
      <trkpt lat="43.458800452" lon="77.22070875">
        <ele>624.176</ele>
        <time>2025-08-27T01:34:38.000Z</time>
      </trkpt>
      <trkpt lat="43.504503225" lon="77.390494701">
        <ele>615</ele>
        <time>2025-08-27T01:45:22.000Z</time>
      </trkpt>
      <trkpt lat="43.530530585" lon="77.588952687">
        <ele>627.299</ele>
        <time>2025-08-27T01:57:11.000Z</time>
      </trkpt>
      <trkpt lat="43.557254739" lon="77.809731073">
        <ele>578.004</ele>
        <time>2025-08-27T02:10:42.000Z</time>
      </trkpt>
      <trkpt lat="43.581165746" lon="78.04988469">
        <ele>565.41</ele>
        <time>2025-08-27T02:25:08.000Z</time>
      </trkpt>
      <trkpt lat="43.593806976" lon="78.278628148">
        <ele>627</ele>
        <time>2025-08-27T02:39:56.000Z</time>
      </trkpt>
      <trkpt lat="43.657830069" lon="78.446375448">
        <ele>582.772</ele>
        <time>2025-08-27T02:51:21.000Z</time>
      </trkpt>
      <trkpt lat="43.662497436" lon="78.483620173">
        <ele>569</ele>
        <time>2025-08-27T02:59:26.000Z</time>
      </trkpt>
      <trkpt lat="43.705872218" lon="78.694662502">
        <ele>517.83</ele>
        <time>2025-08-27T05:06:52.000Z</time>
      </trkpt>
      <trkpt lat="43.755940002" lon="78.932509561">
        <ele>491.371</ele>
        <time>2025-08-27T05:21:37.000Z</time>
      </trkpt>
      <trkpt lat="43.773617067" lon="79.175876544">
        <ele>508.152</ele>
        <time>2025-08-27T05:36:35.000Z</time>
      </trkpt>
      <trkpt lat="43.865918946" lon="79.377877889">
        <ele>517.64</ele>
        <time>2025-08-27T05:51:18.000Z</time>
      </trkpt>
      <trkpt lat="43.884335998" lon="79.514181381">
        <ele>511.24</ele>
        <time>2025-08-27T05:59:32.000Z</time>
      </trkpt>
      <trkpt lat="43.94667217" lon="79.582395824">
        <ele>505.637</ele>
        <time>2025-08-27T06:06:24.000Z</time>
      </trkpt>
      <trkpt lat="44.066867698" lon="79.73586537">
        <ele>542.193</ele>
        <time>2025-08-27T06:21:31.000Z</time>
      </trkpt>
      <trkpt lat="44.138520188" lon="79.90371801">
        <ele>605.126</ele>
        <time>2025-08-27T06:36:16.000Z</time>
      </trkpt>
      <trkpt lat="44.134040228" lon="79.904815201">
        <ele>602.028</ele>
        <time>2025-08-27T08:31:19.000Z</time>
      </trkpt>
      <trkpt lat="44.150205772" lon="79.94773249">
        <ele>613.042</ele>
        <time>2025-08-28T02:24:18.000Z</time>
      </trkpt>
      <trkpt lat="44.1650294" lon="79.97383049">
        <ele>616.022</ele>
        <time>2025-08-28T02:33:59.000Z</time>
      </trkpt>
      <trkpt lat="44.165362814" lon="80.024237959">
        <ele>641</ele>
        <time>2025-08-28T02:45:31.000Z</time>
      </trkpt>
      <trkpt lat="44.181051892" lon="80.1529653">
        <ele>679.069</ele>
        <time>2025-08-28T03:00:06.000Z</time>
      </trkpt>
      <trkpt lat="44.216285795" lon="80.216761755">
        <ele>723.629</ele>
        <time>2025-08-28T03:10:10.000Z</time>
      </trkpt>
      <trkpt lat="44.175177293" lon="80.254253607">
        <ele>694.751</ele>
        <time>2025-08-28T03:19:54.000Z</time>
      </trkpt>
      <trkpt lat="44.166669259" lon="80.364069231">
        <ele>702</ele>
        <time>2025-08-28T03:33:09.000Z</time>
      </trkpt>
      <trkpt lat="44.158087943" lon="80.391594729">
        <ele>694.086</ele>
        <time>2025-08-28T03:46:56.000Z</time>
      </trkpt>
      <trkpt lat="44.157247623" lon="80.399117572">
        <ele>692.252</ele>
        <time>2025-08-28T04:44:29.000Z</time>
      </trkpt>
      <trkpt lat="44.159122513" lon="80.40908984">
        <ele>696.233</ele>
        <time>2025-08-28T05:14:21.000Z</time>
      </trkpt>
      <trkpt lat="44.206464272" lon="80.405873722">
        <ele>788</ele>
        <time>2025-08-28T09:40:06.000Z</time>
      </trkpt>
      <trkpt lat="44.211939918" lon="80.411163122">
        <ele>797</ele>
        <time>2025-08-28T12:22:57.000Z</time>
      </trkpt>
      <trkpt lat="44.167609038" lon="80.496060066">
        <ele>685.607</ele>
        <time>2025-08-29T00:56:46.000Z</time>
      </trkpt>
      <trkpt lat="44.176441133" lon="80.592601402">
        <ele>690.447</ele>
        <time>2025-08-29T01:10:18.000Z</time>
      </trkpt>
      <trkpt lat="44.216976267" lon="80.798864664">
        <ele>752</ele>
        <time>2025-08-29T01:23:48.000Z</time>
      </trkpt>
      <trkpt lat="44.31930793" lon="80.938127892">
        <ele>1035.885</ele>
        <time>2025-08-29T01:36:25.000Z</time>
      </trkpt>
      <trkpt lat="44.319600018" lon="80.93872862">
        <ele>1035.56</ele>
        <time>2025-08-29T01:36:28.000Z</time>
      </trkpt>
      <trkpt lat="44.319902928" lon="80.939163973">
        <ele>1037.641</ele>
        <time>2025-08-29T01:36:30.000Z</time>
      </trkpt>
      <trkpt lat="44.320152167" lon="80.939582554">
        <ele>1037.275</ele>
        <time>2025-08-29T01:36:32.000Z</time>
      </trkpt>
      <trkpt lat="44.320455767" lon="80.940053901">
        <ele>1038.194</ele>
        <time>2025-08-29T01:36:34.000Z</time>
      </trkpt>
      <trkpt lat="44.32068875" lon="80.940449463">
        <ele>1039.618</ele>
        <time>2025-08-29T01:36:36.000Z</time>
      </trkpt>
      <trkpt lat="44.320920288" lon="80.940833011">
        <ele>1040</ele>
        <time>2025-08-29T01:36:38.000Z</time>
      </trkpt>
      <trkpt lat="44.321154882" lon="80.941209371">
        <ele>1040.354</ele>
        <time>2025-08-29T01:36:40.000Z</time>
      </trkpt>
      <trkpt lat="44.3213864" lon="80.941587305">
        <ele>1041.714</ele>
        <time>2025-08-29T01:36:42.000Z</time>
      </trkpt>
      <trkpt lat="44.32162776" lon="80.941968122">
        <ele>1042</ele>
        <time>2025-08-29T01:36:44.000Z</time>
      </trkpt>
      <trkpt lat="44.321870579" lon="80.942341985">
        <ele>1043.583</ele>
        <time>2025-08-29T01:36:46.000Z</time>
      </trkpt>
      <trkpt lat="44.322117335" lon="80.942704542">
        <ele>1045.178</ele>
        <time>2025-08-29T01:36:48.000Z</time>
      </trkpt>
      <trkpt lat="44.322358809" lon="80.943052039">
        <ele>1045.496</ele>
        <time>2025-08-29T01:36:50.000Z</time>
      </trkpt>
      <trkpt lat="44.322588575" lon="80.943391494">
        <ele>1045.067</ele>
        <time>2025-08-29T01:36:52.000Z</time>
      </trkpt>
      <trkpt lat="44.322822999" lon="80.943720888">
        <ele>1046.46</ele>
        <time>2025-08-29T01:36:54.000Z</time>
      </trkpt>
      <trkpt lat="44.323056674" lon="80.944045699">
        <ele>1048.566</ele>
        <time>2025-08-29T01:36:56.000Z</time>
      </trkpt>
      <trkpt lat="44.323291872" lon="80.944364912">
        <ele>1049.107</ele>
        <time>2025-08-29T01:36:58.000Z</time>
      </trkpt>
      <trkpt lat="44.32352943" lon="80.944675044">
        <ele>1049.95</ele>
        <time>2025-08-29T01:37:00.000Z</time>
      </trkpt>
      <trkpt lat="44.323756677" lon="80.944983809">
        <ele>1050</ele>
        <time>2025-08-29T01:37:02.000Z</time>
      </trkpt>
      <trkpt lat="44.323993214" lon="80.945290417">
        <ele>1049.642</ele>
        <time>2025-08-29T01:37:04.000Z</time>
      </trkpt>
      <trkpt lat="44.406301479" lon="81.024397856">
        <ele>1360.703</ele>
        <time>2025-08-29T01:51:00.000Z</time>
      </trkpt>
      <trkpt lat="44.469485658" lon="81.152741641">
        <ele>1797.407</ele>
        <time>2025-08-29T02:04:55.000Z</time>
      </trkpt>
      <trkpt lat="44.469355444" lon="81.153262252">
        <ele>1799.431</ele>
        <time>2025-08-29T02:04:58.000Z</time>
      </trkpt>
      <trkpt lat="44.469197424" lon="81.153798656">
        <ele>1799.475</ele>
        <time>2025-08-29T02:05:01.000Z</time>
      </trkpt>
      <trkpt lat="44.469031752" lon="81.154374573">
        <ele>1805.782</ele>
        <time>2025-08-29T02:05:05.000Z</time>
      </trkpt>
      <trkpt lat="44.468821843" lon="81.154906626">
        <ele>1809.631</ele>
        <time>2025-08-29T02:05:08.000Z</time>
      </trkpt>
      <trkpt lat="44.468591957" lon="81.155430002">
        <ele>1808.006</ele>
        <time>2025-08-29T02:05:11.000Z</time>
      </trkpt>
      <trkpt lat="44.46833817" lon="81.155945654">
        <ele>1805.269</ele>
        <time>2025-08-29T02:05:14.000Z</time>
      </trkpt>
      <trkpt lat="44.468065308" lon="81.156449993">
        <ele>1809.197</ele>
        <time>2025-08-29T02:05:17.000Z</time>
      </trkpt>
      <trkpt lat="44.504074205" lon="81.213518103">
        <ele>2087</ele>
        <time>2025-08-29T02:18:57.000Z</time>
      </trkpt>
      <trkpt lat="44.593259989" lon="81.379501062">
        <ele>2123.054</ele>
        <time>2025-08-29T02:32:28.000Z</time>
      </trkpt>
      <trkpt lat="44.593509373" lon="81.38009232">
        <ele>2123.454</ele>
        <time>2025-08-29T02:32:30.000Z</time>
      </trkpt>
      <trkpt lat="44.593684435" lon="81.380665159">
        <ele>2123.472</ele>
        <time>2025-08-29T02:32:32.000Z</time>
      </trkpt>
      <trkpt lat="44.59391074" lon="81.381316665">
        <ele>2122.524</ele>
        <time>2025-08-29T02:32:35.000Z</time>
      </trkpt>
      <trkpt lat="44.594060035" lon="81.381862953">
        <ele>2121.7</ele>
        <time>2025-08-29T02:32:37.000Z</time>
      </trkpt>
      <trkpt lat="44.59420833" lon="81.382401898">
        <ele>2120.15</ele>
        <time>2025-08-29T02:32:39.000Z</time>
      </trkpt>
      <trkpt lat="44.594358535" lon="81.382934088">
        <ele>2117.747</ele>
        <time>2025-08-29T02:32:41.000Z</time>
      </trkpt>
      <trkpt lat="44.594510345" lon="81.383475382">
        <ele>2114.489</ele>
        <time>2025-08-29T02:32:43.000Z</time>
      </trkpt>
      <trkpt lat="44.594661966" lon="81.384012132">
        <ele>2114.323</ele>
        <time>2025-08-29T02:32:45.000Z</time>
      </trkpt>
      <trkpt lat="44.594807968" lon="81.38455562">
        <ele>2115.506</ele>
        <time>2025-08-29T02:32:47.000Z</time>
      </trkpt>
      <trkpt lat="44.594964638" lon="81.385091874">
        <ele>2115.169</ele>
        <time>2025-08-29T02:32:49.000Z</time>
      </trkpt>
      <trkpt lat="44.611401242" lon="81.590969538">
        <ele>1699.51</ele>
        <time>2025-08-29T02:46:30.000Z</time>
      </trkpt>
      <trkpt lat="44.617513783" lon="81.762313516">
        <ele>1070.409</ele>
        <time>2025-08-29T03:00:01.000Z</time>
      </trkpt>
      <trkpt lat="44.617228554" lon="81.762692994">
        <ele>1070.275</ele>
        <time>2025-08-29T03:00:03.000Z</time>
      </trkpt>
      <trkpt lat="44.616898284" lon="81.763110842">
        <ele>1069.635</ele>
        <time>2025-08-29T03:00:05.000Z</time>
      </trkpt>
      <trkpt lat="44.616651142" lon="81.763509145">
        <ele>1067.367</ele>
        <time>2025-08-29T03:00:07.000Z</time>
      </trkpt>
      <trkpt lat="44.616389098" lon="81.763892392">
        <ele>1065.987</ele>
        <time>2025-08-29T03:00:09.000Z</time>
      </trkpt>
      <trkpt lat="44.616130591" lon="81.76428962">
        <ele>1064.039</ele>
        <time>2025-08-29T03:00:11.000Z</time>
      </trkpt>
      <trkpt lat="44.615879609" lon="81.764694354">
        <ele>1063.25</ele>
        <time>2025-08-29T03:00:13.000Z</time>
      </trkpt>
      <trkpt lat="44.615634077" lon="81.765102543">
        <ele>1061.631</ele>
        <time>2025-08-29T03:00:15.000Z</time>
      </trkpt>
      <trkpt lat="44.615385159" lon="81.765511344">
        <ele>1060.773</ele>
        <time>2025-08-29T03:00:17.000Z</time>
      </trkpt>
      <trkpt lat="44.615142197" lon="81.765926685">
        <ele>1059.152</ele>
        <time>2025-08-29T03:00:19.000Z</time>
      </trkpt>
      <trkpt lat="44.614906915" lon="81.766363342">
        <ele>1057.757</ele>
        <time>2025-08-29T03:00:21.000Z</time>
      </trkpt>
      <trkpt lat="44.633173269" lon="81.99641587">
        <ele>537.576</ele>
        <time>2025-08-29T03:14:03.000Z</time>
      </trkpt>
      <trkpt lat="44.633158345" lon="81.996976384">
        <ele>537.558</ele>
        <time>2025-08-29T03:14:05.000Z</time>
      </trkpt>
      <trkpt lat="44.633126608" lon="81.997548273">
        <ele>534.956</ele>
        <time>2025-08-29T03:14:07.000Z</time>
      </trkpt>
      <trkpt lat="44.633101174" lon="81.99823107">
        <ele>534.143</ele>
        <time>2025-08-29T03:14:10.000Z</time>
      </trkpt>
      <trkpt lat="44.633070957" lon="81.998805134">
        <ele>532.246</ele>
        <time>2025-08-29T03:14:12.000Z</time>
      </trkpt>
      <trkpt lat="44.633037304" lon="81.999374516">
        <ele>531.066</ele>
        <time>2025-08-29T03:14:14.000Z</time>
      </trkpt>
      <trkpt lat="44.63300429" lon="81.999945571">
        <ele>530.344</ele>
        <time>2025-08-29T03:14:16.000Z</time>
      </trkpt>
      <trkpt lat="44.632972773" lon="82.000514965">
        <ele>529.699</ele>
        <time>2025-08-29T03:14:18.000Z</time>
      </trkpt>
      <trkpt lat="44.632941296" lon="82.001085573">
        <ele>529.503</ele>
        <time>2025-08-29T03:14:20.000Z</time>
      </trkpt>
      <trkpt lat="44.63290833" lon="82.00165925">
        <ele>527.041</ele>
        <time>2025-08-29T03:14:22.000Z</time>
      </trkpt>
      <trkpt lat="44.632875012" lon="82.002232153">
        <ele>527.964</ele>
        <time>2025-08-29T03:14:23.000Z</time>
      </trkpt>
      <trkpt lat="44.632842121" lon="82.002805517">
        <ele>525.669</ele>
        <time>2025-08-29T03:14:25.000Z</time>
      </trkpt>
      <trkpt lat="44.63281216" lon="82.003378849">
        <ele>524.752</ele>
        <time>2025-08-29T03:14:27.000Z</time>
      </trkpt>
      <trkpt lat="44.632782202" lon="82.003951626">
        <ele>523.758</ele>
        <time>2025-08-29T03:14:29.000Z</time>
      </trkpt>
      <trkpt lat="44.632749263" lon="82.004525651">
        <ele>522.943</ele>
        <time>2025-08-29T03:14:31.000Z</time>
      </trkpt>
      <trkpt lat="44.632718881" lon="82.005103298">
        <ele>522.424</ele>
        <time>2025-08-29T03:14:33.000Z</time>
      </trkpt>
      <trkpt lat="44.632683683" lon="82.005689811">
        <ele>522.019</ele>
        <time>2025-08-29T03:14:35.000Z</time>
      </trkpt>
      <trkpt lat="44.632648833" lon="82.006268808">
        <ele>520.896</ele>
        <time>2025-08-29T03:14:37.000Z</time>
      </trkpt>
      <trkpt lat="44.632614784" lon="82.006849555">
        <ele>519.2</ele>
        <time>2025-08-29T03:14:39.000Z</time>
      </trkpt>
      <trkpt lat="44.632583428" lon="82.007432539">
        <ele>518.17</ele>
        <time>2025-08-29T03:14:41.000Z</time>
      </trkpt>
      <trkpt lat="44.632554311" lon="82.008016301">
        <ele>516.946</ele>
        <time>2025-08-29T03:14:43.000Z</time>
      </trkpt>
      <trkpt lat="44.6325266" lon="82.008605062">
        <ele>515.811</ele>
        <time>2025-08-29T03:14:45.000Z</time>
      </trkpt>
      <trkpt lat="44.632494003" lon="82.009194174">
        <ele>515.901</ele>
        <time>2025-08-29T03:14:47.000Z</time>
      </trkpt>
      <trkpt lat="44.632461579" lon="82.009779054">
        <ele>514.824</ele>
        <time>2025-08-29T03:14:49.000Z</time>
      </trkpt>
      <trkpt lat="44.63242901" lon="82.010361413">
        <ele>513.256</ele>
        <time>2025-08-29T03:14:51.000Z</time>
      </trkpt>
      <trkpt lat="44.632396688" lon="82.010938348">
        <ele>512.372</ele>
        <time>2025-08-29T03:14:53.000Z</time>
      </trkpt>
      <trkpt lat="44.63236387" lon="82.011519369">
        <ele>511.75</ele>
        <time>2025-08-29T03:14:55.000Z</time>
      </trkpt>
      <trkpt lat="44.632329399" lon="82.012088164">
        <ele>510.911</ele>
        <time>2025-08-29T03:14:57.000Z</time>
      </trkpt>
      <trkpt lat="44.632294508" lon="82.012648292">
        <ele>509.601</ele>
        <time>2025-08-29T03:14:59.000Z</time>
      </trkpt>
      <trkpt lat="44.632261723" lon="82.013184564">
        <ele>509.573</ele>
        <time>2025-08-29T03:15:01.000Z</time>
      </trkpt>
      <trkpt lat="44.632231362" lon="82.013722855">
        <ele>509.901</ele>
        <time>2025-08-29T03:15:03.000Z</time>
      </trkpt>
      <trkpt lat="44.629454083" lon="82.06159769">
        <ele>438.214</ele>
        <time>2025-08-29T03:21:27.000Z</time>
      </trkpt>
      <trkpt lat="44.613534275" lon="82.131104726">
        <ele>379.3</ele>
        <time>2025-08-29T03:48:52.000Z</time>
      </trkpt>
      <trkpt lat="44.530917308" lon="82.314307848">
        <ele>385.492</ele>
        <time>2025-08-29T04:02:22.000Z</time>
      </trkpt>
      <trkpt lat="44.530799852" lon="82.31488757">
        <ele>386.362</ele>
        <time>2025-08-29T04:02:24.000Z</time>
      </trkpt>
      <trkpt lat="44.530706585" lon="82.315437819">
        <ele>388.802</ele>
        <time>2025-08-29T04:02:26.000Z</time>
      </trkpt>
      <trkpt lat="44.530571345" lon="82.316078441">
        <ele>391.882</ele>
        <time>2025-08-29T04:02:29.000Z</time>
      </trkpt>
      <trkpt lat="44.530465021" lon="82.316617733">
        <ele>391.119</ele>
        <time>2025-08-29T04:02:31.000Z</time>
      </trkpt>
      <trkpt lat="44.53036515" lon="82.317158785">
        <ele>391.685</ele>
        <time>2025-08-29T04:02:33.000Z</time>
      </trkpt>
      <trkpt lat="44.530266919" lon="82.31769981">
        <ele>391.309</ele>
        <time>2025-08-29T04:02:35.000Z</time>
      </trkpt>
      <trkpt lat="44.53016606" lon="82.318239402">
        <ele>393.33</ele>
        <time>2025-08-29T04:02:37.000Z</time>
      </trkpt>
      <trkpt lat="44.53006562" lon="82.318775551">
        <ele>394.528</ele>
        <time>2025-08-29T04:02:39.000Z</time>
      </trkpt>
      <trkpt lat="44.529965797" lon="82.319311821">
        <ele>395</ele>
        <time>2025-08-29T04:02:40.000Z</time>
      </trkpt>
      <trkpt lat="44.529865992" lon="82.319846635">
        <ele>394</ele>
        <time>2025-08-29T04:02:42.000Z</time>
      </trkpt>
      <trkpt lat="44.528138875" lon="82.543308903">
        <ele>360</ele>
        <time>2025-08-29T04:16:25.000Z</time>
      </trkpt>
      <trkpt lat="44.528146781" lon="82.543868447">
        <ele>360.926</ele>
        <time>2025-08-29T04:16:26.000Z</time>
      </trkpt>
      <trkpt lat="44.528234603" lon="82.544407528">
        <ele>362.559</ele>
        <time>2025-08-29T04:16:28.000Z</time>
      </trkpt>
      <trkpt lat="44.52824602" lon="82.544930861">
        <ele>361.935</ele>
        <time>2025-08-29T04:16:30.000Z</time>
      </trkpt>
      <trkpt lat="44.528271493" lon="82.545491881">
        <ele>360.178</ele>
        <time>2025-08-29T04:16:32.000Z</time>
      </trkpt>
      <trkpt lat="44.52828285" lon="82.546092427">
        <ele>360</ele>
        <time>2025-08-29T04:16:34.000Z</time>
      </trkpt>
      <trkpt lat="44.528275118" lon="82.54663432">
        <ele>361</ele>
        <time>2025-08-29T04:16:36.000Z</time>
      </trkpt>
      <trkpt lat="44.528255939" lon="82.547171154">
        <ele>359.411</ele>
        <time>2025-08-29T04:16:38.000Z</time>
      </trkpt>
      <trkpt lat="44.52822924" lon="82.547709259">
        <ele>358.529</ele>
        <time>2025-08-29T04:16:40.000Z</time>
      </trkpt>
      <trkpt lat="44.528185163" lon="82.548241408">
        <ele>358.379</ele>
        <time>2025-08-29T04:16:42.000Z</time>
      </trkpt>
      <trkpt lat="44.528141407" lon="82.548771989">
        <ele>359</ele>
        <time>2025-08-29T04:16:44.000Z</time>
      </trkpt>
      <trkpt lat="44.528083936" lon="82.549299017">
        <ele>359.428</ele>
        <time>2025-08-29T04:16:46.000Z</time>
      </trkpt>
      <trkpt lat="44.528023353" lon="82.549828438">
        <ele>361.116</ele>
        <time>2025-08-29T04:16:48.000Z</time>
      </trkpt>
      <trkpt lat="44.527952123" lon="82.550360003">
        <ele>361.076</ele>
        <time>2025-08-29T04:16:50.000Z</time>
      </trkpt>
      <trkpt lat="44.527874919" lon="82.550889193">
        <ele>359.93</ele>
        <time>2025-08-29T04:16:52.000Z</time>
      </trkpt>
      <trkpt lat="44.527786462" lon="82.551419775">
        <ele>359</ele>
        <time>2025-08-29T04:16:54.000Z</time>
      </trkpt>
      <trkpt lat="44.527692581" lon="82.551947739">
        <ele>360.315</ele>
        <time>2025-08-29T04:16:56.000Z</time>
      </trkpt>
      <trkpt lat="44.527597626" lon="82.552457285">
        <ele>361</ele>
        <time>2025-08-29T04:16:58.000Z</time>
      </trkpt>
      <trkpt lat="44.527481876" lon="82.552987196">
        <ele>361.065</ele>
        <time>2025-08-29T04:17:00.000Z</time>
      </trkpt>
      <trkpt lat="44.527358213" lon="82.553510318">
        <ele>361.185</ele>
        <time>2025-08-29T04:17:02.000Z</time>
      </trkpt>
      <trkpt lat="44.527233284" lon="82.55403553">
        <ele>360.04</ele>
        <time>2025-08-29T04:17:04.000Z</time>
      </trkpt>
      <trkpt lat="44.527098498" lon="82.55454519">
        <ele>361</ele>
        <time>2025-08-29T04:17:06.000Z</time>
      </trkpt>
      <trkpt lat="44.526951169" lon="82.555051694">
        <ele>360.818</ele>
        <time>2025-08-29T04:17:08.000Z</time>
      </trkpt>
      <trkpt lat="44.526793683" lon="82.555551522">
        <ele>359.557</ele>
        <time>2025-08-29T04:17:10.000Z</time>
      </trkpt>
      <trkpt lat="44.526638712" lon="82.556051394">
        <ele>359.302</ele>
        <time>2025-08-29T04:17:12.000Z</time>
      </trkpt>
      <trkpt lat="44.526472541" lon="82.556542661">
        <ele>361.65</ele>
        <time>2025-08-29T04:17:14.000Z</time>
      </trkpt>
      <trkpt lat="44.526304995" lon="82.557032341">
        <ele>363.508</ele>
        <time>2025-08-29T04:17:16.000Z</time>
      </trkpt>
      <trkpt lat="44.526136121" lon="82.557514356">
        <ele>363.825</ele>
        <time>2025-08-29T04:17:18.000Z</time>
      </trkpt>
      <trkpt lat="44.525978021" lon="82.557971307">
        <ele>363.855</ele>
        <time>2025-08-29T04:17:20.000Z</time>
      </trkpt>
      <trkpt lat="44.525813375" lon="82.558433004">
        <ele>363.595</ele>
        <time>2025-08-29T04:17:22.000Z</time>
      </trkpt>
      <trkpt lat="44.525651118" lon="82.558910116">
        <ele>362.974</ele>
        <time>2025-08-29T04:17:24.000Z</time>
      </trkpt>
      <trkpt lat="44.543057093" lon="82.767399716">
        <ele>330.996</ele>
        <time>2025-08-29T04:30:56.000Z</time>
      </trkpt>
      <trkpt lat="44.543347364" lon="82.767727868">
        <ele>330.779</ele>
        <time>2025-08-29T04:30:57.000Z</time>
      </trkpt>
      <trkpt lat="44.543698704" lon="82.768102415">
        <ele>331.685</ele>
        <time>2025-08-29T04:30:59.000Z</time>
      </trkpt>
      <trkpt lat="44.544026867" lon="82.768419187">
        <ele>331.156</ele>
        <time>2025-08-29T04:31:01.000Z</time>
      </trkpt>
      <trkpt lat="44.544378576" lon="82.768752668">
        <ele>330.237</ele>
        <time>2025-08-29T04:31:03.000Z</time>
      </trkpt>
      <trkpt lat="44.544730438" lon="82.769051405">
        <ele>330</ele>
        <time>2025-08-29T04:31:05.000Z</time>
      </trkpt>
      <trkpt lat="44.54509228" lon="82.769327592">
        <ele>330.247</ele>
        <time>2025-08-29T04:31:07.000Z</time>
      </trkpt>
      <trkpt lat="44.545452782" lon="82.769590814">
        <ele>329.072</ele>
        <time>2025-08-29T04:31:09.000Z</time>
      </trkpt>
      <trkpt lat="44.545823786" lon="82.76983642">
        <ele>330.377</ele>
        <time>2025-08-29T04:31:11.000Z</time>
      </trkpt>
      <trkpt lat="44.546196205" lon="82.770068411">
        <ele>331.171</ele>
        <time>2025-08-29T04:31:13.000Z</time>
      </trkpt>
      <trkpt lat="44.546573069" lon="82.770290864">
        <ele>330.337</ele>
        <time>2025-08-29T04:31:15.000Z</time>
      </trkpt>
      <trkpt lat="44.546955261" lon="82.770499307">
        <ele>330</ele>
        <time>2025-08-29T04:31:17.000Z</time>
      </trkpt>
      <trkpt lat="44.562504964" lon="82.793119285">
        <ele>324.225</ele>
        <time>2025-08-29T04:44:59.000Z</time>
      </trkpt>
      <trkpt lat="44.57559791" lon="82.839208806">
        <ele>330</ele>
        <time>2025-08-29T05:39:46.000Z</time>
      </trkpt>
      <trkpt lat="44.575691082" lon="82.839691541">
        <ele>330</ele>
        <time>2025-08-29T05:39:48.000Z</time>
      </trkpt>
      <trkpt lat="44.420281314" lon="84.868896017">
        <ele>499.974</ele>
        <time>2025-08-29T09:43:06.000Z</time>
      </trkpt>
      <trkpt lat="44.419184876" lon="84.86960907">
        <ele>498.473</ele>
        <time>2025-08-29T15:23:16.000Z</time>
      </trkpt>
      <trkpt lat="44.420181288" lon="84.868945479">
        <ele>499.867</ele>
        <time>2025-08-30T00:23:22.000Z</time>
      </trkpt>
      <trkpt lat="44.421191277" lon="84.861933241">
        <ele>497.752</ele>
        <time>2025-08-30T00:35:16.000Z</time>
      </trkpt>
      <trkpt lat="44.44747081" lon="84.858261142">
        <ele>464.105</ele>
        <time>2025-08-30T00:41:34.000Z</time>
      </trkpt>
      <trkpt lat="44.470882714" lon="84.87483984">
        <ele>431.925</ele>
        <time>2025-08-30T00:46:43.000Z</time>
      </trkpt>
      <trkpt lat="44.610993736" lon="84.904329004">
        <ele>358.064</ele>
        <time>2025-08-30T01:01:28.000Z</time>
      </trkpt>
      <trkpt lat="44.758617396" lon="84.866939245">
        <ele>325</ele>
        <time>2025-08-30T01:14:05.000Z</time>
      </trkpt>
      <trkpt lat="44.865153913" lon="84.852097274">
        <ele>302.751</ele>
        <time>2025-08-30T01:22:42.000Z</time>
      </trkpt>
      <trkpt lat="44.914706801" lon="84.800441181">
        <ele>298.556</ele>
        <time>2025-08-30T01:27:58.000Z</time>
      </trkpt>
      <trkpt lat="45.010423902" lon="84.721348118">
        <ele>288.544</ele>
        <time>2025-08-30T01:37:13.000Z</time>
      </trkpt>
      <trkpt lat="45.074637411" lon="84.703433979">
        <ele>282.641</ele>
        <time>2025-08-30T01:42:41.000Z</time>
      </trkpt>
      <trkpt lat="45.249754814" lon="84.765533237">
        <ele>281.765</ele>
        <time>2025-08-30T01:57:30.000Z</time>
      </trkpt>
      <trkpt lat="45.347973369" lon="84.779380476">
        <ele>287.542</ele>
        <time>2025-08-30T02:10:45.000Z</time>
      </trkpt>
      <trkpt lat="45.520970203" lon="84.783693598">
        <ele>394</ele>
        <time>2025-08-30T02:26:30.000Z</time>
      </trkpt>
      <trkpt lat="45.631519989" lon="84.852877196">
        <ele>500</ele>
        <time>2025-08-30T02:38:04.000Z</time>
      </trkpt>
      <trkpt lat="45.708778007" lon="85.07364722">
        <ele>431.254</ele>
        <time>2025-08-30T02:52:47.000Z</time>
      </trkpt>
      <trkpt lat="45.76360419" lon="85.194649174">
        <ele>376.712</ele>
        <time>2025-08-30T03:01:39.000Z</time>
      </trkpt>
      <trkpt lat="45.817729509" lon="85.249355809">
        <ele>350.264</ele>
        <time>2025-08-30T03:07:21.000Z</time>
      </trkpt>
      <trkpt lat="45.878850192" lon="85.279207766">
        <ele>311.585</ele>
        <time>2025-08-30T03:12:41.000Z</time>
      </trkpt>
      <trkpt lat="45.977792425" lon="85.366627945">
        <ele>354.861</ele>
        <time>2025-08-30T03:22:26.000Z</time>
      </trkpt>
      <trkpt lat="46.010690094" lon="85.465403712">
        <ele>366.265</ele>
        <time>2025-08-30T03:28:53.000Z</time>
      </trkpt>
      <trkpt lat="46.07342755" lon="85.596934799">
        <ele>365.667</ele>
        <time>2025-08-30T03:38:19.000Z</time>
      </trkpt>
      <trkpt lat="46.166064471" lon="85.64812828">
        <ele>308.402</ele>
        <time>2025-08-30T03:53:28.000Z</time>
      </trkpt>
      <trkpt lat="46.244467355" lon="85.889122688">
        <ele>594</ele>
        <time>2025-08-30T04:27:10.000Z</time>
      </trkpt>
      <trkpt lat="46.402037877" lon="85.989060431">
        <ele>720</ele>
        <time>2025-08-30T04:42:02.000Z</time>
      </trkpt>
      <trkpt lat="46.450584644" lon="86.030355579">
        <ele>773.72</ele>
        <time>2025-08-30T05:22:20.000Z</time>
      </trkpt>
      <trkpt lat="46.527029788" lon="86.040703766">
        <ele>829.307</ele>
        <time>2025-08-30T05:49:53.000Z</time>
      </trkpt>
      <trkpt lat="46.683609451" lon="86.100718145">
        <ele>1038</ele>
        <time>2025-08-30T06:05:32.000Z</time>
      </trkpt>
      <trkpt lat="46.820797348" lon="86.298379731">
        <ele>1141.596</ele>
        <time>2025-08-30T06:22:05.000Z</time>
      </trkpt>
      <trkpt lat="46.92817858" lon="86.507583316">
        <ele>1202.133</ele>
        <time>2025-08-30T06:37:17.000Z</time>
      </trkpt>
      <trkpt lat="46.986525762" lon="86.746547101">
        <ele>974.507</ele>
        <time>2025-08-30T06:52:00.000Z</time>
      </trkpt>
      <trkpt lat="47.032085806" lon="87.002818007">
        <ele>701.435</ele>
        <time>2025-08-30T07:07:10.000Z</time>
      </trkpt>
      <trkpt lat="47.013578857" lon="87.254515998">
        <ele>502.116</ele>
        <time>2025-08-30T07:22:19.000Z</time>
      </trkpt>
      <trkpt lat="47.009314732" lon="87.276639612">
        <ele>492.149</ele>
        <time>2025-08-30T07:37:22.000Z</time>
      </trkpt>
      <trkpt lat="47.055040025" lon="87.507906966">
        <ele>537.856</ele>
        <time>2025-08-30T07:52:13.000Z</time>
      </trkpt>
      <trkpt lat="47.168895188" lon="87.701155851">
        <ele>508.184</ele>
        <time>2025-08-30T08:07:05.000Z</time>
      </trkpt>
      <trkpt lat="47.232219963" lon="87.774321567">
        <ele>531</ele>
        <time>2025-08-30T08:21:53.000Z</time>
      </trkpt>
      <trkpt lat="47.238653063" lon="87.774462163">
        <ele>532.795</ele>
        <time>2025-08-30T08:27:47.000Z</time>
      </trkpt>
      <trkpt lat="47.31912165" lon="87.813084349">
        <ele>520.104</ele>
        <time>2025-08-30T08:38:16.000Z</time>
      </trkpt>
      <trkpt lat="47.34936473" lon="87.826289786">
        <ele>517.185</ele>
        <time>2025-08-30T08:44:04.000Z</time>
      </trkpt>
      <trkpt lat="47.352475797" lon="87.829117143">
        <ele>510.087</ele>
        <time>2025-08-31T00:23:13.000Z</time>
      </trkpt>
      <trkpt lat="47.351875487" lon="87.834378071">
        <ele>510.82</ele>
        <time>2025-08-31T01:25:58.000Z</time>
      </trkpt>
      <trkpt lat="47.349430795" lon="87.826882667">
        <ele>515.397</ele>
        <time>2025-08-31T01:38:16.000Z</time>
      </trkpt>
      <trkpt lat="47.269575675" lon="88.098182967">
        <ele>565.528</ele>
        <time>2025-08-31T02:09:29.000Z</time>
      </trkpt>
      <trkpt lat="47.226408748" lon="88.286105068">
        <ele>597.163</ele>
        <time>2025-08-31T02:24:12.000Z</time>
      </trkpt>
      <trkpt lat="47.149420129" lon="88.580730306">
        <ele>693.171</ele>
        <time>2025-08-31T02:52:25.000Z</time>
      </trkpt>
      <trkpt lat="46.958118067" lon="88.989848066">
        <ele>908.903</ele>
        <time>2025-08-31T03:20:55.000Z</time>
      </trkpt>
      <trkpt lat="46.811559694" lon="89.460733496">
        <ele>944.221</ele>
        <time>2025-08-31T03:50:26.000Z</time>
      </trkpt>
      <trkpt lat="46.79350738" lon="89.490382047">
        <ele>927.625</ele>
        <time>2025-08-31T04:18:24.000Z</time>
      </trkpt>
      <trkpt lat="46.746998246" lon="89.561043472">
        <ele>951.61</ele>
        <time>2025-08-31T04:33:36.000Z</time>
      </trkpt>
      <trkpt lat="46.714303794" lon="89.660413622">
        <ele>984.511</ele>
        <time>2025-08-31T04:48:22.000Z</time>
      </trkpt>
      <trkpt lat="46.570328646" lon="89.968854189">
        <ele>1187.875</ele>
        <time>2025-08-31T05:11:41.000Z</time>
      </trkpt>
      <trkpt lat="46.501594987" lon="90.143959187">
        <ele>1272.201</ele>
        <time>2025-08-31T05:26:52.000Z</time>
      </trkpt>
      <trkpt lat="46.335440897" lon="90.367424246">
        <ele>1127.014</ele>
        <time>2025-08-31T05:53:09.000Z</time>
      </trkpt>
      <trkpt lat="46.346094213" lon="90.557086766">
        <ele>1156.573</ele>
        <time>2025-08-31T06:08:17.000Z</time>
      </trkpt>
      <trkpt lat="46.235146481" lon="90.678763669">
        <ele>1215.549</ele>
        <time>2025-08-31T06:23:02.000Z</time>
      </trkpt>
      <trkpt lat="46.203250447" lon="90.794543065">
        <ele>1137.74</ele>
        <time>2025-08-31T06:37:48.000Z</time>
      </trkpt>
      <trkpt lat="46.189917102" lon="90.805587731">
        <ele>1119.298</ele>
        <time>2025-08-31T06:52:34.000Z</time>
      </trkpt>
      <trkpt lat="46.195721864" lon="90.816429639">
        <ele>1127</ele>
        <time>2025-09-01T02:15:30.000Z</time>
      </trkpt>
      <trkpt lat="46.143150829" lon="90.987206504">
        <ele>1140.62</ele>
        <time>2025-09-01T03:22:57.000Z</time>
      </trkpt>
      <trkpt lat="46.142046319" lon="90.994794617">
        <ele>1140.723</ele>
        <time>2025-09-01T08:28:42.000Z</time>
      </trkpt>
      <trkpt lat="46.148341586" lon="91.072926106">
        <ele>1185.525</ele>
        <time>2025-09-01T10:17:09.000Z</time>
      </trkpt>
      <trkpt lat="46.126993058" lon="91.258054517">
        <ele>1195.178</ele>
        <time>2025-09-02T03:20:09.000Z</time>
      </trkpt>
      <trkpt lat="46.11734662" lon="91.472517388">
        <ele>1245.93</ele>
        <time>2025-09-02T03:34:53.000Z</time>
      </trkpt>
      <trkpt lat="46.094640135" lon="91.549176034">
        <ele>1185.704</ele>
        <time>2025-09-02T03:45:45.000Z</time>
      </trkpt>
      <trkpt lat="46.091657961" lon="91.543170542">
        <ele>1180.432</ele>
        <time>2025-09-02T06:40:30.000Z</time>
      </trkpt>
      <trkpt lat="46.095559269" lon="91.549493326">
        <ele>1183.165</ele>
        <time>2025-09-02T06:48:49.000Z</time>
      </trkpt>
      <trkpt lat="46.117281974" lon="91.58855713">
        <ele>1196.063</ele>
        <time>2025-09-02T06:58:01.000Z</time>
      </trkpt>
      <trkpt lat="46.126108607" lon="91.580582187">
        <ele>1199.009</ele>
        <time>2025-09-02T07:11:18.000Z</time>
      </trkpt>
      <trkpt lat="46.172565832" lon="91.555901424">
        <ele>1219.669</ele>
        <time>2025-09-02T07:26:37.000Z</time>
      </trkpt>
      <trkpt lat="46.195078259" lon="91.516351411">
        <ele>1237.282</ele>
        <time>2025-09-02T07:40:01.000Z</time>
      </trkpt>
      <trkpt lat="46.215133419" lon="91.503487862">
        <ele>1252.037</ele>
        <time>2025-09-02T07:55:15.000Z</time>
      </trkpt>
      <trkpt lat="46.233895565" lon="91.488366081">
        <ele>1264.19</ele>
        <time>2025-09-02T08:07:53.000Z</time>
      </trkpt>
      <trkpt lat="46.259922617" lon="91.468984214">
        <ele>1297.127</ele>
        <time>2025-09-02T08:22:32.000Z</time>
      </trkpt>
      <trkpt lat="46.271742233" lon="91.448838049">
        <ele>1286.595</ele>
        <time>2025-09-02T08:36:12.000Z</time>
      </trkpt>
      <trkpt lat="46.311716004" lon="91.416914966">
        <ele>1311.239</ele>
        <time>2025-09-02T08:49:15.000Z</time>
      </trkpt>
      <trkpt lat="46.313176125" lon="91.413061632">
        <ele>1305.563</ele>
        <time>2025-09-04T01:16:51.000Z</time>
      </trkpt>
      <trkpt lat="46.330400021" lon="91.415284267">
        <ele>1329.44</ele>
        <time>2025-09-04T02:44:49.000Z</time>
      </trkpt>
      <trkpt lat="46.365641025" lon="91.414717829">
        <ele>1345.369</ele>
        <time>2025-09-04T03:00:39.000Z</time>
      </trkpt>
      <trkpt lat="46.41333091" lon="91.3862081">
        <ele>1383.991</ele>
        <time>2025-09-04T03:21:46.000Z</time>
      </trkpt>
      <trkpt lat="46.433108668" lon="91.387213436">
        <ele>1389.56</ele>
        <time>2025-09-04T03:36:47.000Z</time>
      </trkpt>
      <trkpt lat="46.47341134" lon="91.381240077">
        <ele>1410.667</ele>
        <time>2025-09-04T03:59:55.000Z</time>
      </trkpt>
      <trkpt lat="46.473092786" lon="91.389496839">
        <ele>1432.636</ele>
        <time>2025-09-04T04:15:07.000Z</time>
      </trkpt>
      <trkpt lat="46.476563313" lon="91.398036154">
        <ele>1427.488</ele>
        <time>2025-09-04T04:39:48.000Z</time>
      </trkpt>
      <trkpt lat="46.494395817" lon="91.396590306">
        <ele>1448.249</ele>
        <time>2025-09-04T04:59:33.000Z</time>
      </trkpt>
      <trkpt lat="46.472688144" lon="91.396676377">
        <ele>1435.059</ele>
        <time>2025-09-04T05:29:06.000Z</time>
      </trkpt>
      <trkpt lat="46.454214016" lon="91.387032475">
        <ele>1401.175</ele>
        <time>2025-09-04T05:51:46.000Z</time>
      </trkpt>
      <trkpt lat="46.405791384" lon="91.384628462">
        <ele>1372.836</ele>
        <time>2025-09-04T06:17:52.000Z</time>
      </trkpt>
      <trkpt lat="46.373621422" lon="91.412331646">
        <ele>1342.153</ele>
        <time>2025-09-04T06:35:18.000Z</time>
      </trkpt>
      <trkpt lat="46.328962692" lon="91.415276136">
        <ele>1325.736</ele>
        <time>2025-09-04T06:58:50.000Z</time>
      </trkpt>
      <trkpt lat="46.312991856" lon="91.413244614">
        <ele>1305.09</ele>
        <time>2025-09-04T07:30:33.000Z</time>
      </trkpt>
      <trkpt lat="46.299976017" lon="91.430024051">
        <ele>1306.504</ele>
        <time>2025-09-05T03:04:33.000Z</time>
      </trkpt>
      <trkpt lat="46.266015347" lon="91.461981409">
        <ele>1290.777</ele>
        <time>2025-09-05T03:18:03.000Z</time>
      </trkpt>
      <trkpt lat="46.247206195" lon="91.477463069">
        <ele>1274</ele>
        <time>2025-09-05T03:32:46.000Z</time>
      </trkpt>
      <trkpt lat="46.223133003" lon="91.499712015">
        <ele>1252.594</ele>
        <time>2025-09-05T03:45:25.000Z</time>
      </trkpt>
      <trkpt lat="46.200089841" lon="91.509160744">
        <ele>1251.885</ele>
        <time>2025-09-05T04:00:33.000Z</time>
      </trkpt>
      <trkpt lat="46.174956369" lon="91.548897838">
        <ele>1223.206</ele>
        <time>2025-09-05T04:14:04.000Z</time>
      </trkpt>
      <trkpt lat="46.144649763" lon="91.575336559">
        <ele>1207.678</ele>
        <time>2025-09-05T04:28:47.000Z</time>
      </trkpt>
      <trkpt lat="46.117165536" lon="91.588581875">
        <ele>1196.099</ele>
        <time>2025-09-05T04:43:31.000Z</time>
      </trkpt>
      <trkpt lat="46.110506658" lon="91.703459295">
        <ele>1330.827</ele>
        <time>2025-09-05T05:12:04.000Z</time>
      </trkpt>
      <trkpt lat="46.086515933" lon="91.875295686">
        <ele>1487.578</ele>
        <time>2025-09-05T05:24:59.000Z</time>
      </trkpt>
      <trkpt lat="46.009173615" lon="92.05716137">
        <ele>1458.781</ele>
        <time>2025-09-05T05:40:10.000Z</time>
      </trkpt>
      <trkpt lat="45.908658862" lon="92.214406102">
        <ele>1446.32</ele>
        <time>2025-09-05T05:53:39.000Z</time>
      </trkpt>
      <trkpt lat="45.969641316" lon="92.392743426">
        <ele>1502.662</ele>
        <time>2025-09-05T06:07:02.000Z</time>
      </trkpt>
      <trkpt lat="46.038107676" lon="92.536521312">
        <ele>1565.978</ele>
        <time>2025-09-05T06:21:07.000Z</time>
      </trkpt>
      <trkpt lat="46.109764333" lon="92.514707799">
        <ele>1695.401</ele>
        <time>2025-09-05T06:34:10.000Z</time>
      </trkpt>
      <trkpt lat="46.149112112" lon="92.553958185">
        <ele>1748.256</ele>
        <time>2025-09-05T06:47:10.000Z</time>
      </trkpt>
      <trkpt lat="46.266746675" lon="92.599224318">
        <ele>1921.492</ele>
        <time>2025-09-05T07:44:44.000Z</time>
      </trkpt>
      <trkpt lat="46.387429107" lon="92.535240473">
        <ele>2193</ele>
        <time>2025-09-05T07:58:51.000Z</time>
      </trkpt>
      <trkpt lat="46.52294952" lon="92.397415498">
        <ele>2385.932</ele>
        <time>2025-09-05T08:13:19.000Z</time>
      </trkpt>
      <trkpt lat="46.48631637" lon="92.435056865">
        <ele>2342.692</ele>
        <time>2025-09-05T08:26:26.000Z</time>
      </trkpt>
      <trkpt lat="46.537837246" lon="92.378026648">
        <ele>2407.814</ele>
        <time>2025-09-05T08:41:33.000Z</time>
      </trkpt>
      <trkpt lat="46.649563383" lon="92.282027614">
        <ele>2588.299</ele>
        <time>2025-09-05T08:56:18.000Z</time>
      </trkpt>
      <trkpt lat="46.70677853" lon="92.354093947">
        <ele>2655.456</ele>
        <time>2025-09-05T09:09:50.000Z</time>
      </trkpt>
      <trkpt lat="46.735208812" lon="92.547376547">
        <ele>2360.11</ele>
        <time>2025-09-05T09:24:32.000Z</time>
      </trkpt>
      <trkpt lat="46.814964297" lon="92.599180061">
        <ele>2198.952</ele>
        <time>2025-09-05T09:39:16.000Z</time>
      </trkpt>
      <trkpt lat="46.762354528" lon="92.730416693">
        <ele>2048.476</ele>
        <time>2025-09-05T09:52:02.000Z</time>
      </trkpt>
      <trkpt lat="46.692501591" lon="92.799200099">
        <ele>2026.12</ele>
        <time>2025-09-05T10:07:12.000Z</time>
      </trkpt>
      <trkpt lat="46.689962754" lon="92.794873025">
        <ele>2027.086</ele>
        <time>2025-09-05T10:25:25.000Z</time>
      </trkpt>
      <trkpt lat="46.762967335" lon="92.784214195">
        <ele>1959</ele>
        <time>2025-09-05T11:04:53.000Z</time>
      </trkpt>
      <trkpt lat="46.769097433" lon="92.704753736">
        <ele>2067.584</ele>
        <time>2025-09-05T11:20:01.000Z</time>
      </trkpt>
      <trkpt lat="46.795755087" lon="92.614163614">
        <ele>2156.017</ele>
        <time>2025-09-06T01:50:38.000Z</time>
      </trkpt>
      <trkpt lat="46.931529078" lon="92.440286335">
        <ele>2408.529</ele>
        <time>2025-09-06T02:06:03.000Z</time>
      </trkpt>
      <trkpt lat="46.94096474" lon="92.437076207">
        <ele>2395.973</ele>
        <time>2025-09-06T02:21:05.000Z</time>
      </trkpt>
      <trkpt lat="46.971782775" lon="92.428069505">
        <ele>2325.929</ele>
        <time>2025-09-06T03:09:05.000Z</time>
      </trkpt>
      <trkpt lat="47.020787028" lon="92.423659293">
        <ele>2472.985</ele>
        <time>2025-09-06T03:14:24.000Z</time>
      </trkpt>
      <trkpt lat="47.113069114" lon="92.303697942">
        <ele>1883.015</ele>
        <time>2025-09-06T03:29:31.000Z</time>
      </trkpt>
      <trkpt lat="47.260913858" lon="92.214810625">
        <ele>1561.092</ele>
        <time>2025-09-06T03:42:51.000Z</time>
      </trkpt>
      <trkpt lat="47.688882058" lon="92.070857892">
        <ele>1285.961</ele>
        <time>2025-09-06T04:27:10.000Z</time>
      </trkpt>
      <trkpt lat="47.745425245" lon="92.004393675">
        <ele>1230.28</ele>
        <time>2025-09-06T04:41:56.000Z</time>
      </trkpt>
      <trkpt lat="47.867015683" lon="91.83014771">
        <ele>1607.605</ele>
        <time>2025-09-06T04:56:40.000Z</time>
      </trkpt>
      <trkpt lat="47.98792637" lon="91.699855258">
        <ele>1482.167</ele>
        <time>2025-09-06T05:10:53.000Z</time>
      </trkpt>
      <trkpt lat="47.995717046" lon="91.6365935">
        <ele>1405.419</ele>
        <time>2025-09-06T05:22:36.000Z</time>
      </trkpt>
      <trkpt lat="47.989788224" lon="91.640772926">
        <ele>1413.814</ele>
        <time>2025-09-06T07:19:46.000Z</time>
      </trkpt>
      <trkpt lat="47.991454052" lon="91.649429211">
        <ele>1410</ele>
        <time>2025-09-06T07:43:46.000Z</time>
      </trkpt>
      <trkpt lat="48.002352081" lon="91.665726312">
        <ele>1400.713</ele>
        <time>2025-09-06T07:56:09.000Z</time>
      </trkpt>
      <trkpt lat="47.908281014" lon="91.817313118">
        <ele>1569</ele>
        <time>2025-09-06T08:42:45.000Z</time>
      </trkpt>
      <trkpt lat="47.77156861" lon="91.97311501">
        <ele>1309.63</ele>
        <time>2025-09-06T08:57:53.000Z</time>
      </trkpt>
      <trkpt lat="47.633364396" lon="92.111505512">
        <ele>1294</ele>
        <time>2025-09-06T09:11:57.000Z</time>
      </trkpt>
      <trkpt lat="47.490089784" lon="92.190862952">
        <ele>1334.966</ele>
        <time>2025-09-06T09:26:33.000Z</time>
      </trkpt>
      <trkpt lat="47.482541891" lon="92.194950228">
        <ele>1338.001</ele>
        <time>2025-09-06T09:34:23.000Z</time>
      </trkpt>
      <trkpt lat="47.468410281" lon="92.224379651">
        <ele>1321.51</ele>
        <time>2025-09-06T09:48:54.000Z</time>
      </trkpt>
      <trkpt lat="47.468261272" lon="92.243148917">
        <ele>1309.913</ele>
        <time>2025-09-06T10:03:47.000Z</time>
      </trkpt>
      <trkpt lat="47.461094448" lon="92.303967888">
        <ele>1272</ele>
        <time>2025-09-06T10:32:55.000Z</time>
      </trkpt>
      <trkpt lat="47.45883374" lon="92.313331933">
        <ele>1267</ele>
        <time>2025-09-06T10:47:46.000Z</time>
      </trkpt>
      <trkpt lat="47.444561315" lon="92.443834562">
        <ele>1195.918</ele>
        <time>2025-09-07T02:01:52.000Z</time>
      </trkpt>
      <trkpt lat="47.416320294" lon="92.522860067">
        <ele>1158</ele>
        <time>2025-09-07T02:17:00.000Z</time>
      </trkpt>
      <trkpt lat="47.418037586" lon="92.562297136">
        <ele>1156.871</ele>
        <time>2025-09-07T02:30:22.000Z</time>
      </trkpt>
      <trkpt lat="47.406979254" lon="92.638427642">
        <ele>1189</ele>
        <time>2025-09-07T02:46:18.000Z</time>
      </trkpt>
      <trkpt lat="47.416248408" lon="92.716729345">
        <ele>1290.494</ele>
        <time>2025-09-07T03:00:24.000Z</time>
      </trkpt>
      <trkpt lat="47.504820661" lon="92.799203787">
        <ele>1777.134</ele>
        <time>2025-09-07T03:15:07.000Z</time>
      </trkpt>
      <trkpt lat="47.60409224" lon="92.863455397">
        <ele>1650.882</ele>
        <time>2025-09-07T03:28:46.000Z</time>
      </trkpt>
      <trkpt lat="47.635894432" lon="92.842571167">
        <ele>1652.304</ele>
        <time>2025-09-07T05:04:40.000Z</time>
      </trkpt>
      <trkpt lat="47.613569313" lon="92.904493521">
        <ele>1558</ele>
        <time>2025-09-07T05:18:21.000Z</time>
      </trkpt>
      <trkpt lat="47.602726906" lon="92.922546677">
        <ele>1545.137</ele>
        <time>2025-09-07T05:33:04.000Z</time>
      </trkpt>
      <trkpt lat="47.571362495" lon="92.985050697">
        <ele>1534.922</ele>
        <time>2025-09-07T05:47:49.000Z</time>
      </trkpt>
      <trkpt lat="47.541920903" lon="93.036222611">
        <ele>1542.17</ele>
        <time>2025-09-07T06:02:36.000Z</time>
      </trkpt>
      <trkpt lat="47.528746845" lon="93.056229819">
        <ele>1550</ele>
        <time>2025-09-07T06:17:18.000Z</time>
      </trkpt>
      <trkpt lat="47.532567512" lon="93.102962797">
        <ele>1485.838</ele>
        <time>2025-09-07T07:15:38.000Z</time>
      </trkpt>
      <trkpt lat="47.541687666" lon="93.155806493">
        <ele>1394.924</ele>
        <time>2025-09-07T07:29:09.000Z</time>
      </trkpt>
      <trkpt lat="47.546136279" lon="93.185968261">
        <ele>1360</ele>
        <time>2025-09-07T07:42:13.000Z</time>
      </trkpt>
      <trkpt lat="47.553477064" lon="93.245981354">
        <ele>1293</ele>
        <time>2025-09-07T07:56:28.000Z</time>
      </trkpt>
      <trkpt lat="47.563080126" lon="93.313624403">
        <ele>1225</ele>
        <time>2025-09-07T08:11:11.000Z</time>
      </trkpt>
      <trkpt lat="47.568475432" lon="93.384605125">
        <ele>1167</ele>
        <time>2025-09-07T08:24:00.000Z</time>
      </trkpt>
      <trkpt lat="47.562272894" lon="93.461707153">
        <ele>1141.854</ele>
        <time>2025-09-07T08:38:53.000Z</time>
      </trkpt>
      <trkpt lat="47.565343157" lon="93.495981256">
        <ele>1139.828</ele>
        <time>2025-09-07T08:52:57.000Z</time>
      </trkpt>
      <trkpt lat="47.571917125" lon="93.528343449">
        <ele>1146.131</ele>
        <time>2025-09-07T09:06:27.000Z</time>
      </trkpt>
      <trkpt lat="47.57800159" lon="93.543178411">
        <ele>1148.551</ele>
        <time>2025-09-07T09:22:29.000Z</time>
      </trkpt>
      <trkpt lat="47.606122174" lon="93.58799053">
        <ele>1142</ele>
        <time>2025-09-07T09:36:43.000Z</time>
      </trkpt>
      <trkpt lat="47.635824191" lon="93.609786294">
        <ele>1140.967</ele>
        <time>2025-09-07T09:49:27.000Z</time>
      </trkpt>
      <trkpt lat="47.663768535" lon="93.621275537">
        <ele>1134.152</ele>
        <time>2025-09-07T10:03:22.000Z</time>
      </trkpt>
      <trkpt lat="47.649207618" lon="93.617547685">
        <ele>1135.533</ele>
        <time>2025-09-07T10:18:06.000Z</time>
      </trkpt>
      <trkpt lat="47.418403499" lon="94.122988412">
        <ele>1356</ele>
        <time>2025-09-10T05:06:00.000Z</time>
      </trkpt>
      <trkpt lat="47.416370877" lon="94.144572221">
        <ele>1313.13</ele>
        <time>2025-09-10T06:24:03.000Z</time>
      </trkpt>
      <trkpt lat="47.419138499" lon="94.156488582">
        <ele>1305.605</ele>
        <time>2025-09-10T06:38:12.000Z</time>
      </trkpt>
      <trkpt lat="47.418795371" lon="94.156898853">
        <ele>1302.546</ele>
        <time>2025-09-10T14:05:49.000Z</time>
      </trkpt>
      <trkpt lat="47.414450495" lon="94.178077028">
        <ele>1273.022</ele>
        <time>2025-09-11T00:49:33.000Z</time>
      </trkpt>
      <trkpt lat="47.393705123" lon="94.222999709">
        <ele>1276.662</ele>
        <time>2025-09-11T01:04:53.000Z</time>
      </trkpt>
      <trkpt lat="47.375718439" lon="94.256409053">
        <ele>1329.499</ele>
        <time>2025-09-11T01:19:39.000Z</time>
      </trkpt>
      <trkpt lat="47.365109297" lon="94.298475897">
        <ele>1334.405</ele>
        <time>2025-09-11T01:34:23.000Z</time>
      </trkpt>
      <trkpt lat="47.357326783" lon="94.351625629">
        <ele>1336.148</ele>
        <time>2025-09-11T01:46:43.000Z</time>
      </trkpt>
      <trkpt lat="47.352077512" lon="94.411457096">
        <ele>1333.158</ele>
        <time>2025-09-11T02:01:52.000Z</time>
      </trkpt>
      <trkpt lat="47.34896726" lon="94.455725262">
        <ele>1363.893</ele>
        <time>2025-09-11T02:16:23.000Z</time>
      </trkpt>
      <trkpt lat="47.351823016" lon="94.509328371">
        <ele>1432.202</ele>
        <time>2025-09-11T02:30:03.000Z</time>
      </trkpt>
      <trkpt lat="47.356280614" lon="94.522935299">
        <ele>1446</ele>
        <time>2025-09-11T02:36:18.000Z</time>
      </trkpt>
      <trkpt lat="47.345710277" lon="94.551966591">
        <ele>1464.637</ele>
        <time>2025-09-11T03:05:44.000Z</time>
      </trkpt>
      <trkpt lat="47.341742814" lon="94.600913571">
        <ele>1480.852</ele>
        <time>2025-09-11T03:17:22.000Z</time>
      </trkpt>
      <trkpt lat="47.341729486" lon="94.661571309">
        <ele>1543.343</ele>
        <time>2025-09-11T03:33:53.000Z</time>
      </trkpt>
      <trkpt lat="47.336084902" lon="94.716414666">
        <ele>1576.264</ele>
        <time>2025-09-11T03:48:39.000Z</time>
      </trkpt>
      <trkpt lat="47.343103196" lon="94.757982616">
        <ele>1640.217</ele>
        <time>2025-09-11T04:02:10.000Z</time>
      </trkpt>
      <trkpt lat="47.343325016" lon="94.810018764">
        <ele>1558.962</ele>
        <time>2025-09-11T05:31:40.000Z</time>
      </trkpt>
      <trkpt lat="47.335408023" lon="94.840559894">
        <ele>1537</ele>
        <time>2025-09-11T05:46:23.000Z</time>
      </trkpt>
      <trkpt lat="47.318613245" lon="94.890994057">
        <ele>1567.989</ele>
        <time>2025-09-11T06:01:08.000Z</time>
      </trkpt>
      <trkpt lat="47.308817357" lon="94.937121095">
        <ele>1539.2</ele>
        <time>2025-09-11T06:11:18.000Z</time>
      </trkpt>
      <trkpt lat="47.305595437" lon="94.999339627">
        <ele>1495.054</ele>
        <time>2025-09-11T06:28:44.000Z</time>
      </trkpt>
      <trkpt lat="47.30996745" lon="95.069460714">
        <ele>1483.11</ele>
        <time>2025-09-11T06:43:31.000Z</time>
      </trkpt>
      <trkpt lat="47.306797109" lon="95.107475063">
        <ele>1485.061</ele>
        <time>2025-09-11T06:58:14.000Z</time>
      </trkpt>
      <trkpt lat="47.299356074" lon="95.151911806">
        <ele>1489.799</ele>
        <time>2025-09-11T07:11:06.000Z</time>
      </trkpt>
      <trkpt lat="47.289852714" lon="95.208434751">
        <ele>1556.06</ele>
        <time>2025-09-11T07:24:34.000Z</time>
      </trkpt>
      <trkpt lat="47.281884165" lon="95.275516715">
        <ele>1654.83</ele>
        <time>2025-09-11T07:36:02.000Z</time>
      </trkpt>
      <trkpt lat="47.27177983" lon="95.332036598">
        <ele>1798.989</ele>
        <time>2025-09-11T07:52:37.000Z</time>
      </trkpt>
      <trkpt lat="47.25785417" lon="95.367490249">
        <ele>1744.585</ele>
        <time>2025-09-11T08:05:20.000Z</time>
      </trkpt>
      <trkpt lat="47.265589745" lon="95.410492597">
        <ele>1647.246</ele>
        <time>2025-09-11T08:20:44.000Z</time>
      </trkpt>
      <trkpt lat="47.266824315" lon="95.448986907">
        <ele>1596.08</ele>
        <time>2025-09-11T08:34:37.000Z</time>
      </trkpt>
      <trkpt lat="47.263756363" lon="95.516970138">
        <ele>1495.382</ele>
        <time>2025-09-11T08:49:23.000Z</time>
      </trkpt>
      <trkpt lat="47.277822657" lon="95.604614561">
        <ele>1449.416</ele>
        <time>2025-09-11T09:03:49.000Z</time>
      </trkpt>
      <trkpt lat="47.283309843" lon="95.67001191">
        <ele>1521.124</ele>
        <time>2025-09-11T09:19:48.000Z</time>
      </trkpt>
      <trkpt lat="47.282850797" lon="95.679116506">
        <ele>1482.569</ele>
        <time>2025-09-12T02:21:23.000Z</time>
      </trkpt>
      <trkpt lat="47.28842629" lon="95.70337897">
        <ele>1429.28</ele>
        <time>2025-09-12T02:27:24.000Z</time>
      </trkpt>
      <trkpt lat="47.28950802" lon="95.71644526">
        <ele>1441.844</ele>
        <time>2025-09-12T02:32:30.000Z</time>
      </trkpt>
      <trkpt lat="47.291049871" lon="95.724734331">
        <ele>1435.01</ele>
        <time>2025-09-12T02:37:36.000Z</time>
      </trkpt>
      <trkpt lat="47.294761365" lon="95.739273167">
        <ele>1444.53</ele>
        <time>2025-09-12T02:42:52.000Z</time>
      </trkpt>
      <trkpt lat="47.296355051" lon="95.748882244">
        <ele>1466.976</ele>
        <time>2025-09-12T02:47:53.000Z</time>
      </trkpt>
      <trkpt lat="47.303988403" lon="95.763904805">
        <ele>1473.642</ele>
        <time>2025-09-12T02:53:24.000Z</time>
      </trkpt>
      <trkpt lat="47.308174674" lon="95.768508408">
        <ele>1465.201</ele>
        <time>2025-09-12T02:58:24.000Z</time>
      </trkpt>
      <trkpt lat="47.310681827" lon="95.774019677">
        <ele>1462.117</ele>
        <time>2025-09-12T03:09:54.000Z</time>
      </trkpt>
      <trkpt lat="47.317529014" lon="95.780924505">
        <ele>1463</ele>
        <time>2025-09-12T03:15:24.000Z</time>
      </trkpt>
      <trkpt lat="47.323207031" lon="95.793757551">
        <ele>1461.742</ele>
        <time>2025-09-12T03:20:26.000Z</time>
      </trkpt>
      <trkpt lat="47.330508842" lon="95.803918261">
        <ele>1462.337</ele>
        <time>2025-09-12T03:25:27.000Z</time>
      </trkpt>
      <trkpt lat="47.334021593" lon="95.808266434">
        <ele>1462.763</ele>
        <time>2025-09-12T03:31:50.000Z</time>
      </trkpt>
      <trkpt lat="47.341959533" lon="95.817381563">
        <ele>1464.946</ele>
        <time>2025-09-12T03:37:23.000Z</time>
      </trkpt>
      <trkpt lat="47.346444349" lon="95.81812785">
        <ele>1461.8</ele>
        <time>2025-09-12T03:53:08.000Z</time>
      </trkpt>
      <trkpt lat="47.352635893" lon="95.84600606">
        <ele>1461.022</ele>
        <time>2025-09-12T04:07:45.000Z</time>
      </trkpt>
      <trkpt lat="47.359255836" lon="95.917946175">
        <ele>1463.195</ele>
        <time>2025-09-12T04:48:51.000Z</time>
      </trkpt>
      <trkpt lat="47.354056207" lon="95.92748763">
        <ele>1466.991</ele>
        <time>2025-09-12T05:03:23.000Z</time>
      </trkpt>
      <trkpt lat="47.351073464" lon="95.943363458">
        <ele>1470.012</ele>
        <time>2025-09-12T05:17:49.000Z</time>
      </trkpt>
      <trkpt lat="47.358095879" lon="95.91711528">
        <ele>1464</ele>
        <time>2025-09-12T05:32:14.000Z</time>
      </trkpt>
      <trkpt lat="47.367531667" lon="95.919631021">
        <ele>1466</ele>
        <time>2025-09-12T05:45:54.000Z</time>
      </trkpt>
      <trkpt lat="47.403291226" lon="95.906466285">
        <ele>1465.169</ele>
        <time>2025-09-12T05:58:28.000Z</time>
      </trkpt>
      <trkpt lat="47.405999268" lon="95.900209392">
        <ele>1454.754</ele>
        <time>2025-09-12T06:12:26.000Z</time>
      </trkpt>
      <trkpt lat="47.412390187" lon="95.906969989">
        <ele>1461.092</ele>
        <time>2025-09-12T07:43:28.000Z</time>
      </trkpt>
      <trkpt lat="47.446230445" lon="95.904975599">
        <ele>1456.962</ele>
        <time>2025-09-12T07:56:26.000Z</time>
      </trkpt>
      <trkpt lat="47.412114171" lon="95.907225218">
        <ele>1462.011</ele>
        <time>2025-09-12T08:11:39.000Z</time>
      </trkpt>
      <trkpt lat="47.40640203" lon="95.900088279">
        <ele>1455.03</ele>
        <time>2025-09-12T08:26:24.000Z</time>
      </trkpt>
      <trkpt lat="47.42850357" lon="95.91386848">
        <ele>1461.073</ele>
        <time>2025-09-14T02:02:53.000Z</time>
      </trkpt>
      <trkpt lat="47.460440644" lon="95.91471398">
        <ele>1469.557</ele>
        <time>2025-09-14T02:09:29.000Z</time>
      </trkpt>
      <trkpt lat="47.473578093" lon="95.930523684">
        <ele>1466.128</ele>
        <time>2025-09-14T02:14:29.000Z</time>
      </trkpt>
      <trkpt lat="47.478700851" lon="95.952935043">
        <ele>1491.09</ele>
        <time>2025-09-14T02:19:29.000Z</time>
      </trkpt>
      <trkpt lat="47.478297309" lon="95.9635406">
        <ele>1503</ele>
        <time>2025-09-14T02:24:30.000Z</time>
      </trkpt>
      <trkpt lat="47.484410041" lon="95.98714854">
        <ele>1549.179</ele>
        <time>2025-09-14T02:29:30.000Z</time>
      </trkpt>
      <trkpt lat="47.483520086" lon="96.005813846">
        <ele>1583.545</ele>
        <time>2025-09-14T02:34:30.000Z</time>
      </trkpt>
      <trkpt lat="47.482084688" lon="96.015947558">
        <ele>1596.288</ele>
        <time>2025-09-14T02:40:18.000Z</time>
      </trkpt>
      <trkpt lat="47.47995431" lon="96.031221896">
        <ele>1585.066</ele>
        <time>2025-09-14T02:45:19.000Z</time>
      </trkpt>
      <trkpt lat="47.476568847" lon="96.066426777">
        <ele>1528.296</ele>
        <time>2025-09-14T02:50:19.000Z</time>
      </trkpt>
      <trkpt lat="47.477350625" lon="96.098233412">
        <ele>1521.296</ele>
        <time>2025-09-14T02:55:20.000Z</time>
      </trkpt>
      <trkpt lat="47.487849239" lon="96.128509986">
        <ele>1526.472</ele>
        <time>2025-09-14T03:00:57.000Z</time>
      </trkpt>
      <trkpt lat="47.502335133" lon="96.154232696">
        <ele>1531.356</ele>
        <time>2025-09-14T03:06:32.000Z</time>
      </trkpt>
      <trkpt lat="47.508242722" lon="96.187843387">
        <ele>1534.326</ele>
        <time>2025-09-14T03:11:55.000Z</time>
      </trkpt>
      <trkpt lat="47.513961779" lon="96.21707752">
        <ele>1539</ele>
        <time>2025-09-14T03:18:03.000Z</time>
      </trkpt>
      <trkpt lat="47.530098199" lon="96.236405427">
        <ele>1542.728</ele>
        <time>2025-09-14T03:23:20.000Z</time>
      </trkpt>
      <trkpt lat="47.543578819" lon="96.257439584">
        <ele>1552.985</ele>
        <time>2025-09-14T03:29:23.000Z</time>
      </trkpt>
      <trkpt lat="47.54959004" lon="96.282589557">
        <ele>1558.693</ele>
        <time>2025-09-14T03:34:40.000Z</time>
      </trkpt>
      <trkpt lat="47.560710688" lon="96.310814191">
        <ele>1563.147</ele>
        <time>2025-09-14T03:39:41.000Z</time>
      </trkpt>
      <trkpt lat="47.567293205" lon="96.32925351">
        <ele>1587.119</ele>
        <time>2025-09-14T03:45:52.000Z</time>
      </trkpt>
      <trkpt lat="47.572315685" lon="96.342895171">
        <ele>1596.914</ele>
        <time>2025-09-14T03:50:53.000Z</time>
      </trkpt>
      <trkpt lat="47.584756315" lon="96.373933191">
        <ele>1623.329</ele>
        <time>2025-09-14T03:56:02.000Z</time>
      </trkpt>
      <trkpt lat="47.595001431" lon="96.398468195">
        <ele>1661.509</ele>
        <time>2025-09-14T04:01:03.000Z</time>
      </trkpt>
      <trkpt lat="47.601454868" lon="96.445763754">
        <ele>1677.475</ele>
        <time>2025-09-14T04:06:30.000Z</time>
      </trkpt>
      <trkpt lat="47.599684129" lon="96.480158138">
        <ele>1652.589</ele>
        <time>2025-09-14T04:11:32.000Z</time>
      </trkpt>
      <trkpt lat="47.602868392" lon="96.496251477">
        <ele>1631.147</ele>
        <time>2025-09-14T04:17:34.000Z</time>
      </trkpt>
      <trkpt lat="47.61477628" lon="96.515554932">
        <ele>1637.002</ele>
        <time>2025-09-14T04:22:45.000Z</time>
      </trkpt>
      <trkpt lat="47.621733425" lon="96.522443838">
        <ele>1631.404</ele>
        <time>2025-09-14T04:27:54.000Z</time>
      </trkpt>
      <trkpt lat="47.63206074" lon="96.530524605">
        <ele>1647.53</ele>
        <time>2025-09-14T04:32:55.000Z</time>
      </trkpt>
      <trkpt lat="47.644201198" lon="96.540474158">
        <ele>1646.417</ele>
        <time>2025-09-14T04:38:32.000Z</time>
      </trkpt>
      <trkpt lat="47.648721779" lon="96.541127019">
        <ele>1662.23</ele>
        <time>2025-09-14T05:05:24.000Z</time>
      </trkpt>
      <trkpt lat="47.688830429" lon="96.586973956">
        <ele>1684.473</ele>
        <time>2025-09-14T05:10:24.000Z</time>
      </trkpt>
      <trkpt lat="47.720590084" lon="96.690933233">
        <ele>1708.981</ele>
        <time>2025-09-14T05:18:10.000Z</time>
      </trkpt>
      <trkpt lat="47.738848594" lon="96.750627905">
        <ele>1728.895</ele>
        <time>2025-09-14T05:23:13.000Z</time>
      </trkpt>
      <trkpt lat="47.748865069" lon="96.806833035">
        <ele>1764.596</ele>
        <time>2025-09-14T05:28:14.000Z</time>
      </trkpt>
      <trkpt lat="47.751239645" lon="96.819813643">
        <ele>1768.773</ele>
        <time>2025-09-14T05:40:23.000Z</time>
      </trkpt>
      <trkpt lat="47.742482205" lon="96.838431381">
        <ele>1754.977</ele>
        <time>2025-09-14T05:46:36.000Z</time>
      </trkpt>
      <trkpt lat="47.740747807" lon="96.847701127">
        <ele>1760.584</ele>
        <time>2025-09-14T07:16:22.000Z</time>
      </trkpt>
      <trkpt lat="47.744715185" lon="96.852343626">
        <ele>1764.036</ele>
        <time>2025-09-14T07:47:13.000Z</time>
      </trkpt>
      <trkpt lat="47.769655946" lon="96.883191045">
        <ele>1788.664</ele>
        <time>2025-09-14T07:55:43.000Z</time>
      </trkpt>
      <trkpt lat="47.880040747" lon="96.934586624">
        <ele>1904.218</ele>
        <time>2025-09-14T08:09:52.000Z</time>
      </trkpt>
      <trkpt lat="48.004073007" lon="97.103215428">
        <ele>2223.487</ele>
        <time>2025-09-14T08:25:00.000Z</time>
      </trkpt>
      <trkpt lat="48.109155837" lon="97.177340537">
        <ele>2255.661</ele>
        <time>2025-09-14T08:38:36.000Z</time>
      </trkpt>
      <trkpt lat="48.257573191" lon="97.241147943">
        <ele>1988.492</ele>
        <time>2025-09-14T08:52:19.000Z</time>
      </trkpt>
      <trkpt lat="48.409034363" lon="97.367749254">
        <ele>1874.049</ele>
        <time>2025-09-14T09:07:27.000Z</time>
      </trkpt>
      <trkpt lat="48.532484234" lon="97.469685814">
        <ele>1828.894</ele>
        <time>2025-09-14T09:19:57.000Z</time>
      </trkpt>
      <trkpt lat="48.617606728" lon="97.583029044">
        <ele>1805.384</ele>
        <time>2025-09-14T09:35:05.000Z</time>
      </trkpt>
      <trkpt lat="48.649525652" lon="97.571560387">
        <ele>1827.249</ele>
        <time>2025-09-14T09:50:13.000Z</time>
      </trkpt>
      <trkpt lat="48.639499554" lon="97.547373651">
        <ele>1883.329</ele>
        <time>2025-09-14T10:04:26.000Z</time>
      </trkpt>
      <trkpt lat="48.651034688" lon="97.58264713">
        <ele>1813.275</ele>
        <time>2025-09-15T02:06:05.000Z</time>
      </trkpt>
      <trkpt lat="48.641904509" lon="97.612290109">
        <ele>1803.957</ele>
        <time>2025-09-15T02:17:15.000Z</time>
      </trkpt>
      <trkpt lat="48.704181695" lon="97.715668604">
        <ele>1778.054</ele>
        <time>2025-09-15T02:51:34.000Z</time>
      </trkpt>
      <trkpt lat="48.794538151" lon="97.926221425">
        <ele>1784.998</ele>
        <time>2025-09-15T03:06:48.000Z</time>
      </trkpt>
      <trkpt lat="48.818155043" lon="98.147518337">
        <ele>1917.047</ele>
        <time>2025-09-15T03:20:18.000Z</time>
      </trkpt>
      <trkpt lat="48.756556646" lon="98.27444667">
        <ele>1714.992</ele>
        <time>2025-09-15T03:34:35.000Z</time>
      </trkpt>
      <trkpt lat="48.759102816" lon="98.286345657">
        <ele>1724.844</ele>
        <time>2025-09-15T03:40:44.000Z</time>
      </trkpt>
      <trkpt lat="48.730071973" lon="98.424400108">
        <ele>1696.036</ele>
        <time>2025-09-15T03:51:04.000Z</time>
      </trkpt>
      <trkpt lat="48.715132736" lon="98.670940613">
        <ele>1657.049</ele>
        <time>2025-09-15T04:06:15.000Z</time>
      </trkpt>
      <trkpt lat="48.715922269" lon="98.799776333">
        <ele>1640.195</ele>
        <time>2025-09-15T04:19:38.000Z</time>
      </trkpt>
      <trkpt lat="48.711418526" lon="98.802648468">
        <ele>1634.371</ele>
        <time>2025-09-15T05:58:45.000Z</time>
      </trkpt>
      <trkpt lat="48.698045967" lon="98.848633191">
        <ele>1631.828</ele>
        <time>2025-09-15T06:17:04.000Z</time>
      </trkpt>
      <trkpt lat="48.661631619" lon="98.952869927">
        <ele>1609.431</ele>
        <time>2025-09-15T06:31:31.000Z</time>
      </trkpt>
      <trkpt lat="48.582073297" lon="98.954075599">
        <ele>1697.792</ele>
        <time>2025-09-15T06:44:50.000Z</time>
      </trkpt>
      <trkpt lat="48.454981428" lon="98.895491716">
        <ele>1883.23</ele>
        <time>2025-09-15T06:58:43.000Z</time>
      </trkpt>
      <trkpt lat="48.315541618" lon="98.914597668">
        <ele>2248.744</ele>
        <time>2025-09-15T07:12:54.000Z</time>
      </trkpt>
      <trkpt lat="48.29320705" lon="98.953933613">
        <ele>2527.777</ele>
        <time>2025-09-15T07:26:07.000Z</time>
      </trkpt>
      <trkpt lat="48.263804507" lon="98.987211278">
        <ele>2396.353</ele>
        <time>2025-09-15T07:38:00.000Z</time>
      </trkpt>
      <trkpt lat="48.194721742" lon="99.027838111">
        <ele>2163.002</ele>
        <time>2025-09-15T07:53:08.000Z</time>
      </trkpt>
      <trkpt lat="48.108672139" lon="99.142572711">
        <ele>2116.058</ele>
        <time>2025-09-15T08:07:02.000Z</time>
      </trkpt>
      <trkpt lat="48.107492616" lon="99.187653512">
        <ele>2110.553</ele>
        <time>2025-09-15T08:21:56.000Z</time>
      </trkpt>
      <trkpt lat="48.106184536" lon="99.189251914">
        <ele>2109.062</ele>
        <time>2025-09-16T01:54:07.000Z</time>
      </trkpt>
      <trkpt lat="48.100857292" lon="99.190964447">
        <ele>2108.142</ele>
        <time>2025-09-17T00:42:22.000Z</time>
      </trkpt>
      <trkpt lat="48.075553704" lon="99.291825422">
        <ele>2093.134</ele>
        <time>2025-09-17T00:56:52.000Z</time>
      </trkpt>
      <trkpt lat="48.073070739" lon="99.414143516">
        <ele>2075.941</ele>
        <time>2025-09-17T01:08:02.000Z</time>
      </trkpt>
      <trkpt lat="48.102127524" lon="99.594285109">
        <ele>2057.562</ele>
        <time>2025-09-17T01:23:11.000Z</time>
      </trkpt>
      <trkpt lat="48.143984059" lon="99.751962516">
        <ele>2071.125</ele>
        <time>2025-09-17T01:37:06.000Z</time>
      </trkpt>
      <trkpt lat="48.162810887" lon="99.889204467">
        <ele>2046.136</ele>
        <time>2025-09-17T01:52:14.000Z</time>
      </trkpt>
      <trkpt lat="48.190431634" lon="99.858880746">
        <ele>2097.954</ele>
        <time>2025-09-17T02:06:57.000Z</time>
      </trkpt>
      <trkpt lat="48.192773416" lon="99.851789365">
        <ele>2087.871</ele>
        <time>2025-09-17T02:24:23.000Z</time>
      </trkpt>
      <trkpt lat="48.171270392" lon="99.882437345">
        <ele>2041.598</ele>
        <time>2025-09-17T05:17:40.000Z</time>
      </trkpt>
      <trkpt lat="48.159242039" lon="99.889028673">
        <ele>2054.36</ele>
        <time>2025-09-17T05:26:44.000Z</time>
      </trkpt>
      <trkpt lat="48.153541995" lon="99.878085418">
        <ele>2053.885</ele>
        <time>2025-09-17T05:32:30.000Z</time>
      </trkpt>
      <trkpt lat="48.157061921" lon="99.883091341">
        <ele>2063.349</ele>
        <time>2025-09-17T05:49:35.000Z</time>
      </trkpt>
      <trkpt lat="48.151256251" lon="99.909082912">
        <ele>2060.477</ele>
        <time>2025-09-17T06:01:53.000Z</time>
      </trkpt>
      <trkpt lat="48.147871052" lon="100.037925085">
        <ele>2053.016</ele>
        <time>2025-09-17T07:09:52.000Z</time>
      </trkpt>
      <trkpt lat="48.151310837" lon="100.234629608">
        <ele>1930.521</ele>
        <time>2025-09-17T07:24:07.000Z</time>
      </trkpt>
      <trkpt lat="48.147179435" lon="100.272605786">
        <ele>1911.059</ele>
        <time>2025-09-17T07:29:12.000Z</time>
      </trkpt>
      <trkpt lat="48.156724814" lon="100.282023037">
        <ele>1891.567</ele>
        <time>2025-09-17T07:52:32.000Z</time>
      </trkpt>
      <trkpt lat="48.139573848" lon="100.273864176">
        <ele>1897.225</ele>
        <time>2025-09-18T01:11:29.000Z</time>
      </trkpt>
      <trkpt lat="48.109311489" lon="100.291497773">
        <ele>1872.726</ele>
        <time>2025-09-18T01:26:13.000Z</time>
      </trkpt>
      <trkpt lat="48.093335754" lon="100.322573051">
        <ele>1856.995</ele>
        <time>2025-09-18T01:40:39.000Z</time>
      </trkpt>
      <trkpt lat="48.028168732" lon="100.41337667">
        <ele>1876.156</ele>
        <time>2025-09-18T01:52:23.000Z</time>
      </trkpt>
      <trkpt lat="47.978959502" lon="100.504975502">
        <ele>1986.834</ele>
        <time>2025-09-18T02:03:37.000Z</time>
      </trkpt>
      <trkpt lat="47.955578057" lon="100.581351977">
        <ele>2022.081</ele>
        <time>2025-09-18T02:18:45.000Z</time>
      </trkpt>
      <trkpt lat="47.888011945" lon="100.698481524">
        <ele>1945.759</ele>
        <time>2025-09-18T03:32:09.000Z</time>
      </trkpt>
      <trkpt lat="47.83084522" lon="100.897950931">
        <ele>1784.318</ele>
        <time>2025-09-18T03:46:52.000Z</time>
      </trkpt>
      <trkpt lat="47.744950703" lon="100.968314661">
        <ele>1907.3</ele>
        <time>2025-09-18T04:01:37.000Z</time>
      </trkpt>
      <trkpt lat="47.640427197" lon="101.061041895">
        <ele>1792.653</ele>
        <time>2025-09-18T04:16:22.000Z</time>
      </trkpt>
      <trkpt lat="47.586924336" lon="101.209946405">
        <ele>1616.072</ele>
        <time>2025-09-18T04:30:46.000Z</time>
      </trkpt>
      <trkpt lat="47.526856924" lon="101.394240288">
        <ele>1715.95</ele>
        <time>2025-09-18T04:45:54.000Z</time>
      </trkpt>
      <trkpt lat="47.499830076" lon="101.418499807">
        <ele>1956.507</ele>
        <time>2025-09-18T04:59:23.000Z</time>
      </trkpt>
      <trkpt lat="47.478466658" lon="101.429219507">
        <ele>1772.319</ele>
        <time>2025-09-18T05:08:17.000Z</time>
      </trkpt>
      <trkpt lat="47.467723445" lon="101.483641116">
        <ele>1676.11</ele>
        <time>2025-09-18T05:19:41.000Z</time>
      </trkpt>
      <trkpt lat="47.467234614" lon="101.55138189">
        <ele>1675.981</ele>
        <time>2025-09-18T05:37:05.000Z</time>
      </trkpt>
      <trkpt lat="47.450869787" lon="101.75213702">
        <ele>1575.602</ele>
        <time>2025-09-18T06:19:43.000Z</time>
      </trkpt>
      <trkpt lat="47.446399466" lon="101.932871305">
        <ele>1550.987</ele>
        <time>2025-09-18T06:32:40.000Z</time>
      </trkpt>
      <trkpt lat="47.40624642" lon="102.157817613">
        <ele>1581.261</ele>
        <time>2025-09-18T06:47:47.000Z</time>
      </trkpt>
      <trkpt lat="47.397612487" lon="102.336248807">
        <ele>1572.7</ele>
        <time>2025-09-18T07:02:34.000Z</time>
      </trkpt>
      <trkpt lat="47.368847793" lon="102.490216401">
        <ele>1450</ele>
        <time>2025-09-18T07:16:01.000Z</time>
      </trkpt>
      <trkpt lat="47.335082721" lon="102.61736786">
        <ele>1450.156</ele>
        <time>2025-09-18T07:28:03.000Z</time>
      </trkpt>
      <trkpt lat="47.255598516" lon="102.758024326">
        <ele>1484.708</ele>
        <time>2025-09-18T07:44:21.000Z</time>
      </trkpt>
      <trkpt lat="47.257258593" lon="102.783278417">
        <ele>1449.329</ele>
        <time>2025-09-18T07:59:07.000Z</time>
      </trkpt>
      <trkpt lat="47.227439848" lon="102.785660969">
        <ele>1481.136</ele>
        <time>2025-09-19T01:39:12.000Z</time>
      </trkpt>
      <trkpt lat="47.191758086" lon="102.835569754">
        <ele>1484.307</ele>
        <time>2025-09-19T01:50:35.000Z</time>
      </trkpt>
      <trkpt lat="47.199318469" lon="102.843325779">
        <ele>1464.546</ele>
        <time>2025-09-19T02:01:54.000Z</time>
      </trkpt>
      <trkpt lat="47.128058786" lon="102.956567389">
        <ele>1523.334</ele>
        <time>2025-09-19T04:02:29.000Z</time>
      </trkpt>
      <trkpt lat="47.155929892" lon="102.993454132">
        <ele>1485.565</ele>
        <time>2025-09-19T04:19:21.000Z</time>
      </trkpt>
      <trkpt lat="47.247814662" lon="103.1366794">
        <ele>1460.82</ele>
        <time>2025-09-19T04:34:29.000Z</time>
      </trkpt>
      <trkpt lat="47.319858942" lon="103.317936429">
        <ele>1392.71</ele>
        <time>2025-09-19T04:48:10.000Z</time>
      </trkpt>
      <trkpt lat="47.333901003" lon="103.540329577">
        <ele>1269.064</ele>
        <time>2025-09-19T05:01:31.000Z</time>
      </trkpt>
      <trkpt lat="47.343224525" lon="103.736270713">
        <ele>1271.575</ele>
        <time>2025-09-19T05:17:24.000Z</time>
      </trkpt>
      <trkpt lat="47.367945544" lon="103.934559282">
        <ele>1372</ele>
        <time>2025-09-19T06:14:40.000Z</time>
      </trkpt>
      <trkpt lat="47.35803497" lon="104.126659865">
        <ele>1275.146</ele>
        <time>2025-09-19T06:29:14.000Z</time>
      </trkpt>
      <trkpt lat="47.350090938" lon="104.338418674">
        <ele>1281.307</ele>
        <time>2025-09-19T06:45:28.000Z</time>
      </trkpt>
      <trkpt lat="47.356123561" lon="104.330526022">
        <ele>1300.102</ele>
        <time>2025-09-19T07:00:20.000Z</time>
      </trkpt>
      <trkpt lat="47.35368072" lon="104.327742057">
        <ele>1284</ele>
        <time>2025-09-20T02:22:10.000Z</time>
      </trkpt>
      <trkpt lat="47.338581239" lon="104.476820409">
        <ele>1360.769</ele>
        <time>2025-09-20T02:27:36.000Z</time>
      </trkpt>
      <trkpt lat="47.380974772" lon="104.505978366">
        <ele>1336.987</ele>
        <time>2025-09-20T02:40:29.000Z</time>
      </trkpt>
      <trkpt lat="47.518495207" lon="104.610827052">
        <ele>1232.547</ele>
        <time>2025-09-20T02:54:35.000Z</time>
      </trkpt>
      <trkpt lat="47.595307916" lon="104.780703373">
        <ele>1195.108</ele>
        <time>2025-09-20T03:07:42.000Z</time>
      </trkpt>
      <trkpt lat="47.667180556" lon="104.948504273">
        <ele>1144</ele>
        <time>2025-09-20T03:22:36.000Z</time>
      </trkpt>
      <trkpt lat="47.755013973" lon="105.091873396">
        <ele>1115</ele>
        <time>2025-09-20T03:36:07.000Z</time>
      </trkpt>
      <trkpt lat="47.8558665" lon="105.18438438">
        <ele>1011.881</ele>
        <time>2025-09-20T03:49:08.000Z</time>
      </trkpt>
      <trkpt lat="47.886095792" lon="105.326914284">
        <ele>1043.109</ele>
        <time>2025-09-20T04:11:56.000Z</time>
      </trkpt>
      <trkpt lat="47.893082318" lon="105.500238377">
        <ele>1043.904</ele>
        <time>2025-09-20T04:25:09.000Z</time>
      </trkpt>
      <trkpt lat="47.907099554" lon="105.669374238">
        <ele>1091.394</ele>
        <time>2025-09-20T04:38:46.000Z</time>
      </trkpt>
      <trkpt lat="47.874328646" lon="105.867107863">
        <ele>1190.828</ele>
        <time>2025-09-20T04:54:42.000Z</time>
      </trkpt>
      <trkpt lat="47.862283266" lon="105.87293719">
        <ele>1200.654</ele>
        <time>2025-09-20T05:09:25.000Z</time>
      </trkpt>
      <trkpt lat="47.82463123" lon="105.873894865">
        <ele>1241.352</ele>
        <time>2025-09-20T05:23:21.000Z</time>
      </trkpt>
      <trkpt lat="47.786750668" lon="105.873180097">
        <ele>1314.146</ele>
        <time>2025-09-20T05:38:04.000Z</time>
      </trkpt>
      <trkpt lat="47.763781739" lon="105.877800454">
        <ele>1338.646</ele>
        <time>2025-09-20T05:51:21.000Z</time>
      </trkpt>
      <trkpt lat="47.791344454" lon="105.875584446">
        <ele>1308.351</ele>
        <time>2025-09-20T06:06:29.000Z</time>
      </trkpt>
      <trkpt lat="47.80094014" lon="105.891604778">
        <ele>1297.145</ele>
        <time>2025-09-20T06:19:59.000Z</time>
      </trkpt>
      <trkpt lat="47.801026399" lon="105.891214513">
        <ele>1295.479</ele>
        <time>2025-09-20T06:20:02.000Z</time>
      </trkpt>
      <trkpt lat="47.80161039" lon="105.889763441">
        <ele>1290.257</ele>
        <time>2025-09-20T14:43:47.000Z</time>
      </trkpt>
      <trkpt lat="47.842994621" lon="105.871563731">
        <ele>1225.629</ele>
        <time>2025-09-21T05:13:57.000Z</time>
      </trkpt>
      <trkpt lat="47.875205839" lon="105.869104759">
        <ele>1191.201</ele>
        <time>2025-09-21T05:27:36.000Z</time>
      </trkpt>
      <trkpt lat="47.898497111" lon="106.013622405">
        <ele>1360.976</ele>
        <time>2025-09-21T05:58:02.000Z</time>
      </trkpt>
      <trkpt lat="47.908980987" lon="106.079566852">
        <ele>1282.668</ele>
        <time>2025-09-21T06:03:04.000Z</time>
      </trkpt>
      <trkpt lat="47.916009269" lon="106.257742751">
        <ele>1349.446</ele>
        <time>2025-09-21T06:14:49.000Z</time>
      </trkpt>
      <trkpt lat="47.899784655" lon="106.437308667">
        <ele>1396.775</ele>
        <time>2025-09-21T06:29:02.000Z</time>
      </trkpt>
      <trkpt lat="47.910353642" lon="106.550824722">
        <ele>1431.935</ele>
        <time>2025-09-21T06:39:45.000Z</time>
      </trkpt>
      <trkpt lat="47.877176487" lon="106.609721564">
        <ele>1377.165</ele>
        <time>2025-09-21T06:47:47.000Z</time>
      </trkpt>
      <trkpt lat="47.902229335" lon="106.739990398">
        <ele>1255.026</ele>
        <time>2025-09-21T07:02:23.000Z</time>
      </trkpt>
      <trkpt lat="47.906803876" lon="106.777757984">
        <ele>1264.565</ele>
        <time>2025-09-21T07:07:21.000Z</time>
      </trkpt>
      <trkpt lat="47.90743704" lon="106.787419925">
        <ele>1265.773</ele>
        <time>2025-09-21T07:18:24.000Z</time>
      </trkpt>
      <trkpt lat="47.909596385" lon="106.803579815">
        <ele>1268.113</ele>
        <time>2025-09-21T07:33:00.000Z</time>
      </trkpt>
      <trkpt lat="47.910223687" lon="106.819562595">
        <ele>1270.888</ele>
        <time>2025-09-21T07:44:16.000Z</time>
      </trkpt>
      <trkpt lat="47.912315921" lon="106.847722429">
        <ele>1280.282</ele>
        <time>2025-09-21T07:55:53.000Z</time>
      </trkpt>
      <trkpt lat="47.913614449" lon="106.869584851">
        <ele>1278</ele>
        <time>2025-09-21T08:02:55.000Z</time>
      </trkpt>
      <trkpt lat="47.908966722" lon="106.891663042">
        <ele>1287.56</ele>
        <time>2025-09-21T08:14:32.000Z</time>
      </trkpt>
      <trkpt lat="47.911160863" lon="106.90724498">
        <ele>1292.358</ele>
        <time>2025-09-21T08:26:21.000Z</time>
      </trkpt>
      <trkpt lat="47.912816066" lon="106.900747739">
        <ele>1293.905</ele>
        <time>2025-09-21T09:32:11.000Z</time>
      </trkpt>
      <trkpt lat="47.914671334" lon="106.91083052">
        <ele>1293.798</ele>
        <time>2025-09-23T02:29:57.000Z</time>
      </trkpt>
      <trkpt lat="47.916758382" lon="106.918675601">
        <ele>1297.34</ele>
        <time>2025-09-23T02:39:17.000Z</time>
      </trkpt>
      <trkpt lat="47.923262564" lon="106.923159015">
        <ele>1304.278</ele>
        <time>2025-09-23T02:56:54.000Z</time>
      </trkpt>
      <trkpt lat="47.917070912" lon="106.916717439">
        <ele>1299.189</ele>
        <time>2025-09-23T04:04:50.000Z</time>
      </trkpt>
      <trkpt lat="47.914047267" lon="106.907633421">
        <ele>1296.66</ele>
        <time>2025-09-23T04:16:39.000Z</time>
      </trkpt>
      <trkpt lat="47.912447787" lon="106.901227049">
        <ele>1294.097</ele>
        <time>2025-09-23T05:42:04.000Z</time>
      </trkpt>
      <trkpt lat="47.915083516" lon="106.898647914">
        <ele>1295</ele>
        <time>2025-09-23T06:26:05.000Z</time>
      </trkpt>
      <trkpt lat="47.916812801" lon="106.91224184">
        <ele>1300.071</ele>
        <time>2025-09-23T07:37:41.000Z</time>
      </trkpt>
      <trkpt lat="47.917725461" lon="106.919710684">
        <ele>1296.812</ele>
        <time>2025-09-23T07:47:48.000Z</time>
      </trkpt>
      <trkpt lat="47.916848394" lon="106.912119118">
        <ele>1300.745</ele>
        <time>2025-09-23T08:48:22.000Z</time>
      </trkpt>
      <trkpt lat="47.913750829" lon="106.906509227">
        <ele>1293.224</ele>
        <time>2025-09-23T08:57:54.000Z</time>
      </trkpt>
      <trkpt lat="47.913760446" lon="106.907005523">
        <ele>1294.714</ele>
        <time>2025-09-23T08:57:58.000Z</time>
      </trkpt>
      <trkpt lat="47.912431619" lon="106.901083507">
        <ele>1294.286</ele>
        <time>2025-09-24T15:44:59.000Z</time>
      </trkpt>
      <trkpt lat="47.912823833" lon="106.898965529">
        <ele>1291.516</ele>
        <time>2025-09-26T03:58:11.000Z</time>
      </trkpt>
      <trkpt lat="47.913703392" lon="106.906537162">
        <ele>1292.842</ele>
        <time>2025-09-26T04:13:19.000Z</time>
      </trkpt>
      <trkpt lat="47.918624837" lon="106.943488414">
        <ele>1301.148</ele>
        <time>2025-09-26T04:28:03.000Z</time>
      </trkpt>
      <trkpt lat="47.910654073" lon="107.004690142">
        <ele>1317.925</ele>
        <time>2025-09-26T04:42:54.000Z</time>
      </trkpt>
      <trkpt lat="47.906361428" lon="107.015596293">
        <ele>1318.033</ele>
        <time>2025-09-26T06:14:42.000Z</time>
      </trkpt>
      <trkpt lat="47.903242876" lon="107.025763872">
        <ele>1311.674</ele>
        <time>2025-09-26T06:26:03.000Z</time>
      </trkpt>
      <trkpt lat="47.880125692" lon="107.097028445">
        <ele>1349.057</ele>
        <time>2025-09-26T08:17:29.000Z</time>
      </trkpt>
      <trkpt lat="47.807010918" lon="107.196893664">
        <ele>1481.196</ele>
        <time>2025-09-26T08:27:09.000Z</time>
      </trkpt>
      <trkpt lat="47.788510558" lon="107.255528777">
        <ele>1435.603</ele>
        <time>2025-09-26T08:33:16.000Z</time>
      </trkpt>
      <trkpt lat="47.780144913" lon="107.347860955">
        <ele>1415.821</ele>
        <time>2025-09-26T08:43:43.000Z</time>
      </trkpt>
      <trkpt lat="47.795902407" lon="107.500445545">
        <ele>1472.003</ele>
        <time>2025-09-26T08:57:51.000Z</time>
      </trkpt>
      <trkpt lat="47.807240708" lon="107.530301713">
        <ele>1505.894</ele>
        <time>2025-09-26T09:10:31.000Z</time>
      </trkpt>
      <trkpt lat="47.806611548" lon="107.531266009">
        <ele>1493.083</ele>
        <time>2025-09-26T09:10:35.000Z</time>
      </trkpt>
      <trkpt lat="47.829033681" lon="107.164541613">
        <ele>1429.221</ele>
        <time>2025-09-28T00:03:50.000Z</time>
      </trkpt>
      <trkpt lat="47.878705594" lon="107.099705329">
        <ele>1347.979</ele>
        <time>2025-09-28T00:09:56.000Z</time>
      </trkpt>
      <trkpt lat="47.902058067" lon="107.029754197">
        <ele>1312.932</ele>
        <time>2025-09-28T00:16:10.000Z</time>
      </trkpt>
      <trkpt lat="47.913019963" lon="106.995061869">
        <ele>1316.029</ele>
        <time>2025-09-28T00:22:10.000Z</time>
      </trkpt>
      <trkpt lat="47.908050219" lon="106.947644682">
        <ele>1294.981</ele>
        <time>2025-09-28T00:28:17.000Z</time>
      </trkpt>
      <trkpt lat="47.907918412" lon="106.915622475">
        <ele>1290</ele>
        <time>2025-09-28T00:33:25.000Z</time>
      </trkpt>
      <trkpt lat="47.911437397" lon="106.908414995">
        <ele>1289.179</ele>
        <time>2025-09-28T00:39:34.000Z</time>
      </trkpt>
      <trkpt lat="47.911853827" lon="106.908302841">
        <ele>1292.893</ele>
        <time>2025-09-28T01:39:02.000Z</time>
      </trkpt>
      <trkpt lat="47.909854297" lon="106.894921688">
        <ele>1287.416</ele>
        <time>2025-09-29T22:14:21.000Z</time>
      </trkpt>
      <trkpt lat="47.875978268" lon="106.847823216">
        <ele>1293.078</ele>
        <time>2025-09-29T22:24:44.000Z</time>
      </trkpt>
      <trkpt lat="47.855081804" lon="106.779876401">
        <ele>1306.034</ele>
        <time>2025-09-29T22:36:20.000Z</time>
      </trkpt>
      <trkpt lat="47.85429681" lon="106.780046073">
        <ele>1306.244</ele>
        <time>2025-09-29T22:53:04.000Z</time>
      </trkpt>
      <trkpt lat="47.885712249" lon="106.785131609">
        <ele>1263.229</ele>
        <time>2025-09-30T00:59:11.000Z</time>
      </trkpt>
      <trkpt lat="47.906511614" lon="106.771479105">
        <ele>1262.702</ele>
        <time>2025-09-30T01:13:20.000Z</time>
      </trkpt>
      <trkpt lat="47.900834573" lon="106.71638405">
        <ele>1252.978</ele>
        <time>2025-09-30T01:29:34.000Z</time>
      </trkpt>
      <trkpt lat="47.882749468" lon="106.597134911">
        <ele>1385.922</ele>
        <time>2025-09-30T01:42:06.000Z</time>
      </trkpt>
      <trkpt lat="47.909392907" lon="106.55611019">
        <ele>1418.63</ele>
        <time>2025-09-30T01:48:03.000Z</time>
      </trkpt>
      <trkpt lat="47.899864396" lon="106.428115661">
        <ele>1400.198</ele>
        <time>2025-09-30T02:00:34.000Z</time>
      </trkpt>
      <trkpt lat="47.914034202" lon="106.311523446">
        <ele>1417.523</ele>
        <time>2025-09-30T02:11:37.000Z</time>
      </trkpt>
      <trkpt lat="47.917001252" lon="106.157950563">
        <ele>1302</ele>
        <time>2025-09-30T02:32:12.000Z</time>
      </trkpt>
      <trkpt lat="47.909179101" lon="105.59051989">
        <ele>1088</ele>
        <time>2025-09-30T03:15:00.000Z</time>
      </trkpt>
      <trkpt lat="47.900633558" lon="105.415204441">
        <ele>1030.091</ele>
        <time>2025-09-30T03:30:07.000Z</time>
      </trkpt>
      <trkpt lat="47.871980709" lon="105.283101909">
        <ele>1015.036</ele>
        <time>2025-09-30T03:42:45.000Z</time>
      </trkpt>
      <trkpt lat="47.862402037" lon="105.195022511">
        <ele>995.329</ele>
        <time>2025-09-30T03:55:08.000Z</time>
      </trkpt>
      <trkpt lat="47.765162406" lon="105.111873709">
        <ele>1156.149</ele>
        <time>2025-09-30T04:46:14.000Z</time>
      </trkpt>
      <trkpt lat="47.681087977" lon="104.971339451">
        <ele>1146.163</ele>
        <time>2025-09-30T05:00:59.000Z</time>
      </trkpt>
      <trkpt lat="47.663983111" lon="104.933249736">
        <ele>1156.699</ele>
        <time>2025-09-30T05:15:44.000Z</time>
      </trkpt>
      <trkpt lat="47.608908936" lon="104.83613072">
        <ele>1206.002</ele>
        <time>2025-10-01T02:28:14.000Z</time>
      </trkpt>
      <trkpt lat="47.537985967" lon="104.640352717">
        <ele>1207</ele>
        <time>2025-10-01T02:43:01.000Z</time>
      </trkpt>
      <trkpt lat="47.398005249" lon="104.524222417">
        <ele>1319.145</ele>
        <time>2025-10-01T02:57:22.000Z</time>
      </trkpt>
      <trkpt lat="47.339207414" lon="104.479316622">
        <ele>1357.461</ele>
        <time>2025-10-01T03:05:44.000Z</time>
      </trkpt>
      <trkpt lat="47.340018067" lon="104.383737681">
        <ele>1314.095</ele>
        <time>2025-10-01T03:12:42.000Z</time>
      </trkpt>
      <trkpt lat="47.355055805" lon="104.19018185">
        <ele>1280.868</ele>
        <time>2025-10-01T03:25:24.000Z</time>
      </trkpt>
      <trkpt lat="47.368254857" lon="103.942042999">
        <ele>1369.355</ele>
        <time>2025-10-01T03:43:17.000Z</time>
      </trkpt>
      <trkpt lat="47.343529123" lon="103.735887995">
        <ele>1273.352</ele>
        <time>2025-10-01T03:58:01.000Z</time>
      </trkpt>
      <trkpt lat="47.305320639" lon="103.638713908">
        <ele>1258.374</ele>
        <time>2025-10-01T04:07:09.000Z</time>
      </trkpt>
      <trkpt lat="47.336230874" lon="103.500500182">
        <ele>1294.37</ele>
        <time>2025-10-01T04:40:35.000Z</time>
      </trkpt>
      <trkpt lat="47.311873576" lon="103.302780306">
        <ele>1375.478</ele>
        <time>2025-10-01T04:53:19.000Z</time>
      </trkpt>
      <trkpt lat="47.226987266" lon="103.108085281">
        <ele>1497.305</ele>
        <time>2025-10-01T05:07:38.000Z</time>
      </trkpt>
      <trkpt lat="47.143245642" lon="102.928313753">
        <ele>1533.583</ele>
        <time>2025-10-01T05:24:47.000Z</time>
      </trkpt>
      <trkpt lat="47.192526246" lon="102.842305452">
        <ele>1484.7</ele>
        <time>2025-10-01T05:37:01.000Z</time>
      </trkpt>
      <trkpt lat="47.190224617" lon="102.823055741">
        <ele>1484.191</ele>
        <time>2025-10-01T05:49:21.000Z</time>
      </trkpt>
      <trkpt lat="47.178999161" lon="102.808005434">
        <ele>1527.603</ele>
        <time>2025-10-01T05:56:11.000Z</time>
      </trkpt>
      <trkpt lat="47.173780775" lon="102.803960137">
        <ele>1484.024</ele>
        <time>2025-10-01T06:11:30.000Z</time>
      </trkpt>
      <trkpt lat="47.156223136" lon="102.802225882">
        <ele>1481.607</ele>
        <time>2025-10-01T06:26:00.000Z</time>
      </trkpt>
      <trkpt lat="47.130102032" lon="102.781550987">
        <ele>1493.153</ele>
        <time>2025-10-01T07:26:36.000Z</time>
      </trkpt>
      <trkpt lat="47.123052074" lon="102.779431798">
        <ele>1493.896</ele>
        <time>2025-10-01T07:40:07.000Z</time>
      </trkpt>
      <trkpt lat="47.101034073" lon="102.775338125">
        <ele>1499.832</ele>
        <time>2025-10-02T04:38:42.000Z</time>
      </trkpt>
      <trkpt lat="47.087694495" lon="102.744340617">
        <ele>1502.336</ele>
        <time>2025-10-02T04:53:42.000Z</time>
      </trkpt>
      <trkpt lat="47.069784253" lon="102.736110382">
        <ele>1514.003</ele>
        <time>2025-10-02T05:12:11.000Z</time>
      </trkpt>
      <trkpt lat="47.057233024" lon="102.719357768">
        <ele>1524.78</ele>
        <time>2025-10-02T05:27:11.000Z</time>
      </trkpt>
      <trkpt lat="47.046866271" lon="102.708763725">
        <ele>1556.155</ele>
        <time>2025-10-02T05:42:11.000Z</time>
      </trkpt>
      <trkpt lat="47.0299232" lon="102.691478731">
        <ele>1533.536</ele>
        <time>2025-10-02T05:50:05.000Z</time>
      </trkpt>
      <trkpt lat="47.005730793" lon="102.645172846">
        <ele>1545.637</ele>
        <time>2025-10-02T06:05:38.000Z</time>
      </trkpt>
      <trkpt lat="46.978206991" lon="102.626682881">
        <ele>1585</ele>
        <time>2025-10-02T06:21:01.000Z</time>
      </trkpt>
      <trkpt lat="46.973494233" lon="102.590220239">
        <ele>1555.492</ele>
        <time>2025-10-02T06:36:01.000Z</time>
      </trkpt>
      <trkpt lat="46.963828253" lon="102.581259849">
        <ele>1560.335</ele>
        <time>2025-10-02T06:51:01.000Z</time>
      </trkpt>
      <trkpt lat="46.93118815" lon="102.532638159">
        <ele>1576.641</ele>
        <time>2025-10-02T07:20:40.000Z</time>
      </trkpt>
      <trkpt lat="46.925019037" lon="102.5474862">
        <ele>1589.183</ele>
        <time>2025-10-02T07:36:11.000Z</time>
      </trkpt>
      <trkpt lat="46.918139157" lon="102.548802441">
        <ele>1593.388</ele>
        <time>2025-10-02T07:50:05.000Z</time>
      </trkpt>
      <trkpt lat="46.906598029" lon="102.48378857">
        <ele>1595.158</ele>
        <time>2025-10-02T08:05:05.000Z</time>
      </trkpt>
      <trkpt lat="46.894046296" lon="102.423952343">
        <ele>1622.662</ele>
        <time>2025-10-02T08:20:04.000Z</time>
      </trkpt>
      <trkpt lat="46.887624961" lon="102.403187645">
        <ele>1646.886</ele>
        <time>2025-10-02T08:35:05.000Z</time>
      </trkpt>
      <trkpt lat="46.893668944" lon="102.388603803">
        <ele>1640.382</ele>
        <time>2025-10-02T08:50:05.000Z</time>
      </trkpt>
      <trkpt lat="46.893039202" lon="102.393327852">
        <ele>1614.412</ele>
        <time>2025-10-02T13:17:17.000Z</time>
      </trkpt>
      <trkpt lat="46.893416329" lon="102.426170126">
        <ele>1620.298</ele>
        <time>2025-10-04T01:49:36.000Z</time>
      </trkpt>
      <trkpt lat="46.902745917" lon="102.475872554">
        <ele>1597.115</ele>
        <time>2025-10-04T02:02:02.000Z</time>
      </trkpt>
      <trkpt lat="46.912392988" lon="102.505858906">
        <ele>1612.442</ele>
        <time>2025-10-04T02:09:21.000Z</time>
      </trkpt>
      <trkpt lat="46.918508255" lon="102.530292387">
        <ele>1609.144</ele>
        <time>2025-10-04T02:15:36.000Z</time>
      </trkpt>
      <trkpt lat="46.931582303" lon="102.58334077">
        <ele>1624.035</ele>
        <time>2025-10-04T02:30:44.000Z</time>
      </trkpt>
      <trkpt lat="46.934050857" lon="102.637729012">
        <ele>1673.157</ele>
        <time>2025-10-04T02:41:08.000Z</time>
      </trkpt>
      <trkpt lat="46.925970869" lon="102.654019293">
        <ele>1654.334</ele>
        <time>2025-10-04T02:48:26.000Z</time>
      </trkpt>
      <trkpt lat="46.923732416" lon="102.692843712">
        <ele>1682.756</ele>
        <time>2025-10-04T02:59:38.000Z</time>
      </trkpt>
      <trkpt lat="46.906982154" lon="102.756216643">
        <ele>1648.349</ele>
        <time>2025-10-04T03:14:47.000Z</time>
      </trkpt>
      <trkpt lat="46.896681175" lon="102.782686987">
        <ele>1673.637</ele>
        <time>2025-10-04T03:20:17.000Z</time>
      </trkpt>
      <trkpt lat="46.859572828" lon="102.812560843">
        <ele>1768.739</ele>
        <time>2025-10-04T03:32:19.000Z</time>
      </trkpt>
      <trkpt lat="46.827757973" lon="102.825784637">
        <ele>1688.456</ele>
        <time>2025-10-04T03:45:24.000Z</time>
      </trkpt>
      <trkpt lat="46.791797555" lon="102.85973696">
        <ele>1732.025</ele>
        <time>2025-10-04T04:00:32.000Z</time>
      </trkpt>
      <trkpt lat="46.765785157" lon="102.925870847">
        <ele>1789.962</ele>
        <time>2025-10-04T04:43:34.000Z</time>
      </trkpt>
      <trkpt lat="46.756624114" lon="103.033508901">
        <ele>1760.474</ele>
        <time>2025-10-04T04:58:41.000Z</time>
      </trkpt>
      <trkpt lat="46.72640027" lon="103.093640171">
        <ele>1836.895</ele>
        <time>2025-10-04T05:09:02.000Z</time>
      </trkpt>
      <trkpt lat="46.697113871" lon="103.121494079">
        <ele>1803.939</ele>
        <time>2025-10-04T05:19:28.000Z</time>
      </trkpt>
      <trkpt lat="46.654341049" lon="103.156515006">
        <ele>1766.918</ele>
        <time>2025-10-04T05:36:15.000Z</time>
      </trkpt>
      <trkpt lat="46.548758136" lon="103.026945323">
        <ele>1964.001</ele>
        <time>2025-10-04T06:05:44.000Z</time>
      </trkpt>
      <trkpt lat="46.46333864" lon="102.869072724">
        <ele>1840.292</ele>
        <time>2025-10-04T06:20:27.000Z</time>
      </trkpt>
      <trkpt lat="46.36083073" lon="102.814880284">
        <ele>1773.013</ele>
        <time>2025-10-04T06:34:56.000Z</time>
      </trkpt>
      <trkpt lat="46.270124661" lon="102.794172671">
        <ele>1821</ele>
        <time>2025-10-04T06:45:27.000Z</time>
      </trkpt>
      <trkpt lat="46.264208464" lon="102.790626633">
        <ele>1815.045</ele>
        <time>2025-10-04T06:54:44.000Z</time>
      </trkpt>
      <trkpt lat="46.267706612" lon="102.782538124">
        <ele>1833.189</ele>
        <time>2025-10-04T07:41:21.000Z</time>
      </trkpt>
      <trkpt lat="46.259241898" lon="102.767508683">
        <ele>1856.231</ele>
        <time>2025-10-04T07:46:28.000Z</time>
      </trkpt>
      <trkpt lat="46.262917612" lon="102.773427414">
        <ele>1834.165</ele>
        <time>2025-10-04T07:57:52.000Z</time>
      </trkpt>
      <trkpt lat="46.213573767" lon="102.762087705">
        <ele>1782.312</ele>
        <time>2025-10-04T08:12:58.000Z</time>
      </trkpt>
      <trkpt lat="46.182068485" lon="102.742764924">
        <ele>1762</ele>
        <time>2025-10-04T08:27:45.000Z</time>
      </trkpt>
      <trkpt lat="46.148355174" lon="102.723928499">
        <ele>1766.921</ele>
        <time>2025-10-04T08:42:30.000Z</time>
      </trkpt>
      <trkpt lat="46.110135424" lon="102.708544023">
        <ele>1790.729</ele>
        <time>2025-10-04T08:55:38.000Z</time>
      </trkpt>
      <trkpt lat="46.104149052" lon="102.714336951">
        <ele>1788.039</ele>
        <time>2025-10-05T01:38:29.000Z</time>
      </trkpt>
      <trkpt lat="46.066695467" lon="102.711465308">
        <ele>1841.621</ele>
        <time>2025-10-05T01:53:28.000Z</time>
      </trkpt>
      <trkpt lat="46.056306303" lon="102.709647878">
        <ele>1810.782</ele>
        <time>2025-10-05T02:08:29.000Z</time>
      </trkpt>
      <trkpt lat="46.000372557" lon="102.714895934">
        <ele>1829.81</ele>
        <time>2025-10-05T02:23:29.000Z</time>
      </trkpt>
      <trkpt lat="45.960918285" lon="102.702434304">
        <ele>1819.707</ele>
        <time>2025-10-05T02:38:29.000Z</time>
      </trkpt>
      <trkpt lat="45.914112782" lon="102.699107424">
        <ele>1769.399</ele>
        <time>2025-10-05T02:53:14.000Z</time>
      </trkpt>
      <trkpt lat="45.899123879" lon="102.694037805">
        <ele>1746.154</ele>
        <time>2025-10-05T03:05:59.000Z</time>
      </trkpt>
      <trkpt lat="45.847696527" lon="102.675763574">
        <ele>1696.041</ele>
        <time>2025-10-05T03:20:40.000Z</time>
      </trkpt>
      <trkpt lat="45.799200051" lon="102.658603052">
        <ele>1692.003</ele>
        <time>2025-10-05T03:33:28.000Z</time>
      </trkpt>
      <trkpt lat="45.733519766" lon="102.643458034">
        <ele>1601.852</ele>
        <time>2025-10-05T03:46:56.000Z</time>
      </trkpt>
      <trkpt lat="45.682426399" lon="102.639387871">
        <ele>1568.061</ele>
        <time>2025-10-05T04:02:04.000Z</time>
      </trkpt>
      <trkpt lat="45.636915132" lon="102.631254997">
        <ele>1664</ele>
        <time>2025-10-05T04:16:49.000Z</time>
      </trkpt>
      <trkpt lat="45.590183213" lon="102.602725765">
        <ele>1638.66</ele>
        <time>2025-10-05T04:29:28.000Z</time>
      </trkpt>
      <trkpt lat="45.578514054" lon="102.593025472">
        <ele>1629.179</ele>
        <time>2025-10-05T04:42:24.000Z</time>
      </trkpt>
      <trkpt lat="45.578778167" lon="102.583531039">
        <ele>1630.428</ele>
        <time>2025-10-05T05:41:01.000Z</time>
      </trkpt>
      <trkpt lat="45.526740837" lon="102.544160464">
        <ele>1525.779</ele>
        <time>2025-10-05T05:55:41.000Z</time>
      </trkpt>
      <trkpt lat="45.503809503" lon="102.509028828">
        <ele>1501.856</ele>
        <time>2025-10-05T06:10:08.000Z</time>
      </trkpt>
      <trkpt lat="45.459074757" lon="102.425273288">
        <ele>1474.664</ele>
        <time>2025-10-05T06:40:52.000Z</time>
      </trkpt>
      <trkpt lat="45.416566632" lon="102.40964829">
        <ele>1479.626</ele>
        <time>2025-10-05T06:55:37.000Z</time>
      </trkpt>
      <trkpt lat="45.335505246" lon="102.385776462">
        <ele>1456</ele>
        <time>2025-10-05T07:10:22.000Z</time>
      </trkpt>
      <trkpt lat="45.307864468" lon="102.380417063">
        <ele>1486.468</ele>
        <time>2025-10-05T07:23:34.000Z</time>
      </trkpt>
      <trkpt lat="45.264513652" lon="102.363237971">
        <ele>1456.836</ele>
        <time>2025-10-06T02:14:38.000Z</time>
      </trkpt>
      <trkpt lat="45.19978514" lon="102.335293301">
        <ele>1363.27</ele>
        <time>2025-10-06T02:29:40.000Z</time>
      </trkpt>
      <trkpt lat="45.137000028" lon="102.314929515">
        <ele>1299.797</ele>
        <time>2025-10-06T02:44:38.000Z</time>
      </trkpt>
      <trkpt lat="45.084840947" lon="102.296381807">
        <ele>1260.015</ele>
        <time>2025-10-06T02:59:40.000Z</time>
      </trkpt>
      <trkpt lat="45.019850945" lon="102.259687157">
        <ele>1306.478</ele>
        <time>2025-10-06T03:15:14.000Z</time>
      </trkpt>
      <trkpt lat="44.970859643" lon="102.253245749">
        <ele>1339.285</ele>
        <time>2025-10-06T03:30:14.000Z</time>
      </trkpt>
      <trkpt lat="44.945085557" lon="102.214623325">
        <ele>1353.356</ele>
        <time>2025-10-06T03:45:14.000Z</time>
      </trkpt>
      <trkpt lat="44.885896258" lon="102.172264952">
        <ele>1445.654</ele>
        <time>2025-10-06T04:00:16.000Z</time>
      </trkpt>
      <trkpt lat="44.831451013" lon="102.154869479">
        <ele>1495.412</ele>
        <time>2025-10-06T04:25:24.000Z</time>
      </trkpt>
      <trkpt lat="44.78665831" lon="102.142528519">
        <ele>1507</ele>
        <time>2025-10-06T04:40:38.000Z</time>
      </trkpt>
      <trkpt lat="44.746603881" lon="102.157979054">
        <ele>1520.062</ele>
        <time>2025-10-06T04:55:39.000Z</time>
      </trkpt>
      <trkpt lat="44.678020412" lon="102.173313156">
        <ele>1518.747</ele>
        <time>2025-10-06T05:10:39.000Z</time>
      </trkpt>
      <trkpt lat="44.671692973" lon="102.173124731">
        <ele>1525.68</ele>
        <time>2025-10-06T05:25:17.000Z</time>
      </trkpt>
      <trkpt lat="44.667499858" lon="102.15821659">
        <ele>1555.581</ele>
        <time>2025-10-06T05:56:33.000Z</time>
      </trkpt>
      <trkpt lat="44.657871919" lon="102.117187868">
        <ele>1622.124</ele>
        <time>2025-10-06T06:04:32.000Z</time>
      </trkpt>
      <trkpt lat="44.65664661" lon="102.047297694">
        <ele>1593.072</ele>
        <time>2025-10-06T06:20:05.000Z</time>
      </trkpt>
      <trkpt lat="44.678541566" lon="101.963738501">
        <ele>1639.771</ele>
        <time>2025-10-06T06:35:29.000Z</time>
      </trkpt>
      <trkpt lat="44.692996342" lon="101.882374714">
        <ele>1710.568</ele>
        <time>2025-10-06T06:50:30.000Z</time>
      </trkpt>
      <trkpt lat="44.698572814" lon="101.849730083">
        <ele>1740.996</ele>
        <time>2025-10-06T06:56:19.000Z</time>
      </trkpt>
      <trkpt lat="44.693443157" lon="101.806021167">
        <ele>1791.872</ele>
        <time>2025-10-06T07:11:41.000Z</time>
      </trkpt>
      <trkpt lat="44.668627197" lon="101.775775296">
        <ele>1823.464</ele>
        <time>2025-10-07T01:46:50.000Z</time>
      </trkpt>
      <trkpt lat="44.613471817" lon="101.736768271">
        <ele>1648.682</ele>
        <time>2025-10-07T01:59:52.000Z</time>
      </trkpt>
      <trkpt lat="44.568467522" lon="101.685001245">
        <ele>1526.004</ele>
        <time>2025-10-07T02:13:15.000Z</time>
      </trkpt>
      <trkpt lat="44.517332926" lon="101.607489847">
        <ele>1396.377</ele>
        <time>2025-10-07T02:28:23.000Z</time>
      </trkpt>
      <trkpt lat="44.484176422" lon="101.589620216">
        <ele>1339.633</ele>
        <time>2025-10-07T02:43:08.000Z</time>
      </trkpt>
      <trkpt lat="44.430911803" lon="101.567453666">
        <ele>1251.833</ele>
        <time>2025-10-07T02:57:54.000Z</time>
      </trkpt>
      <trkpt lat="44.358439366" lon="101.537582008">
        <ele>1177.113</ele>
        <time>2025-10-07T03:12:38.000Z</time>
      </trkpt>
      <trkpt lat="44.295492531" lon="101.518033901">
        <ele>1091.695</ele>
        <time>2025-10-07T03:25:29.000Z</time>
      </trkpt>
      <trkpt lat="44.236997324" lon="101.530689821">
        <ele>1043.287</ele>
        <time>2025-10-07T03:40:37.000Z</time>
      </trkpt>
      <trkpt lat="44.177385899" lon="101.502524782">
        <ele>1038.268</ele>
        <time>2025-10-07T03:55:22.000Z</time>
      </trkpt>
      <trkpt lat="44.129106891" lon="101.519712126">
        <ele>1025.48</ele>
        <time>2025-10-07T04:08:42.000Z</time>
      </trkpt>
      <trkpt lat="44.071965278" lon="101.511990046">
        <ele>984.71</ele>
        <time>2025-10-07T04:24:38.000Z</time>
      </trkpt>
      <trkpt lat="44.033462488" lon="101.506670556">
        <ele>954</ele>
        <time>2025-10-07T04:38:09.000Z</time>
      </trkpt>
      <trkpt lat="43.993883031" lon="101.488708304">
        <ele>953.021</ele>
        <time>2025-10-07T04:51:25.000Z</time>
      </trkpt>
      <trkpt lat="43.975731768" lon="101.483485373">
        <ele>961.287</ele>
        <time>2025-10-07T05:06:34.000Z</time>
      </trkpt>
      <trkpt lat="43.944744837" lon="101.454932051">
        <ele>987.632</ele>
        <time>2025-10-07T06:15:13.000Z</time>
      </trkpt>
      <trkpt lat="43.911281578" lon="101.432266161">
        <ele>1010.325</ele>
        <time>2025-10-07T06:30:21.000Z</time>
      </trkpt>
      <trkpt lat="43.864962445" lon="101.397918714">
        <ele>1079.931</ele>
        <time>2025-10-07T06:45:06.000Z</time>
      </trkpt>
      <trkpt lat="43.792461916" lon="101.368523631">
        <ele>1211.685</ele>
        <time>2025-10-07T06:59:50.000Z</time>
      </trkpt>
      <trkpt lat="43.727561845" lon="101.35756094">
        <ele>1348</ele>
        <time>2025-10-07T07:13:47.000Z</time>
      </trkpt>
      <trkpt lat="43.679276606" lon="101.35377271">
        <ele>1478</ele>
        <time>2025-10-07T07:28:32.000Z</time>
      </trkpt>
      <trkpt lat="43.66275561" lon="101.330498625">
        <ele>1551.189</ele>
        <time>2025-10-07T07:42:08.000Z</time>
      </trkpt>
      <trkpt lat="43.650309784" lon="101.328180163">
        <ele>1582.221</ele>
        <time>2025-10-08T01:36:58.000Z</time>
      </trkpt>
      <trkpt lat="43.617915195" lon="101.284718094">
        <ele>1598.992</ele>
        <time>2025-10-08T02:00:19.000Z</time>
      </trkpt>
      <trkpt lat="43.573995824" lon="101.2764729">
        <ele>1495.385</ele>
        <time>2025-10-08T02:12:58.000Z</time>
      </trkpt>
      <trkpt lat="43.535051306" lon="101.263227287">
        <ele>1432.071</ele>
        <time>2025-10-08T02:26:39.000Z</time>
      </trkpt>
      <trkpt lat="43.495834409" lon="101.257339865">
        <ele>1354.002</ele>
        <time>2025-10-08T02:39:28.000Z</time>
      </trkpt>
      <trkpt lat="43.447751598" lon="101.257964219">
        <ele>1332.423</ele>
        <time>2025-10-08T02:54:52.000Z</time>
      </trkpt>
      <trkpt lat="43.413693477" lon="101.234807465">
        <ele>1362.206</ele>
        <time>2025-10-08T03:07:28.000Z</time>
      </trkpt>
      <trkpt lat="43.363377247" lon="101.200279221">
        <ele>1420.679</ele>
        <time>2025-10-08T03:20:41.000Z</time>
      </trkpt>
      <trkpt lat="43.34053807" lon="101.176090809">
        <ele>1457</ele>
        <time>2025-10-08T03:34:29.000Z</time>
      </trkpt>
      <trkpt lat="43.300275095" lon="101.12165831">
        <ele>1552.99</ele>
        <time>2025-10-08T03:47:27.000Z</time>
      </trkpt>
      <trkpt lat="43.232160873" lon="101.053158395">
        <ele>1722.438</ele>
        <time>2025-10-08T03:57:47.000Z</time>
      </trkpt>
      <trkpt lat="43.228247552" lon="101.048968617">
        <ele>1726.603</ele>
        <time>2025-10-08T04:03:09.000Z</time>
      </trkpt>
      <trkpt lat="43.226318603" lon="101.043113507">
        <ele>1732</ele>
        <time>2025-10-08T04:25:08.000Z</time>
      </trkpt>
      <trkpt lat="43.226914011" lon="101.05165194">
        <ele>1728.219</ele>
        <time>2025-10-08T05:30:39.000Z</time>
      </trkpt>
      <trkpt lat="43.276427124" lon="101.090541839">
        <ele>1614.725</ele>
        <time>2025-10-08T05:48:00.000Z</time>
      </trkpt>
      <trkpt lat="43.314225096" lon="101.077071531">
        <ele>1589.963</ele>
        <time>2025-10-08T06:02:44.000Z</time>
      </trkpt>
      <trkpt lat="43.363897278" lon="101.001177487">
        <ele>1595</ele>
        <time>2025-10-08T06:17:14.000Z</time>
      </trkpt>
      <trkpt lat="43.406161613" lon="100.910213049">
        <ele>1588.818</ele>
        <time>2025-10-08T06:32:20.000Z</time>
      </trkpt>
      <trkpt lat="43.430680358" lon="100.80164368">
        <ele>1608.286</ele>
        <time>2025-10-08T06:47:05.000Z</time>
      </trkpt>
      <trkpt lat="43.453698037" lon="100.679172864">
        <ele>1630.32</ele>
        <time>2025-10-08T07:00:04.000Z</time>
      </trkpt>
      <trkpt lat="43.445449239" lon="100.528915599">
        <ele>1594.442</ele>
        <time>2025-10-08T07:15:12.000Z</time>
      </trkpt>
      <trkpt lat="43.48273492" lon="100.44184003">
        <ele>1486.002</ele>
        <time>2025-10-08T07:29:16.000Z</time>
      </trkpt>
      <trkpt lat="43.523424448" lon="100.327064332">
        <ele>1315.432</ele>
        <time>2025-10-08T07:44:03.000Z</time>
      </trkpt>
      <trkpt lat="43.538139048" lon="100.205788454">
        <ele>1219.147</ele>
        <time>2025-10-08T07:57:32.000Z</time>
      </trkpt>
      <trkpt lat="43.550716649" lon="100.180932829">
        <ele>1185.85</ele>
        <time>2025-10-08T08:10:23.000Z</time>
      </trkpt>
      <trkpt lat="43.555623069" lon="100.128238332">
        <ele>1156.243</ele>
        <time>2025-10-08T08:24:16.000Z</time>
      </trkpt>
      <trkpt lat="43.548816832" lon="100.121366997">
        <ele>1168.603</ele>
        <time>2025-10-09T02:00:56.000Z</time>
      </trkpt>
      <trkpt lat="43.535732771" lon="100.088748001">
        <ele>1177.038</ele>
        <time>2025-10-09T02:14:25.000Z</time>
      </trkpt>
      <trkpt lat="43.50499277" lon="100.058191521">
        <ele>1258.013</ele>
        <time>2025-10-09T02:29:10.000Z</time>
      </trkpt>
      <trkpt lat="43.493949982" lon="100.014784421">
        <ele>1226</ele>
        <time>2025-10-09T02:44:08.000Z</time>
      </trkpt>
      <trkpt lat="43.488460304" lon="99.969203621">
        <ele>1171.263</ele>
        <time>2025-10-09T02:58:52.000Z</time>
      </trkpt>
      <trkpt lat="43.491110578" lon="99.92859791">
        <ele>1122.954</ele>
        <time>2025-10-09T03:13:01.000Z</time>
      </trkpt>
      <trkpt lat="43.495241725" lon="99.893477485">
        <ele>1080.548</ele>
        <time>2025-10-09T03:27:46.000Z</time>
      </trkpt>
      <trkpt lat="43.496945263" lon="99.862981355">
        <ele>1037.727</ele>
        <time>2025-10-09T03:42:31.000Z</time>
      </trkpt>
      <trkpt lat="43.499697245" lon="99.817551572">
        <ele>1002.827</ele>
        <time>2025-10-09T03:57:17.000Z</time>
      </trkpt>
      <trkpt lat="43.497839069" lon="99.815586428">
        <ele>997.356</ele>
        <time>2025-10-09T05:44:15.000Z</time>
      </trkpt>
      <trkpt lat="43.48480877" lon="99.8195781">
        <ele>976</ele>
        <time>2025-10-10T02:15:06.000Z</time>
      </trkpt>
      <trkpt lat="43.475051019" lon="99.832712878">
        <ele>1000.116</ele>
        <time>2025-10-10T02:29:12.000Z</time>
      </trkpt>
      <trkpt lat="43.474365422" lon="99.830987379">
        <ele>998.592</ele>
        <time>2025-10-10T07:51:31.000Z</time>
      </trkpt>
      <trkpt lat="43.486852359" lon="99.815927523">
        <ele>973.227</ele>
        <time>2025-10-13T00:26:36.000Z</time>
      </trkpt>
      <trkpt lat="43.498920352" lon="99.809991647">
        <ele>952.31</ele>
        <time>2025-10-13T00:39:44.000Z</time>
      </trkpt>
      <trkpt lat="43.502167431" lon="99.838482686">
        <ele>993</ele>
        <time>2025-10-13T00:53:14.000Z</time>
      </trkpt>
      <trkpt lat="43.496459154" lon="99.882614334">
        <ele>1057.851</ele>
        <time>2025-10-13T01:06:11.000Z</time>
      </trkpt>
      <trkpt lat="43.490182157" lon="99.925436173">
        <ele>1123.344</ele>
        <time>2025-10-13T01:21:17.000Z</time>
      </trkpt>
      <trkpt lat="43.489955517" lon="99.972688469">
        <ele>1184.628</ele>
        <time>2025-10-13T01:36:04.000Z</time>
      </trkpt>
      <trkpt lat="43.496254993" lon="100.029054713">
        <ele>1238</ele>
        <time>2025-10-13T01:50:49.000Z</time>
      </trkpt>
      <trkpt lat="43.516751799" lon="100.075212427">
        <ele>1247.694</ele>
        <time>2025-10-13T02:03:49.000Z</time>
      </trkpt>
      <trkpt lat="43.548827064" lon="100.121074235">
        <ele>1166.867</ele>
        <time>2025-10-13T02:18:55.000Z</time>
      </trkpt>
      <trkpt lat="43.552941676" lon="100.124251457">
        <ele>1158.715</ele>
        <time>2025-10-13T02:33:20.000Z</time>
      </trkpt>
      <trkpt lat="43.569911281" lon="100.14315946">
        <ele>1138.494</ele>
        <time>2025-10-13T03:53:01.000Z</time>
      </trkpt>
      <trkpt lat="43.53891058" lon="100.202788169">
        <ele>1219.85</ele>
        <time>2025-10-13T04:08:50.000Z</time>
      </trkpt>
      <trkpt lat="43.527877713" lon="100.293466766">
        <ele>1277.187</ele>
        <time>2025-10-13T04:22:33.000Z</time>
      </trkpt>
      <trkpt lat="43.48801204" lon="100.425066501">
        <ele>1457.046</ele>
        <time>2025-10-13T04:36:20.000Z</time>
      </trkpt>
      <trkpt lat="43.44542007" lon="100.527647417">
        <ele>1588.771</ele>
        <time>2025-10-13T04:50:17.000Z</time>
      </trkpt>
      <trkpt lat="43.452285104" lon="100.648319907">
        <ele>1633.736</ele>
        <time>2025-10-13T05:03:11.000Z</time>
      </trkpt>
      <trkpt lat="43.43355821" lon="100.779969273">
        <ele>1609</ele>
        <time>2025-10-13T05:17:32.000Z</time>
      </trkpt>
      <trkpt lat="43.414035123" lon="100.891877739">
        <ele>1585.233</ele>
        <time>2025-10-13T05:30:22.000Z</time>
      </trkpt>
      <trkpt lat="43.373271581" lon="100.980556598">
        <ele>1584.221</ele>
        <time>2025-10-13T05:45:29.000Z</time>
      </trkpt>
      <trkpt lat="43.33763307" lon="101.04840165">
        <ele>1597.275</ele>
        <time>2025-10-13T05:59:01.000Z</time>
      </trkpt>
      <trkpt lat="43.277463134" lon="101.090641781">
        <ele>1611.443</ele>
        <time>2025-10-13T06:12:27.000Z</time>
      </trkpt>
      <trkpt lat="43.232171838" lon="101.052933158">
        <ele>1721.819</ele>
        <time>2025-10-13T06:26:06.000Z</time>
      </trkpt>
      <trkpt lat="43.225806902" lon="101.045225243">
        <ele>1734.018</ele>
        <time>2025-10-13T06:40:47.000Z</time>
      </trkpt>
      <trkpt lat="43.230096755" lon="101.052283888">
        <ele>1722.299</ele>
        <time>2025-10-13T07:39:30.000Z</time>
      </trkpt>
      <trkpt lat="43.258874478" lon="101.073797164">
        <ele>1657</ele>
        <time>2025-10-13T07:51:46.000Z</time>
      </trkpt>
      <trkpt lat="43.346348068" lon="101.233698714">
        <ele>1417.946</ele>
        <time>2025-10-13T08:22:23.000Z</time>
      </trkpt>
      <trkpt lat="43.376547731" lon="101.361597497">
        <ele>1345.678</ele>
        <time>2025-10-13T08:36:27.000Z</time>
      </trkpt>
      <trkpt lat="43.380572135" lon="101.395021845">
        <ele>1354.055</ele>
        <time>2025-10-13T08:49:11.000Z</time>
      </trkpt>
      <trkpt lat="43.426294287" lon="101.536024372">
        <ele>1376.688</ele>
        <time>2025-10-13T09:17:43.000Z</time>
      </trkpt>
      <trkpt lat="43.419164512" lon="101.534344582">
        <ele>1367</ele>
        <time>2025-10-14T01:55:24.000Z</time>
      </trkpt>
      <trkpt lat="43.435134319" lon="101.626472027">
        <ele>1388.628</ele>
        <time>2025-10-14T02:09:24.000Z</time>
      </trkpt>
      <trkpt lat="43.446764435" lon="101.728467931">
        <ele>1458</ele>
        <time>2025-10-14T02:22:59.000Z</time>
      </trkpt>
      <trkpt lat="43.445913638" lon="101.770419879">
        <ele>1460.437</ele>
        <time>2025-10-14T02:37:12.000Z</time>
      </trkpt>
      <trkpt lat="43.443959355" lon="101.790044932">
        <ele>1452.387</ele>
        <time>2025-10-14T02:44:47.000Z</time>
      </trkpt>
      <trkpt lat="43.439057828" lon="101.808810756">
        <ele>1448</ele>
        <time>2025-10-14T03:25:44.000Z</time>
      </trkpt>
      <trkpt lat="43.430532721" lon="101.853070285">
        <ele>1442</ele>
        <time>2025-10-14T03:39:30.000Z</time>
      </trkpt>
      <trkpt lat="43.419974833" lon="101.893738629">
        <ele>1436.042</ele>
        <time>2025-10-14T03:52:00.000Z</time>
      </trkpt>
      <trkpt lat="43.418987948" lon="101.940778038">
        <ele>1450.357</ele>
        <time>2025-10-14T04:05:00.000Z</time>
      </trkpt>
      <trkpt lat="43.413998368" lon="101.987774195">
        <ele>1454.995</ele>
        <time>2025-10-14T04:17:43.000Z</time>
      </trkpt>
      <trkpt lat="43.408885156" lon="102.041067006">
        <ele>1453.987</ele>
        <time>2025-10-14T04:31:10.000Z</time>
      </trkpt>
      <trkpt lat="43.414401789" lon="102.083923929">
        <ele>1461.26</ele>
        <time>2025-10-14T04:46:19.000Z</time>
      </trkpt>
      <trkpt lat="43.421841941" lon="102.145353421">
        <ele>1464.631</ele>
        <time>2025-10-14T04:58:27.000Z</time>
      </trkpt>
      <trkpt lat="43.424665765" lon="102.167073079">
        <ele>1460</ele>
        <time>2025-10-14T05:27:41.000Z</time>
      </trkpt>
      <trkpt lat="43.423840799" lon="102.166999467">
        <ele>1458</ele>
        <time>2025-10-14T05:41:45.000Z</time>
      </trkpt>
      <trkpt lat="43.438019925" lon="102.258846884">
        <ele>1455.48</ele>
        <time>2025-10-14T06:55:54.000Z</time>
      </trkpt>
      <trkpt lat="43.4066901" lon="102.467703308">
        <ele>1458.464</ele>
        <time>2025-10-14T07:09:09.000Z</time>
      </trkpt>
      <trkpt lat="43.349458049" lon="102.674685242">
        <ele>1442.049</ele>
        <time>2025-10-14T07:22:08.000Z</time>
      </trkpt>
      <trkpt lat="43.284076271" lon="102.88489365">
        <ele>1410.091</ele>
        <time>2025-10-14T07:35:40.000Z</time>
      </trkpt>
      <trkpt lat="43.208408179" lon="103.082551751">
        <ele>1415.489</ele>
        <time>2025-10-14T07:49:20.000Z</time>
      </trkpt>
      <trkpt lat="43.269362971" lon="103.268895457">
        <ele>1487.057</ele>
        <time>2025-10-14T08:04:27.000Z</time>
      </trkpt>
      <trkpt lat="43.364153876" lon="103.314923366">
        <ele>1593.531</ele>
        <time>2025-10-14T08:16:36.000Z</time>
      </trkpt>
      <trkpt lat="43.368265987" lon="103.267319837">
        <ele>1636.157</ele>
        <time>2025-10-14T08:31:45.000Z</time>
      </trkpt>
      <trkpt lat="43.367429892" lon="103.237940826">
        <ele>1676.587</ele>
        <time>2025-10-14T08:47:46.000Z</time>
      </trkpt>
      <trkpt lat="43.364038202" lon="103.31507924">
        <ele>1591.946</ele>
        <time>2025-10-15T02:18:02.000Z</time>
      </trkpt>
      <trkpt lat="43.419866371" lon="103.392601367">
        <ele>1540.379</ele>
        <time>2025-10-15T02:28:50.000Z</time>
      </trkpt>
      <trkpt lat="43.476076252" lon="103.545742929">
        <ele>1587.634</ele>
        <time>2025-10-15T02:46:24.000Z</time>
      </trkpt>
      <trkpt lat="43.527492564" lon="103.771426426">
        <ele>1988</ele>
        <time>2025-10-15T03:01:11.000Z</time>
      </trkpt>
      <trkpt lat="43.570512509" lon="103.90615118">
        <ele>2223.155</ele>
        <time>2025-10-15T03:12:52.000Z</time>
      </trkpt>
      <trkpt lat="43.583158472" lon="104.112815739">
        <ele>1833.407</ele>
        <time>2025-10-15T03:26:53.000Z</time>
      </trkpt>
      <trkpt lat="43.618944599" lon="104.251463288">
        <ele>1512</ele>
        <time>2025-10-15T03:35:51.000Z</time>
      </trkpt>
      <trkpt lat="43.611515556" lon="104.297306644">
        <ele>1489</ele>
        <time>2025-10-15T03:42:07.000Z</time>
      </trkpt>
      <trkpt lat="43.574697905" lon="104.383550207">
        <ele>1489.8</ele>
        <time>2025-10-15T03:56:58.000Z</time>
      </trkpt>
      <trkpt lat="43.572970466" lon="104.415821023">
        <ele>1475.306</ele>
        <time>2025-10-15T04:07:59.000Z</time>
      </trkpt>
      <trkpt lat="43.567908466" lon="104.419430577">
        <ele>1475.05</ele>
        <time>2025-10-15T06:57:50.000Z</time>
      </trkpt>
      <trkpt lat="43.568615013" lon="104.3937968">
        <ele>1491.972</ele>
        <time>2025-10-15T07:59:07.000Z</time>
      </trkpt>
      <trkpt lat="43.584653334" lon="104.356112917">
        <ele>1487.994</ele>
        <time>2025-10-15T08:13:53.000Z</time>
      </trkpt>
      <trkpt lat="43.570156372" lon="104.068872242">
        <ele>1980.497</ele>
        <time>2025-10-15T08:35:46.000Z</time>
      </trkpt>
      <trkpt lat="43.574893107" lon="104.076521332">
        <ele>1950.523</ele>
        <time>2025-10-15T08:59:50.000Z</time>
      </trkpt>
      <trkpt lat="43.577472472" lon="104.10128415">
        <ele>1886.514</ele>
        <time>2025-10-17T01:51:24.000Z</time>
      </trkpt>
      <trkpt lat="43.599874908" lon="104.145461312">
        <ele>1709.45</ele>
        <time>2025-10-17T02:05:16.000Z</time>
      </trkpt>
      <trkpt lat="43.610901119" lon="104.204591618">
        <ele>1580.756</ele>
        <time>2025-10-17T02:33:48.000Z</time>
      </trkpt>
      <trkpt lat="43.616827279" lon="104.28317339">
        <ele>1491.422</ele>
        <time>2025-10-17T02:42:57.000Z</time>
      </trkpt>
      <trkpt lat="43.577722879" lon="104.373576882">
        <ele>1491.024</ele>
        <time>2025-10-17T02:57:43.000Z</time>
      </trkpt>
      <trkpt lat="43.574995659" lon="104.382450823">
        <ele>1488.016</ele>
        <time>2025-10-17T03:22:22.000Z</time>
      </trkpt>
      <trkpt lat="43.582002511" lon="104.404788762">
        <ele>1468.841</ele>
        <time>2025-10-17T03:27:28.000Z</time>
      </trkpt>
      <trkpt lat="43.586168988" lon="104.424307449">
        <ele>1452.702</ele>
        <time>2025-10-17T03:37:19.000Z</time>
      </trkpt>
      <trkpt lat="43.588813772" lon="104.432335971">
        <ele>1451.32</ele>
        <time>2025-10-17T03:46:10.000Z</time>
      </trkpt>
      <trkpt lat="43.567684389" lon="104.430648913">
        <ele>1472</ele>
        <time>2025-10-17T05:06:39.000Z</time>
      </trkpt>
      <trkpt lat="43.574104427" lon="104.426822178">
        <ele>1469.883</ele>
        <time>2025-10-17T05:22:12.000Z</time>
      </trkpt>
      <trkpt lat="43.572706262" lon="104.416058193">
        <ele>1476</ele>
        <time>2025-10-17T05:32:58.000Z</time>
      </trkpt>
      <trkpt lat="43.588491892" lon="104.433229426">
        <ele>1448.643</ele>
        <time>2025-10-17T05:43:18.000Z</time>
      </trkpt>
      <trkpt lat="43.589043559" lon="104.432118113">
        <ele>1451.834</ele>
        <time>2025-10-17T05:43:21.000Z</time>
      </trkpt>
      <trkpt lat="43.588483184" lon="104.432311693">
        <ele>1449.905</ele>
        <time>2025-10-17T11:34:14.000Z</time>
      </trkpt>
      <trkpt lat="43.577657569" lon="104.44234806">
        <ele>1452.567</ele>
        <time>2025-10-20T03:03:01.000Z</time>
      </trkpt>
      <trkpt lat="43.610159042" lon="104.504263848">
        <ele>1406.15</ele>
        <time>2025-10-20T03:15:31.000Z</time>
      </trkpt>
      <trkpt lat="43.682346094" lon="104.638158835">
        <ele>1437.348</ele>
        <time>2025-10-20T03:25:21.000Z</time>
      </trkpt>
      <trkpt lat="43.806599773" lon="104.830902638">
        <ele>1534.129</ele>
        <time>2025-10-20T03:41:08.000Z</time>
      </trkpt>
      <trkpt lat="43.855979876" lon="104.888313463">
        <ele>1578.476</ele>
        <time>2025-10-20T03:46:29.000Z</time>
      </trkpt>
      <trkpt lat="44.015981541" lon="105.008052439">
        <ele>1517.994</ele>
        <time>2025-10-20T04:01:38.000Z</time>
      </trkpt>
      <trkpt lat="44.143412852" lon="105.063018496">
        <ele>1325.038</ele>
        <time>2025-10-20T04:15:23.000Z</time>
      </trkpt>
      <trkpt lat="44.274455628" lon="105.150873847">
        <ele>1255.034</ele>
        <time>2025-10-20T04:28:26.000Z</time>
      </trkpt>
      <trkpt lat="44.394248124" lon="105.297472319">
        <ele>1247.393</ele>
        <time>2025-10-20T04:41:47.000Z</time>
      </trkpt>
      <trkpt lat="44.577358479" lon="105.362911091">
        <ele>1262.746</ele>
        <time>2025-10-20T05:00:09.000Z</time>
      </trkpt>
      <trkpt lat="44.714425039" lon="105.394823123">
        <ele>1250.312</ele>
        <time>2025-10-20T05:13:55.000Z</time>
      </trkpt>
      <trkpt lat="44.814939145" lon="105.480211582">
        <ele>1214.186</ele>
        <time>2025-10-20T05:27:25.000Z</time>
      </trkpt>
      <trkpt lat="44.96381172" lon="105.560657652">
        <ele>1217.556</ele>
        <time>2025-10-20T05:55:39.000Z</time>
      </trkpt>
      <trkpt lat="45.05221234" lon="105.575202666">
        <ele>1246.306</ele>
        <time>2025-10-20T06:31:40.000Z</time>
      </trkpt>
      <trkpt lat="45.094920616" lon="105.572198078">
        <ele>1278.714</ele>
        <time>2025-10-20T06:46:40.000Z</time>
      </trkpt>
      <trkpt lat="45.158113541" lon="105.566861183">
        <ele>1310.334</ele>
        <time>2025-10-20T07:01:40.000Z</time>
      </trkpt>
      <trkpt lat="45.189131358" lon="105.56365936">
        <ele>1325.919</ele>
        <time>2025-10-20T07:06:41.000Z</time>
      </trkpt>
      <trkpt lat="45.222212963" lon="105.569131949">
        <ele>1320.129</ele>
        <time>2025-10-20T07:12:00.000Z</time>
      </trkpt>
      <trkpt lat="45.272522217" lon="105.608253946">
        <ele>1368</ele>
        <time>2025-10-20T07:23:07.000Z</time>
      </trkpt>
      <trkpt lat="45.342324888" lon="105.652974006">
        <ele>1334.891</ele>
        <time>2025-10-20T07:38:14.000Z</time>
      </trkpt>
      <trkpt lat="45.365961392" lon="105.685563957">
        <ele>1352.034</ele>
        <time>2025-10-20T07:47:04.000Z</time>
      </trkpt>
      <trkpt lat="45.425001574" lon="105.730096992">
        <ele>1445.641</ele>
        <time>2025-10-20T07:53:53.000Z</time>
      </trkpt>
      <trkpt lat="45.535334763" lon="105.826803949">
        <ele>1430.812</ele>
        <time>2025-10-20T08:06:36.000Z</time>
      </trkpt>
      <trkpt lat="45.655468301" lon="105.956201727">
        <ele>1474.822</ele>
        <time>2025-10-20T08:20:07.000Z</time>
      </trkpt>
      <trkpt lat="45.761763131" lon="106.279535103">
        <ele>1416.347</ele>
        <time>2025-10-20T08:48:45.000Z</time>
      </trkpt>
      <trkpt lat="45.783153271" lon="106.286871581">
        <ele>1456.055</ele>
        <time>2025-10-20T08:54:52.000Z</time>
      </trkpt>
      <trkpt lat="45.784735108" lon="106.293865967">
        <ele>1454.836</ele>
        <time>2025-10-20T12:12:41.000Z</time>
      </trkpt>
      <trkpt lat="45.782939534" lon="106.287833405">
        <ele>1453.081</ele>
        <time>2025-10-20T13:19:47.000Z</time>
      </trkpt>
      <trkpt lat="45.779666354" lon="106.283313145">
        <ele>1447.799</ele>
        <time>2025-10-21T03:49:02.000Z</time>
      </trkpt>
      <trkpt lat="45.789789653" lon="106.293423724">
        <ele>1459.939</ele>
        <time>2025-10-21T04:03:02.000Z</time>
      </trkpt>
      <trkpt lat="45.854959963" lon="106.334520356">
        <ele>1416</ele>
        <time>2025-10-21T04:17:37.000Z</time>
      </trkpt>
      <trkpt lat="45.985444556" lon="106.342756022">
        <ele>1474.6</ele>
        <time>2025-10-21T04:31:35.000Z</time>
      </trkpt>
      <trkpt lat="46.124593662" lon="106.381984886">
        <ele>1399.537</ele>
        <time>2025-10-21T04:45:45.000Z</time>
      </trkpt>
      <trkpt lat="46.256611579" lon="106.436112921">
        <ele>1337</ele>
        <time>2025-10-21T04:59:17.000Z</time>
      </trkpt>
      <trkpt lat="46.318793351" lon="106.452109505">
        <ele>1361.688</ele>
        <time>2025-10-21T05:12:04.000Z</time>
      </trkpt>
      <trkpt lat="46.375703728" lon="106.471552432">
        <ele>1351.314</ele>
        <time>2025-10-21T05:26:00.000Z</time>
      </trkpt>
      <trkpt lat="46.400420633" lon="106.486375302">
        <ele>1337.486</ele>
        <time>2025-10-21T05:32:23.000Z</time>
      </trkpt>
      <trkpt lat="46.458847187" lon="106.513082098">
        <ele>1293.15</ele>
        <time>2025-10-21T05:38:36.000Z</time>
      </trkpt>
      <trkpt lat="46.525330532" lon="106.521106277">
        <ele>1344.169</ele>
        <time>2025-10-21T05:44:44.000Z</time>
      </trkpt>
      <trkpt lat="46.595342613" lon="106.54727946">
        <ele>1334.718</ele>
        <time>2025-10-21T05:51:23.000Z</time>
      </trkpt>
      <trkpt lat="46.736067245" lon="106.586313592">
        <ele>1489.729</ele>
        <time>2025-10-21T06:04:10.000Z</time>
      </trkpt>
      <trkpt lat="46.890563091" lon="106.628448804">
        <ele>1387.639</ele>
        <time>2025-10-21T06:18:16.000Z</time>
      </trkpt>
      <trkpt lat="47.040213444" lon="106.590282759">
        <ele>1421.759</ele>
        <time>2025-10-21T06:33:27.000Z</time>
      </trkpt>
      <trkpt lat="47.166436021" lon="106.624502884">
        <ele>1481.041</ele>
        <time>2025-10-21T06:47:54.000Z</time>
      </trkpt>
      <trkpt lat="47.310290351" lon="106.670935275">
        <ele>1586.707</ele>
        <time>2025-10-21T07:00:36.000Z</time>
      </trkpt>
      <trkpt lat="47.466693227" lon="106.792043382">
        <ele>1493.609</ele>
        <time>2025-10-21T07:15:45.000Z</time>
      </trkpt>
      <trkpt lat="47.618539408" lon="106.891447306">
        <ele>1379.468</ele>
        <time>2025-10-21T07:29:16.000Z</time>
      </trkpt>
      <trkpt lat="47.725891747" lon="106.905767828">
        <ele>1554.185</ele>
        <time>2025-10-21T07:40:27.000Z</time>
      </trkpt>
      <trkpt lat="47.777243955" lon="106.741821449">
        <ele>1358.122</ele>
        <time>2025-10-21T07:56:27.000Z</time>
      </trkpt>
      <trkpt lat="47.827771065" lon="106.77991311">
        <ele>1338.736</ele>
        <time>2025-10-21T08:07:00.000Z</time>
      </trkpt>
      <trkpt lat="47.855188801" lon="106.787735403">
        <ele>1308.266</ele>
        <time>2025-10-21T08:11:59.000Z</time>
      </trkpt>
      <trkpt lat="47.868269279" lon="106.821572572">
        <ele>1304.044</ele>
        <time>2025-10-21T08:17:02.000Z</time>
      </trkpt>
      <trkpt lat="47.871982024" lon="106.834294355">
        <ele>1300.127</ele>
        <time>2025-10-21T08:22:07.000Z</time>
      </trkpt>
      <trkpt lat="47.875860985" lon="106.847931231">
        <ele>1293.497</ele>
        <time>2025-10-21T08:27:12.000Z</time>
      </trkpt>
      <trkpt lat="47.882880305" lon="106.861185585">
        <ele>1303.155</ele>
        <time>2025-10-21T08:32:27.000Z</time>
      </trkpt>
      <trkpt lat="47.891945103" lon="106.872844845">
        <ele>1284.481</ele>
        <time>2025-10-21T08:38:41.000Z</time>
      </trkpt>
      <trkpt lat="47.895260816" lon="106.883045286">
        <ele>1286.037</ele>
        <time>2025-10-21T08:45:57.000Z</time>
      </trkpt>
      <trkpt lat="47.895133453" lon="106.884059024">
        <ele>1284.388</ele>
        <time>2025-10-22T09:45:34.000Z</time>
      </trkpt>
      <trkpt lat="47.897678709" lon="106.889482956">
        <ele>1288.96</ele>
        <time>2025-10-25T01:53:39.000Z</time>
      </trkpt>
      <trkpt lat="47.898758124" lon="106.909033293">
        <ele>1289</ele>
        <time>2025-10-25T01:58:46.000Z</time>
      </trkpt>
      <trkpt lat="47.883365103" lon="106.979760694">
        <ele>1303.763</ele>
        <time>2025-10-25T02:11:41.000Z</time>
      </trkpt>
      <trkpt lat="47.88727821" lon="107.076100635">
        <ele>1328.798</ele>
        <time>2025-10-25T02:21:36.000Z</time>
      </trkpt>
      <trkpt lat="47.861288167" lon="107.123939004">
        <ele>1373.39</ele>
        <time>2025-10-25T02:27:05.000Z</time>
      </trkpt>
      <trkpt lat="47.809536452" lon="107.192770857">
        <ele>1479.306</ele>
        <time>2025-10-25T02:35:12.000Z</time>
      </trkpt>
      <trkpt lat="47.694390584" lon="107.223729558">
        <ele>1526.806</ele>
        <time>2025-10-25T02:49:17.000Z</time>
      </trkpt>
      <trkpt lat="47.672081034" lon="107.238807773">
        <ele>1540.932</ele>
        <time>2025-10-25T02:54:24.000Z</time>
      </trkpt>
      <trkpt lat="47.535678051" lon="107.373719802">
        <ele>1613.614</ele>
        <time>2025-10-25T03:14:08.000Z</time>
      </trkpt>
      <trkpt lat="47.38655828" lon="107.454856038">
        <ele>1484.39</ele>
        <time>2025-10-25T03:29:34.000Z</time>
      </trkpt>
      <trkpt lat="47.274508174" lon="107.532017995">
        <ele>1418.831</ele>
        <time>2025-10-25T03:44:34.000Z</time>
      </trkpt>
      <trkpt lat="46.983493692" lon="107.68634392">
        <ele>1338</ele>
        <time>2025-10-25T04:14:42.000Z</time>
      </trkpt>
      <trkpt lat="46.828311179" lon="107.801297112">
        <ele>1311.616</ele>
        <time>2025-10-25T04:30:07.000Z</time>
      </trkpt>
      <trkpt lat="46.735021169" lon="108.006329987">
        <ele>1295</ele>
        <time>2025-10-25T04:45:08.000Z</time>
      </trkpt>
      <trkpt lat="46.631736648" lon="108.205049783">
        <ele>1292.386</ele>
        <time>2025-10-25T05:00:06.000Z</time>
      </trkpt>
      <trkpt lat="46.490249698" lon="108.331262179">
        <ele>1275.342</ele>
        <time>2025-10-25T05:15:07.000Z</time>
      </trkpt>
      <trkpt lat="46.367822721" lon="108.377189297">
        <ele>1295.019</ele>
        <time>2025-10-25T05:28:18.000Z</time>
      </trkpt>
      <trkpt lat="46.351281094" lon="108.387386724">
        <ele>1266.816</ele>
        <time>2025-10-25T05:58:01.000Z</time>
      </trkpt>
      <trkpt lat="46.259128849" lon="108.564410072">
        <ele>1244.621</ele>
        <time>2025-10-25T06:14:14.000Z</time>
      </trkpt>
      <trkpt lat="46.11263054" lon="108.712350601">
        <ele>1240.538</ele>
        <time>2025-10-25T06:29:40.000Z</time>
      </trkpt>
      <trkpt lat="45.999209524" lon="108.882037747">
        <ele>1225.102</ele>
        <time>2025-10-25T06:44:39.000Z</time>
      </trkpt>
      <trkpt lat="45.927696649" lon="109.06346809">
        <ele>1113.657</ele>
        <time>2025-10-25T06:57:53.000Z</time>
      </trkpt>
      <trkpt lat="45.870057721" lon="109.235938626">
        <ele>1049.208</ele>
        <time>2025-10-25T07:10:13.000Z</time>
      </trkpt>
      <trkpt lat="45.776807649" lon="109.386157961">
        <ele>1040.169</ele>
        <time>2025-10-25T07:24:19.000Z</time>
      </trkpt>
      <trkpt lat="45.639908113" lon="109.55605695">
        <ele>1006.2</ele>
        <time>2025-10-25T07:41:16.000Z</time>
      </trkpt>
      <trkpt lat="45.47678909" lon="109.631702614">
        <ele>986.384</ele>
        <time>2025-10-25T07:56:41.000Z</time>
      </trkpt>
      <trkpt lat="45.327943043" lon="109.776729737">
        <ele>1006</ele>
        <time>2025-10-25T08:11:41.000Z</time>
      </trkpt>
      <trkpt lat="45.182354717" lon="109.935756662">
        <ele>914.753</ele>
        <time>2025-10-25T08:26:41.000Z</time>
      </trkpt>
      <trkpt lat="45.038407052" lon="110.083512139">
        <ele>943.735</ele>
        <time>2025-10-25T08:41:41.000Z</time>
      </trkpt>
      <trkpt lat="44.937576698" lon="110.13764089">
        <ele>960.357</ele>
        <time>2025-10-25T08:56:41.000Z</time>
      </trkpt>
      <trkpt lat="45.006539393" lon="110.090326052">
        <ele>913.08</ele>
        <time>2025-10-27T02:18:06.000Z</time>
      </trkpt>
      <trkpt lat="45.129442862" lon="109.994201297">
        <ele>932.994</ele>
        <time>2025-10-27T02:31:00.000Z</time>
      </trkpt>
      <trkpt lat="45.218079225" lon="109.901656117">
        <ele>931.88</ele>
        <time>2025-10-27T02:43:42.000Z</time>
      </trkpt>
      <trkpt lat="45.155404656" lon="109.966884139">
        <ele>932.729</ele>
        <time>2025-10-27T02:52:01.000Z</time>
      </trkpt>
      <trkpt lat="45.103881692" lon="110.027121389">
        <ele>944.035</ele>
        <time>2025-10-27T02:57:33.000Z</time>
      </trkpt>
      <trkpt lat="44.958284861" lon="110.105528059">
        <ele>930.901</ele>
        <time>2025-10-27T03:12:01.000Z</time>
      </trkpt>
      <trkpt lat="44.914546969" lon="110.140437183">
        <ele>976</ele>
        <time>2025-10-27T03:23:23.000Z</time>
      </trkpt>
      <trkpt lat="44.898952059" lon="110.155953994">
        <ele>964.434</ele>
        <time>2025-10-27T03:53:16.000Z</time>
      </trkpt>
      <trkpt lat="44.800241367" lon="110.359943907">
        <ele>995.693</ele>
        <time>2025-10-27T04:10:56.000Z</time>
      </trkpt>
      <trkpt lat="44.697361244" lon="110.536280433">
        <ele>1018</ele>
        <time>2025-10-27T04:25:23.000Z</time>
      </trkpt>
      <trkpt lat="44.537393376" lon="110.699048024">
        <ele>991.542</ele>
        <time>2025-10-27T04:42:54.000Z</time>
      </trkpt>
      <trkpt lat="44.414902663" lon="110.859841872">
        <ele>998.569</ele>
        <time>2025-10-27T04:57:27.000Z</time>
      </trkpt>
      <trkpt lat="44.317228147" lon="110.913986592">
        <ele>1062.936</ele>
        <time>2025-10-27T06:11:41.000Z</time>
      </trkpt>
      <trkpt lat="44.227906019" lon="111.085684262">
        <ele>1117.54</ele>
        <time>2025-10-27T06:28:32.000Z</time>
      </trkpt>
      <trkpt lat="44.086386468" lon="111.185396975">
        <ele>1146.858</ele>
        <time>2025-10-27T06:43:19.000Z</time>
      </trkpt>
      <trkpt lat="44.043980776" lon="111.359261779">
        <ele>1077.669</ele>
        <time>2025-10-27T06:58:04.000Z</time>
      </trkpt>
      <trkpt lat="43.942653844" lon="111.535807131">
        <ele>997</ele>
        <time>2025-10-27T07:12:49.000Z</time>
      </trkpt>
      <trkpt lat="43.849687935" lon="111.731076725">
        <ele>963.861</ele>
        <time>2025-10-27T07:27:32.000Z</time>
      </trkpt>
      <trkpt lat="43.784352756" lon="111.804939616">
        <ele>958.887</ele>
        <time>2025-10-27T07:42:23.000Z</time>
      </trkpt>
      <trkpt lat="43.762701131" lon="111.835218184">
        <ele>962.002</ele>
        <time>2025-10-28T07:09:23.000Z</time>
      </trkpt>
      <trkpt lat="43.728569183" lon="111.860841746">
        <ele>966.703</ele>
        <time>2025-10-28T07:15:00.000Z</time>
      </trkpt>
      <trkpt lat="43.710774067" lon="111.905598845">
        <ele>958</ele>
        <time>2025-10-28T07:20:06.000Z</time>
      </trkpt>
      <trkpt lat="43.710727841" lon="111.909328541">
        <ele>962.38</ele>
        <time>2025-10-28T10:51:34.000Z</time>
      </trkpt>
    </trkseg>
  </trk>
</gpx>
